customer_id,customer_name,city,state,signup_date
1,Customer #1,Congonhinhas,PR,2017-07-09
2,Customer #2,Santa Rosa,RS,2017-04-11
3,Customer #3,Sao Paulo,SP,2017-07-13
4,Customer #4,Palmares,PE,2018-04-16
5,Customer #5,Luis Eduardo Magalhaes,BA,2018-08-04
6,Customer #6,Flores Da Cunha,RS,2018-07-29
7,Customer #7,Duque De Caxias,RJ,2017-12-15
8,Customer #8,Sao Paulo,SP,2017-11-30
9,Customer #9,Portao,RS,2017-08-09
10,Customer #10,Gravatai,RS,2017-05-09
11,Customer #11,Ipatinga,MG,2017-07-01
12,Customer #12,Rio De Janeiro,RJ,2018-07-06
13,Customer #13,Curitiba,PR,2017-11-21
14,Customer #14,Belo Horizonte,MG,2018-05-30
15,Customer #15,Curitiba,PR,2017-09-26
16,Customer #16,Sao Paulo,SP,2018-07-27
17,Customer #17,Ribeirao Preto,SP,2018-08-01
18,Customer #18,Ouro Branco,MG,2018-02-03
19,Customer #19,Campinas,SP,2018-08-08
20,Customer #20,Curitiba,PR,2017-01-05
21,Customer #21,Niteroi,RJ,2018-02-01
22,Customer #22,Mage,RJ,2018-03-07
23,Customer #23,Carapicuiba,SP,2017-02-08
24,Customer #24,Sao Paulo,SP,2017-11-24
25,Customer #25,Sorocaba,SP,2018-01-22
26,Customer #26,Cariacica,ES,2018-04-10
27,Customer #27,Mirassol,SP,2017-01-21
28,Customer #28,Braganca Paulista,SP,2017-06-27
29,Customer #29,Rio De Janeiro,RJ,2017-12-08
30,Customer #30,Santana De Parnaiba,SP,2018-08-21
31,Customer #31,Volta Redonda,RJ,2018-01-02
32,Customer #32,Cicero Dantas,BA,2018-03-17
33,Customer #33,Francisco Morato,SP,2018-08-09
34,Customer #34,Alfredo Chaves,ES,2018-08-16
35,Customer #35,Arapongas,PR,2018-07-01
36,Customer #36,Belo Horizonte,MG,2018-07-22
37,Customer #37,Jaboticabal,SP,2018-07-06
38,Customer #38,Sao Paulo,SP,2018-06-12
39,Customer #39,Fortaleza,CE,2018-05-24
40,Customer #40,Itauna,MG,2017-08-28
41,Customer #41,Santos,SP,2017-11-27
42,Customer #42,Cacador,SC,2018-08-01
43,Customer #43,Guarulhos,SP,2018-03-08
44,Customer #44,Catalao,GO,2017-06-13
45,Customer #45,Fortaleza,CE,2017-04-29
46,Customer #46,Sao Fidelis,RJ,2017-12-06
47,Customer #47,Recife,PE,2018-08-01
48,Customer #48,Sao Paulo,SP,2017-12-23
49,Customer #49,Contagem,MG,2018-05-10
50,Customer #50,Avanhandava,SP,2018-03-07
51,Customer #51,Sao Paulo,SP,2018-06-24
52,Customer #52,Campinas,SP,2017-09-03
53,Customer #53,Guarulhos,SP,2018-07-11
54,Customer #54,Conchas,SP,2017-12-09
55,Customer #55,Dracena,SP,2018-08-01
56,Customer #56,Chapeco,SC,2017-05-19
57,Customer #57,Nova Friburgo,RJ,2017-11-28
58,Customer #58,Vila Velha,ES,2018-06-28
59,Customer #59,Parnamirim,RN,2017-12-20
60,Customer #60,Boa Esperanca,MG,2017-03-06
61,Customer #61,Campos Dos Goytacazes,RJ,2017-05-11
62,Customer #62,Pelotas,RS,2017-09-11
63,Customer #63,Curitiba,PR,2018-04-28
64,Customer #64,Belford Roxo,RJ,2017-12-15
65,Customer #65,Rio De Janeiro,RJ,2018-02-19
66,Customer #66,Sao Paulo,SP,2018-06-27
67,Customer #67,Curitiba,PR,2018-03-21
68,Customer #68,Trancoso,BA,2017-12-08
69,Customer #69,Campinas,SP,2017-06-05
70,Customer #70,Rio De Janeiro,RJ,2018-01-26
71,Customer #71,Bage,RS,2018-02-25
72,Customer #72,Serra,ES,2018-01-29
73,Customer #73,Retirolandia,BA,2017-03-05
74,Customer #74,Brasilia,DF,2018-08-14
75,Customer #75,Salvador,BA,2017-04-11
76,Customer #76,Cunha,SP,2017-04-30
77,Customer #77,Nova Iguacu,RJ,2018-07-18
78,Customer #78,Santa Cruz Das Palmeiras,SP,2018-01-10
79,Customer #79,Porto Alegre,RS,2017-11-24
80,Customer #80,Curitiba,PR,2018-04-23
81,Customer #81,Satubinha,MA,2017-04-18
82,Customer #82,Porto Alegre,RS,2018-05-12
83,Customer #83,Ribeirao Preto,SP,2017-07-29
84,Customer #84,Rio De Janeiro,RJ,2018-04-20
85,Customer #85,Limeira,SP,2017-12-01
86,Customer #86,Cabo Frio,RJ,2018-01-21
87,Customer #87,Rio De Janeiro,RJ,2017-11-28
88,Customer #88,Sao Vicente,SP,2018-08-14
89,Customer #89,Brasilia,DF,2017-08-26
90,Customer #90,Sao Paulo,SP,2018-04-29
91,Customer #91,Sao Paulo,SP,2017-10-27
92,Customer #92,Brasilia,DF,2017-11-29
93,Customer #93,Porto Alegre,RS,2018-05-01
94,Customer #94,Uberlandia,MG,2017-09-12
95,Customer #95,Castelo,ES,2017-05-05
96,Customer #96,Sao Paulo,SP,2018-05-23
97,Customer #97,Tijucas,SC,2018-02-03
98,Customer #98,Rio De Janeiro,RJ,2017-12-09
99,Customer #99,Paranapua,SP,2017-03-21
100,Customer #100,Birigui,SP,2018-06-12
101,Customer #101,Rio De Janeiro,RJ,2017-11-24
102,Customer #102,Sao Paulo,SP,2018-03-11
103,Customer #103,Mogi Das Cruzes,SP,2017-09-26
104,Customer #104,Passo Fundo,RS,2018-02-19
105,Customer #105,Cachoeirinha,RS,2017-10-20
106,Customer #106,Diamantina,MG,2018-01-13
107,Customer #107,Brejo Santo,CE,2017-06-06
108,Customer #108,Sao Paulo,SP,2017-04-08
109,Customer #109,Araucaria,PR,2017-11-29
110,Customer #110,Sao Paulo,SP,2018-08-28
111,Customer #111,Salvador,BA,2018-08-03
112,Customer #112,Recife,PE,2018-04-05
113,Customer #113,Dourados,MS,2018-03-25
114,Customer #114,Brasilia,DF,2017-08-16
115,Customer #115,Sao Carlos,SP,2017-07-06
116,Customer #116,Sao Bernardo Do Campo,SP,2018-05-11
117,Customer #117,Santos,SP,2018-08-17
118,Customer #118,Cachoeiro De Itapemirim,ES,2017-09-25
119,Customer #119,Mogi Das Cruzes,SP,2018-01-31
120,Customer #120,Sao Paulo,SP,2018-04-12
121,Customer #121,Aparecida De Goiania,GO,2017-10-13
122,Customer #122,Uberlandia,MG,2018-04-27
123,Customer #123,Brasilia,DF,2018-05-12
124,Customer #124,Cerquilho,SP,2018-02-18
125,Customer #125,Belo Horizonte,MG,2018-06-06
126,Customer #126,Imbuia,SC,2018-02-17
127,Customer #127,Guarulhos,SP,2018-03-09
128,Customer #128,Belo Horizonte,MG,2018-01-20
129,Customer #129,Rio De Janeiro,RJ,2017-07-05
130,Customer #130,Mage,RJ,2017-10-15
131,Customer #131,Americana,SP,2018-05-06
132,Customer #132,Navirai,MS,2017-02-13
133,Customer #133,Pouso Alegre,MG,2017-05-18
134,Customer #134,Sertaozinho,SP,2018-05-20
135,Customer #135,Rio Do Antonio,BA,2017-10-06
136,Customer #136,Sao Paulo,SP,2018-07-13
137,Customer #137,Sao Paulo,SP,2017-10-20
138,Customer #138,Quissama,RJ,2017-09-28
139,Customer #139,Londrina,PR,2018-07-18
140,Customer #140,Niteroi,RJ,2017-09-23
141,Customer #141,Ibirite,MG,2017-10-26
142,Customer #142,Sao Gabriel Da Palha,ES,2018-06-05
143,Customer #143,Luis Eduardo Magalhaes,BA,2017-05-01
144,Customer #144,Sao Paulo,SP,2017-12-18
145,Customer #145,Belo Horizonte,MG,2018-07-24
146,Customer #146,Itapira,SP,2018-06-14
147,Customer #147,Campos Dos Goytacazes,RJ,2018-01-31
148,Customer #148,Hortolandia,SP,2018-05-03
149,Customer #149,Rio Das Antas,SC,2017-08-24
150,Customer #150,Bezerros,PE,2018-04-10
151,Customer #151,Inhauma,MG,2018-08-10
152,Customer #152,Cotia,SP,2017-07-10
153,Customer #153,Palhoca,SC,2017-11-23
154,Customer #154,Manhumirim,MG,2018-07-18
155,Customer #155,Taboao Da Serra,SP,2018-06-16
156,Customer #156,Sao Paulo,SP,2017-11-15
157,Customer #157,Araguari,MG,2018-02-03
158,Customer #158,Salvador,BA,2017-12-02
159,Customer #159,Florianopolis,SC,2017-12-27
160,Customer #160,Sao Paulo,SP,2017-08-29
161,Customer #161,Gravatai,RS,2018-02-14
162,Customer #162,Bambui,MG,2017-08-13
163,Customer #163,Sao Paulo,SP,2017-06-23
164,Customer #164,Rio De Janeiro,RJ,2018-02-28
165,Customer #165,Uberaba,MG,2018-08-26
166,Customer #166,Petrolina,PE,2018-08-13
167,Customer #167,Brasilia,DF,2018-03-16
168,Customer #168,Birigui,SP,2017-06-01
169,Customer #169,Porto Alegre,RS,2018-01-07
170,Customer #170,Florianopolis,SC,2017-11-21
171,Customer #171,Volta Redonda,RJ,2017-08-15
172,Customer #172,Garopaba,SC,2018-02-12
173,Customer #173,Sao Paulo,SP,2017-08-31
174,Customer #174,Rio De Janeiro,RJ,2018-01-22
175,Customer #175,Sao Paulo,SP,2017-12-02
176,Customer #176,Sao Paulo,SP,2018-08-22
177,Customer #177,Sao Paulo,SP,2017-06-12
178,Customer #178,Rio De Janeiro,RJ,2018-03-15
179,Customer #179,Mogi Das Cruzes,SP,2018-04-11
180,Customer #180,Mariana,MG,2018-02-19
181,Customer #181,Rio De Janeiro,RJ,2017-09-09
182,Customer #182,Rio De Janeiro,RJ,2017-05-22
183,Customer #183,Floresta,PE,2017-06-06
184,Customer #184,Valinhos,SP,2017-05-29
185,Customer #185,Valinhos,SP,2018-01-07
186,Customer #186,Tres De Maio,RS,2018-03-11
187,Customer #187,Nova Bandeirantes,MT,2018-06-19
188,Customer #188,Analandia,SP,2017-08-17
189,Customer #189,Rio De Janeiro,RJ,2017-11-22
190,Customer #190,Papucaia,RJ,2017-10-07
191,Customer #191,Cerro Largo,RS,2017-11-11
192,Customer #192,Rio De Janeiro,RJ,2018-01-22
193,Customer #193,Rio De Janeiro,RJ,2018-03-12
194,Customer #194,Niteroi,RJ,2017-11-12
195,Customer #195,Itanhaem,SP,2017-12-07
196,Customer #196,Sao Paulo,SP,2018-07-26
197,Customer #197,Itupeva,SP,2018-05-20
198,Customer #198,Maringa,PR,2018-03-17
199,Customer #199,Morro Da Fumaca,SC,2018-02-19
200,Customer #200,Gravata,PE,2017-12-27
201,Customer #201,Vila Velha,ES,2018-07-24
202,Customer #202,Brasilia,DF,2018-06-21
203,Customer #203,Volta Redonda,RJ,2017-02-27
204,Customer #204,Marau,RS,2018-07-25
205,Customer #205,Sao Paulo,SP,2018-01-07
206,Customer #206,Anapolis,GO,2018-08-14
207,Customer #207,Rio De Janeiro,RJ,2017-11-27
208,Customer #208,Belem,PA,2018-04-14
209,Customer #209,Belo Horizonte,MG,2017-06-08
210,Customer #210,Maua,SP,2018-04-12
211,Customer #211,Sao Paulo,SP,2018-01-05
212,Customer #212,Niteroi,RJ,2018-01-16
213,Customer #213,Sao Paulo,SP,2017-10-04
214,Customer #214,Sao Paulo,SP,2017-07-28
215,Customer #215,Divinopolis,MG,2017-03-22
216,Customer #216,Pocos De Caldas,MG,2018-02-13
217,Customer #217,Sao Jose Dos Pinhais,PR,2017-11-26
218,Customer #218,Araucaria,PR,2018-08-20
219,Customer #219,Belo Horizonte,MG,2018-03-15
220,Customer #220,Araxa,MG,2017-06-22
221,Customer #221,Florianopolis,SC,2017-11-27
222,Customer #222,Ribeirao Preto,SP,2018-03-30
223,Customer #223,Sao Paulo,SP,2018-08-10
224,Customer #224,Sao Paulo,SP,2017-08-09
225,Customer #225,Sao Paulo,SP,2017-11-23
226,Customer #226,Campinas,SP,2017-11-18
227,Customer #227,Poa,SP,2017-06-14
228,Customer #228,Sao Paulo,SP,2017-12-09
229,Customer #229,Fortaleza,CE,2018-01-23
230,Customer #230,Rio De Janeiro,RJ,2018-01-14
231,Customer #231,Porto Alegre,RS,2017-07-03
232,Customer #232,Joanopolis,SP,2017-12-26
233,Customer #233,Duque De Caxias,RJ,2018-06-25
234,Customer #234,Sao Paulo,SP,2018-05-29
235,Customer #235,Rio De Janeiro,RJ,2017-11-29
236,Customer #236,Sao Vicente,SP,2018-06-07
237,Customer #237,Olimpia,SP,2017-12-13
238,Customer #238,Boa Esperanca,MG,2018-04-22
239,Customer #239,Fortaleza,CE,2017-09-21
240,Customer #240,Botucatu,SP,2018-07-01
241,Customer #241,Lauro De Freitas,BA,2018-04-27
242,Customer #242,Rio Acima,MG,2017-05-17
243,Customer #243,Mogi-Guacu,SP,2017-04-26
244,Customer #244,Sao Paulo,SP,2018-04-03
245,Customer #245,Sorocaba,SP,2017-02-08
246,Customer #246,Sao Paulo,SP,2017-11-25
247,Customer #247,Sao Paulo,SP,2017-08-11
248,Customer #248,Jundiai,SP,2017-05-15
249,Customer #249,Lima Duarte,MG,2018-04-06
250,Customer #250,Brasilia,DF,2018-04-12
251,Customer #251,Franca,SP,2018-04-17
252,Customer #252,Maua,SP,2018-08-24
253,Customer #253,Piracicaba,SP,2018-06-10
254,Customer #254,Sao Paulo,SP,2017-08-28
255,Customer #255,Juruti,PA,2018-01-05
256,Customer #256,Floresta,PE,2017-06-12
257,Customer #257,Ipaporanga,CE,2018-02-06
258,Customer #258,Sao Paulo,SP,2017-09-14
259,Customer #259,Salvador,BA,2018-05-20
260,Customer #260,Campinas,SP,2017-11-07
261,Customer #261,Ponta Grossa,PR,2018-05-31
262,Customer #262,Colatina,ES,2017-12-24
263,Customer #263,Mogi Das Cruzes,SP,2017-06-01
264,Customer #264,Sao Paulo,SP,2017-03-16
265,Customer #265,Rio De Janeiro,RJ,2018-01-14
266,Customer #266,Brasilia,DF,2018-08-06
267,Customer #267,Miracema,RJ,2018-06-09
268,Customer #268,Aracaju,SE,2017-04-04
269,Customer #269,Sao Paulo,SP,2018-05-23
270,Customer #270,Osasco,SP,2017-06-28
271,Customer #271,Sao Paulo,SP,2018-05-03
272,Customer #272,Sao Paulo,SP,2017-10-03
273,Customer #273,Sao Jose Do Rio Pardo,SP,2017-06-21
274,Customer #274,Antonina,PR,2017-04-09
275,Customer #275,Contagem,MG,2018-01-18
276,Customer #276,Londrina,PR,2017-09-20
277,Customer #277,Trairi,CE,2018-01-10
278,Customer #278,Mogi Das Cruzes,SP,2017-05-19
279,Customer #279,Sao Paulo,SP,2017-09-21
280,Customer #280,Taboao Da Serra,SP,2017-12-11
281,Customer #281,Jequie,BA,2018-07-30
282,Customer #282,Monte Mor,SP,2017-03-22
283,Customer #283,Costa Marques,RO,2018-07-18
284,Customer #284,Sao Paulo,SP,2018-03-26
285,Customer #285,Piracaia,SP,2017-09-10
286,Customer #286,Sao Paulo,SP,2018-02-09
287,Customer #287,Campo Grande,MS,2018-06-16
288,Customer #288,Sao Paulo,SP,2018-07-26
289,Customer #289,Santa Albertina,SP,2017-03-16
290,Customer #290,Brasilia,DF,2018-07-30
291,Customer #291,Curitiba,PR,2018-01-02
292,Customer #292,Sao Pedro Do Butia,RS,2018-05-01
293,Customer #293,Belem,PA,2017-08-03
294,Customer #294,Uberlandia,MG,2017-08-03
295,Customer #295,Rio De Janeiro,RJ,2017-08-25
296,Customer #296,Araguaina,TO,2017-03-08
297,Customer #297,Pedras De Fogo,PB,2018-02-17
298,Customer #298,Medeiros Neto,BA,2017-11-21
299,Customer #299,Alcobaca,BA,2018-03-02
300,Customer #300,Mesquita,RJ,2018-03-04
301,Customer #301,Serra,ES,2018-04-08
302,Customer #302,Votorantim,SP,2017-06-16
303,Customer #303,Benevides,PA,2018-03-12
304,Customer #304,Sao Paulo,SP,2018-03-01
305,Customer #305,Sao Paulo,SP,2017-11-23
306,Customer #306,Sao Paulo,SP,2017-09-23
307,Customer #307,Sao Paulo,SP,2017-05-29
308,Customer #308,Pariquera-Acu,SP,2017-10-21
309,Customer #309,Sao Paulo,SP,2018-07-02
310,Customer #310,Sao Paulo,SP,2018-06-07
311,Customer #311,Sao Jose Dos Campos,SP,2017-04-30
312,Customer #312,Belo Horizonte,MG,2017-12-18
313,Customer #313,Atibaia,SP,2018-01-07
314,Customer #314,Rio De Janeiro,RJ,2017-04-06
315,Customer #315,Campinas,SP,2018-04-01
316,Customer #316,Fortaleza,CE,2018-07-23
317,Customer #317,Pirajui,SP,2018-04-01
318,Customer #318,Duque De Caxias,RJ,2017-06-10
319,Customer #319,Sao Paulo,SP,2018-04-25
320,Customer #320,Itapetininga,SP,2017-12-01
321,Customer #321,Rio De Janeiro,RJ,2017-03-19
322,Customer #322,Sao Paulo,SP,2017-11-10
323,Customer #323,Teresopolis,RJ,2018-07-08
324,Customer #324,Curitiba,PR,2018-06-16
325,Customer #325,Belo Horizonte,MG,2018-04-19
326,Customer #326,Belo Horizonte,MG,2018-01-22
327,Customer #327,Sao Joao De Meriti,RJ,2018-01-20
328,Customer #328,Cotia,SP,2017-11-22
329,Customer #329,Brasilia,DF,2018-03-03
330,Customer #330,Tres Rios,RJ,2018-06-03
331,Customer #331,Sao Paulo,SP,2017-06-15
332,Customer #332,Imperatriz,MA,2018-07-11
333,Customer #333,Pouso Alegre,MG,2018-01-14
334,Customer #334,Nova Venecia,ES,2017-09-04
335,Customer #335,Uruacu,GO,2018-05-08
336,Customer #336,Lencois Paulista,SP,2018-04-26
337,Customer #337,Taboao Da Serra,SP,2017-10-07
338,Customer #338,Rio De Janeiro,RJ,2017-10-03
339,Customer #339,Campinas,SP,2017-12-23
340,Customer #340,Sao Paulo,SP,2018-08-05
341,Customer #341,Rio De Janeiro,RJ,2018-05-16
342,Customer #342,Rio De Janeiro,RJ,2018-04-25
343,Customer #343,Salvador,BA,2018-06-12
344,Customer #344,Sao Paulo,SP,2018-06-11
345,Customer #345,Joao Alfredo,PE,2017-12-31
346,Customer #346,Sao Vicente,SP,2018-08-06
347,Customer #347,Serra,ES,2018-01-08
348,Customer #348,Uberaba,MG,2017-05-09
349,Customer #349,Pouso Alegre,MG,2017-12-19
350,Customer #350,Sao Paulo,SP,2018-01-19
351,Customer #351,Camacari,BA,2018-01-12
352,Customer #352,Rio De Janeiro,RJ,2017-11-11
353,Customer #353,Rio De Janeiro,RJ,2018-07-26
354,Customer #354,Sao Luis,MA,2018-03-21
355,Customer #355,Jatai,GO,2017-05-22
356,Customer #356,Barra Dos Coqueiros,SE,2018-07-23
357,Customer #357,Capim Grosso,BA,2017-11-24
358,Customer #358,Porto Alegre,RS,2018-07-06
359,Customer #359,Raposos,MG,2017-12-04
360,Customer #360,Sao Paulo,SP,2018-08-27
361,Customer #361,Rio De Janeiro,RJ,2017-07-03
362,Customer #362,Sao Paulo,SP,2017-03-31
363,Customer #363,Rio Casca,MG,2018-04-18
364,Customer #364,Ribeirao Preto,SP,2017-12-01
365,Customer #365,Marilia,SP,2017-04-19
366,Customer #366,Taubate,SP,2018-07-09
367,Customer #367,Sao Jose,SC,2018-06-12
368,Customer #368,Guaratingueta,SP,2017-11-21
369,Customer #369,Carmo Do Paranaiba,MG,2017-09-13
370,Customer #370,Sao Joao Del Rei,MG,2017-03-29
371,Customer #371,Brasilia,DF,2018-07-27
372,Customer #372,Mae D'Agua,PB,2018-08-16
373,Customer #373,Caraguatatuba,SP,2017-12-25
374,Customer #374,Volta Redonda,RJ,2018-03-27
375,Customer #375,Brasilia,DF,2017-11-16
376,Customer #376,Uruguaiana,RS,2018-02-28
377,Customer #377,Santos,SP,2017-06-14
378,Customer #378,Piracicaba,SP,2017-07-27
379,Customer #379,Joinville,SC,2018-02-11
380,Customer #380,Jundiai,SP,2017-05-10
381,Customer #381,Curitiba,PR,2018-03-16
382,Customer #382,Belo Horizonte,MG,2018-02-02
383,Customer #383,Curitiba,PR,2018-02-14
384,Customer #384,Campos Dos Goytacazes,RJ,2018-05-07
385,Customer #385,Serra Dos Aimores,MG,2018-04-26
386,Customer #386,Sete Barras,SP,2018-05-09
387,Customer #387,Divino,MG,2018-06-25
388,Customer #388,Jequie,BA,2017-08-25
389,Customer #389,Guarulhos,SP,2017-08-14
390,Customer #390,Sao Paulo,SP,2017-07-23
391,Customer #391,Rubiataba,GO,2017-08-04
392,Customer #392,Feira De Santana,BA,2018-06-04
393,Customer #393,Belo Horizonte,MG,2017-10-06
394,Customer #394,Campinas,SP,2017-09-01
395,Customer #395,Barueri,SP,2018-03-25
396,Customer #396,Sao Joao De Meriti,RJ,2018-06-11
397,Customer #397,Jundiai,SP,2018-01-17
398,Customer #398,Brasilia,DF,2017-12-11
399,Customer #399,Campos Dos Goytacazes,RJ,2017-09-04
400,Customer #400,Itarare,SP,2017-09-28
401,Customer #401,Camacari,BA,2017-03-23
402,Customer #402,Sobral,CE,2017-08-13
403,Customer #403,Cascavel,PR,2018-06-04
404,Customer #404,Belem,PA,2017-03-10
405,Customer #405,Campinas,SP,2017-02-05
406,Customer #406,Niteroi,RJ,2017-12-08
407,Customer #407,Belo Horizonte,MG,2018-01-17
408,Customer #408,Jardim,CE,2017-05-14
409,Customer #409,Araxa,MG,2017-10-04
410,Customer #410,Rio De Janeiro,RJ,2017-11-22
411,Customer #411,Sao Paulo,SP,2018-01-16
412,Customer #412,Taboao Da Serra,SP,2017-08-15
413,Customer #413,Goiania,GO,2018-06-28
414,Customer #414,Sete Lagoas,MG,2018-02-23
415,Customer #415,Rio De Janeiro,RJ,2017-05-26
416,Customer #416,Curitiba,PR,2018-08-14
417,Customer #417,Rio De Janeiro,RJ,2017-08-21
418,Customer #418,Caxambu,MG,2018-07-21
419,Customer #419,Sobral,CE,2018-02-24
420,Customer #420,Itajai,SC,2017-11-28
421,Customer #421,Rio De Janeiro,RJ,2018-01-31
422,Customer #422,Curvelo,MG,2017-12-06
423,Customer #423,Porto Alegre,RS,2018-08-01
424,Customer #424,Sao Bernardo Do Campo,SP,2017-10-22
425,Customer #425,Sao Paulo,SP,2018-04-10
426,Customer #426,Cidade Ocidental,GO,2018-03-21
427,Customer #427,Joinville,SC,2018-03-28
428,Customer #428,Piracicaba,SP,2018-08-01
429,Customer #429,Curitiba,PR,2018-04-16
430,Customer #430,Belo Horizonte,MG,2018-02-12
431,Customer #431,Rio De Janeiro,RJ,2018-08-18
432,Customer #432,Rio De Janeiro,RJ,2017-09-16
433,Customer #433,Sao Paulo,SP,2018-03-21
434,Customer #434,Sao Jose,SC,2017-05-27
435,Customer #435,Sao Paulo,SP,2018-03-03
436,Customer #436,Curitiba,PR,2018-02-01
437,Customer #437,Santa Rita Do Araguaia,GO,2018-07-01
438,Customer #438,Montenegro,RS,2017-07-15
439,Customer #439,Rio De Janeiro,RJ,2017-11-24
440,Customer #440,Nova Iguacu,RJ,2018-01-02
441,Customer #441,Conservatoria,RJ,2018-07-25
442,Customer #442,Mogi Mirim,SP,2018-03-18
443,Customer #443,Uba,MG,2018-05-02
444,Customer #444,Sorocaba,SP,2018-01-26
445,Customer #445,Cedro De Sao Joao,SE,2017-08-29
446,Customer #446,Rio De Janeiro,RJ,2017-11-18
447,Customer #447,Niteroi,RJ,2018-08-09
448,Customer #448,Belo Horizonte,MG,2017-09-16
449,Customer #449,Campinas,SP,2018-03-13
450,Customer #450,Carnaubal,CE,2017-04-07
451,Customer #451,Santo Andre,SP,2018-03-29
452,Customer #452,Sao Paulo,SP,2018-06-28
453,Customer #453,Cubatao,SP,2017-03-30
454,Customer #454,Balneario Camboriu,SC,2018-08-12
455,Customer #455,Campinas,SP,2018-06-03
456,Customer #456,Sao Paulo,SP,2018-07-28
457,Customer #457,Sao Jose Da Bela Vista,SP,2018-05-01
458,Customer #458,Rio De Janeiro,RJ,2017-01-31
459,Customer #459,Palmital,SP,2017-06-09
460,Customer #460,Esteio,RS,2018-08-05
461,Customer #461,Ipiau,BA,2018-08-05
462,Customer #462,Sao Paulo,SP,2018-08-03
463,Customer #463,Sao Paulo,SP,2018-08-06
464,Customer #464,Nilopolis,RJ,2018-01-11
465,Customer #465,Sao Paulo,SP,2017-05-28
466,Customer #466,Torres,RS,2017-08-18
467,Customer #467,Curitiba,PR,2017-12-07
468,Customer #468,Brasilia,DF,2018-05-29
469,Customer #469,Sorocaba,SP,2018-03-17
470,Customer #470,Rio De Janeiro,RJ,2017-08-31
471,Customer #471,Ribeirao Preto,SP,2018-02-01
472,Customer #472,Sao Paulo,SP,2018-08-09
473,Customer #473,Rancharia,SP,2018-03-02
474,Customer #474,Leme,SP,2017-11-11
475,Customer #475,Miguel Pereira,RJ,2017-06-16
476,Customer #476,Sao Paulo,SP,2018-07-29
477,Customer #477,Sao Paulo,SP,2017-07-04
478,Customer #478,Catu,BA,2018-08-07
479,Customer #479,Belo Horizonte,MG,2018-06-21
480,Customer #480,Guarulhos,SP,2017-05-18
481,Customer #481,Belo Horizonte,MG,2017-09-10
482,Customer #482,Porto Alegre,RS,2017-07-15
483,Customer #483,Varginha,MG,2018-08-16
484,Customer #484,Sao Paulo,SP,2017-08-14
485,Customer #485,Cachoeiro De Itapemirim,ES,2018-02-28
486,Customer #486,Criciuma,SC,2018-03-02
487,Customer #487,Sao Paulo,SP,2017-11-10
488,Customer #488,Sapucaia Do Sul,RS,2018-06-07
489,Customer #489,Campinas,SP,2018-07-20
490,Customer #490,Betim,MG,2018-03-21
491,Customer #491,Serra,ES,2018-08-11
492,Customer #492,Belo Horizonte,MG,2017-08-23
493,Customer #493,Belo Horizonte,MG,2017-10-29
494,Customer #494,Lages,SC,2017-09-20
495,Customer #495,Barra Bonita,SP,2018-02-01
496,Customer #496,Santos,SP,2018-01-29
497,Customer #497,Curitiba,PR,2017-09-16
498,Customer #498,Serra,ES,2018-05-11
499,Customer #499,Sao Bernardo Do Campo,SP,2018-07-04
500,Customer #500,Taquara,RS,2018-04-27
501,Customer #501,Sao Paulo,SP,2018-04-19
502,Customer #502,Porto Alegre,RS,2017-08-05
503,Customer #503,Sao Paulo,SP,2017-11-15
504,Customer #504,Sao Paulo,SP,2017-10-30
505,Customer #505,Coremas,PB,2017-06-13
506,Customer #506,Taboao Da Serra,SP,2018-01-07
507,Customer #507,Itapeva,SP,2018-01-01
508,Customer #508,Passo Fundo,RS,2018-07-03
509,Customer #509,Acreuna,GO,2018-01-31
510,Customer #510,Sao Jose Do Rio Preto,SP,2018-02-11
511,Customer #511,Joinville,SC,2017-11-01
512,Customer #512,Sorocaba,SP,2018-05-15
513,Customer #513,Sao Paulo,SP,2018-03-07
514,Customer #514,Indaiatuba,SP,2018-05-21
515,Customer #515,Santo Andre,SP,2017-08-21
516,Customer #516,Itajuba,MG,2018-03-24
517,Customer #517,Porto Alegre,RS,2018-03-02
518,Customer #518,Santa Maria,RS,2018-06-04
519,Customer #519,Cascavel,PR,2017-03-18
520,Customer #520,Mostardas,RS,2018-02-08
521,Customer #521,Cuiaba,MT,2017-02-04
522,Customer #522,Capelinha,MG,2017-11-21
523,Customer #523,Macapa,AP,2018-03-13
524,Customer #524,Volta Redonda,RJ,2018-04-24
525,Customer #525,Nova Ipixuna,PA,2018-07-23
526,Customer #526,Cumaru,PE,2018-08-21
527,Customer #527,Sao Paulo,SP,2017-02-15
528,Customer #528,Colombo,PR,2017-12-18
529,Customer #529,Rio De Janeiro,RJ,2018-08-19
530,Customer #530,Goiania,GO,2018-03-16
531,Customer #531,Adamantina,SP,2018-02-05
532,Customer #532,Ribeirao Preto,SP,2017-08-31
533,Customer #533,Maragogi,AL,2017-09-29
534,Customer #534,Catanduva,SP,2018-03-22
535,Customer #535,Urupes,SP,2018-02-20
536,Customer #536,Sao Paulo,SP,2018-01-13
537,Customer #537,Xanxere,SC,2017-08-16
538,Customer #538,Sao Paulo,SP,2018-07-11
539,Customer #539,Bom Jesus Do Itabapoana,RJ,2017-11-19
540,Customer #540,Sao Paulo,SP,2017-12-09
541,Customer #541,Taubate,SP,2017-11-25
542,Customer #542,Cariacica,ES,2017-05-28
543,Customer #543,Volta Redonda,RJ,2017-11-23
544,Customer #544,Maracanau,CE,2018-08-15
545,Customer #545,Ouroeste,SP,2018-02-14
546,Customer #546,Sao Paulo,SP,2018-04-07
547,Customer #547,Brasilia,DF,2017-07-15
548,Customer #548,Sao Paulo,SP,2018-03-14
549,Customer #549,Penha,SC,2018-07-31
550,Customer #550,Sumare,SP,2018-03-23
551,Customer #551,Sao Paulo,SP,2017-12-24
552,Customer #552,Araraquara,SP,2018-03-20
553,Customer #553,Fortaleza,CE,2017-06-11
554,Customer #554,Santa Barbara D'Oeste,SP,2018-05-14
555,Customer #555,Rio Branco,AC,2017-10-13
556,Customer #556,Sao Bernardo Do Campo,SP,2017-02-24
557,Customer #557,Sao Jose Dos Campos,SP,2018-08-14
558,Customer #558,Sao Jose Do Rio Preto,SP,2017-04-23
559,Customer #559,Rio De Janeiro,RJ,2018-01-08
560,Customer #560,Votorantim,SP,2018-04-06
561,Customer #561,Santo Andre,SP,2018-05-07
562,Customer #562,Sao Paulo,SP,2017-12-03
563,Customer #563,Sao Jose Dos Campos,SP,2017-05-31
564,Customer #564,Sao Paulo,SP,2018-01-31
565,Customer #565,Brasilia,DF,2018-07-07
566,Customer #566,Diadema,SP,2018-01-15
567,Customer #567,Rio De Janeiro,RJ,2017-07-06
568,Customer #568,Magda,SP,2018-06-20
569,Customer #569,Contagem,MG,2018-06-12
570,Customer #570,Guarapuava,PR,2017-07-25
571,Customer #571,Cuiaba,MT,2018-05-17
572,Customer #572,Nova Lima,MG,2018-04-08
573,Customer #573,Itaperuna,RJ,2018-05-11
574,Customer #574,Palhoca,SC,2018-08-03
575,Customer #575,Criciuma,SC,2017-05-26
576,Customer #576,Rio De Janeiro,RJ,2018-02-24
577,Customer #577,Sao Paulo,SP,2017-10-02
578,Customer #578,Arceburgo,MG,2018-03-17
579,Customer #579,Rio De Janeiro,RJ,2018-04-23
580,Customer #580,Rio De Janeiro,RJ,2017-11-24
581,Customer #581,Sao Paulo,SP,2018-01-27
582,Customer #582,Belo Horizonte,MG,2018-08-01
583,Customer #583,Sapiranga,RS,2017-08-03
584,Customer #584,Belo Horizonte,MG,2018-01-08
585,Customer #585,Londrina,PR,2018-03-16
586,Customer #586,Sao Paulo,SP,2018-06-22
587,Customer #587,Pinhais,PR,2018-07-07
588,Customer #588,Jeronimo Monteiro,ES,2018-01-05
589,Customer #589,Sao Luis,MA,2017-08-05
590,Customer #590,Porto Alegre,RS,2017-06-11
591,Customer #591,Vargem Alta,ES,2018-04-18
592,Customer #592,Mogi-Guacu,SP,2017-11-13
593,Customer #593,Sao Francisco Do Sul,SC,2018-05-21
594,Customer #594,Rio De Janeiro,RJ,2017-07-19
595,Customer #595,Divinopolis,MG,2017-08-30
596,Customer #596,Guarulhos,SP,2017-07-16
597,Customer #597,Montenegro,RS,2017-10-17
598,Customer #598,Goiania,GO,2018-01-09
599,Customer #599,Sao Paulo,SP,2017-12-07
600,Customer #600,Guarapuava,PR,2018-06-21
601,Customer #601,Uruana,GO,2017-09-08
602,Customer #602,Ribeirao Preto,SP,2017-08-15
603,Customer #603,Sao Bernardo Do Campo,SP,2018-07-30
604,Customer #604,Promissao,SP,2018-07-31
605,Customer #605,Piracicaba,SP,2017-11-10
606,Customer #606,Sao Paulo,SP,2018-06-25
607,Customer #607,Teofilo Otoni,MG,2017-05-07
608,Customer #608,Tatui,SP,2017-02-22
609,Customer #609,Sao Paulo,SP,2018-06-11
610,Customer #610,Sao Paulo,SP,2018-02-05
611,Customer #611,Itaguai,RJ,2017-09-04
612,Customer #612,Rio De Janeiro,RJ,2017-05-02
613,Customer #613,Paranaita,MT,2017-12-07
614,Customer #614,Erechim,RS,2018-07-18
615,Customer #615,Sao Paulo,SP,2018-08-04
616,Customer #616,Recife,PE,2018-04-16
617,Customer #617,Americana,SP,2018-08-08
618,Customer #618,Estrela,RS,2017-10-04
619,Customer #619,Jussari,BA,2018-06-22
620,Customer #620,Verissimo,MG,2017-06-30
621,Customer #621,Mage,RJ,2018-07-26
622,Customer #622,Sao Paulo,SP,2017-07-05
623,Customer #623,Niteroi,RJ,2018-08-12
624,Customer #624,Sao Paulo,SP,2018-02-06
625,Customer #625,Recife,PE,2018-08-09
626,Customer #626,Carazinho,RS,2018-06-19
627,Customer #627,Morro Agudo,SP,2018-04-10
628,Customer #628,Natal,RN,2017-11-23
629,Customer #629,Brasilia,DF,2018-08-23
630,Customer #630,Joao Pessoa,PB,2018-03-01
631,Customer #631,Belo Horizonte,MG,2017-12-06
632,Customer #632,Taboao Da Serra,SP,2018-07-13
633,Customer #633,Passo Fundo,RS,2018-04-10
634,Customer #634,Rio De Janeiro,RJ,2018-04-28
635,Customer #635,Porto Alegre,RS,2017-12-16
636,Customer #636,Canoas,RS,2018-06-23
637,Customer #637,Barueri,SP,2018-05-18
638,Customer #638,Sao Paulo,SP,2018-03-23
639,Customer #639,Vespasiano,MG,2017-08-06
640,Customer #640,Sao Bernardo Do Campo,SP,2017-09-14
641,Customer #641,Sao Paulo,SP,2018-03-29
642,Customer #642,Santana De Parnaiba,SP,2017-02-24
643,Customer #643,Sao Jose Do Rio Preto,SP,2017-10-17
644,Customer #644,Jaguariuna,SP,2017-10-23
645,Customer #645,Sao Paulo,SP,2017-09-19
646,Customer #646,Brasilia,DF,2017-11-24
647,Customer #647,Itapira,SP,2017-12-30
648,Customer #648,Sao Paulo,SP,2017-04-24
649,Customer #649,Barra Mansa,RJ,2018-07-04
650,Customer #650,Sao Paulo,SP,2018-02-07
651,Customer #651,Cajazeiras,PB,2017-06-13
652,Customer #652,Americana,SP,2018-02-07
653,Customer #653,Porto Alegre,RS,2017-05-18
654,Customer #654,Miguel Pereira,RJ,2017-02-02
655,Customer #655,Sao Paulo,SP,2018-02-17
656,Customer #656,Florianopolis,SC,2018-04-09
657,Customer #657,Marilia,SP,2018-04-24
658,Customer #658,Itapitanga,BA,2017-09-19
659,Customer #659,Boituva,SP,2018-07-01
660,Customer #660,Elias Fausto,SP,2018-04-01
661,Customer #661,Sete Lagoas,MG,2018-02-25
662,Customer #662,Sao Felix Do Xingu,PA,2018-08-03
663,Customer #663,Sao Luis,MA,2017-12-01
664,Customer #664,Pirai,RJ,2017-10-18
665,Customer #665,Canoas,RS,2017-11-24
666,Customer #666,Fortaleza,CE,2017-05-04
667,Customer #667,Rio De Janeiro,RJ,2017-11-24
668,Customer #668,Macae,RJ,2017-11-24
669,Customer #669,Recife,PE,2017-07-27
670,Customer #670,Rio De Janeiro,RJ,2017-03-28
671,Customer #671,Paracatu,MG,2017-12-27
672,Customer #672,Bituruna,PR,2018-05-01
673,Customer #673,Sao Paulo,SP,2018-03-19
674,Customer #674,Terenos,MS,2018-08-10
675,Customer #675,Severinia,SP,2018-01-18
676,Customer #676,Sao Bernardo Do Campo,SP,2018-08-06
677,Customer #677,Itapirapua Paulista,SP,2018-04-17
678,Customer #678,Teresopolis,RJ,2017-02-13
679,Customer #679,Rio De Janeiro,RJ,2017-09-09
680,Customer #680,Santos,SP,2017-09-11
681,Customer #681,Guaratuba,PR,2017-11-28
682,Customer #682,Sao Paulo,SP,2017-03-04
683,Customer #683,Paranapanema,SP,2018-01-05
684,Customer #684,Florianopolis,SC,2018-04-19
685,Customer #685,Belem,PA,2017-07-27
686,Customer #686,Ribeirao Preto,SP,2018-08-02
687,Customer #687,Vacaria,RS,2018-02-14
688,Customer #688,Brasilia,DF,2017-09-22
689,Customer #689,Rio De Janeiro,RJ,2017-11-15
690,Customer #690,Mesquita,RJ,2018-06-19
691,Customer #691,Sao Paulo,SP,2018-05-13
692,Customer #692,Sao Paulo,SP,2017-12-09
693,Customer #693,Divinopolis,MG,2018-03-11
694,Customer #694,Sao Paulo,SP,2018-08-08
695,Customer #695,Goiania,GO,2018-02-16
696,Customer #696,Rio De Janeiro,RJ,2017-06-09
697,Customer #697,Santa Maria Da Vitoria,BA,2017-05-29
698,Customer #698,Anita Garibaldi,SC,2018-04-24
699,Customer #699,Cachoeiro De Itapemirim,ES,2017-11-28
700,Customer #700,Guaratingueta,SP,2018-02-03
701,Customer #701,Duque De Caxias,RJ,2018-04-07
702,Customer #702,Sao Goncalo,RJ,2017-12-10
703,Customer #703,Jundiai,SP,2017-02-11
704,Customer #704,Rio De Janeiro,RJ,2018-06-05
705,Customer #705,Epitaciolandia,AC,2017-10-18
706,Customer #706,Belem,PA,2017-02-13
707,Customer #707,Sao Paulo,SP,2017-12-27
708,Customer #708,Sao Paulo,SP,2017-01-23
709,Customer #709,Curitiba,PR,2018-03-25
710,Customer #710,Sao Paulo,SP,2017-06-07
711,Customer #711,Teresopolis,RJ,2017-08-09
712,Customer #712,Sertaozinho,SP,2017-06-29
713,Customer #713,Catalao,GO,2017-08-15
714,Customer #714,Florania,RN,2017-02-27
715,Customer #715,Iomere,SC,2018-07-09
716,Customer #716,Gramado,RS,2017-12-11
717,Customer #717,Belem,PA,2017-11-24
718,Customer #718,Artur Nogueira,SP,2018-04-12
719,Customer #719,Timoteo,MG,2018-07-28
720,Customer #720,Sao Paulo,SP,2018-04-27
721,Customer #721,Osasco,SP,2017-11-25
722,Customer #722,Fortaleza,CE,2018-04-27
723,Customer #723,Sao Paulo,SP,2017-03-08
724,Customer #724,Caratinga,MG,2018-07-27
725,Customer #725,Serra,ES,2018-02-05
726,Customer #726,Blumenau,SC,2017-09-02
727,Customer #727,Osasco,SP,2018-07-12
728,Customer #728,Rio De Janeiro,RJ,2018-02-25
729,Customer #729,Sao Paulo,SP,2018-08-25
730,Customer #730,Mogi Das Cruzes,SP,2017-12-05
731,Customer #731,Sao Gotardo,MG,2018-02-11
732,Customer #732,Sao Paulo,SP,2017-08-23
733,Customer #733,Sao Paulo,SP,2018-07-27
734,Customer #734,Sao Jose Dos Campos,SP,2017-09-04
735,Customer #735,Niteroi,RJ,2017-09-12
736,Customer #736,Tres Pontas,MG,2018-04-09
737,Customer #737,Olinda,PE,2018-04-26
738,Customer #738,Caieiras,SP,2018-07-08
739,Customer #739,Sao Paulo,SP,2017-12-04
740,Customer #740,Conselheiro Lafaiete,MG,2018-04-21
741,Customer #741,Niteroi,RJ,2017-12-02
742,Customer #742,Ponta Grossa,PR,2018-04-26
743,Customer #743,Sao Paulo,SP,2017-12-13
744,Customer #744,Porto Alegre,RS,2018-08-09
745,Customer #745,Videira,SC,2017-08-09
746,Customer #746,Candelaria,RS,2018-06-08
747,Customer #747,Ouro Branco,MG,2018-03-26
748,Customer #748,Osasco,SP,2018-04-15
749,Customer #749,Aracruz,ES,2018-05-02
750,Customer #750,Pindamonhangaba,SP,2018-06-27
751,Customer #751,Guarulhos,SP,2018-06-22
752,Customer #752,Pouso Alegre,MG,2017-08-24
753,Customer #753,Capinopolis,MG,2017-12-05
754,Customer #754,Campinas,SP,2017-05-17
755,Customer #755,Uniao Da Vitoria,PR,2017-07-19
756,Customer #756,Diadema,SP,2017-06-24
757,Customer #757,Sao Paulo,SP,2018-07-12
758,Customer #758,Barra Do Garcas,MT,2017-06-24
759,Customer #759,Quixeramobim,CE,2018-04-02
760,Customer #760,Teresina,PI,2017-09-10
761,Customer #761,Barbacena,MG,2017-11-28
762,Customer #762,Itapevi,SP,2017-06-25
763,Customer #763,Sao Paulo,SP,2018-03-03
764,Customer #764,Taboao Da Serra,SP,2017-06-04
765,Customer #765,Vila Velha,ES,2018-02-23
766,Customer #766,Cachoeira Dourada,GO,2018-07-03
767,Customer #767,Sao Caetano Do Sul,SP,2017-03-28
768,Customer #768,Salvador,BA,2017-03-15
769,Customer #769,Blumenau,SC,2018-03-15
770,Customer #770,Passo Fundo,RS,2017-07-14
771,Customer #771,Aracoiaba,CE,2018-06-12
772,Customer #772,Sorocaba,SP,2017-11-26
773,Customer #773,Salvador,BA,2018-06-29
774,Customer #774,Sao Paulo,SP,2018-01-08
775,Customer #775,Formiga,MG,2018-07-22
776,Customer #776,Belem,PA,2018-06-07
777,Customer #777,Americana,SP,2017-10-17
778,Customer #778,Belo Horizonte,MG,2017-12-03
779,Customer #779,Jequie,BA,2018-07-27
780,Customer #780,Barueri,SP,2017-03-10
781,Customer #781,Belo Horizonte,MG,2018-06-11
782,Customer #782,Sao Paulo,SP,2017-09-12
783,Customer #783,Pocos De Caldas,MG,2017-12-08
784,Customer #784,Salvador,BA,2018-05-07
785,Customer #785,Fortaleza,CE,2017-05-21
786,Customer #786,Recife,PE,2017-09-04
787,Customer #787,Sao Paulo,SP,2018-01-14
788,Customer #788,Santo Andre,SP,2018-04-08
789,Customer #789,Manaus,AM,2017-12-23
790,Customer #790,Sao Paulo,SP,2018-08-14
791,Customer #791,Belo Horizonte,MG,2017-05-20
792,Customer #792,Suzano,SP,2018-08-20
793,Customer #793,Irati,PR,2018-08-10
794,Customer #794,Sao Paulo,SP,2018-04-10
795,Customer #795,Carapicuiba,SP,2017-04-07
796,Customer #796,Suzano,SP,2017-10-01
797,Customer #797,Manaus,AM,2017-04-20
798,Customer #798,Sao Gabriel,RS,2017-11-24
799,Customer #799,Campos Dos Goytacazes,RJ,2018-08-18
800,Customer #800,Extrema,MG,2018-01-25
801,Customer #801,Osorio,RS,2018-03-12
802,Customer #802,Sao Sebastiao,SP,2018-03-22
803,Customer #803,Santa Barbara,MG,2018-03-15
804,Customer #804,Campo Grande,MS,2017-10-27
805,Customer #805,Sao Paulo,SP,2018-05-01
806,Customer #806,Mogi Mirim,SP,2018-04-11
807,Customer #807,Porto Alegre,RS,2017-09-14
808,Customer #808,Claudio,MG,2018-04-29
809,Customer #809,Cascavel,PR,2018-01-13
810,Customer #810,Brasilia,DF,2018-02-07
811,Customer #811,Campos Dos Goytacazes,RJ,2017-10-13
812,Customer #812,Itaporanga,SP,2017-12-30
813,Customer #813,Belo Horizonte,MG,2018-04-16
814,Customer #814,Nova Iguacu,RJ,2017-09-03
815,Customer #815,Brumadinho,MG,2017-05-21
816,Customer #816,Santo Antonio Do Monte,MG,2018-03-16
817,Customer #817,Rio De Janeiro,RJ,2018-03-31
818,Customer #818,Rio De Janeiro,RJ,2017-10-12
819,Customer #819,Rio De Janeiro,RJ,2017-07-17
820,Customer #820,Salvador,BA,2018-03-16
821,Customer #821,Santo Antonio Do Pinhal,SP,2017-02-05
822,Customer #822,Sao Paulo,SP,2018-07-29
823,Customer #823,Rio Claro,SP,2018-06-27
824,Customer #824,Jundiai,SP,2017-07-18
825,Customer #825,Belo Horizonte,MG,2018-03-13
826,Customer #826,Cuiaba,MT,2017-10-24
827,Customer #827,Brasilia,DF,2018-01-11
828,Customer #828,Salvador,BA,2018-01-04
829,Customer #829,Piraquara,PR,2017-02-18
830,Customer #830,Porto Alegre,RS,2017-10-09
831,Customer #831,Sao Francisco Do Sul,SC,2017-12-15
832,Customer #832,Tangara Da Serra,MT,2017-10-27
833,Customer #833,Sao Paulo,SP,2017-11-24
834,Customer #834,Laranjal Paulista,SP,2018-01-27
835,Customer #835,Joinville,SC,2018-06-29
836,Customer #836,Sao Paulo,SP,2017-09-07
837,Customer #837,Inhapim,MG,2017-08-21
838,Customer #838,Alexania,GO,2017-07-18
839,Customer #839,Lencois Paulista,SP,2017-09-09
840,Customer #840,Sao Paulo,SP,2018-06-20
841,Customer #841,Luis Eduardo Magalhaes,BA,2017-11-23
842,Customer #842,Mateus Leme,MG,2018-06-18
843,Customer #843,Niteroi,RJ,2018-04-15
844,Customer #844,Esteio,RS,2018-06-28
845,Customer #845,Maringa,PR,2017-08-21
846,Customer #846,Araguaina,TO,2018-08-13
847,Customer #847,Porto Alegre,RS,2018-07-27
848,Customer #848,Estancia Velha,RS,2018-01-12
849,Customer #849,Belo Horizonte,MG,2017-08-01
850,Customer #850,Sao Paulo,SP,2018-05-18
851,Customer #851,Campinas,SP,2018-03-12
852,Customer #852,Sao Carlos,SP,2017-07-07
853,Customer #853,Itu,SP,2018-05-22
854,Customer #854,Fortaleza,CE,2018-07-03
855,Customer #855,Curitiba,PR,2017-04-07
856,Customer #856,Sao Bernardo Do Campo,SP,2018-02-26
857,Customer #857,Divinopolis,MG,2018-02-09
858,Customer #858,Sao Paulo,SP,2017-05-21
859,Customer #859,Jacarei,SP,2017-03-28
860,Customer #860,Cordeiro,RJ,2018-08-05
861,Customer #861,Valinhos,SP,2017-07-11
862,Customer #862,Embu Das Artes,SP,2018-03-10
863,Customer #863,Sao Vicente,SP,2018-05-12
864,Customer #864,Sao Paulo,SP,2018-08-08
865,Customer #865,Sao Paulo,SP,2018-02-26
866,Customer #866,Niteroi,RJ,2017-08-21
867,Customer #867,Santa Maria Madalena,RJ,2017-11-24
868,Customer #868,Sao Paulo,SP,2018-03-27
869,Customer #869,Curitiba,PR,2017-06-20
870,Customer #870,Garanhuns,PE,2018-06-25
871,Customer #871,Sao Paulo,SP,2018-02-25
872,Customer #872,Sao Paulo,SP,2018-05-23
873,Customer #873,Aracoiaba Da Serra,SP,2017-12-15
874,Customer #874,Cuiaba,MT,2017-10-06
875,Customer #875,Itapecerica,MG,2017-07-13
876,Customer #876,Santos,SP,2018-08-02
877,Customer #877,Aracruz,ES,2018-03-03
878,Customer #878,Braganca Paulista,SP,2018-08-01
879,Customer #879,Caruaru,PE,2018-08-09
880,Customer #880,Fortaleza,CE,2018-04-11
881,Customer #881,Carmopolis De Minas,MG,2018-07-17
882,Customer #882,Araraquara,SP,2018-03-08
883,Customer #883,Avare,SP,2018-04-04
884,Customer #884,Sao Paulo,SP,2018-06-14
885,Customer #885,Goiania,GO,2018-06-13
886,Customer #886,Vila Velha,ES,2017-09-05
887,Customer #887,Teresina,PI,2017-05-26
888,Customer #888,Sao Paulo,SP,2018-02-20
889,Customer #889,Pedro Canario,ES,2017-12-04
890,Customer #890,Aracati,CE,2018-04-25
891,Customer #891,Rio De Janeiro,RJ,2017-11-24
892,Customer #892,Sao Luis,MA,2018-03-09
893,Customer #893,Belo Horizonte,MG,2018-08-21
894,Customer #894,Porto Alegre,RS,2018-04-24
895,Customer #895,Rio De Janeiro,RJ,2018-01-18
896,Customer #896,Itupeva,SP,2018-03-30
897,Customer #897,Itabirito,MG,2018-01-26
898,Customer #898,Taquarituba,SP,2018-05-04
899,Customer #899,Goiania,GO,2017-05-21
900,Customer #900,Curitiba,PR,2018-04-29
901,Customer #901,Barueri,SP,2017-12-07
902,Customer #902,Rio De Janeiro,RJ,2017-07-14
903,Customer #903,Mogi Das Cruzes,SP,2017-09-01
904,Customer #904,Sao Paulo,SP,2017-11-27
905,Customer #905,Brasilia,DF,2018-07-29
906,Customer #906,Rio De Janeiro,RJ,2018-01-08
907,Customer #907,Silvianopolis,MG,2018-01-02
908,Customer #908,Santos,SP,2018-04-12
909,Customer #909,Piracicaba,SP,2018-01-19
910,Customer #910,Sao Paulo,SP,2018-01-20
911,Customer #911,Itaquaquecetuba,SP,2018-04-13
912,Customer #912,Guarulhos,SP,2018-08-23
913,Customer #913,Sao Paulo,SP,2017-09-18
914,Customer #914,Itapevi,SP,2018-01-20
915,Customer #915,Conchal,SP,2018-02-18
916,Customer #916,Rio De Janeiro,RJ,2018-03-09
917,Customer #917,Monte Alto,SP,2017-08-13
918,Customer #918,Curitiba,PR,2017-09-05
919,Customer #919,Presidente Epitacio,SP,2017-02-22
920,Customer #920,Candido Mota,SP,2017-09-26
921,Customer #921,Alto Araguaia,MT,2017-06-19
922,Customer #922,Ararangua,SC,2018-02-20
923,Customer #923,Indaiatuba,SP,2018-08-07
924,Customer #924,Palmas,TO,2017-05-18
925,Customer #925,Brasilia,DF,2018-03-31
926,Customer #926,Florianopolis,SC,2017-10-10
927,Customer #927,Sao Mateus Do Sul,PR,2018-08-10
928,Customer #928,Itanhaem,SP,2017-05-04
929,Customer #929,Ananindeua,PA,2017-04-28
930,Customer #930,Itaquaquecetuba,SP,2018-01-21
931,Customer #931,Rio De Janeiro,RJ,2018-07-24
932,Customer #932,Sao Paulo,SP,2018-03-13
933,Customer #933,Nova Iguacu,RJ,2018-04-03
934,Customer #934,Belo Horizonte,MG,2018-08-04
935,Customer #935,Sao Paulo,SP,2017-03-21
936,Customer #936,Curitiba,PR,2017-11-21
937,Customer #937,Loanda,PR,2017-01-15
938,Customer #938,Santo Andre,SP,2017-08-03
939,Customer #939,Renascenca,PR,2017-07-27
940,Customer #940,Sao Paulo,SP,2018-05-08
941,Customer #941,Salto,SP,2018-05-13
942,Customer #942,Sao Goncalo,RJ,2018-06-12
943,Customer #943,Camaragibe,PE,2018-05-13
944,Customer #944,Mateus Leme,MG,2018-02-27
945,Customer #945,Rio De Janeiro,RJ,2017-11-28
946,Customer #946,Salvador,BA,2018-03-07
947,Customer #947,Belo Horizonte,MG,2018-01-31
948,Customer #948,Barueri,SP,2017-08-03
949,Customer #949,Sao Paulo,SP,2017-12-17
950,Customer #950,Sao Paulo,SP,2017-06-22
951,Customer #951,Uberlandia,MG,2018-07-20
952,Customer #952,Campinas,SP,2018-05-11
953,Customer #953,Juiz De Fora,MG,2017-07-28
954,Customer #954,Leme,SP,2018-05-07
955,Customer #955,Campinas,SP,2018-08-21
956,Customer #956,Curitiba,PR,2018-04-06
957,Customer #957,Nova Friburgo,RJ,2018-01-08
958,Customer #958,Rio De Janeiro,RJ,2018-01-31
959,Customer #959,Guarulhos,SP,2018-02-13
960,Customer #960,Sao Jose Dos Campos,SP,2017-06-04
961,Customer #961,Olimpia,SP,2018-03-16
962,Customer #962,Belo Horizonte,MG,2017-02-10
963,Customer #963,Guaruja,SP,2017-08-29
964,Customer #964,Marilia,SP,2017-09-15
965,Customer #965,Teixeira De Freitas,BA,2018-04-30
966,Customer #966,Jundiai,SP,2018-05-21
967,Customer #967,Taubate,SP,2017-12-03
968,Customer #968,Porto Alegre,RS,2017-12-16
969,Customer #969,Curitiba,PR,2018-01-05
970,Customer #970,Botucatu,SP,2018-07-04
971,Customer #971,Sao Paulo,SP,2018-03-03
972,Customer #972,Rio De Janeiro,RJ,2017-11-26
973,Customer #973,Monsenhor Tabosa,CE,2018-02-21
974,Customer #974,Salvador,BA,2018-07-22
975,Customer #975,Rio De Janeiro,RJ,2018-06-01
976,Customer #976,Jacarau,PB,2017-10-10
977,Customer #977,Cascavel,PR,2017-06-22
978,Customer #978,Salvador,BA,2018-08-06
979,Customer #979,Goiania,GO,2018-03-23
980,Customer #980,Sao Paulo,SP,2018-07-27
981,Customer #981,Rio De Janeiro,RJ,2017-11-10
982,Customer #982,Sao Pedro,SP,2017-09-14
983,Customer #983,Sao Paulo,SP,2017-12-14
984,Customer #984,Curitiba,PR,2018-01-17
985,Customer #985,Rio De Janeiro,RJ,2018-08-03
986,Customer #986,Campinas,SP,2018-01-04
987,Customer #987,Ourinhos,SP,2018-01-17
988,Customer #988,Firminopolis,GO,2017-10-06
989,Customer #989,Ipiranga Do Norte,MT,2017-08-20
990,Customer #990,Sao Paulo,SP,2018-07-20
991,Customer #991,Sao Jose Do Egito,PE,2017-04-09
992,Customer #992,Sao Paulo,SP,2018-02-01
993,Customer #993,Montes Claros,MG,2017-03-31
994,Customer #994,Sao Jose,SC,2017-08-28
995,Customer #995,Londrina,PR,2018-02-26
996,Customer #996,Paranaiba,MS,2017-05-17
997,Customer #997,Niteroi,RJ,2018-05-14
998,Customer #998,Sao Bernardo Do Campo,SP,2017-08-11
999,Customer #999,Rio De Janeiro,RJ,2017-03-20
1000,Customer #1000,Rio De Janeiro,RJ,2017-04-03
1001,Customer #1001,Santo Andre,SP,2017-08-20
1002,Customer #1002,Volta Redonda,RJ,2018-04-02
1003,Customer #1003,Uba,MG,2018-04-09
1004,Customer #1004,Maringa,PR,2017-04-22
1005,Customer #1005,Rio De Janeiro,RJ,2018-02-03
1006,Customer #1006,Monte Belo,MG,2018-08-04
1007,Customer #1007,Indaiatuba,SP,2018-05-08
1008,Customer #1008,Cariacica,ES,2017-06-07
1009,Customer #1009,Itapecerica Da Serra,SP,2018-01-22
1010,Customer #1010,Bom Jesus,PI,2018-05-14
1011,Customer #1011,Brejo Dos Santos,PB,2017-12-15
1012,Customer #1012,Barra Bonita,SP,2018-05-24
1013,Customer #1013,Santa Cruz Do Sul,RS,2017-06-16
1014,Customer #1014,Jaboatao Dos Guararapes,PE,2017-08-10
1015,Customer #1015,Jundiai,SP,2018-03-25
1016,Customer #1016,Rio De Janeiro,RJ,2018-06-14
1017,Customer #1017,Santarem,PA,2018-03-17
1018,Customer #1018,Sao Paulo,SP,2018-06-06
1019,Customer #1019,Curitiba,PR,2018-04-14
1020,Customer #1020,Rio De Janeiro,RJ,2018-08-04
1021,Customer #1021,Barao De Cocais,MG,2018-03-25
1022,Customer #1022,Itapecerica,MG,2017-07-16
1023,Customer #1023,Santa Maria,RS,2017-09-11
1024,Customer #1024,Salvador,BA,2018-03-23
1025,Customer #1025,Sao Paulo,SP,2017-08-03
1026,Customer #1026,Campinas,SP,2018-05-26
1027,Customer #1027,Rio De Janeiro,RJ,2018-02-26
1028,Customer #1028,Sao Paulo,SP,2018-02-05
1029,Customer #1029,Americana,SP,2018-07-22
1030,Customer #1030,Belem,PA,2017-10-09
1031,Customer #1031,Goiania,GO,2018-03-06
1032,Customer #1032,Rio De Janeiro,RJ,2017-06-30
1033,Customer #1033,Sao Francisco,MG,2018-06-11
1034,Customer #1034,Campinas,SP,2017-05-03
1035,Customer #1035,Contagem,MG,2018-04-10
1036,Customer #1036,Matipo,MG,2017-09-25
1037,Customer #1037,Porto Alegre,RS,2017-12-10
1038,Customer #1038,Limoeiro Do Norte,CE,2017-12-20
1039,Customer #1039,Santa Barbara D'Oeste,SP,2018-02-10
1040,Customer #1040,Campo Mourao,PR,2017-11-12
1041,Customer #1041,Sao Paulo,SP,2017-08-25
1042,Customer #1042,Sao Paulo,SP,2018-06-12
1043,Customer #1043,Taboao Da Serra,SP,2017-12-29
1044,Customer #1044,Campinas,SP,2018-01-14
1045,Customer #1045,Nova Lima,MG,2018-04-16
1046,Customer #1046,Sao Paulo,SP,2017-06-26
1047,Customer #1047,Santos,SP,2017-12-14
1048,Customer #1048,Sao Jose Do Rio Preto,SP,2017-07-26
1049,Customer #1049,Niteroi,RJ,2018-05-30
1050,Customer #1050,Tapes,RS,2017-08-23
1051,Customer #1051,Petropolis,RJ,2017-12-26
1052,Customer #1052,Mirandopolis,SP,2018-05-09
1053,Customer #1053,Orindiuva,SP,2017-11-18
1054,Customer #1054,Vila Velha,ES,2018-08-20
1055,Customer #1055,Piracicaba,SP,2017-06-15
1056,Customer #1056,Cedral,SP,2017-12-17
1057,Customer #1057,Belo Horizonte,MG,2018-07-26
1058,Customer #1058,Munhoz De Melo,PR,2018-03-05
1059,Customer #1059,Nilopolis,RJ,2017-12-21
1060,Customer #1060,Toledo,PR,2017-09-07
1061,Customer #1061,Sao Paulo,SP,2017-10-24
1062,Customer #1062,Montenegro,RS,2017-07-31
1063,Customer #1063,Rio De Janeiro,RJ,2018-01-04
1064,Customer #1064,Japeri,RJ,2018-04-06
1065,Customer #1065,Sorocaba,SP,2018-07-09
1066,Customer #1066,Santo Andre,SP,2018-02-03
1067,Customer #1067,Paraguacu,MG,2018-03-01
1068,Customer #1068,Sao Paulo,SP,2018-07-31
1069,Customer #1069,Rio De Janeiro,RJ,2017-12-07
1070,Customer #1070,Lucas Do Rio Verde,MT,2017-05-01
1071,Customer #1071,Ponta Grossa,PR,2018-02-11
1072,Customer #1072,Armacao Dos Buzios,RJ,2018-03-28
1073,Customer #1073,Engenheiro Paulo De Frontin,RJ,2017-11-27
1074,Customer #1074,Lavras,MG,2018-07-18
1075,Customer #1075,Berizal,MG,2017-09-12
1076,Customer #1076,Salvador,BA,2018-05-08
1077,Customer #1077,Duartina,SP,2018-06-02
1078,Customer #1078,Contagem,MG,2017-10-24
1079,Customer #1079,Rio De Janeiro,RJ,2017-11-25
1080,Customer #1080,Sao Paulo,SP,2018-03-08
1081,Customer #1081,Taquara,RS,2018-02-06
1082,Customer #1082,Rio De Janeiro,RJ,2018-08-26
1083,Customer #1083,Betim,MG,2018-03-13
1084,Customer #1084,Santo Andre,SP,2017-05-06
1085,Customer #1085,Porto Alegre,RS,2018-08-16
1086,Customer #1086,Sao Paulo,SP,2017-08-16
1087,Customer #1087,Sao Joao Do Paraiso,MG,2017-08-07
1088,Customer #1088,Rio De Janeiro,RJ,2018-02-28
1089,Customer #1089,Juiz De Fora,MG,2017-09-20
1090,Customer #1090,Campos Dos Goytacazes,RJ,2017-06-02
1091,Customer #1091,Niteroi,RJ,2018-05-31
1092,Customer #1092,Sao Paulo,SP,2017-12-03
1093,Customer #1093,Sao Paulo,SP,2018-02-27
1094,Customer #1094,Santo Andre,SP,2018-05-18
1095,Customer #1095,Rio De Janeiro,RJ,2017-12-28
1096,Customer #1096,Sao Jose Dos Pinhais,PR,2018-01-29
1097,Customer #1097,Pouso Alegre,MG,2018-01-11
1098,Customer #1098,Brasilia,DF,2018-08-13
1099,Customer #1099,Diadema,SP,2018-08-03
1100,Customer #1100,Sao Paulo,SP,2017-03-19
1101,Customer #1101,Curitiba,PR,2018-03-26
1102,Customer #1102,Ipatinga,MG,2017-02-23
1103,Customer #1103,Simoes Filho,BA,2017-04-26
1104,Customer #1104,Viamao,RS,2018-01-31
1105,Customer #1105,Aracaju,SE,2018-03-06
1106,Customer #1106,Birigui,SP,2018-05-09
1107,Customer #1107,Belo Horizonte,MG,2017-07-31
1108,Customer #1108,Sao Carlos,SP,2017-05-15
1109,Customer #1109,Cuiaba,MT,2018-02-05
1110,Customer #1110,Montes Claros,MG,2018-04-09
1111,Customer #1111,Blumenau,SC,2017-07-17
1112,Customer #1112,Vitoria,ES,2018-06-21
1113,Customer #1113,Guapo,GO,2018-06-06
1114,Customer #1114,Limeira,SP,2018-05-19
1115,Customer #1115,Sao Paulo,SP,2017-11-24
1116,Customer #1116,Osasco,SP,2017-12-30
1117,Customer #1117,Sao Paulo,SP,2017-03-27
1118,Customer #1118,Belford Roxo,RJ,2017-08-12
1119,Customer #1119,Sao Geraldo Do Baguari,MG,2017-08-15
1120,Customer #1120,Amparo,SP,2017-08-07
1121,Customer #1121,Santos,SP,2017-05-08
1122,Customer #1122,Sao Mateus,ES,2018-02-22
1123,Customer #1123,Oroco,PE,2017-08-08
1124,Customer #1124,Rio De Janeiro,RJ,2018-01-22
1125,Customer #1125,Laranjal Do Jari,AP,2017-10-23
1126,Customer #1126,Amparo,SP,2018-01-06
1127,Customer #1127,Romaria,MG,2017-09-30
1128,Customer #1128,Petrolandia,SC,2017-03-29
1129,Customer #1129,Ibitinga,SP,2018-07-31
1130,Customer #1130,Porto Alegre,RS,2018-05-27
1131,Customer #1131,Taruma,SP,2017-08-08
1132,Customer #1132,Jundiai,SP,2018-04-16
1133,Customer #1133,Cascavel,PR,2017-08-03
1134,Customer #1134,Sao Paulo,SP,2017-08-08
1135,Customer #1135,Afogados Da Ingazeira,PE,2018-06-17
1136,Customer #1136,Sao Joao De Meriti,RJ,2018-01-10
1137,Customer #1137,Sao Paulo,SP,2017-03-24
1138,Customer #1138,Salvador,BA,2017-07-12
1139,Customer #1139,Porto Velho,RO,2017-03-27
1140,Customer #1140,Sao Paulo,SP,2018-05-24
1141,Customer #1141,Sao Paulo,SP,2018-04-05
1142,Customer #1142,Portao,RS,2017-07-18
1143,Customer #1143,Vila Velha,ES,2018-03-27
1144,Customer #1144,Dores De Campos,MG,2018-07-19
1145,Customer #1145,Sao Joao De Meriti,RJ,2017-07-10
1146,Customer #1146,Campinas,SP,2017-12-01
1147,Customer #1147,Uberaba,MG,2018-03-11
1148,Customer #1148,Serra,ES,2017-09-23
1149,Customer #1149,Guaruja,SP,2018-01-03
1150,Customer #1150,Sao Paulo,SP,2018-07-18
1151,Customer #1151,Cuiaba,MT,2018-05-03
1152,Customer #1152,Sao Paulo,SP,2017-04-16
1153,Customer #1153,Belo Horizonte,MG,2018-02-06
1154,Customer #1154,Sao Paulo,SP,2017-07-06
1155,Customer #1155,Sao Paulo,SP,2017-11-11
1156,Customer #1156,Brasilia,DF,2017-05-10
1157,Customer #1157,Salvador,BA,2017-11-03
1158,Customer #1158,Sao Luis,MA,2018-07-18
1159,Customer #1159,Rio De Janeiro,RJ,2017-05-21
1160,Customer #1160,Sorocaba,SP,2017-06-26
1161,Customer #1161,Sao Paulo,SP,2017-06-01
1162,Customer #1162,Serra,ES,2018-02-14
1163,Customer #1163,Descalvado,SP,2018-04-12
1164,Customer #1164,Rio De Janeiro,RJ,2018-02-21
1165,Customer #1165,Sao Caetano Do Sul,SP,2018-05-14
1166,Customer #1166,Guarapari,ES,2017-11-15
1167,Customer #1167,Witmarsum,SC,2018-03-12
1168,Customer #1168,Duque De Caxias,RJ,2017-12-01
1169,Customer #1169,Paulinia,SP,2018-07-31
1170,Customer #1170,Pinhais,PR,2018-05-08
1171,Customer #1171,Cafelandia,SP,2018-03-04
1172,Customer #1172,Rio De Janeiro,RJ,2018-03-28
1173,Customer #1173,Diadema,SP,2017-08-18
1174,Customer #1174,Paracatu,MG,2018-04-05
1175,Customer #1175,Itajai,SC,2017-08-29
1176,Customer #1176,Caxambu,MG,2018-07-31
1177,Customer #1177,Sao Jose Do Rio Preto,SP,2017-12-21
1178,Customer #1178,Sao Paulo,SP,2017-09-11
1179,Customer #1179,Castelandia,GO,2018-01-02
1180,Customer #1180,Sao Paulo,SP,2017-11-16
1181,Customer #1181,Serra,ES,2018-01-07
1182,Customer #1182,Jaborandi,SP,2018-04-25
1183,Customer #1183,Sao Paulo,SP,2018-02-13
1184,Customer #1184,Itajuba,MG,2018-06-13
1185,Customer #1185,Jundiai,SP,2017-08-29
1186,Customer #1186,Cabo Frio,RJ,2018-05-06
1187,Customer #1187,Itabuna,BA,2017-08-26
1188,Customer #1188,Belo Horizonte,MG,2017-12-10
1189,Customer #1189,Belo Horizonte,MG,2018-04-21
1190,Customer #1190,Salvador,BA,2018-03-01
1191,Customer #1191,Campinas,SP,2018-08-20
1192,Customer #1192,Quirinopolis,GO,2018-03-08
1193,Customer #1193,Correia Pinto,SC,2018-05-02
1194,Customer #1194,Belo Horizonte,MG,2017-06-18
1195,Customer #1195,Sao Luiz Gonzaga,RS,2017-07-23
1196,Customer #1196,Afogados Da Ingazeira,PE,2017-08-30
1197,Customer #1197,Sao Jose Do Rio Preto,SP,2017-08-28
1198,Customer #1198,Sao Paulo,SP,2018-08-03
1199,Customer #1199,Guarulhos,SP,2017-09-02
1200,Customer #1200,Rio De Janeiro,RJ,2018-03-05
1201,Customer #1201,Salvador,BA,2017-08-19
1202,Customer #1202,Rio De Janeiro,RJ,2017-08-04
1203,Customer #1203,Pilao Arcado,BA,2018-06-15
1204,Customer #1204,Sao Paulo,SP,2017-09-11
1205,Customer #1205,Sao Paulo,SP,2017-07-07
1206,Customer #1206,Brusque,SC,2018-01-16
1207,Customer #1207,Maceio,AL,2017-12-13
1208,Customer #1208,Campinas,SP,2018-03-04
1209,Customer #1209,Rio De Janeiro,RJ,2018-06-13
1210,Customer #1210,Rio De Janeiro,RJ,2017-05-22
1211,Customer #1211,Planalto,RS,2017-09-05
1212,Customer #1212,Mossoro,RN,2017-04-09
1213,Customer #1213,Maua,SP,2018-07-09
1214,Customer #1214,Sao Paulo,SP,2018-03-09
1215,Customer #1215,Sao Paulo,SP,2018-01-23
1216,Customer #1216,Mimoso Do Sul,ES,2017-10-01
1217,Customer #1217,Rio De Janeiro,RJ,2017-10-17
1218,Customer #1218,Sao Paulo,SP,2018-04-05
1219,Customer #1219,Francisco Morato,SP,2018-07-28
1220,Customer #1220,Sao Bernardo Do Campo,SP,2017-04-27
1221,Customer #1221,Votorantim,SP,2018-08-04
1222,Customer #1222,Sao Jose Do Rio Pardo,SP,2017-09-01
1223,Customer #1223,Sao Paulo,SP,2017-02-07
1224,Customer #1224,Santana De Parnaiba,SP,2018-01-21
1225,Customer #1225,Itapecerica Da Serra,SP,2018-08-14
1226,Customer #1226,Sao Paulo,SP,2018-03-27
1227,Customer #1227,Florianopolis,SC,2017-06-13
1228,Customer #1228,Massape,CE,2017-11-07
1229,Customer #1229,Tambau,SP,2018-05-23
1230,Customer #1230,Barueri,SP,2018-03-12
1231,Customer #1231,Sao Paulo,SP,2018-04-18
1232,Customer #1232,Curitiba,PR,2017-09-19
1233,Customer #1233,Itaocara,RJ,2017-07-04
1234,Customer #1234,Sao Paulo,SP,2018-06-20
1235,Customer #1235,Sao Vicente,SP,2017-10-09
1236,Customer #1236,Macae,RJ,2017-03-15
1237,Customer #1237,Rio De Janeiro,RJ,2017-10-09
1238,Customer #1238,Carlopolis,PR,2018-04-30
1239,Customer #1239,Sorocaba,SP,2018-03-07
1240,Customer #1240,Arceburgo,MG,2017-11-16
1241,Customer #1241,Contagem,MG,2017-11-09
1242,Customer #1242,Nova Canaa,BA,2018-03-12
1243,Customer #1243,Santa Cruz Do Sul,RS,2018-07-31
1244,Customer #1244,Rio De Janeiro,RJ,2018-01-31
1245,Customer #1245,Goiana,PE,2018-01-26
1246,Customer #1246,Cajuru,SP,2017-05-08
1247,Customer #1247,Tubarao,SC,2017-01-24
1248,Customer #1248,Sao Paulo,SP,2017-10-22
1249,Customer #1249,Ribeirao Das Neves,MG,2018-08-17
1250,Customer #1250,Divinopolis,MG,2017-11-24
1251,Customer #1251,Sao Paulo,SP,2018-07-15
1252,Customer #1252,Martins Soares,MG,2018-05-31
1253,Customer #1253,Sao Paulo,SP,2018-08-02
1254,Customer #1254,Guararapes,SP,2017-11-07
1255,Customer #1255,Sao Paulo,SP,2017-11-15
1256,Customer #1256,Mirassol,SP,2018-06-14
1257,Customer #1257,Rio De Janeiro,RJ,2017-08-21
1258,Customer #1258,Sao Joao Da Boa Vista,SP,2018-01-09
1259,Customer #1259,Fraiburgo,SC,2017-11-15
1260,Customer #1260,Sao Jose Do Rio Preto,SP,2018-04-17
1261,Customer #1261,Sorocaba,SP,2017-07-15
1262,Customer #1262,Santo Andre,SP,2017-10-15
1263,Customer #1263,Itajai,SC,2017-05-02
1264,Customer #1264,Fortaleza,CE,2017-09-14
1265,Customer #1265,Varzea Paulista,SP,2017-10-02
1266,Customer #1266,Niteroi,RJ,2017-08-11
1267,Customer #1267,Joao Pessoa,PB,2018-08-02
1268,Customer #1268,Sao Paulo,SP,2018-08-19
1269,Customer #1269,Sao Paulo,SP,2018-01-14
1270,Customer #1270,Rio De Janeiro,RJ,2018-01-18
1271,Customer #1271,Sorocaba,SP,2017-11-14
1272,Customer #1272,Barra Do Pirai,RJ,2017-11-20
1273,Customer #1273,Marilia,SP,2018-01-28
1274,Customer #1274,Juiz De Fora,MG,2017-07-28
1275,Customer #1275,Santo Amaro,BA,2017-08-22
1276,Customer #1276,Maringa,PR,2018-07-21
1277,Customer #1277,Campinas,SP,2018-04-27
1278,Customer #1278,Roque Gonzales,RS,2017-10-13
1279,Customer #1279,Sao Paulo,SP,2018-08-12
1280,Customer #1280,Sao Paulo,SP,2018-07-26
1281,Customer #1281,Duartina,SP,2018-03-07
1282,Customer #1282,Sao Bernardo Do Campo,SP,2017-08-16
1283,Customer #1283,Curuca,PA,2017-09-19
1284,Customer #1284,Sao Jose Dos Campos,SP,2018-01-01
1285,Customer #1285,Lapa,PR,2017-07-11
1286,Customer #1286,Jacarei,SP,2018-01-07
1287,Customer #1287,Paranaiguara,GO,2017-05-22
1288,Customer #1288,Rio De Janeiro,RJ,2018-02-10
1289,Customer #1289,Sao Paulo,SP,2018-01-10
1290,Customer #1290,Rio De Janeiro,RJ,2018-08-25
1291,Customer #1291,Londrina,PR,2018-02-19
1292,Customer #1292,Barueri,SP,2018-06-25
1293,Customer #1293,Brasilia,DF,2017-12-04
1294,Customer #1294,Lavinia,SP,2017-09-03
1295,Customer #1295,Ribeirao Pires,SP,2017-07-14
1296,Customer #1296,Ipatinga,MG,2018-02-06
1297,Customer #1297,Sao Miguel Do Guama,PA,2018-07-22
1298,Customer #1298,Sao Paulo,SP,2018-05-21
1299,Customer #1299,Colinas Do Tocantins,TO,2018-04-14
1300,Customer #1300,Juiz De Fora,MG,2017-05-01
1301,Customer #1301,Rio De Janeiro,RJ,2017-07-21
1302,Customer #1302,Nova Iguacu,RJ,2017-10-21
1303,Customer #1303,Rio De Janeiro,RJ,2017-11-24
1304,Customer #1304,Sao Paulo,SP,2017-11-24
1305,Customer #1305,Ruy Barbosa,BA,2017-12-11
1306,Customer #1306,Rio De Janeiro,RJ,2018-03-29
1307,Customer #1307,Belo Horizonte,MG,2018-03-23
1308,Customer #1308,Governador Valadares,MG,2018-07-22
1309,Customer #1309,Itaquaquecetuba,SP,2018-04-22
1310,Customer #1310,Bastos,SP,2017-06-03
1311,Customer #1311,Caxias Do Sul,RS,2017-03-28
1312,Customer #1312,Recife,PE,2018-02-02
1313,Customer #1313,Buique,PE,2018-02-06
1314,Customer #1314,Sao Miguel Do Oeste,SC,2017-11-23
1315,Customer #1315,Aracatuba,SP,2018-06-26
1316,Customer #1316,Santana De Parnaiba,SP,2017-11-25
1317,Customer #1317,Palmas,TO,2017-09-25
1318,Customer #1318,Sao Paulo,SP,2017-05-29
1319,Customer #1319,Porto Alegre,RS,2018-06-22
1320,Customer #1320,Guararapes,SP,2018-08-06
1321,Customer #1321,Sao Paulo,SP,2017-10-30
1322,Customer #1322,Marilia,SP,2018-08-05
1323,Customer #1323,Belo Horizonte,MG,2018-01-17
1324,Customer #1324,Matao,SP,2018-01-01
1325,Customer #1325,Rio De Janeiro,RJ,2017-08-10
1326,Customer #1326,Sao Bernardo Do Campo,SP,2018-08-06
1327,Customer #1327,Cabo Frio,RJ,2017-03-13
1328,Customer #1328,Sao Paulo,SP,2018-02-26
1329,Customer #1329,Rio De Janeiro,RJ,2018-02-06
1330,Customer #1330,Sao Jose Dos Pinhais,PR,2017-02-04
1331,Customer #1331,Valinhos,SP,2017-08-25
1332,Customer #1332,Sao Luis,MA,2017-05-16
1333,Customer #1333,Palmas,TO,2017-08-07
1334,Customer #1334,Sao Paulo,SP,2018-02-22
1335,Customer #1335,Luziania,GO,2018-07-26
1336,Customer #1336,Praia Grande,SP,2018-07-25
1337,Customer #1337,Macae,RJ,2018-04-29
1338,Customer #1338,Uberaba,MG,2017-05-21
1339,Customer #1339,Junco Do Serido,PB,2017-06-11
1340,Customer #1340,Curitiba,PR,2018-08-09
1341,Customer #1341,Anchieta,ES,2017-03-13
1342,Customer #1342,Sao Paulo,SP,2018-06-27
1343,Customer #1343,Felipe Guerra,RN,2018-02-18
1344,Customer #1344,Tururu,CE,2018-02-16
1345,Customer #1345,Jundiai,SP,2018-02-15
1346,Customer #1346,Belo Horizonte,MG,2018-04-21
1347,Customer #1347,Sao Pedro Da Aldeia,RJ,2018-06-12
1348,Customer #1348,Sao Lourenco Da Serra,SP,2018-01-26
1349,Customer #1349,Lagoa Da Confusao,TO,2018-07-13
1350,Customer #1350,Londrina,PR,2017-12-12
1351,Customer #1351,Itapecerica Da Serra,SP,2018-08-10
1352,Customer #1352,Curitiba,PR,2018-03-03
1353,Customer #1353,Volta Redonda,RJ,2018-06-01
1354,Customer #1354,Campinas,SP,2017-08-22
1355,Customer #1355,Belford Roxo,RJ,2018-08-01
1356,Customer #1356,Sao Paulo,SP,2017-11-26
1357,Customer #1357,Sao Paulo,SP,2018-04-14
1358,Customer #1358,Porto Alegre,RS,2017-11-06
1359,Customer #1359,Rio Das Ostras,RJ,2018-08-13
1360,Customer #1360,Jacarei,SP,2017-08-17
1361,Customer #1361,Rio De Janeiro,RJ,2017-06-12
1362,Customer #1362,Contagem,MG,2017-08-25
1363,Customer #1363,Erechim,RS,2017-07-26
1364,Customer #1364,Rio De Janeiro,RJ,2018-04-05
1365,Customer #1365,Curitiba,PR,2018-03-03
1366,Customer #1366,Joao Pessoa,PB,2018-05-26
1367,Customer #1367,Estancia Velha,RS,2018-03-20
1368,Customer #1368,Mogi Das Cruzes,SP,2018-03-07
1369,Customer #1369,Sao Paulo,SP,2017-02-15
1370,Customer #1370,Sao Paulo,SP,2018-08-12
1371,Customer #1371,Belo Horizonte,MG,2018-06-25
1372,Customer #1372,Nilopolis,RJ,2018-07-04
1373,Customer #1373,Holambra,SP,2018-01-04
1374,Customer #1374,Rio Grande,RS,2017-05-08
1375,Customer #1375,Sorocaba,SP,2018-05-29
1376,Customer #1376,Barao De Cocais,MG,2017-02-26
1377,Customer #1377,Teofilo Otoni,MG,2017-12-23
1378,Customer #1378,Rio Brilhante,MS,2018-03-12
1379,Customer #1379,Umuarama,PR,2017-08-28
1380,Customer #1380,Ipatinga,MG,2018-05-14
1381,Customer #1381,Braco Do Norte,SC,2017-11-17
1382,Customer #1382,Divinopolis,MG,2017-07-10
1383,Customer #1383,Recife,PE,2018-03-21
1384,Customer #1384,Palhoca,SC,2018-03-23
1385,Customer #1385,Sao Paulo,SP,2017-11-05
1386,Customer #1386,Itupeva,SP,2018-01-12
1387,Customer #1387,Pedro De Toledo,SP,2017-05-30
1388,Customer #1388,Sao Paulo,SP,2018-06-12
1389,Customer #1389,Praia Grande,SP,2018-03-29
1390,Customer #1390,Cascavel,PR,2017-02-14
1391,Customer #1391,Mogi-Guacu,SP,2017-05-06
1392,Customer #1392,Contagem,MG,2018-01-23
1393,Customer #1393,Santa Terezinha De Itaipu,PR,2017-06-23
1394,Customer #1394,Sao Paulo,SP,2018-08-16
1395,Customer #1395,Sao Vicente,SP,2018-06-07
1396,Customer #1396,Sao Jose Dos Campos,SP,2017-12-04
1397,Customer #1397,Porto Alegre,RS,2017-11-03
1398,Customer #1398,Sao Paulo,SP,2017-08-28
1399,Customer #1399,Parauapebas,PA,2017-11-26
1400,Customer #1400,Rio De Janeiro,RJ,2018-07-25
1401,Customer #1401,Bandeira,MG,2018-01-26
1402,Customer #1402,Itanhandu,MG,2017-11-28
1403,Customer #1403,Canoas,RS,2018-07-03
1404,Customer #1404,Curitiba,PR,2017-12-22
1405,Customer #1405,Betim,MG,2018-01-09
1406,Customer #1406,Natal,RN,2018-05-12
1407,Customer #1407,Campo Grande,MS,2018-03-23
1408,Customer #1408,Barras,PI,2017-02-18
1409,Customer #1409,Carapicuiba,SP,2018-06-11
1410,Customer #1410,Fortaleza,CE,2018-04-04
1411,Customer #1411,Tres Passos,RS,2018-01-25
1412,Customer #1412,Vila Velha,ES,2017-12-29
1413,Customer #1413,Sao Paulo,SP,2018-02-28
1414,Customer #1414,Brasilia,DF,2018-05-13
1415,Customer #1415,Porto Alegre,RS,2017-10-06
1416,Customer #1416,Pedreira,SP,2018-06-27
1417,Customer #1417,Porto Seguro,BA,2017-06-14
1418,Customer #1418,Serra,ES,2017-10-05
1419,Customer #1419,Nossa Senhora Do O,PE,2018-06-04
1420,Customer #1420,Sao Paulo,SP,2017-10-17
1421,Customer #1421,Sao Paulo,SP,2017-12-06
1422,Customer #1422,Rio De Janeiro,RJ,2018-02-22
1423,Customer #1423,Juiz De Fora,MG,2018-07-18
1424,Customer #1424,Bebedouro,SP,2018-06-02
1425,Customer #1425,Resplendor,MG,2018-04-19
1426,Customer #1426,Cachoeirinha,RS,2017-10-27
1427,Customer #1427,Videira,SC,2017-12-27
1428,Customer #1428,Caruaru,PE,2018-02-07
1429,Customer #1429,Sao Paulo,SP,2018-01-13
1430,Customer #1430,Contagem,MG,2017-03-22
1431,Customer #1431,Confresa,MT,2018-04-30
1432,Customer #1432,Vila Velha,ES,2018-07-02
1433,Customer #1433,Sao Paulo,SP,2018-04-03
1434,Customer #1434,Unai,MG,2018-08-10
1435,Customer #1435,Ijui,RS,2017-04-08
1436,Customer #1436,Artur Nogueira,SP,2017-04-11
1437,Customer #1437,Sao Jose Dos Campos,SP,2018-08-05
1438,Customer #1438,Sao Paulo,SP,2018-06-28
1439,Customer #1439,Rio De Janeiro,RJ,2018-02-04
1440,Customer #1440,Santo Andre,SP,2018-01-04
1441,Customer #1441,Londrina,PR,2018-04-13
1442,Customer #1442,Belem,PA,2017-08-04
1443,Customer #1443,Sao Paulo,SP,2017-11-05
1444,Customer #1444,Campo Grande,MS,2017-05-22
1445,Customer #1445,Rio Branco Do Sul,PR,2018-08-11
1446,Customer #1446,Macae,RJ,2018-01-19
1447,Customer #1447,Abaetetuba,PA,2017-04-03
1448,Customer #1448,Sao Paulo,SP,2018-05-04
1449,Customer #1449,Sao Paulo,SP,2017-10-04
1450,Customer #1450,Armacao Dos Buzios,RJ,2018-05-24
1451,Customer #1451,Aparecida,SP,2017-07-22
1452,Customer #1452,Itabaiana,SE,2017-03-17
1453,Customer #1453,Salvador,BA,2017-04-27
1454,Customer #1454,Salvador,BA,2018-07-04
1455,Customer #1455,Sao Paulo,SP,2018-08-14
1456,Customer #1456,Penha,SC,2017-08-04
1457,Customer #1457,Alto Paraiso De Goias,GO,2017-06-07
1458,Customer #1458,Sao Paulo,SP,2018-08-16
1459,Customer #1459,Rio De Janeiro,RJ,2018-05-06
1460,Customer #1460,Itabira,MG,2018-06-11
1461,Customer #1461,Sao Paulo,SP,2017-12-07
1462,Customer #1462,Almino Afonso,RN,2017-10-16
1463,Customer #1463,Pelotas,RS,2017-12-04
1464,Customer #1464,Caldas Novas,GO,2018-01-18
1465,Customer #1465,Ouro Verde,SP,2017-03-22
1466,Customer #1466,Sao Jose Dos Campos,SP,2018-07-31
1467,Customer #1467,Balneario Camboriu,SC,2017-12-18
1468,Customer #1468,Alto Rio Novo,ES,2018-06-08
1469,Customer #1469,Itaperuna,RJ,2017-12-27
1470,Customer #1470,Nazare Paulista,SP,2017-08-18
1471,Customer #1471,Rio De Janeiro,RJ,2017-11-24
1472,Customer #1472,Ibirite,MG,2018-07-24
1473,Customer #1473,Franco Da Rocha,SP,2018-06-26
1474,Customer #1474,Piracaia,SP,2018-02-06
1475,Customer #1475,Araxa,MG,2017-04-04
1476,Customer #1476,Santos,SP,2017-10-10
1477,Customer #1477,Rio De Janeiro,RJ,2018-01-25
1478,Customer #1478,Rio De Janeiro,RJ,2017-12-14
1479,Customer #1479,Catanduva,SP,2018-02-08
1480,Customer #1480,Franca,SP,2018-06-16
1481,Customer #1481,Sao Paulo,SP,2018-03-25
1482,Customer #1482,Belem,PA,2018-06-02
1483,Customer #1483,Macae,RJ,2017-06-28
1484,Customer #1484,Mogi Das Cruzes,SP,2017-07-09
1485,Customer #1485,Guaxupe,MG,2017-09-04
1486,Customer #1486,Rio De Janeiro,RJ,2017-02-26
1487,Customer #1487,Curitiba,PR,2017-11-28
1488,Customer #1488,Sao Paulo,SP,2017-11-24
1489,Customer #1489,Porto Alegre,RS,2017-06-28
1490,Customer #1490,Niteroi,RJ,2018-08-06
1491,Customer #1491,Vila Velha,ES,2017-11-06
1492,Customer #1492,Aracaju,SE,2017-11-09
1493,Customer #1493,Sao Paulo,SP,2018-03-15
1494,Customer #1494,Itumbiara,GO,2017-10-25
1495,Customer #1495,Rio De Janeiro,RJ,2018-08-20
1496,Customer #1496,Sao Paulo,SP,2018-03-06
1497,Customer #1497,Itapeva,SP,2018-08-06
1498,Customer #1498,Jau,SP,2017-05-21
1499,Customer #1499,Sao Paulo,SP,2018-05-14
1500,Customer #1500,Sao Paulo,SP,2017-10-14
1501,Customer #1501,Sao Paulo,SP,2018-03-27
1502,Customer #1502,Aratiba,RS,2018-08-01
1503,Customer #1503,Santa Maria,RS,2018-02-28
1504,Customer #1504,Aracaju,SE,2018-07-30
1505,Customer #1505,Juazeiro,BA,2017-12-27
1506,Customer #1506,Rio Bonito,RJ,2017-12-20
1507,Customer #1507,Uberlandia,MG,2018-03-08
1508,Customer #1508,Presidente Dutra,MA,2018-04-17
1509,Customer #1509,Poa,SP,2018-07-20
1510,Customer #1510,Uberlandia,MG,2018-03-29
1511,Customer #1511,Santos,SP,2018-03-16
1512,Customer #1512,Lapa,PR,2018-02-21
1513,Customer #1513,Sao Paulo,SP,2017-12-14
1514,Customer #1514,Sao Paulo,SP,2017-08-28
1515,Customer #1515,Serafina Correa,RS,2017-08-13
1516,Customer #1516,Sao Jose Do Rio Preto,SP,2017-11-24
1517,Customer #1517,Ponta Grossa,PR,2018-01-19
1518,Customer #1518,Embu Das Artes,SP,2017-11-13
1519,Customer #1519,Monte Azul Paulista,SP,2018-01-17
1520,Customer #1520,Porto Seguro,BA,2018-07-26
1521,Customer #1521,Brusque,SC,2017-08-20
1522,Customer #1522,Brasilia,DF,2018-08-18
1523,Customer #1523,Goiania,GO,2018-04-27
1524,Customer #1524,Embu-Guacu,SP,2018-03-08
1525,Customer #1525,Sao Paulo,SP,2018-04-11
1526,Customer #1526,Niteroi,RJ,2018-01-28
1527,Customer #1527,Lagoa Santa,MG,2017-11-24
1528,Customer #1528,Araraquara,SP,2018-08-02
1529,Customer #1529,Perpetuo Socorro,MG,2018-07-06
1530,Customer #1530,Sao Paulo,SP,2018-03-26
1531,Customer #1531,Sao Paulo,SP,2017-10-20
1532,Customer #1532,Sao Bernardo Do Campo,SP,2018-04-29
1533,Customer #1533,Sao Bernardo Do Campo,SP,2018-03-04
1534,Customer #1534,Curitiba,PR,2017-08-06
1535,Customer #1535,Urubici,SC,2017-10-03
1536,Customer #1536,Mirassol,SP,2018-07-05
1537,Customer #1537,Ijui,RS,2018-03-04
1538,Customer #1538,Sao Paulo,SP,2018-08-26
1539,Customer #1539,Brasilia,DF,2017-01-26
1540,Customer #1540,Sao Paulo,SP,2017-05-22
1541,Customer #1541,Porto Alegre,RS,2017-12-02
1542,Customer #1542,Curitiba,PR,2017-10-02
1543,Customer #1543,Rio De Janeiro,RJ,2017-12-12
1544,Customer #1544,Sao Paulo,SP,2017-05-09
1545,Customer #1545,Camamu,BA,2018-05-29
1546,Customer #1546,Carmo Do Paranaiba,MG,2018-07-21
1547,Customer #1547,Curitiba,PR,2017-05-29
1548,Customer #1548,Barra Do Ribeiro,RS,2017-05-28
1549,Customer #1549,Salvador,BA,2017-11-27
1550,Customer #1550,Canoas,RS,2017-12-30
1551,Customer #1551,Rio De Janeiro,RJ,2018-07-08
1552,Customer #1552,Rio De Janeiro,RJ,2018-03-11
1553,Customer #1553,Santos,SP,2018-01-19
1554,Customer #1554,Marialva,PR,2017-12-21
1555,Customer #1555,Limoeiro Do Norte,CE,2017-11-16
1556,Customer #1556,Sao Joaquim Da Barra,SP,2017-03-11
1557,Customer #1557,Iacanga,SP,2018-07-12
1558,Customer #1558,Sao Paulo,SP,2018-07-24
1559,Customer #1559,Parnamirim,RN,2017-07-09
1560,Customer #1560,Rio De Janeiro,RJ,2017-04-10
1561,Customer #1561,Americana,SP,2017-12-26
1562,Customer #1562,Atibaia,SP,2018-04-20
1563,Customer #1563,Sao Paulo,SP,2018-08-01
1564,Customer #1564,Sao Paulo,SP,2018-01-13
1565,Customer #1565,Carandai,MG,2017-12-03
1566,Customer #1566,Olinda,PE,2018-07-16
1567,Customer #1567,Santo Antonio De Padua,RJ,2017-09-26
1568,Customer #1568,Santa Vitoria Do Palmar,RS,2018-05-17
1569,Customer #1569,Porto Alegre,RS,2018-05-02
1570,Customer #1570,Uberlandia,MG,2017-09-17
1571,Customer #1571,Sao Paulo,SP,2017-03-11
1572,Customer #1572,Rio De Janeiro,RJ,2018-06-11
1573,Customer #1573,Jundiai,SP,2017-11-27
1574,Customer #1574,Blumenau,SC,2018-02-27
1575,Customer #1575,Madre De Deus,BA,2017-12-30
1576,Customer #1576,Campinas,SP,2018-06-19
1577,Customer #1577,Rio De Janeiro,RJ,2018-03-01
1578,Customer #1578,Petropolis,RJ,2017-08-07
1579,Customer #1579,Sumare,SP,2018-06-12
1580,Customer #1580,Conselheiro Lafaiete,MG,2018-08-12
1581,Customer #1581,Uberlandia,MG,2017-11-24
1582,Customer #1582,Marilia,SP,2018-03-14
1583,Customer #1583,Salvador,BA,2018-07-13
1584,Customer #1584,Pirassununga,SP,2018-07-23
1585,Customer #1585,Sao Paulo,SP,2017-08-28
1586,Customer #1586,Guaicara,SP,2017-12-01
1587,Customer #1587,Brasilia,DF,2018-07-26
1588,Customer #1588,Guaruja,SP,2018-06-05
1589,Customer #1589,Sao Jose Do Norte,RS,2017-07-05
1590,Customer #1590,Sao Paulo,SP,2017-11-06
1591,Customer #1591,Guaruja,SP,2018-06-12
1592,Customer #1592,Goiania,GO,2017-01-29
1593,Customer #1593,Florianopolis,SC,2017-10-14
1594,Customer #1594,Praia Grande,SP,2018-06-09
1595,Customer #1595,Rio De Janeiro,RJ,2017-11-13
1596,Customer #1596,Canela,RS,2018-08-07
1597,Customer #1597,Boa Vista,RR,2017-05-12
1598,Customer #1598,Niteroi,RJ,2018-08-20
1599,Customer #1599,Osasco,SP,2018-08-14
1600,Customer #1600,Cachoeira Do Sul,RS,2017-03-26
1601,Customer #1601,Nova Iguacu,RJ,2018-08-07
1602,Customer #1602,Sao Jose Dos Campos,SP,2017-11-16
1603,Customer #1603,Pirajui,SP,2018-05-09
1604,Customer #1604,Serra,ES,2018-05-14
1605,Customer #1605,Ibipora,PR,2018-02-27
1606,Customer #1606,Florianopolis,SC,2017-10-29
1607,Customer #1607,Abreu E Lima,PE,2018-02-15
1608,Customer #1608,Sao Paulo,SP,2018-02-27
1609,Customer #1609,Sao Goncalo,RJ,2017-06-08
1610,Customer #1610,Volta Redonda,RJ,2018-01-30
1611,Customer #1611,Petrolina,PE,2018-03-29
1612,Customer #1612,Florianopolis,SC,2018-06-30
1613,Customer #1613,Iracemapolis,SP,2017-10-07
1614,Customer #1614,Sao Paulo,SP,2018-07-04
1615,Customer #1615,Ribeirao Preto,SP,2017-05-02
1616,Customer #1616,Volta Redonda,RJ,2017-09-19
1617,Customer #1617,Rio De Janeiro,RJ,2018-06-11
1618,Customer #1618,Sao Paulo,SP,2017-12-19
1619,Customer #1619,Salvador,BA,2018-04-05
1620,Customer #1620,Maua,SP,2017-06-23
1621,Customer #1621,Rio De Janeiro,RJ,2017-02-06
1622,Customer #1622,Japira,PR,2018-03-04
1623,Customer #1623,Parauapebas,PA,2018-01-08
1624,Customer #1624,Santa Helena,PR,2017-11-16
1625,Customer #1625,Itauna,MG,2017-05-14
1626,Customer #1626,Cacu,GO,2018-07-26
1627,Customer #1627,Planaltina,GO,2017-05-14
1628,Customer #1628,Salvador,BA,2017-04-14
1629,Customer #1629,Osasco,SP,2018-05-15
1630,Customer #1630,Cianorte,PR,2017-07-22
1631,Customer #1631,Entre Rios De Minas,MG,2018-03-26
1632,Customer #1632,Sao Carlos,SP,2018-07-22
1633,Customer #1633,Indaiatuba,SP,2017-10-03
1634,Customer #1634,Anta,RJ,2018-05-02
1635,Customer #1635,Guaramirim,SC,2017-12-04
1636,Customer #1636,Osasco,SP,2018-04-09
1637,Customer #1637,Blumenau,SC,2017-09-19
1638,Customer #1638,Rio Verde,GO,2017-12-25
1639,Customer #1639,Nova Friburgo,RJ,2017-11-28
1640,Customer #1640,Campo Grande,MS,2017-12-01
1641,Customer #1641,Sao Paulo,SP,2018-08-07
1642,Customer #1642,Bonito De Santa Fe,PB,2018-02-09
1643,Customer #1643,Piracicaba,SP,2018-01-30
1644,Customer #1644,Porto Alegre,RS,2017-03-22
1645,Customer #1645,Sao Vicente,SP,2018-02-06
1646,Customer #1646,Sao Paulo,SP,2018-01-12
1647,Customer #1647,Itaborai,RJ,2017-03-02
1648,Customer #1648,Fortaleza,CE,2018-03-26
1649,Customer #1649,Jaquirana,RS,2017-03-21
1650,Customer #1650,Maringa,PR,2018-06-28
1651,Customer #1651,Porto Alegre,RS,2018-01-11
1652,Customer #1652,Duque De Caxias,RJ,2017-05-20
1653,Customer #1653,Sao Paulo,SP,2018-05-12
1654,Customer #1654,Sao Paulo,SP,2018-03-13
1655,Customer #1655,Sao Paulo,SP,2018-02-12
1656,Customer #1656,Guarulhos,SP,2017-11-22
1657,Customer #1657,Brasilia,DF,2018-07-04
1658,Customer #1658,Rio De Janeiro,RJ,2018-03-25
1659,Customer #1659,Goiania,GO,2017-10-30
1660,Customer #1660,Nova Iguacu,RJ,2018-02-26
1661,Customer #1661,Belo Horizonte,MG,2018-07-23
1662,Customer #1662,Sao Leopoldo,RS,2017-07-01
1663,Customer #1663,Rio De Janeiro,RJ,2017-11-26
1664,Customer #1664,Conselheiro Lafaiete,MG,2018-01-03
1665,Customer #1665,Umuarama,PR,2018-05-02
1666,Customer #1666,Rio De Janeiro,RJ,2018-02-27
1667,Customer #1667,Aracatuba,SP,2018-02-01
1668,Customer #1668,Mogi Das Cruzes,SP,2018-06-24
1669,Customer #1669,Belo Horizonte,MG,2017-11-22
1670,Customer #1670,Sao Paulo,SP,2018-03-20
1671,Customer #1671,Monte Siao,MG,2017-10-24
1672,Customer #1672,Sete Lagoas,MG,2018-07-31
1673,Customer #1673,Piracicaba,SP,2017-10-16
1674,Customer #1674,Guapiara,SP,2017-04-18
1675,Customer #1675,Rio De Janeiro,RJ,2017-07-28
1676,Customer #1676,Cotia,SP,2017-06-24
1677,Customer #1677,Santa Salete,SP,2018-03-26
1678,Customer #1678,Taubate,SP,2018-06-14
1679,Customer #1679,Marica,RJ,2017-06-06
1680,Customer #1680,Conceicao Do Castelo,ES,2018-04-23
1681,Customer #1681,Duque De Caxias,RJ,2017-11-24
1682,Customer #1682,Santa Monica,PR,2018-08-19
1683,Customer #1683,Foz Do Iguacu,PR,2017-12-15
1684,Customer #1684,Hortolandia,SP,2017-07-11
1685,Customer #1685,Campina Grande,PB,2018-06-10
1686,Customer #1686,Maua,SP,2018-05-16
1687,Customer #1687,Florianopolis,SC,2017-12-04
1688,Customer #1688,Rio De Janeiro,RJ,2018-04-18
1689,Customer #1689,Brasilia,DF,2017-11-28
1690,Customer #1690,Belo Horizonte,MG,2018-01-10
1691,Customer #1691,Sao Bernardo Do Campo,SP,2018-07-08
1692,Customer #1692,Ponte Nova,MG,2018-06-21
1693,Customer #1693,Sao Paulo,SP,2017-04-23
1694,Customer #1694,Guaxupe,MG,2018-01-22
1695,Customer #1695,Sao Paulo,SP,2018-06-14
1696,Customer #1696,Casa Branca,SP,2018-04-05
1697,Customer #1697,Porto Alegre,RS,2018-05-06
1698,Customer #1698,Sao Paulo,SP,2018-03-12
1699,Customer #1699,General Carneiro,PR,2018-02-25
1700,Customer #1700,Praia Grande,SP,2018-04-10
1701,Customer #1701,Jundiai,SP,2017-11-19
1702,Customer #1702,Campinas,SP,2017-12-06
1703,Customer #1703,Anta Gorda,RS,2017-03-02
1704,Customer #1704,Salto,SP,2017-06-28
1705,Customer #1705,Brumado,BA,2018-04-17
1706,Customer #1706,Jequie,BA,2017-07-05
1707,Customer #1707,Sumare,SP,2018-03-29
1708,Customer #1708,Sao Paulo,SP,2017-10-15
1709,Customer #1709,Jandira,SP,2017-08-07
1710,Customer #1710,Nova Iguacu,RJ,2017-11-13
1711,Customer #1711,Sao Paulo,SP,2018-02-06
1712,Customer #1712,Lencois Paulista,SP,2017-06-14
1713,Customer #1713,Mucuri,BA,2017-06-27
1714,Customer #1714,Avare,SP,2018-07-31
1715,Customer #1715,Ipero,SP,2017-11-24
1716,Customer #1716,Vila Velha,ES,2018-06-11
1717,Customer #1717,Rio De Janeiro,RJ,2018-07-20
1718,Customer #1718,Balneario Pinhal,RS,2018-03-18
1719,Customer #1719,Americana,SP,2018-02-22
1720,Customer #1720,Pelotas,RS,2017-08-29
1721,Customer #1721,Guarulhos,SP,2017-09-17
1722,Customer #1722,Macedonia,SP,2017-07-02
1723,Customer #1723,Quatro Barras,PR,2018-01-28
1724,Customer #1724,Jacarezinho,PR,2018-01-20
1725,Customer #1725,Maceio,AL,2017-10-18
1726,Customer #1726,Limeira,SP,2018-01-08
1727,Customer #1727,Palmares,PE,2018-07-13
1728,Customer #1728,Jamaica,SP,2018-05-10
1729,Customer #1729,Chavantes,SP,2018-08-10
1730,Customer #1730,Salvador,BA,2017-11-27
1731,Customer #1731,Indaial,SC,2018-04-18
1732,Customer #1732,Itapevi,SP,2017-09-13
1733,Customer #1733,Governador Valadares,MG,2018-07-03
1734,Customer #1734,Presidente Prudente,SP,2018-03-25
1735,Customer #1735,Santa Maria,RS,2018-02-12
1736,Customer #1736,Lagoa Santa,MG,2017-07-10
1737,Customer #1737,Maceio,AL,2017-12-27
1738,Customer #1738,Juquia,SP,2017-03-02
1739,Customer #1739,Brasilia,DF,2017-09-18
1740,Customer #1740,Santa Rosa,RS,2018-01-25
1741,Customer #1741,Oliveira,MG,2017-12-03
1742,Customer #1742,Taboao Da Serra,SP,2017-12-08
1743,Customer #1743,Brasilia,DF,2018-06-26
1744,Customer #1744,Sao Paulo,SP,2018-07-30
1745,Customer #1745,Mairinque,SP,2017-11-24
1746,Customer #1746,Igarape,MG,2017-11-11
1747,Customer #1747,Brasilia,DF,2018-05-22
1748,Customer #1748,Rio Claro,SP,2017-05-16
1749,Customer #1749,Sao Paulo,SP,2018-04-05
1750,Customer #1750,Porto Alegre,RS,2018-06-08
1751,Customer #1751,Sao Paulo,SP,2018-04-03
1752,Customer #1752,Rio Das Ostras,RJ,2018-04-29
1753,Customer #1753,Salvador,BA,2018-07-04
1754,Customer #1754,Sao Pedro Da Aldeia,RJ,2017-09-30
1755,Customer #1755,Esmeraldas,MG,2017-07-08
1756,Customer #1756,Rio De Janeiro,RJ,2018-04-22
1757,Customer #1757,Santa Helena,MA,2018-08-14
1758,Customer #1758,Itabirito,MG,2018-05-08
1759,Customer #1759,Ananindeua,PA,2017-07-09
1760,Customer #1760,Aguia Branca,ES,2018-03-20
1761,Customer #1761,Paracatu,MG,2018-03-19
1762,Customer #1762,Porto Alegre,RS,2018-03-02
1763,Customer #1763,Sao Paulo,SP,2018-08-23
1764,Customer #1764,Sao Paulo,SP,2018-08-13
1765,Customer #1765,Francisco Morato,SP,2018-08-19
1766,Customer #1766,Porto Alegre,RS,2018-06-25
1767,Customer #1767,Francisco Beltrao,PR,2017-05-22
1768,Customer #1768,Lins,SP,2018-06-23
1769,Customer #1769,Sao Paulo,SP,2017-05-11
1770,Customer #1770,Tres Pontas,MG,2017-11-27
1771,Customer #1771,Vinhedo,SP,2018-05-06
1772,Customer #1772,Niteroi,RJ,2017-09-27
1773,Customer #1773,Sertaozinho,SP,2018-02-04
1774,Customer #1774,Salvador,BA,2017-02-19
1775,Customer #1775,Florianopolis,SC,2018-02-21
1776,Customer #1776,Blumenau,SC,2017-05-04
1777,Customer #1777,Barueri,SP,2018-08-15
1778,Customer #1778,Sao Paulo,SP,2018-07-26
1779,Customer #1779,Rio De Janeiro,RJ,2017-12-14
1780,Customer #1780,Dois Vizinhos,PR,2017-04-21
1781,Customer #1781,Guarulhos,SP,2018-05-08
1782,Customer #1782,Brasilia,DF,2017-09-02
1783,Customer #1783,Xinguara,PA,2017-11-12
1784,Customer #1784,Fortaleza,CE,2018-07-27
1785,Customer #1785,Rio De Janeiro,RJ,2018-01-23
1786,Customer #1786,Barueri,SP,2018-06-19
1787,Customer #1787,Rio De Janeiro,RJ,2018-01-31
1788,Customer #1788,Sao Paulo,SP,2018-07-25
1789,Customer #1789,Casimiro De Abreu,RJ,2017-05-15
1790,Customer #1790,Teofilo Otoni,MG,2017-01-26
1791,Customer #1791,Icem,SP,2017-12-12
1792,Customer #1792,Niteroi,RJ,2018-08-07
1793,Customer #1793,Porto Alegre,RS,2017-02-23
1794,Customer #1794,Suzano,SP,2017-04-05
1795,Customer #1795,Porto Alegre,RS,2018-02-14
1796,Customer #1796,Sao Paulo,SP,2017-12-15
1797,Customer #1797,Campinas,SP,2017-09-05
1798,Customer #1798,Uberlandia,MG,2018-02-21
1799,Customer #1799,Pirassununga,SP,2017-07-19
1800,Customer #1800,Cabo De Santo Agostinho,PE,2017-06-12
1801,Customer #1801,Ipe,RS,2018-06-01
1802,Customer #1802,Ribeirao Preto,SP,2018-07-12
1803,Customer #1803,Rio De Janeiro,RJ,2017-02-22
1804,Customer #1804,Santo Antonio De Jesus,BA,2018-04-20
1805,Customer #1805,Guararapes,SP,2017-05-11
1806,Customer #1806,Caxias Do Sul,RS,2018-07-26
1807,Customer #1807,Porto Alegre,RS,2018-06-07
1808,Customer #1808,Jundiai,SP,2017-05-19
1809,Customer #1809,Caratinga,MG,2018-06-13
1810,Customer #1810,Itapaci,GO,2017-11-21
1811,Customer #1811,Rio De Janeiro,RJ,2017-11-24
1812,Customer #1812,Sao Paulo,SP,2017-05-25
1813,Customer #1813,Carapicuiba,SP,2017-07-23
1814,Customer #1814,Curitiba,PR,2017-12-04
1815,Customer #1815,Gurupi,TO,2017-06-26
1816,Customer #1816,Morrinhos,GO,2017-08-28
1817,Customer #1817,Sao Paulo,SP,2017-07-31
1818,Customer #1818,Sao Paulo,SP,2018-03-23
1819,Customer #1819,Guarapari,ES,2017-07-14
1820,Customer #1820,Cocal Do Sul,SC,2018-08-17
1821,Customer #1821,Mata De Sao Joao,BA,2017-05-18
1822,Customer #1822,Petrolina,PE,2017-07-06
1823,Customer #1823,Caieiras,SP,2017-05-03
1824,Customer #1824,Alexania,GO,2018-02-25
1825,Customer #1825,Rio De Janeiro,RJ,2018-01-26
1826,Customer #1826,Sao Paulo,SP,2017-11-19
1827,Customer #1827,Sao Paulo,SP,2017-08-03
1828,Customer #1828,Piracicaba,SP,2018-03-05
1829,Customer #1829,Itaperuna,RJ,2017-10-29
1830,Customer #1830,Tramandai,RS,2018-06-04
1831,Customer #1831,Belo Horizonte,MG,2018-08-20
1832,Customer #1832,Santos,SP,2018-01-18
1833,Customer #1833,Fortaleza,CE,2017-10-18
1834,Customer #1834,Alfredo Chaves,ES,2017-08-30
1835,Customer #1835,Recife,PE,2018-08-08
1836,Customer #1836,Sao Paulo,SP,2018-06-04
1837,Customer #1837,Riolandia,SP,2018-06-27
1838,Customer #1838,Sao Paulo,SP,2018-05-07
1839,Customer #1839,Sao Paulo,SP,2017-11-06
1840,Customer #1840,Sao Carlos,SP,2018-06-12
1841,Customer #1841,Canoas,RS,2017-12-01
1842,Customer #1842,Nova Odessa,SP,2018-08-06
1843,Customer #1843,Pouso Alegre,MG,2017-07-13
1844,Customer #1844,Cuiaba,MT,2017-07-17
1845,Customer #1845,Marica,RJ,2017-10-02
1846,Customer #1846,Carmo Do Rio Verde,GO,2017-05-15
1847,Customer #1847,Sao Paulo,SP,2018-04-20
1848,Customer #1848,Sao Paulo,SP,2017-07-31
1849,Customer #1849,Campinas,SP,2017-08-17
1850,Customer #1850,Sao Jose Do Rio Preto,SP,2018-03-03
1851,Customer #1851,Sao Paulo,SP,2018-02-28
1852,Customer #1852,Sao Paulo,SP,2017-12-18
1853,Customer #1853,Sao Paulo,SP,2017-06-22
1854,Customer #1854,Brasilia,DF,2018-05-13
1855,Customer #1855,Porto Alegre,RS,2017-06-05
1856,Customer #1856,Lajeado,RS,2018-08-11
1857,Customer #1857,Sao Luis,MA,2017-05-23
1858,Customer #1858,Sao Paulo,SP,2018-08-15
1859,Customer #1859,Sao Paulo,SP,2018-03-19
1860,Customer #1860,Mata Verde,MG,2017-10-19
1861,Customer #1861,Rio De Janeiro,RJ,2018-05-11
1862,Customer #1862,Niteroi,RJ,2017-10-22
1863,Customer #1863,Guarulhos,SP,2017-04-22
1864,Customer #1864,Contagem,MG,2017-08-30
1865,Customer #1865,Votorantim,SP,2018-08-13
1866,Customer #1866,Piracicaba,SP,2018-07-21
1867,Customer #1867,Sao Paulo,SP,2017-10-31
1868,Customer #1868,Cananeia,SP,2017-02-23
1869,Customer #1869,Aracaju,SE,2017-12-28
1870,Customer #1870,Bueno Brandao,MG,2017-12-09
1871,Customer #1871,Sao Jose Dos Campos,SP,2017-08-29
1872,Customer #1872,Sao Paulo,SP,2018-06-19
1873,Customer #1873,Mogi Das Cruzes,SP,2018-08-07
1874,Customer #1874,Trindade,GO,2017-10-03
1875,Customer #1875,Pelotas,RS,2017-11-24
1876,Customer #1876,Atibaia,SP,2017-07-30
1877,Customer #1877,Sao Paulo,SP,2017-09-21
1878,Customer #1878,Niteroi,RJ,2017-12-06
1879,Customer #1879,Sao Paulo,SP,2018-03-12
1880,Customer #1880,Santos,SP,2018-05-15
1881,Customer #1881,Inhapim,MG,2017-07-17
1882,Customer #1882,Recife,PE,2017-11-29
1883,Customer #1883,Diogo De Vasconcelos,MG,2017-07-11
1884,Customer #1884,Cacapava Do Sul,RS,2017-09-21
1885,Customer #1885,Rio De Janeiro,RJ,2018-03-28
1886,Customer #1886,Poa,SP,2017-12-02
1887,Customer #1887,Ribeirao Bonito,SP,2018-07-22
1888,Customer #1888,Belo Horizonte,MG,2017-06-07
1889,Customer #1889,Armacao Dos Buzios,RJ,2018-06-02
1890,Customer #1890,Borda Da Mata,MG,2018-04-13
1891,Customer #1891,Belo Horizonte,MG,2017-07-10
1892,Customer #1892,Sorocaba,SP,2017-11-28
1893,Customer #1893,Fortaleza Dos Valos,RS,2018-03-05
1894,Customer #1894,Itapevi,SP,2018-07-23
1895,Customer #1895,Curitiba,PR,2018-03-26
1896,Customer #1896,Itabuna,BA,2018-02-26
1897,Customer #1897,Vitoria Da Conquista,BA,2018-08-08
1898,Customer #1898,Tatui,SP,2017-06-22
1899,Customer #1899,Rio De Janeiro,RJ,2018-01-31
1900,Customer #1900,Braganca Paulista,SP,2018-06-05
1901,Customer #1901,Sao Bernardo Do Campo,SP,2017-02-07
1902,Customer #1902,Sorocaba,SP,2017-07-14
1903,Customer #1903,Sao Paulo,SP,2017-11-24
1904,Customer #1904,Sao Paulo,SP,2017-07-05
1905,Customer #1905,Sao Paulo,SP,2018-08-17
1906,Customer #1906,Salvador,BA,2018-03-19
1907,Customer #1907,Embu Das Artes,SP,2018-02-05
1908,Customer #1908,Sao Jose Dos Campos,SP,2017-02-10
1909,Customer #1909,Curitiba,PR,2018-07-07
1910,Customer #1910,Taubate,SP,2018-02-14
1911,Customer #1911,Olinda,PE,2018-04-25
1912,Customer #1912,Cachoeiras De Macacu,RJ,2018-07-03
1913,Customer #1913,Sao Paulo,SP,2017-05-24
1914,Customer #1914,Marilia,SP,2017-12-11
1915,Customer #1915,Campinas,SP,2017-04-14
1916,Customer #1916,Campinas,SP,2018-01-30
1917,Customer #1917,Salvador,BA,2018-05-07
1918,Customer #1918,Camacari,BA,2018-03-22
1919,Customer #1919,Belo Horizonte,MG,2017-11-26
1920,Customer #1920,Barretos,SP,2018-04-12
1921,Customer #1921,Balsas,MA,2017-04-23
1922,Customer #1922,Sao Paulo,SP,2017-12-21
1923,Customer #1923,Capelinha,MG,2017-09-13
1924,Customer #1924,Sao Paulo,SP,2018-05-28
1925,Customer #1925,Sao Joaquim Da Barra,SP,2018-02-07
1926,Customer #1926,Guarulhos,SP,2017-08-20
1927,Customer #1927,Sao Joao De Meriti,RJ,2017-07-06
1928,Customer #1928,Itamonte,MG,2018-02-08
1929,Customer #1929,Camboriu,SC,2018-03-09
1930,Customer #1930,Barueri,SP,2018-06-14
1931,Customer #1931,Sao Paulo,SP,2017-04-09
1932,Customer #1932,Taboao Da Serra,SP,2018-08-20
1933,Customer #1933,Xanxere,SC,2017-11-09
1934,Customer #1934,Barretos,SP,2018-04-15
1935,Customer #1935,Fortaleza,CE,2017-08-23
1936,Customer #1936,Ubatuba,SP,2017-11-24
1937,Customer #1937,Rio De Janeiro,RJ,2018-02-14
1938,Customer #1938,Aracaju,SE,2017-03-26
1939,Customer #1939,Sao Paulo,SP,2018-03-05
1940,Customer #1940,Colatina,ES,2017-05-02
1941,Customer #1941,Barueri,SP,2018-05-21
1942,Customer #1942,Sao Goncalo,RJ,2018-02-21
1943,Customer #1943,Brasilia,DF,2018-03-25
1944,Customer #1944,Petropolis,RJ,2017-11-25
1945,Customer #1945,Jundiai,SP,2018-01-04
1946,Customer #1946,Juiz De Fora,MG,2018-07-22
1947,Customer #1947,Sao Paulo,SP,2017-03-20
1948,Customer #1948,Itu,SP,2017-11-25
1949,Customer #1949,Bauru,SP,2018-05-10
1950,Customer #1950,Itapecerica Da Serra,SP,2018-01-17
1951,Customer #1951,Palhoca,SC,2018-08-18
1952,Customer #1952,Miracema,RJ,2017-08-01
1953,Customer #1953,Sao Paulo,SP,2018-05-24
1954,Customer #1954,Arace,ES,2018-06-02
1955,Customer #1955,Sitio Do Quinto,BA,2017-07-04
1956,Customer #1956,Tijucas,SC,2017-01-30
1957,Customer #1957,Maceio,AL,2018-05-23
1958,Customer #1958,Contagem,MG,2017-02-08
1959,Customer #1959,Brasilia,DF,2017-03-21
1960,Customer #1960,Serra Azul De Minas,MG,2017-10-03
1961,Customer #1961,Sao Paulo,SP,2017-12-09
1962,Customer #1962,Resende,RJ,2017-06-13
1963,Customer #1963,Munhoz,MG,2017-11-20
1964,Customer #1964,Sao Paulo,SP,2018-05-19
1965,Customer #1965,Sao Paulo,SP,2017-04-28
1966,Customer #1966,Irapuru,SP,2018-03-16
1967,Customer #1967,Sapucaia Do Sul,RS,2018-01-24
1968,Customer #1968,Assis Chateaubriand,PR,2017-08-16
1969,Customer #1969,Tanabi,SP,2018-01-11
1970,Customer #1970,Sao Paulo,SP,2018-03-08
1971,Customer #1971,Jundiai,SP,2017-03-13
1972,Customer #1972,Piracicaba,SP,2018-02-14
1973,Customer #1973,Belo Horizonte,MG,2017-12-05
1974,Customer #1974,Rio De Janeiro,RJ,2017-02-16
1975,Customer #1975,Brasilia,DF,2018-06-03
1976,Customer #1976,Sao Paulo,SP,2018-05-10
1977,Customer #1977,Mucuri,BA,2018-05-24
1978,Customer #1978,Formosa,GO,2017-07-31
1979,Customer #1979,Sao Paulo,SP,2017-04-07
1980,Customer #1980,Limeira,SP,2017-06-04
1981,Customer #1981,Praia Grande,SP,2018-01-08
1982,Customer #1982,Sao Paulo,SP,2017-03-30
1983,Customer #1983,Guarapuava,PR,2018-04-16
1984,Customer #1984,Santo Andre,SP,2018-01-15
1985,Customer #1985,Atibaia,SP,2017-09-27
1986,Customer #1986,Santa Cruz Do Rio Pardo,SP,2017-07-05
1987,Customer #1987,Rondonopolis,MT,2018-02-23
1988,Customer #1988,Belo Horizonte,MG,2017-11-03
1989,Customer #1989,Tupaciguara,MG,2017-03-25
1990,Customer #1990,Ribeirao Claro,PR,2017-10-15
1991,Customer #1991,Belo Horizonte,MG,2017-04-03
1992,Customer #1992,Sao Bernardo Do Campo,SP,2018-05-01
1993,Customer #1993,Taboao Da Serra,SP,2018-04-09
1994,Customer #1994,Osasco,SP,2017-08-19
1995,Customer #1995,Tatui,SP,2017-07-18
1996,Customer #1996,Missal,PR,2018-01-22
1997,Customer #1997,Ferraz De Vasconcelos,SP,2018-03-07
1998,Customer #1998,Sao Paulo,SP,2017-09-26
1999,Customer #1999,Sao Jose Do Rio Preto,SP,2018-07-20
2000,Customer #2000,Porto Alegre,RS,2017-11-30
2001,Customer #2001,Teotonio Vilela,AL,2017-12-30
2002,Customer #2002,Saltinho,SP,2017-08-19
2003,Customer #2003,Senhor Do Bonfim,BA,2017-09-08
2004,Customer #2004,Sao Jose Do Rio Preto,SP,2017-12-03
2005,Customer #2005,Sao Paulo,SP,2018-07-23
2006,Customer #2006,Joao Alfredo,PE,2018-01-17
2007,Customer #2007,Sao Paulo,SP,2018-01-16
2008,Customer #2008,Pirassununga,SP,2018-05-09
2009,Customer #2009,Botucatu,SP,2018-03-14
2010,Customer #2010,Porto Alegre,RS,2017-11-21
2011,Customer #2011,Sao Carlos,SP,2018-05-14
2012,Customer #2012,Jaguariuna,SP,2018-05-20
2013,Customer #2013,Belem,PA,2017-11-24
2014,Customer #2014,Sao Paulo,SP,2017-08-17
2015,Customer #2015,Sapucaia Do Sul,RS,2017-05-01
2016,Customer #2016,Mombuca,SP,2018-04-18
2017,Customer #2017,Bauru,SP,2017-10-07
2018,Customer #2018,Rio De Janeiro,RJ,2017-03-16
2019,Customer #2019,Mogi Das Cruzes,SP,2018-05-27
2020,Customer #2020,Sao Paulo,SP,2018-03-10
2021,Customer #2021,Sao Paulo,SP,2017-12-07
2022,Customer #2022,Sao Paulo,SP,2017-05-10
2023,Customer #2023,Araxa,MG,2018-05-27
2024,Customer #2024,Olimpia,SP,2018-02-28
2025,Customer #2025,Araucaria,PR,2018-05-25
2026,Customer #2026,Sao Paulo,SP,2017-12-28
2027,Customer #2027,Guarulhos,SP,2018-08-25
2028,Customer #2028,Bauru,SP,2017-12-18
2029,Customer #2029,Carapicuiba,SP,2017-04-15
2030,Customer #2030,Campos Altos,MG,2018-03-22
2031,Customer #2031,Maringa,PR,2017-12-16
2032,Customer #2032,Campinas,SP,2017-04-28
2033,Customer #2033,Florianopolis,SC,2018-05-09
2034,Customer #2034,Sao Jose Dos Campos,SP,2018-05-16
2035,Customer #2035,Lages,SC,2018-05-07
2036,Customer #2036,Rio De Janeiro,RJ,2018-04-06
2037,Customer #2037,Lavras,MG,2018-02-03
2038,Customer #2038,Arroio Do Meio,RS,2018-04-06
2039,Customer #2039,Guarulhos,SP,2017-12-04
2040,Customer #2040,Alto Paraiso,PR,2017-10-23
2041,Customer #2041,Sao Goncalo,RJ,2017-12-27
2042,Customer #2042,Santa Maria,RS,2017-06-25
2043,Customer #2043,Maua,SP,2018-04-16
2044,Customer #2044,Vila Velha,ES,2017-06-17
2045,Customer #2045,Sao Paulo,SP,2017-07-20
2046,Customer #2046,Sao Paulo,SP,2018-04-14
2047,Customer #2047,Sao Paulo,SP,2018-08-23
2048,Customer #2048,Amparo,SP,2017-11-15
2049,Customer #2049,Santo Andre,SP,2018-04-23
2050,Customer #2050,Sobral,CE,2018-04-13
2051,Customer #2051,Barbacena,MG,2017-06-12
2052,Customer #2052,Piracicaba,SP,2018-06-30
2053,Customer #2053,Sao Marcos,RS,2018-02-05
2054,Customer #2054,Itapecerica Da Serra,SP,2018-06-17
2055,Customer #2055,Mairipora,SP,2017-08-15
2056,Customer #2056,Bauru,SP,2018-07-09
2057,Customer #2057,Sao Bernardo Do Campo,SP,2018-08-19
2058,Customer #2058,Mairipora,SP,2017-06-12
2059,Customer #2059,Campinas,SP,2018-03-23
2060,Customer #2060,Simoes Filho,BA,2018-06-30
2061,Customer #2061,Rio Verde,GO,2018-06-22
2062,Customer #2062,Luziania,GO,2017-11-08
2063,Customer #2063,Varzea Paulista,SP,2018-06-08
2064,Customer #2064,Sao Joao Do Ivai,PR,2017-10-23
2065,Customer #2065,Goiana,PE,2017-04-19
2066,Customer #2066,Jales,SP,2018-08-07
2067,Customer #2067,Sao Joao Del Rei,MG,2017-12-01
2068,Customer #2068,Guarulhos,SP,2018-01-27
2069,Customer #2069,Sao Paulo,SP,2018-01-16
2070,Customer #2070,Sorocaba,SP,2017-03-15
2071,Customer #2071,Aracaju,SE,2017-10-29
2072,Customer #2072,Belo Horizonte,MG,2018-08-05
2073,Customer #2073,Timbauba,PE,2017-11-09
2074,Customer #2074,Rio De Janeiro,RJ,2017-11-14
2075,Customer #2075,Lagoa Formosa,MG,2017-03-21
2076,Customer #2076,Claudio,MG,2018-03-28
2077,Customer #2077,Igarata,SP,2018-06-25
2078,Customer #2078,Itaipulandia,PR,2017-08-29
2079,Customer #2079,Sao Paulo,SP,2018-03-11
2080,Customer #2080,Sao Jose Dos Campos,SP,2018-08-21
2081,Customer #2081,Sao Paulo,SP,2018-01-14
2082,Customer #2082,Juiz De Fora,MG,2018-08-10
2083,Customer #2083,Itaquaquecetuba,SP,2018-01-25
2084,Customer #2084,Sao Paulo,SP,2017-06-28
2085,Customer #2085,Aracatuba,SP,2018-06-25
2086,Customer #2086,Sao Jose Dos Campos,SP,2017-09-08
2087,Customer #2087,Guarulhos,SP,2018-08-22
2088,Customer #2088,Sao Jose Dos Pinhais,PR,2018-04-07
2089,Customer #2089,Jaguariaiva,PR,2018-08-10
2090,Customer #2090,Barretos,SP,2018-03-06
2091,Customer #2091,Rio De Janeiro,RJ,2018-01-29
2092,Customer #2092,Sao Paulo,SP,2018-08-24
2093,Customer #2093,Rio De Janeiro,RJ,2018-05-05
2094,Customer #2094,Gravatai,RS,2017-09-15
2095,Customer #2095,Florianopolis,SC,2018-02-26
2096,Customer #2096,Santo Andre,SP,2018-07-21
2097,Customer #2097,Salvador,BA,2018-05-04
2098,Customer #2098,Rio De Janeiro,RJ,2018-04-16
2099,Customer #2099,Petropolis,RJ,2017-03-24
2100,Customer #2100,Tubarao,SC,2017-10-25
2101,Customer #2101,Sao Paulo,SP,2017-08-24
2102,Customer #2102,Erechim,RS,2017-12-07
2103,Customer #2103,Valenca,BA,2018-05-12
2104,Customer #2104,Jundiai,SP,2017-08-29
2105,Customer #2105,Santa Maria Do Herval,RS,2017-09-17
2106,Customer #2106,Rio De Janeiro,RJ,2018-07-13
2107,Customer #2107,Sao Joao De Meriti,RJ,2017-11-30
2108,Customer #2108,Rio De Janeiro,RJ,2017-05-03
2109,Customer #2109,Sabara,MG,2018-06-28
2110,Customer #2110,Belem,PA,2018-06-16
2111,Customer #2111,Uberlandia,MG,2018-07-08
2112,Customer #2112,Sao Paulo,SP,2017-10-15
2113,Customer #2113,Salvador,BA,2017-10-16
2114,Customer #2114,Sao Jose Dos Campos,SP,2018-02-14
2115,Customer #2115,Boituva,SP,2018-01-22
2116,Customer #2116,Sao Paulo,SP,2018-05-03
2117,Customer #2117,Itajai,SC,2018-01-19
2118,Customer #2118,Sao Paulo,SP,2017-07-25
2119,Customer #2119,Guaranesia,MG,2018-02-06
2120,Customer #2120,Santa Luzia,MG,2018-03-22
2121,Customer #2121,Sao Paulo,SP,2017-08-30
2122,Customer #2122,Niteroi,RJ,2017-12-05
2123,Customer #2123,Cajobi,SP,2017-12-04
2124,Customer #2124,Pocos De Caldas,MG,2017-10-12
2125,Customer #2125,Santo Andre,SP,2017-11-17
2126,Customer #2126,Quirinopolis,GO,2017-03-20
2127,Customer #2127,Fortaleza,CE,2017-10-16
2128,Customer #2128,Belo Horizonte,MG,2018-02-25
2129,Customer #2129,Ivora,RS,2017-11-04
2130,Customer #2130,Porto Alegre,RS,2018-08-09
2131,Customer #2131,Avare,SP,2017-03-24
2132,Customer #2132,Rio De Janeiro,RJ,2018-01-24
2133,Customer #2133,Pinhais,PR,2017-08-29
2134,Customer #2134,Brasilia,DF,2018-08-03
2135,Customer #2135,Piumhii,MG,2017-05-16
2136,Customer #2136,Vitoria,ES,2018-04-11
2137,Customer #2137,Rio De Janeiro,RJ,2018-05-27
2138,Customer #2138,Congonhas,MG,2017-08-13
2139,Customer #2139,Araraquara,SP,2017-07-13
2140,Customer #2140,Ituporanga,SC,2017-09-04
2141,Customer #2141,Prata,MG,2018-07-13
2142,Customer #2142,Juara,MT,2017-12-05
2143,Customer #2143,Taquaritinga,SP,2018-08-04
2144,Customer #2144,Sao Jose,SC,2017-11-13
2145,Customer #2145,Rio De Janeiro,RJ,2018-04-03
2146,Customer #2146,Sao Paulo,SP,2017-09-15
2147,Customer #2147,Porto Alegre,RS,2018-01-06
2148,Customer #2148,Rio De Janeiro,RJ,2018-08-22
2149,Customer #2149,Barbacena,MG,2017-07-21
2150,Customer #2150,Campinas,SP,2017-08-26
2151,Customer #2151,Jacobina,BA,2018-02-15
2152,Customer #2152,Sao Bernardo Do Campo,SP,2018-08-14
2153,Customer #2153,Sao Paulo,SP,2018-01-16
2154,Customer #2154,Porto Alegre,RS,2017-07-13
2155,Customer #2155,Sao Joao Do Ivai,PR,2018-07-28
2156,Customer #2156,Goiania,GO,2017-10-22
2157,Customer #2157,Osasco,SP,2018-06-28
2158,Customer #2158,Niteroi,RJ,2018-02-18
2159,Customer #2159,Sao Paulo,SP,2018-08-22
2160,Customer #2160,Vitoria,ES,2018-02-22
2161,Customer #2161,Campos Dos Goytacazes,RJ,2017-02-06
2162,Customer #2162,Chapeco,SC,2018-07-25
2163,Customer #2163,Santos,SP,2017-08-05
2164,Customer #2164,Sao Paulo,SP,2017-03-18
2165,Customer #2165,Jandira,SP,2018-02-02
2166,Customer #2166,Indaiatuba,SP,2017-08-14
2167,Customer #2167,Sao Paulo,SP,2018-04-29
2168,Customer #2168,Lorena,SP,2018-05-16
2169,Customer #2169,Campos Dos Goytacazes,RJ,2017-10-23
2170,Customer #2170,Taguai,SP,2017-10-31
2171,Customer #2171,Aparecida,SP,2018-01-16
2172,Customer #2172,Louveira,SP,2018-01-31
2173,Customer #2173,Sao Pedro,SP,2017-05-17
2174,Customer #2174,Nova Friburgo,RJ,2017-07-13
2175,Customer #2175,Sao Paulo,SP,2018-02-19
2176,Customer #2176,Mairinque,SP,2017-05-16
2177,Customer #2177,Rio De Janeiro,RJ,2017-03-25
2178,Customer #2178,Sao Paulo,SP,2018-04-05
2179,Customer #2179,Curitiba,PR,2018-02-28
2180,Customer #2180,Florianopolis,SC,2017-05-18
2181,Customer #2181,Paraopeba,MG,2017-12-02
2182,Customer #2182,Sao Paulo,SP,2018-08-04
2183,Customer #2183,Sao Paulo,SP,2017-09-22
2184,Customer #2184,Nova Iguacu,RJ,2018-03-05
2185,Customer #2185,Videira,SC,2017-08-05
2186,Customer #2186,Belem,PA,2018-01-09
2187,Customer #2187,Alegrete,RS,2018-06-01
2188,Customer #2188,Serra,ES,2017-09-14
2189,Customer #2189,Coxim,MS,2017-03-04
2190,Customer #2190,Belo Horizonte,MG,2018-01-24
2191,Customer #2191,Itabuna,BA,2018-02-08
2192,Customer #2192,Sao Paulo,SP,2017-12-04
2193,Customer #2193,Taboao Da Serra,SP,2017-11-13
2194,Customer #2194,Americana,SP,2018-06-18
2195,Customer #2195,Sao Paulo,SP,2018-03-16
2196,Customer #2196,Formiga,MG,2018-04-19
2197,Customer #2197,Maua,SP,2017-12-01
2198,Customer #2198,Curitiba,PR,2018-05-20
2199,Customer #2199,Jacarei,SP,2018-01-24
2200,Customer #2200,Joinville,SC,2018-06-30
2201,Customer #2201,Aracaju,SE,2017-04-16
2202,Customer #2202,Blumenau,SC,2017-06-13
2203,Customer #2203,Ourinhos,SP,2017-09-07
2204,Customer #2204,Guarapari,ES,2017-12-01
2205,Customer #2205,Campos Novos,SC,2018-07-19
2206,Customer #2206,Pocos De Caldas,MG,2017-01-20
2207,Customer #2207,Sao Paulo,SP,2017-10-04
2208,Customer #2208,Sao Jose Do Goiabal,MG,2018-07-15
2209,Customer #2209,Nova Xavantina,MT,2018-07-27
2210,Customer #2210,Jacupiranga,SP,2017-10-02
2211,Customer #2211,Rio De Janeiro,RJ,2018-06-03
2212,Customer #2212,Betim,MG,2017-07-18
2213,Customer #2213,Contagem,MG,2018-06-18
2214,Customer #2214,Guaruja,SP,2018-02-02
2215,Customer #2215,Santo Andre,SP,2018-07-03
2216,Customer #2216,Maua,SP,2018-08-02
2217,Customer #2217,Marechal Deodoro,AL,2017-05-24
2218,Customer #2218,Brasilia,DF,2018-08-16
2219,Customer #2219,Belo Horizonte,MG,2017-03-05
2220,Customer #2220,Paulista,PE,2017-10-03
2221,Customer #2221,Araras,SP,2018-08-10
2222,Customer #2222,Jandira,SP,2018-08-10
2223,Customer #2223,Fraiburgo,SC,2018-01-15
2224,Customer #2224,Goiania,GO,2017-08-22
2225,Customer #2225,Duque De Caxias,RJ,2017-01-24
2226,Customer #2226,Jaguariuna,SP,2018-06-01
2227,Customer #2227,Sao Bernardo Do Campo,SP,2017-12-03
2228,Customer #2228,Sao Paulo,SP,2017-06-16
2229,Customer #2229,Montes Claros,MG,2018-04-14
2230,Customer #2230,Guaratingueta,SP,2018-06-25
2231,Customer #2231,Santos,SP,2018-01-19
2232,Customer #2232,Sao Paulo,SP,2018-05-04
2233,Customer #2233,Sao Paulo,SP,2018-04-05
2234,Customer #2234,Sao Paulo,SP,2018-02-03
2235,Customer #2235,Joinville,SC,2017-10-30
2236,Customer #2236,Santo Andre,SP,2017-12-02
2237,Customer #2237,Campina Grande,PB,2017-07-21
2238,Customer #2238,Montauri,RS,2018-04-18
2239,Customer #2239,Juazeiro Do Norte,CE,2017-11-15
2240,Customer #2240,Sao Paulo,SP,2018-01-07
2241,Customer #2241,Jundiai,SP,2018-08-03
2242,Customer #2242,Sao Jose Do Vale Do Rio Preto,RJ,2018-03-25
2243,Customer #2243,Sao Paulo,SP,2018-04-21
2244,Customer #2244,Aracati,CE,2018-04-18
2245,Customer #2245,Santo Andre,SP,2018-05-08
2246,Customer #2246,Camaragibe,PE,2017-11-23
2247,Customer #2247,Rio De Janeiro,RJ,2018-05-26
2248,Customer #2248,Sao Joaquim Da Barra,SP,2017-06-20
2249,Customer #2249,Espirito Santo Do Pinhal,SP,2018-08-21
2250,Customer #2250,Sao Paulo,SP,2018-02-16
2251,Customer #2251,Belo Horizonte,MG,2017-05-18
2252,Customer #2252,Sao Paulo,SP,2017-06-28
2253,Customer #2253,Jundiai,SP,2017-10-02
2254,Customer #2254,Recife,PE,2017-12-09
2255,Customer #2255,Belo Horizonte,MG,2018-06-28
2256,Customer #2256,Passos,MG,2017-03-03
2257,Customer #2257,Caxias Do Sul,RS,2018-08-10
2258,Customer #2258,Belo Horizonte,MG,2017-12-08
2259,Customer #2259,Sao Lourenco Da Serra,SP,2018-04-09
2260,Customer #2260,Jaragua Do Sul,SC,2017-03-03
2261,Customer #2261,Mogi-Guacu,SP,2018-03-17
2262,Customer #2262,Torres,RS,2018-06-04
2263,Customer #2263,Colatina,ES,2017-03-06
2264,Customer #2264,Itapipoca,CE,2017-12-30
2265,Customer #2265,Salvador,BA,2017-08-15
2266,Customer #2266,Paranaiba,MS,2017-12-15
2267,Customer #2267,Joao Pessoa,PB,2017-12-21
2268,Customer #2268,Juiz De Fora,MG,2018-03-01
2269,Customer #2269,Sao Sebastiao,SP,2017-11-22
2270,Customer #2270,Paramirim,BA,2017-11-13
2271,Customer #2271,Luziania,GO,2017-10-12
2272,Customer #2272,Sao Paulo,SP,2018-03-18
2273,Customer #2273,Cotia,SP,2017-05-24
2274,Customer #2274,Niteroi,RJ,2018-01-10
2275,Customer #2275,Paragominas,PA,2018-01-20
2276,Customer #2276,Sao Paulo,SP,2017-11-24
2277,Customer #2277,Piracicaba,SP,2017-11-24
2278,Customer #2278,Duque De Caxias,RJ,2018-03-30
2279,Customer #2279,Sao Paulo,SP,2017-08-12
2280,Customer #2280,Mogi Das Cruzes,SP,2018-02-19
2281,Customer #2281,Recife,PE,2017-10-27
2282,Customer #2282,Sao Roque,SP,2017-10-22
2283,Customer #2283,Sao Paulo,SP,2018-01-04
2284,Customer #2284,Monte Alto,SP,2017-12-13
2285,Customer #2285,Rio Das Ostras,RJ,2017-12-19
2286,Customer #2286,Sao Sebastiao Do Paraiso,MG,2018-07-12
2287,Customer #2287,Teixeiras,MG,2017-06-08
2288,Customer #2288,Campo Limpo Paulista,SP,2017-11-17
2289,Customer #2289,Riacho Da Cruz,RN,2017-12-13
2290,Customer #2290,Guarulhos,SP,2018-07-22
2291,Customer #2291,Dois Irmaos,RS,2017-09-01
2292,Customer #2292,Rio De Janeiro,RJ,2018-05-14
2293,Customer #2293,Forquilhinha,SC,2018-08-10
2294,Customer #2294,Sao Mateus Do Sul,PR,2017-08-10
2295,Customer #2295,Batatais,SP,2018-08-23
2296,Customer #2296,Salvador,BA,2018-02-04
2297,Customer #2297,Juiz De Fora,MG,2017-05-29
2298,Customer #2298,Queluz,SP,2018-01-29
2299,Customer #2299,Cotia,SP,2018-04-09
2300,Customer #2300,Piritiba,BA,2018-03-27
2301,Customer #2301,Sao Bernardo Do Campo,SP,2018-05-04
2302,Customer #2302,Jau,SP,2018-06-11
2303,Customer #2303,Santo Andre,SP,2018-06-02
2304,Customer #2304,Mesquita,RJ,2017-09-08
2305,Customer #2305,Piracicaba,SP,2018-04-26
2306,Customer #2306,Sobradinho,BA,2017-09-10
2307,Customer #2307,Salvador,BA,2018-04-24
2308,Customer #2308,Sao Paulo,SP,2017-06-04
2309,Customer #2309,Guaruja,SP,2017-04-10
2310,Customer #2310,Irati,PR,2018-07-15
2311,Customer #2311,Sao Paulo,SP,2017-12-13
2312,Customer #2312,Taboao Da Serra,SP,2018-08-14
2313,Customer #2313,Sao Goncalo Do Sapucai,MG,2017-08-11
2314,Customer #2314,Rio De Janeiro,RJ,2018-05-08
2315,Customer #2315,Ananindeua,PA,2018-07-21
2316,Customer #2316,Pelotas,RS,2017-05-16
2317,Customer #2317,Brasilia,DF,2018-07-10
2318,Customer #2318,Sao Luis,MA,2018-02-05
2319,Customer #2319,Mesquita,RJ,2017-08-09
2320,Customer #2320,Sao Paulo,SP,2017-05-22
2321,Customer #2321,Sao Bernardo Do Campo,SP,2018-04-28
2322,Customer #2322,Sao Paulo,SP,2017-06-18
2323,Customer #2323,Palmital,SP,2017-12-29
2324,Customer #2324,Sao Paulo,SP,2017-06-19
2325,Customer #2325,Sao Paulo,SP,2018-02-13
2326,Customer #2326,Embu,SP,2017-05-06
2327,Customer #2327,Barra Do Garcas,MT,2018-07-01
2328,Customer #2328,Ouro Branco,MG,2018-08-23
2329,Customer #2329,Vitoria,ES,2017-06-25
2330,Customer #2330,Campos Do Jordao,SP,2017-12-07
2331,Customer #2331,Pinhais,PR,2017-10-08
2332,Customer #2332,Porto Alegre,RS,2017-03-21
2333,Customer #2333,Jaboatao Dos Guararapes,PE,2018-07-23
2334,Customer #2334,Varginha,MG,2018-01-04
2335,Customer #2335,Ceres,GO,2018-03-31
2336,Customer #2336,Rio Claro,SP,2017-07-27
2337,Customer #2337,Sao Bernardo Do Campo,SP,2017-12-08
2338,Customer #2338,Pouso Alegre,MG,2017-06-04
2339,Customer #2339,Rio De Janeiro,RJ,2017-10-31
2340,Customer #2340,Rio De Janeiro,RJ,2017-04-01
2341,Customer #2341,Fortaleza,CE,2018-01-02
2342,Customer #2342,Sao Jose Dos Campos,SP,2018-01-08
2343,Customer #2343,Sao Paulo,SP,2017-12-22
2344,Customer #2344,Barretos,SP,2017-08-31
2345,Customer #2345,Guarulhos,SP,2018-04-17
2346,Customer #2346,Sao Paulo,SP,2018-05-07
2347,Customer #2347,Chapeco,SC,2018-04-13
2348,Customer #2348,Brasilia,DF,2018-04-20
2349,Customer #2349,Belo Horizonte,MG,2017-06-03
2350,Customer #2350,Porto Alegre,RS,2018-03-01
2351,Customer #2351,Brasilia,DF,2017-12-09
2352,Customer #2352,Governador Valadares,MG,2018-02-15
2353,Customer #2353,Anapolis,GO,2017-03-10
2354,Customer #2354,Linhares,ES,2017-04-25
2355,Customer #2355,Sao Jose Dos Campos,SP,2018-03-23
2356,Customer #2356,Sumare,SP,2017-07-25
2357,Customer #2357,Uberlandia,MG,2018-03-24
2358,Customer #2358,Ituiutaba,MG,2018-03-01
2359,Customer #2359,Tocantins,MG,2017-02-13
2360,Customer #2360,Camboriu,SC,2017-04-20
2361,Customer #2361,Aparecida Do Taboado,MS,2018-07-14
2362,Customer #2362,Belo Horizonte,MG,2017-10-12
2363,Customer #2363,Pereiras,SP,2018-08-20
2364,Customer #2364,Rio De Janeiro,RJ,2017-09-01
2365,Customer #2365,Tramandai,RS,2018-08-09
2366,Customer #2366,Presidente Prudente,SP,2017-07-06
2367,Customer #2367,Jaboticabal,SP,2017-05-01
2368,Customer #2368,Rio Bonito,RJ,2017-08-17
2369,Customer #2369,Cascavel,PR,2018-06-04
2370,Customer #2370,Curitiba,PR,2017-08-28
2371,Customer #2371,Serra Negra,SP,2017-05-09
2372,Customer #2372,Rio De Janeiro,RJ,2017-10-20
2373,Customer #2373,Guarulhos,SP,2017-11-14
2374,Customer #2374,Belo Horizonte,MG,2018-03-26
2375,Customer #2375,Piracicaba,SP,2018-01-15
2376,Customer #2376,Santa Maria Da Vitoria,BA,2018-06-15
2377,Customer #2377,Sabara,MG,2017-11-04
2378,Customer #2378,Natal,RN,2017-09-08
2379,Customer #2379,Palmas,TO,2017-05-02
2380,Customer #2380,Sao Paulo,SP,2018-05-14
2381,Customer #2381,Sao Paulo,SP,2018-05-21
2382,Customer #2382,Santo Andre,SP,2018-07-23
2383,Customer #2383,Florianopolis,SC,2017-09-19
2384,Customer #2384,Recife,PE,2017-04-14
2385,Customer #2385,Jaboticabal,SP,2017-08-03
2386,Customer #2386,Barao De Cocais,MG,2018-08-19
2387,Customer #2387,Garopaba,SC,2017-07-07
2388,Customer #2388,Guaruja,SP,2017-12-13
2389,Customer #2389,Embu Das Artes,SP,2017-08-21
2390,Customer #2390,Sao Miguel Do Oeste,SC,2018-07-02
2391,Customer #2391,Rio De Janeiro,RJ,2017-08-02
2392,Customer #2392,Caieiras,SP,2017-04-10
2393,Customer #2393,Sao Bernardo Do Campo,SP,2017-10-15
2394,Customer #2394,Alvorada,RS,2018-03-10
2395,Customer #2395,Icara,SC,2018-06-22
2396,Customer #2396,Duque De Caxias,RJ,2017-11-24
2397,Customer #2397,Sao Paulo,SP,2018-05-13
2398,Customer #2398,Ibimirim,PE,2017-07-29
2399,Customer #2399,Montes Claros,MG,2017-12-27
2400,Customer #2400,Sao Paulo,SP,2018-01-31
2401,Customer #2401,Sao Jose Dos Campos,SP,2018-05-20
2402,Customer #2402,Sao Paulo,SP,2017-06-09
2403,Customer #2403,Aracaju,SE,2018-06-13
2404,Customer #2404,Recife,PE,2018-07-13
2405,Customer #2405,Rio De Janeiro,RJ,2018-02-12
2406,Customer #2406,Lapa,PR,2018-07-25
2407,Customer #2407,Sao Paulo,SP,2018-04-18
2408,Customer #2408,Goiania,GO,2018-01-21
2409,Customer #2409,Canoas,RS,2017-12-18
2410,Customer #2410,Taubate,SP,2018-04-03
2411,Customer #2411,Sao Paulo,SP,2018-06-15
2412,Customer #2412,Duque De Caxias,RJ,2017-05-09
2413,Customer #2413,Rio De Janeiro,RJ,2018-08-02
2414,Customer #2414,Jacarei,SP,2017-08-15
2415,Customer #2415,Santo Angelo,RS,2017-07-12
2416,Customer #2416,Balneario Arroio Do Silva,SC,2017-02-03
2417,Customer #2417,Sao Paulo,SP,2018-07-30
2418,Customer #2418,Niteroi,RJ,2017-05-21
2419,Customer #2419,Barueri,SP,2018-08-27
2420,Customer #2420,Uberlandia,MG,2018-01-30
2421,Customer #2421,Ilheus,BA,2017-10-05
2422,Customer #2422,Sao Paulo,SP,2018-03-21
2423,Customer #2423,Guarapari,ES,2018-02-25
2424,Customer #2424,Nova Serrana,MG,2017-02-19
2425,Customer #2425,Vila Velha,ES,2017-08-20
2426,Customer #2426,Itu,SP,2017-09-22
2427,Customer #2427,Cruzeiro,SP,2017-08-22
2428,Customer #2428,Rio De Janeiro,RJ,2018-05-13
2429,Customer #2429,Mesquita,RJ,2018-01-30
2430,Customer #2430,Rio Das Ostras,RJ,2017-11-20
2431,Customer #2431,Redencao,PA,2017-11-18
2432,Customer #2432,Santo Andre,SP,2018-04-14
2433,Customer #2433,Sao Paulo,SP,2018-05-02
2434,Customer #2434,Sao Bernardo Do Campo,SP,2018-07-18
2435,Customer #2435,Cristopolis,BA,2018-07-10
2436,Customer #2436,Lages,SC,2017-11-24
2437,Customer #2437,Itaquaquecetuba,SP,2018-08-27
2438,Customer #2438,Uberaba,MG,2018-06-12
2439,Customer #2439,Mogi Das Cruzes,SP,2018-07-24
2440,Customer #2440,Cotia,SP,2017-10-15
2441,Customer #2441,Sao Paulo,SP,2018-01-19
2442,Customer #2442,Fronteira,MG,2017-09-09
2443,Customer #2443,Volta Redonda,RJ,2017-12-12
2444,Customer #2444,Sao Paulo,SP,2017-05-29
2445,Customer #2445,Ibirite,MG,2018-06-07
2446,Customer #2446,Ibitinga,SP,2018-03-17
2447,Customer #2447,Boa Esperanca,RJ,2018-01-17
2448,Customer #2448,Candido Mota,SP,2017-10-29
2449,Customer #2449,Sao Paulo,SP,2018-03-26
2450,Customer #2450,Curitiba,PR,2018-04-22
2451,Customer #2451,Sao Paulo,SP,2018-02-20
2452,Customer #2452,Guarulhos,SP,2018-03-04
2453,Customer #2453,Sao Paulo,SP,2018-05-17
2454,Customer #2454,Guarulhos,SP,2018-04-15
2455,Customer #2455,Quata,SP,2018-01-22
2456,Customer #2456,Sao Paulo,SP,2017-02-26
2457,Customer #2457,Sao Jose Dos Campos,SP,2017-11-16
2458,Customer #2458,Joao Pessoa,PB,2018-02-12
2459,Customer #2459,Belo Horizonte,MG,2018-02-15
2460,Customer #2460,Mogi Das Cruzes,SP,2017-06-04
2461,Customer #2461,Sao Paulo,SP,2017-11-06
2462,Customer #2462,Fortaleza,CE,2018-07-14
2463,Customer #2463,Sao Jose Do Rio Preto,SP,2018-01-09
2464,Customer #2464,Uberlandia,MG,2018-02-04
2465,Customer #2465,Guaxupe,MG,2018-08-16
2466,Customer #2466,Sao Paulo,SP,2017-11-03
2467,Customer #2467,Nova Iguacu,RJ,2017-09-21
2468,Customer #2468,Regeneracao,PI,2017-12-14
2469,Customer #2469,Rio De Janeiro,RJ,2018-02-19
2470,Customer #2470,Rio De Janeiro,RJ,2018-04-04
2471,Customer #2471,Tucurui,PA,2017-04-27
2472,Customer #2472,Caieiras,SP,2017-07-25
2473,Customer #2473,Embu-Guacu,SP,2017-05-21
2474,Customer #2474,Salvador,BA,2018-04-30
2475,Customer #2475,Rio Das Ostras,RJ,2017-07-24
2476,Customer #2476,Aparecida De Goiania,GO,2017-08-15
2477,Customer #2477,Belo Horizonte,MG,2018-04-11
2478,Customer #2478,Rio De Janeiro,RJ,2017-09-22
2479,Customer #2479,Sao Paulo,SP,2018-08-09
2480,Customer #2480,Sao Bernardo Do Campo,SP,2017-05-20
2481,Customer #2481,Rio Claro,SP,2017-11-24
2482,Customer #2482,Sao Paulo,SP,2017-08-21
2483,Customer #2483,Canoas,RS,2017-05-13
2484,Customer #2484,Brasilia,DF,2018-07-11
2485,Customer #2485,Rio De Janeiro,RJ,2017-12-12
2486,Customer #2486,Miracatu,SP,2017-10-29
2487,Customer #2487,Orizona,GO,2018-01-08
2488,Customer #2488,Rio De Janeiro,RJ,2017-05-29
2489,Customer #2489,Palestina,SP,2017-11-27
2490,Customer #2490,Rio De Janeiro,RJ,2018-05-05
2491,Customer #2491,Rio De Janeiro,RJ,2018-01-06
2492,Customer #2492,Sao Goncalo,RJ,2017-11-24
2493,Customer #2493,Brasilia,DF,2017-11-24
2494,Customer #2494,Serra,ES,2018-07-26
2495,Customer #2495,Bebedouro,SP,2018-06-15
2496,Customer #2496,Sao Jose Dos Campos,SP,2018-08-14
2497,Customer #2497,Itaguai,RJ,2017-08-25
2498,Customer #2498,Candeias Do Jamari,RO,2017-09-30
2499,Customer #2499,Agua Boa,MT,2017-09-25
2500,Customer #2500,Tabapua,SP,2017-11-27
2501,Customer #2501,Inhumas,GO,2017-08-10
2502,Customer #2502,Pariquera-Acu,SP,2018-05-12
2503,Customer #2503,Salto,SP,2018-04-12
2504,Customer #2504,Porto Velho,RO,2017-06-13
2505,Customer #2505,Carbonita,MG,2017-11-29
2506,Customer #2506,Sao Paulo,SP,2018-03-21
2507,Customer #2507,Sao Paulo,SP,2018-07-23
2508,Customer #2508,Sao Paulo,SP,2017-10-06
2509,Customer #2509,Salvador,BA,2018-04-29
2510,Customer #2510,Goiania,GO,2018-06-10
2511,Customer #2511,Coronel Macedo,SP,2018-02-25
2512,Customer #2512,Osasco,SP,2017-09-27
2513,Customer #2513,Corrego Danta,MG,2017-11-30
2514,Customer #2514,Sao Paulo,SP,2018-01-18
2515,Customer #2515,Salvador,BA,2017-07-12
2516,Customer #2516,Sao Paulo,SP,2017-06-04
2517,Customer #2517,Sao Paulo,SP,2017-12-11
2518,Customer #2518,Itapema,SC,2018-02-21
2519,Customer #2519,Volta Redonda,RJ,2017-11-29
2520,Customer #2520,Picos,PI,2017-11-12
2521,Customer #2521,Palestina,SP,2017-12-19
2522,Customer #2522,Rio De Janeiro,RJ,2017-12-05
2523,Customer #2523,Curitiba,PR,2017-12-04
2524,Customer #2524,Itumbiara,GO,2017-11-13
2525,Customer #2525,Praia Grande,SP,2018-04-10
2526,Customer #2526,Diadema,SP,2018-05-16
2527,Customer #2527,Sao Bernardo Do Campo,SP,2017-05-21
2528,Customer #2528,Rio De Contas,BA,2017-09-15
2529,Customer #2529,Santo Andre,SP,2018-07-03
2530,Customer #2530,Petropolis,RJ,2018-04-02
2531,Customer #2531,Guarulhos,SP,2018-07-29
2532,Customer #2532,Guarulhos,SP,2018-03-20
2533,Customer #2533,Rio De Janeiro,RJ,2018-05-17
2534,Customer #2534,Maua,SP,2018-06-05
2535,Customer #2535,Sao Paulo,SP,2018-08-19
2536,Customer #2536,Sao Paulo,SP,2018-01-07
2537,Customer #2537,Americana,SP,2018-02-27
2538,Customer #2538,Eugenopolis,MG,2017-03-12
2539,Customer #2539,Sao Paulo,SP,2018-08-18
2540,Customer #2540,Novo Hamburgo,RS,2018-02-19
2541,Customer #2541,Barretos,SP,2017-11-04
2542,Customer #2542,Sao Paulo,SP,2018-05-28
2543,Customer #2543,Rio De Janeiro,RJ,2018-05-22
2544,Customer #2544,Limeira,SP,2017-11-12
2545,Customer #2545,Sao Jose Dos Campos,SP,2018-08-06
2546,Customer #2546,Ibirama,SC,2018-05-02
2547,Customer #2547,Francisco Morato,SP,2018-08-05
2548,Customer #2548,Sao Bernardo Do Campo,SP,2018-04-04
2549,Customer #2549,Junqueiro,AL,2018-03-10
2550,Customer #2550,Lauro De Freitas,BA,2018-07-25
2551,Customer #2551,Mar De Espanha,MG,2017-09-30
2552,Customer #2552,Belo Horizonte,MG,2018-07-17
2553,Customer #2553,Sao Paulo,SP,2018-08-14
2554,Customer #2554,Taubate,SP,2018-05-28
2555,Customer #2555,Santa Barbara D'Oeste,SP,2018-06-26
2556,Customer #2556,Indaiatuba,SP,2017-12-02
2557,Customer #2557,Guarapuava,PR,2017-05-11
2558,Customer #2558,Campo Grande,MS,2018-06-26
2559,Customer #2559,Aracatuba,SP,2018-06-26
2560,Customer #2560,Sao Paulo,SP,2018-01-22
2561,Customer #2561,Salvador,BA,2018-04-24
2562,Customer #2562,Rio De Janeiro,RJ,2017-02-10
2563,Customer #2563,Dias D'Avila,BA,2018-06-01
2564,Customer #2564,Sao Paulo,SP,2018-08-04
2565,Customer #2565,Santa Rosa,RS,2017-11-24
2566,Customer #2566,Rio De Janeiro,RJ,2018-08-03
2567,Customer #2567,Mogi-Guacu,SP,2018-04-27
2568,Customer #2568,Barueri,SP,2018-08-22
2569,Customer #2569,Sorocaba,SP,2017-11-21
2570,Customer #2570,Marilia,SP,2018-01-24
2571,Customer #2571,Caucaia,CE,2018-08-02
2572,Customer #2572,Rio De Janeiro,RJ,2018-05-01
2573,Customer #2573,Florianopolis,SC,2018-02-23
2574,Customer #2574,Santos,SP,2017-05-09
2575,Customer #2575,Sao Paulo,SP,2017-12-26
2576,Customer #2576,Rio De Janeiro,RJ,2017-11-15
2577,Customer #2577,Rio De Janeiro,RJ,2017-09-19
2578,Customer #2578,Sao Paulo,SP,2017-06-16
2579,Customer #2579,Santo Andre,SP,2017-11-24
2580,Customer #2580,Canoinhas,SC,2017-07-01
2581,Customer #2581,Rio De Janeiro,RJ,2018-06-13
2582,Customer #2582,Sao Paulo,SP,2018-08-21
2583,Customer #2583,Almirante Tamandare,PR,2017-02-04
2584,Customer #2584,Caxias Do Sul,RS,2017-11-04
2585,Customer #2585,Rio Novo Do Sul,ES,2018-07-01
2586,Customer #2586,Sao Paulo,SP,2017-11-18
2587,Customer #2587,Sao Paulo,SP,2018-07-09
2588,Customer #2588,Curitiba,PR,2017-09-29
2589,Customer #2589,Jacarei,SP,2017-03-21
2590,Customer #2590,Tres Pontas,MG,2018-02-11
2591,Customer #2591,Canoas,RS,2017-09-09
2592,Customer #2592,Florianopolis,SC,2018-04-25
2593,Customer #2593,Vitoria,ES,2018-03-21
2594,Customer #2594,Itajuba,MG,2018-03-28
2595,Customer #2595,Brasilia,DF,2018-05-11
2596,Customer #2596,Brasilia,DF,2017-12-30
2597,Customer #2597,Sao Paulo,SP,2018-05-07
2598,Customer #2598,Sao Paulo,SP,2017-05-11
2599,Customer #2599,Coronel Fabriciano,MG,2018-03-17
2600,Customer #2600,Rio De Janeiro,RJ,2018-08-20
2601,Customer #2601,Vila Velha,ES,2018-01-31
2602,Customer #2602,Sao Paulo,SP,2017-10-29
2603,Customer #2603,Londrina,PR,2018-01-10
2604,Customer #2604,Xapuri,AC,2017-11-14
2605,Customer #2605,Armacao Dos Buzios,RJ,2017-08-08
2606,Customer #2606,Niteroi,RJ,2018-01-11
2607,Customer #2607,Feira De Santana,BA,2018-07-05
2608,Customer #2608,Itajai,SC,2017-06-25
2609,Customer #2609,Sao Paulo,SP,2018-08-01
2610,Customer #2610,Divinopolis,MG,2018-01-24
2611,Customer #2611,Jacarei,SP,2018-08-05
2612,Customer #2612,Paranavai,PR,2018-03-22
2613,Customer #2613,Rio De Janeiro,RJ,2018-07-20
2614,Customer #2614,Brasilia,DF,2018-07-17
2615,Customer #2615,Rio De Janeiro,RJ,2017-09-18
2616,Customer #2616,Sao Paulo,SP,2018-04-17
2617,Customer #2617,Alegre,ES,2018-03-16
2618,Customer #2618,Taboao Da Serra,SP,2018-08-24
2619,Customer #2619,Cubatao,SP,2017-11-28
2620,Customer #2620,Biguacu,SC,2018-03-28
2621,Customer #2621,Sao Jose Dos Pinhais,PR,2018-01-19
2622,Customer #2622,Salvador,BA,2018-01-26
2623,Customer #2623,Guaratingueta,SP,2018-05-14
2624,Customer #2624,Caucaia,CE,2017-11-19
2625,Customer #2625,Armazem,SC,2018-08-15
2626,Customer #2626,Itajai,SC,2018-03-11
2627,Customer #2627,Sao Paulo,SP,2017-11-24
2628,Customer #2628,Jales,SP,2017-09-01
2629,Customer #2629,Videira,SC,2017-06-13
2630,Customer #2630,Barbacena,MG,2017-03-04
2631,Customer #2631,Bauru,SP,2017-06-16
2632,Customer #2632,Itapetinga,BA,2018-03-29
2633,Customer #2633,Volta Redonda,RJ,2017-06-23
2634,Customer #2634,Matias Barbosa,MG,2017-12-06
2635,Customer #2635,Rio De Janeiro,RJ,2017-12-27
2636,Customer #2636,Joao Pessoa,PB,2018-01-04
2637,Customer #2637,Sao Paulo,SP,2017-12-06
2638,Customer #2638,Maua,SP,2017-07-25
2639,Customer #2639,Sao Carlos,SP,2018-01-25
2640,Customer #2640,Carapicuiba,SP,2018-08-01
2641,Customer #2641,Boa Vista,RR,2017-10-16
2642,Customer #2642,Rio De Janeiro,RJ,2018-03-14
2643,Customer #2643,Rio De Janeiro,RJ,2017-12-04
2644,Customer #2644,Aracaju,SE,2018-06-06
2645,Customer #2645,Vila Velha,ES,2017-07-02
2646,Customer #2646,Santa Isabel,SP,2017-11-16
2647,Customer #2647,Capao Da Canoa,RS,2017-09-04
2648,Customer #2648,Sao Joao De Meriti,RJ,2017-11-24
2649,Customer #2649,Sao Paulo,SP,2018-06-12
2650,Customer #2650,Osasco,SP,2017-07-02
2651,Customer #2651,Rio De Janeiro,RJ,2017-10-24
2652,Customer #2652,Cruzeiro Do Sul,RS,2018-05-13
2653,Customer #2653,Brasilia,DF,2018-02-15
2654,Customer #2654,Sao Paulo,SP,2017-06-06
2655,Customer #2655,Porto Alegre,RS,2017-07-24
2656,Customer #2656,Lucelia,SP,2017-07-04
2657,Customer #2657,Rio Grande,RS,2017-12-26
2658,Customer #2658,Fortaleza,CE,2017-12-05
2659,Customer #2659,Belo Horizonte,MG,2018-08-08
2660,Customer #2660,Osasco,SP,2018-08-12
2661,Customer #2661,Brasilia,DF,2018-08-09
2662,Customer #2662,Itajai,SC,2018-04-30
2663,Customer #2663,Canoinhas,SC,2017-09-14
2664,Customer #2664,Sao Paulo,SP,2017-11-18
2665,Customer #2665,Duque De Caxias,RJ,2017-07-08
2666,Customer #2666,Botelhos,MG,2017-09-26
2667,Customer #2667,Ananindeua,PA,2017-11-15
2668,Customer #2668,Taboao Da Serra,SP,2018-07-23
2669,Customer #2669,Estancia,SE,2017-06-08
2670,Customer #2670,Ilheus,BA,2017-10-09
2671,Customer #2671,Sao Paulo,SP,2017-11-24
2672,Customer #2672,Sao Carlos,SP,2017-12-06
2673,Customer #2673,Mimoso Do Sul,ES,2017-07-18
2674,Customer #2674,Uberaba,MG,2017-05-29
2675,Customer #2675,Cachoeiro De Itapemirim,ES,2018-04-01
2676,Customer #2676,Maua,SP,2017-08-02
2677,Customer #2677,Sao Paulo,SP,2017-12-13
2678,Customer #2678,Belo Horizonte,MG,2018-03-08
2679,Customer #2679,Rio De Janeiro,RJ,2017-12-27
2680,Customer #2680,Brasilia,DF,2018-07-03
2681,Customer #2681,Curitiba,PR,2018-07-16
2682,Customer #2682,Marechal Candido Rondon,PR,2017-08-11
2683,Customer #2683,Sao Paulo,SP,2018-03-11
2684,Customer #2684,Vila Velha,ES,2018-03-28
2685,Customer #2685,Curitiba,PR,2018-01-08
2686,Customer #2686,Volta Redonda,RJ,2017-05-26
2687,Customer #2687,Caieiras,SP,2018-04-29
2688,Customer #2688,Medina,MG,2017-07-18
2689,Customer #2689,Sao Paulo,SP,2017-11-27
2690,Customer #2690,Itambaraca,PR,2017-04-27
2691,Customer #2691,Niteroi,RJ,2017-11-20
2692,Customer #2692,Paranagua,PR,2018-02-27
2693,Customer #2693,Ariquemes,RO,2017-03-09
2694,Customer #2694,Jaragua Do Sul,SC,2018-01-14
2695,Customer #2695,Balbinos,SP,2018-06-13
2696,Customer #2696,Viamao,RS,2017-11-10
2697,Customer #2697,Sete Lagoas,MG,2017-08-01
2698,Customer #2698,Cosmopolis,SP,2018-02-06
2699,Customer #2699,Florianopolis,SC,2018-01-10
2700,Customer #2700,Sao Paulo,SP,2018-08-01
2701,Customer #2701,Sao Paulo,SP,2018-02-05
2702,Customer #2702,Niteroi,RJ,2017-09-24
2703,Customer #2703,Caieiras,SP,2018-07-04
2704,Customer #2704,Itu,SP,2017-03-07
2705,Customer #2705,Acegua,RS,2018-06-04
2706,Customer #2706,Santos,SP,2018-01-05
2707,Customer #2707,Osasco,SP,2018-02-07
2708,Customer #2708,Rio De Janeiro,RJ,2017-09-21
2709,Customer #2709,Joao Pessoa,PB,2018-01-15
2710,Customer #2710,Uberlandia,MG,2017-05-16
2711,Customer #2711,Manhuacu,MG,2017-09-22
2712,Customer #2712,Jacarei,SP,2018-05-22
2713,Customer #2713,Sao Paulo,SP,2018-02-11
2714,Customer #2714,Quatro Barras,PR,2018-06-21
2715,Customer #2715,Ribeirao Preto,SP,2017-04-17
2716,Customer #2716,Cabo Frio,RJ,2018-03-04
2717,Customer #2717,Curitiba,PR,2017-09-21
2718,Customer #2718,Guarulhos,SP,2018-08-05
2719,Customer #2719,Niteroi,RJ,2018-04-27
2720,Customer #2720,Sao Paulo,SP,2018-05-29
2721,Customer #2721,Fortaleza,CE,2017-12-11
2722,Customer #2722,Sao Paulo,SP,2018-08-08
2723,Customer #2723,Rio De Janeiro,RJ,2017-12-11
2724,Customer #2724,Gloria Do Goita,PE,2017-05-23
2725,Customer #2725,Salvador,BA,2018-01-25
2726,Customer #2726,Luis Eduardo Magalhaes,BA,2017-12-27
2727,Customer #2727,Marilia,SP,2018-03-18
2728,Customer #2728,Rio De Janeiro,RJ,2018-06-11
2729,Customer #2729,Porto Alegre,RS,2018-02-14
2730,Customer #2730,Sao Paulo,SP,2018-07-26
2731,Customer #2731,Aracaju,SE,2018-07-24
2732,Customer #2732,Sao Joao Da Boa Vista,SP,2017-06-19
2733,Customer #2733,Aparecida De Goiania,GO,2018-06-08
2734,Customer #2734,Sao Paulo,SP,2017-12-19
2735,Customer #2735,Tiete,SP,2017-11-29
2736,Customer #2736,Viana,MA,2017-10-09
2737,Customer #2737,Sao Paulo,SP,2018-08-25
2738,Customer #2738,Curitiba,PR,2018-04-11
2739,Customer #2739,Lucas Do Rio Verde,MT,2017-10-04
2740,Customer #2740,Votorantim,SP,2017-11-25
2741,Customer #2741,Passo De Camaragibe,AL,2018-01-12
2742,Customer #2742,Nova Iguacu,RJ,2018-05-14
2743,Customer #2743,Medianeira,PR,2018-04-02
2744,Customer #2744,Cotia,SP,2018-01-14
2745,Customer #2745,Atibaia,SP,2018-03-05
2746,Customer #2746,Joao Pessoa,PB,2017-07-02
2747,Customer #2747,Sao Paulo,SP,2017-11-28
2748,Customer #2748,Vila Velha,ES,2018-07-18
2749,Customer #2749,Paranagua,PR,2018-01-19
2750,Customer #2750,Joinville,SC,2017-04-25
2751,Customer #2751,Sao Bernardo Do Campo,SP,2018-05-11
2752,Customer #2752,Juiz De Fora,MG,2018-01-20
2753,Customer #2753,Rio De Janeiro,RJ,2018-01-20
2754,Customer #2754,Sumare,SP,2018-05-17
2755,Customer #2755,Porto Alegre,RS,2018-08-17
2756,Customer #2756,Bauru,SP,2017-05-25
2757,Customer #2757,Rio Grande Do Piaui,PI,2017-03-27
2758,Customer #2758,Nilopolis,RJ,2017-11-04
2759,Customer #2759,Armacao Dos Buzios,RJ,2018-01-15
2760,Customer #2760,Maceio,AL,2018-04-04
2761,Customer #2761,Uberlandia,MG,2017-09-05
2762,Customer #2762,Dobrada,SP,2017-07-24
2763,Customer #2763,Guaruja,SP,2017-06-18
2764,Customer #2764,Guaruja,SP,2017-05-02
2765,Customer #2765,Recife,PE,2018-02-22
2766,Customer #2766,Jaboatao Dos Guararapes,PE,2017-06-27
2767,Customer #2767,Rio De Janeiro,RJ,2018-04-17
2768,Customer #2768,Santana Do Paraiso,MG,2018-05-21
2769,Customer #2769,Belo Horizonte,MG,2018-06-29
2770,Customer #2770,Bauru,SP,2017-07-24
2771,Customer #2771,Taubate,SP,2018-05-16
2772,Customer #2772,Eunapolis,BA,2018-05-19
2773,Customer #2773,Rio Das Ostras,RJ,2017-11-05
2774,Customer #2774,Marilia,SP,2017-07-11
2775,Customer #2775,Sao Paulo,SP,2018-06-23
2776,Customer #2776,Sao Paulo,SP,2018-04-09
2777,Customer #2777,Braganca Paulista,SP,2017-11-02
2778,Customer #2778,Presidente Medici,MA,2018-07-30
2779,Customer #2779,Santana De Parnaiba,SP,2018-06-14
2780,Customer #2780,Sao Paulo,SP,2018-04-01
2781,Customer #2781,Sao Paulo,SP,2018-05-25
2782,Customer #2782,Belo Horizonte,MG,2017-07-31
2783,Customer #2783,Sao Paulo,SP,2018-01-14
2784,Customer #2784,Itaguai,RJ,2017-06-23
2785,Customer #2785,Novo Hamburgo,RS,2018-04-22
2786,Customer #2786,Sao Paulo,SP,2017-04-18
2787,Customer #2787,Rio De Janeiro,RJ,2017-12-29
2788,Customer #2788,Sao Paulo,SP,2018-02-20
2789,Customer #2789,Indaiatuba,SP,2017-11-10
2790,Customer #2790,Ouro Preto Do Oeste,RO,2017-05-05
2791,Customer #2791,Belo Horizonte,MG,2017-09-15
2792,Customer #2792,Salvador,BA,2018-08-16
2793,Customer #2793,Rio De Janeiro,RJ,2017-11-24
2794,Customer #2794,Duque De Caxias,RJ,2018-02-21
2795,Customer #2795,Sao Paulo,SP,2018-01-25
2796,Customer #2796,Mococa,SP,2017-04-28
2797,Customer #2797,Cariacica,ES,2017-10-16
2798,Customer #2798,Rio De Janeiro,RJ,2017-12-02
2799,Customer #2799,Belo Horizonte,MG,2018-05-12
2800,Customer #2800,Jacarezinho,PR,2018-02-11
2801,Customer #2801,Rio De Janeiro,RJ,2017-12-06
2802,Customer #2802,Sao Paulo,SP,2018-04-20
2803,Customer #2803,Irati,PR,2018-06-04
2804,Customer #2804,Sao Paulo,SP,2018-05-16
2805,Customer #2805,Carandai,MG,2017-11-22
2806,Customer #2806,Curitiba,PR,2017-11-18
2807,Customer #2807,Sooretama,ES,2017-06-17
2808,Customer #2808,Sao Paulo,SP,2017-11-27
2809,Customer #2809,Sao Paulo,SP,2018-08-16
2810,Customer #2810,Sao Bernardo Do Campo,SP,2018-06-17
2811,Customer #2811,Marechal Candido Rondon,PR,2017-07-27
2812,Customer #2812,Florianopolis,SC,2018-02-16
2813,Customer #2813,Rianapolis,GO,2018-01-24
2814,Customer #2814,Rio Do Antonio,BA,2017-11-24
2815,Customer #2815,Araxa,MG,2018-03-06
2816,Customer #2816,Americana,SP,2018-04-24
2817,Customer #2817,Angra Dos Reis,RJ,2017-10-12
2818,Customer #2818,Contagem,MG,2017-11-09
2819,Customer #2819,Itapema,SC,2017-07-14
2820,Customer #2820,Pouso Alegre,MG,2017-09-28
2821,Customer #2821,Porto Alegre,RS,2017-09-15
2822,Customer #2822,Itapaje,CE,2018-07-13
2823,Customer #2823,Campina Verde,MG,2017-11-28
2824,Customer #2824,Peruibe,SP,2017-10-16
2825,Customer #2825,Guarulhos,SP,2017-12-11
2826,Customer #2826,Sorocaba,SP,2018-01-23
2827,Customer #2827,Jundiai,SP,2018-08-03
2828,Customer #2828,Salvador,BA,2018-01-18
2829,Customer #2829,Curitiba,PR,2017-05-25
2830,Customer #2830,Belo Horizonte,MG,2018-01-11
2831,Customer #2831,Brasilia,DF,2017-11-29
2832,Customer #2832,Franca,SP,2017-11-18
2833,Customer #2833,Sao Paulo,SP,2017-12-21
2834,Customer #2834,Valenca,RJ,2018-02-03
2835,Customer #2835,Gramado,RS,2017-10-24
2836,Customer #2836,Candido De Abreu,PR,2017-11-30
2837,Customer #2837,Taboao Da Serra,SP,2018-01-31
2838,Customer #2838,Niteroi,RJ,2017-12-11
2839,Customer #2839,Santos,SP,2018-07-23
2840,Customer #2840,Santo Amaro Da Imperatriz,SC,2018-01-25
2841,Customer #2841,Paripiranga,BA,2018-03-05
2842,Customer #2842,Jundiai,SP,2018-02-05
2843,Customer #2843,Gramado,RS,2018-04-06
2844,Customer #2844,Niteroi,RJ,2018-04-18
2845,Customer #2845,Caruaru,PE,2018-05-22
2846,Customer #2846,Porto Alegre,RS,2018-03-30
2847,Customer #2847,Sao Paulo,SP,2018-02-15
2848,Customer #2848,Salvador,BA,2017-12-05
2849,Customer #2849,Belem,PA,2018-06-14
2850,Customer #2850,Camboriu,SC,2018-03-27
2851,Customer #2851,Rio De Janeiro,RJ,2017-11-09
2852,Customer #2852,Sao Paulo,SP,2018-08-06
2853,Customer #2853,Varzea Alegre,CE,2018-05-14
2854,Customer #2854,Curitiba,PR,2017-05-03
2855,Customer #2855,Julio De Castilhos,RS,2018-04-18
2856,Customer #2856,Salvador,BA,2017-03-31
2857,Customer #2857,Rio De Janeiro,RJ,2018-04-28
2858,Customer #2858,Rio De Janeiro,RJ,2018-08-06
2859,Customer #2859,Dom Pedrito,RS,2017-01-27
2860,Customer #2860,Para De Minas,MG,2018-03-15
2861,Customer #2861,Foz Do Iguacu,PR,2018-01-28
2862,Customer #2862,Araras,SP,2018-04-19
2863,Customer #2863,Leme,SP,2018-03-26
2864,Customer #2864,Belo Oriente,MG,2018-02-21
2865,Customer #2865,Itaborai,RJ,2017-03-09
2866,Customer #2866,Itabira,MG,2017-01-20
2867,Customer #2867,Caieiras,SP,2018-01-25
2868,Customer #2868,Rio De Janeiro,RJ,2018-02-18
2869,Customer #2869,Inacio Martins,PR,2018-03-07
2870,Customer #2870,Sao Luis,MA,2017-10-19
2871,Customer #2871,Santos,SP,2017-10-17
2872,Customer #2872,Santa Barbara D'Oeste,SP,2017-04-14
2873,Customer #2873,Cumari,GO,2017-11-26
2874,Customer #2874,Rio De Janeiro,RJ,2017-10-29
2875,Customer #2875,Sao Paulo,SP,2017-09-30
2876,Customer #2876,Sao Paulo,SP,2018-01-26
2877,Customer #2877,Vitoria,ES,2017-10-06
2878,Customer #2878,Curitiba,PR,2018-01-30
2879,Customer #2879,Recife,PE,2018-03-11
2880,Customer #2880,Recife,PE,2017-08-05
2881,Customer #2881,Ampere,PR,2018-05-07
2882,Customer #2882,Cordeiropolis,SP,2017-12-25
2883,Customer #2883,Sao Jose Dos Campos,SP,2017-11-01
2884,Customer #2884,Brasilia,DF,2018-02-01
2885,Customer #2885,Cotia,SP,2017-12-06
2886,Customer #2886,Sao Paulo,SP,2018-02-14
2887,Customer #2887,Sao Paulo,SP,2018-08-05
2888,Customer #2888,Bom Jardim,PE,2018-05-07
2889,Customer #2889,Porto Alegre,RS,2017-05-21
2890,Customer #2890,Curitiba,PR,2018-08-21
2891,Customer #2891,Suzano,SP,2018-04-14
2892,Customer #2892,Belo Horizonte,MG,2018-03-04
2893,Customer #2893,Sao Paulo,SP,2018-06-30
2894,Customer #2894,Araxa,MG,2017-04-23
2895,Customer #2895,Mangueirinha,PR,2017-07-19
2896,Customer #2896,Sao Paulo,SP,2018-06-12
2897,Customer #2897,Cacapava,SP,2018-05-02
2898,Customer #2898,Vitoria,ES,2018-04-30
2899,Customer #2899,Goiania,GO,2018-01-21
2900,Customer #2900,Mogi Das Cruzes,SP,2017-03-14
2901,Customer #2901,Sao Jose Dos Campos,SP,2017-09-26
2902,Customer #2902,Goiania,GO,2017-02-22
2903,Customer #2903,Rio De Janeiro,RJ,2018-01-25
2904,Customer #2904,Nova Odessa,SP,2017-09-13
2905,Customer #2905,Americana,SP,2017-12-28
2906,Customer #2906,Uberlandia,MG,2017-10-30
2907,Customer #2907,Sao Jose Do Rio Preto,SP,2018-03-25
2908,Customer #2908,Macae,RJ,2018-05-07
2909,Customer #2909,Rio De Janeiro,RJ,2017-02-28
2910,Customer #2910,Sorocaba,SP,2017-11-13
2911,Customer #2911,Sao Paulo,SP,2018-05-02
2912,Customer #2912,Guarani,MG,2018-02-18
2913,Customer #2913,Rio De Janeiro,RJ,2017-05-11
2914,Customer #2914,Sao Paulo,SP,2018-03-24
2915,Customer #2915,Sao Paulo,SP,2018-08-11
2916,Customer #2916,Tupa,SP,2017-12-01
2917,Customer #2917,Salvador,BA,2018-07-02
2918,Customer #2918,Campinas,SP,2017-10-29
2919,Customer #2919,Porto Alegre,RS,2017-09-30
2920,Customer #2920,Rio De Janeiro,RJ,2017-12-04
2921,Customer #2921,Campo Grande,MS,2017-06-23
2922,Customer #2922,Itabira,MG,2018-06-02
2923,Customer #2923,Barra Mansa,RJ,2017-07-10
2924,Customer #2924,Nova Serrana,MG,2018-03-29
2925,Customer #2925,Porto Alegre,RS,2017-03-09
2926,Customer #2926,Rio De Janeiro,RJ,2018-03-30
2927,Customer #2927,Rio De Janeiro,RJ,2018-02-21
2928,Customer #2928,Rio Verde,GO,2018-03-17
2929,Customer #2929,Salinas,MG,2018-04-03
2930,Customer #2930,Joao Monlevade,MG,2017-08-30
2931,Customer #2931,Canoas,RS,2018-01-29
2932,Customer #2932,Rio De Janeiro,RJ,2017-11-21
2933,Customer #2933,Canoas,RS,2017-08-30
2934,Customer #2934,Campinas,SP,2017-08-06
2935,Customer #2935,Sao Paulo,SP,2018-03-08
2936,Customer #2936,Joao Pessoa,PB,2018-03-02
2937,Customer #2937,Mandaguari,PR,2017-09-21
2938,Customer #2938,Sao Paulo,SP,2017-08-25
2939,Customer #2939,Juiz De Fora,MG,2017-08-14
2940,Customer #2940,Sao Paulo,SP,2018-01-03
2941,Customer #2941,Fortaleza,CE,2017-11-06
2942,Customer #2942,Volta Redonda,RJ,2018-07-30
2943,Customer #2943,Sao Paulo,SP,2018-05-03
2944,Customer #2944,Timoteo,MG,2018-05-08
2945,Customer #2945,Torres,RS,2018-01-09
2946,Customer #2946,Suzano,SP,2017-03-24
2947,Customer #2947,Maringa,PR,2017-09-27
2948,Customer #2948,Sorocaba,SP,2018-05-28
2949,Customer #2949,Muriae,MG,2017-11-30
2950,Customer #2950,Sao Paulo,SP,2018-07-22
2951,Customer #2951,Santos,SP,2017-06-28
2952,Customer #2952,Vitoria Da Conquista,BA,2017-05-30
2953,Customer #2953,Andradina,SP,2018-03-19
2954,Customer #2954,Itajai,SC,2017-01-29
2955,Customer #2955,Sao Paulo,SP,2018-08-14
2956,Customer #2956,Sao Paulo,SP,2018-05-18
2957,Customer #2957,Santo Andre,SP,2018-01-18
2958,Customer #2958,Aperibe,RJ,2017-07-17
2959,Customer #2959,Birigui,SP,2018-03-09
2960,Customer #2960,Piracicaba,SP,2017-11-07
2961,Customer #2961,Salto De Pirapora,SP,2018-08-21
2962,Customer #2962,Niteroi,RJ,2017-08-02
2963,Customer #2963,Itanhaem,SP,2017-10-27
2964,Customer #2964,Sao Jose Dos Campos,SP,2018-05-22
2965,Customer #2965,Guarulhos,SP,2018-05-14
2966,Customer #2966,Sao Paulo,SP,2018-01-06
2967,Customer #2967,Palmeira Dos Indios,AL,2018-08-03
2968,Customer #2968,Conceicao Do Araguaia,PA,2017-11-01
2969,Customer #2969,Peruibe,SP,2017-05-19
2970,Customer #2970,Sao Caetano Do Sul,SP,2017-11-24
2971,Customer #2971,Sao Paulo,SP,2017-07-17
2972,Customer #2972,Chapeco,SC,2017-11-09
2973,Customer #2973,Sao Paulo,SP,2018-05-22
2974,Customer #2974,Brasilia,DF,2018-03-09
2975,Customer #2975,Brasilia,DF,2017-05-10
2976,Customer #2976,Goiania,GO,2018-05-26
2977,Customer #2977,Americo Brasiliense,SP,2018-02-08
2978,Customer #2978,Sao Paulo,SP,2018-08-24
2979,Customer #2979,Santana De Parnaiba,SP,2017-02-17
2980,Customer #2980,Brasilia,DF,2017-08-07
2981,Customer #2981,Porto Ferreira,SP,2018-05-19
2982,Customer #2982,Rio De Janeiro,RJ,2017-11-25
2983,Customer #2983,Piracicaba,SP,2018-06-20
2984,Customer #2984,Cruz Machado,PR,2017-10-31
2985,Customer #2985,Sao Paulo,SP,2017-08-31
2986,Customer #2986,Ipameri,GO,2017-10-15
2987,Customer #2987,Itapevi,SP,2018-07-30
2988,Customer #2988,Jandira,SP,2017-04-19
2989,Customer #2989,Barueri,SP,2017-08-18
2990,Customer #2990,Feira De Santana,BA,2017-06-02
2991,Customer #2991,Lambari,MG,2018-02-22
2992,Customer #2992,Porto Alegre,RS,2018-02-14
2993,Customer #2993,Belo Horizonte,MG,2017-10-30
2994,Customer #2994,Cabo De Santo Agostinho,PE,2018-06-29
2995,Customer #2995,Taquaritinga,SP,2018-04-04
2996,Customer #2996,Sao Paulo,SP,2017-05-03
2997,Customer #2997,Sao Paulo,SP,2018-04-01
2998,Customer #2998,Sao Paulo,SP,2018-02-16
2999,Customer #2999,Barra Mansa,RJ,2017-09-10
3000,Customer #3000,Itu,SP,2018-03-27
3001,Customer #3001,Cachoeiro De Itapemirim,ES,2017-08-07
3002,Customer #3002,Maua,SP,2018-02-20
3003,Customer #3003,Manaus,AM,2018-01-24
3004,Customer #3004,Rio De Janeiro,RJ,2018-04-24
3005,Customer #3005,Euclides Da Cunha,BA,2018-06-19
3006,Customer #3006,Macapa,AP,2018-05-04
3007,Customer #3007,Rio De Janeiro,RJ,2018-02-22
3008,Customer #3008,Porecatu,PR,2018-03-12
3009,Customer #3009,Julio De Castilhos,RS,2018-04-16
3010,Customer #3010,Goiania,GO,2017-12-19
3011,Customer #3011,Itajuba,MG,2018-01-23
3012,Customer #3012,Sao Paulo,SP,2018-03-09
3013,Customer #3013,Ponta Grossa,PR,2018-01-13
3014,Customer #3014,Oroco,PE,2018-01-20
3015,Customer #3015,Belo Jardim,PE,2017-10-03
3016,Customer #3016,Sao Paulo,SP,2018-04-18
3017,Customer #3017,Sao Paulo,SP,2017-10-06
3018,Customer #3018,Rio De Janeiro,RJ,2018-08-03
3019,Customer #3019,Sao Paulo,SP,2018-03-22
3020,Customer #3020,Santos,SP,2018-07-05
3021,Customer #3021,Itajuba,MG,2017-07-14
3022,Customer #3022,Pompeu,MG,2017-05-14
3023,Customer #3023,Belford Roxo,RJ,2017-12-09
3024,Customer #3024,Sao Paulo,SP,2018-01-29
3025,Customer #3025,Guarulhos,SP,2018-08-20
3026,Customer #3026,Ararangua,SC,2017-05-19
3027,Customer #3027,Sao Bernardo Do Campo,SP,2018-02-11
3028,Customer #3028,Sao Paulo,SP,2018-08-10
3029,Customer #3029,Campo Grande,MS,2017-09-07
3030,Customer #3030,Juiz De Fora,MG,2018-03-13
3031,Customer #3031,Campina Grande,PB,2017-02-27
3032,Customer #3032,Sete Lagoas,MG,2017-12-02
3033,Customer #3033,Piracicaba,SP,2017-07-18
3034,Customer #3034,Rio De Janeiro,RJ,2018-01-22
3035,Customer #3035,Fortaleza,CE,2017-04-05
3036,Customer #3036,Sao Paulo,SP,2017-12-31
3037,Customer #3037,Assai,PR,2018-06-13
3038,Customer #3038,Niteroi,RJ,2018-03-12
3039,Customer #3039,Campinas,SP,2017-06-25
3040,Customer #3040,Tatui,SP,2017-10-21
3041,Customer #3041,Sao Paulo,SP,2017-12-07
3042,Customer #3042,Sao Paulo,SP,2018-05-14
3043,Customer #3043,Penapolis,SP,2017-11-17
3044,Customer #3044,Jaguari,RS,2018-03-11
3045,Customer #3045,Vitoria Da Conquista,BA,2017-07-28
3046,Customer #3046,Porto Uniao,SC,2017-03-13
3047,Customer #3047,Rio De Janeiro,RJ,2017-11-26
3048,Customer #3048,Sao Joaquim Da Barra,SP,2018-05-15
3049,Customer #3049,Capanema,PR,2018-07-14
3050,Customer #3050,Votuporanga,SP,2017-05-08
3051,Customer #3051,Sao Paulo,SP,2018-06-05
3052,Customer #3052,Garopaba,SC,2017-10-09
3053,Customer #3053,Montes Claros,MG,2017-12-07
3054,Customer #3054,Taubate,SP,2017-05-05
3055,Customer #3055,Camacari,BA,2018-03-30
3056,Customer #3056,Rio De Janeiro,RJ,2018-01-25
3057,Customer #3057,Cuiaba,MT,2018-01-06
3058,Customer #3058,Sao Paulo,SP,2018-06-18
3059,Customer #3059,Ponta Pora,MS,2017-07-26
3060,Customer #3060,Sao Paulo,SP,2018-07-18
3061,Customer #3061,Canoas,RS,2018-07-21
3062,Customer #3062,Belo Horizonte,MG,2017-08-12
3063,Customer #3063,Campinas,SP,2018-02-10
3064,Customer #3064,Niteroi,RJ,2017-09-23
3065,Customer #3065,Toledo,PR,2018-02-26
3066,Customer #3066,Seropedica,RJ,2018-05-09
3067,Customer #3067,Jandira,SP,2017-06-22
3068,Customer #3068,Belo Horizonte,MG,2018-02-20
3069,Customer #3069,Belo Horizonte,MG,2017-11-16
3070,Customer #3070,Cristinapolis,SE,2018-04-26
3071,Customer #3071,Fortaleza,CE,2018-06-17
3072,Customer #3072,Guarulhos,SP,2017-06-07
3073,Customer #3073,Belo Horizonte,MG,2018-01-11
3074,Customer #3074,Sao Paulo,SP,2018-08-08
3075,Customer #3075,Caucaia,CE,2018-06-28
3076,Customer #3076,Sao Paulo,SP,2018-03-23
3077,Customer #3077,Angra Dos Reis,RJ,2017-05-08
3078,Customer #3078,Sao Paulo,SP,2017-09-18
3079,Customer #3079,Rio De Janeiro,RJ,2017-05-17
3080,Customer #3080,Rio De Janeiro,RJ,2017-07-24
3081,Customer #3081,Campinas,SP,2018-01-30
3082,Customer #3082,Capivari,SP,2017-09-01
3083,Customer #3083,Joinville,SC,2018-01-27
3084,Customer #3084,Manaus,AM,2017-12-12
3085,Customer #3085,Ribeirao Preto,SP,2017-05-29
3086,Customer #3086,Marilia,SP,2017-10-18
3087,Customer #3087,Rio Claro,SP,2017-12-28
3088,Customer #3088,Rio De Janeiro,RJ,2017-01-23
3089,Customer #3089,Votorantim,SP,2017-11-20
3090,Customer #3090,Rio De Janeiro,RJ,2017-04-24
3091,Customer #3091,Sao Paulo,SP,2018-08-09
3092,Customer #3092,Belo Horizonte,MG,2018-01-26
3093,Customer #3093,Quilombo,SC,2018-07-20
3094,Customer #3094,Belo Horizonte,MG,2018-02-07
3095,Customer #3095,Rio De Janeiro,RJ,2017-11-01
3096,Customer #3096,Sao Leopoldo,RS,2017-11-26
3097,Customer #3097,Rio De Janeiro,RJ,2018-06-04
3098,Customer #3098,Guarulhos,SP,2017-09-25
3099,Customer #3099,Jundiai,SP,2018-05-15
3100,Customer #3100,Salvador,BA,2017-11-23
3101,Customer #3101,Mogi Das Cruzes,SP,2018-07-31
3102,Customer #3102,Salvador,BA,2018-03-18
3103,Customer #3103,Santos,SP,2017-11-28
3104,Customer #3104,Sao Paulo,SP,2017-04-28
3105,Customer #3105,Itai,SP,2018-06-22
3106,Customer #3106,Sao Paulo,SP,2018-07-17
3107,Customer #3107,Rio De Janeiro,RJ,2017-12-27
3108,Customer #3108,Itapevi,SP,2018-03-12
3109,Customer #3109,Belo Horizonte,MG,2018-01-07
3110,Customer #3110,Brasilia,DF,2018-05-05
3111,Customer #3111,Sao Paulo,SP,2017-04-22
3112,Customer #3112,Atibaia,SP,2018-05-11
3113,Customer #3113,Canoas,RS,2017-11-09
3114,Customer #3114,Belo Horizonte,MG,2018-06-27
3115,Customer #3115,Paracambi,RJ,2017-09-24
3116,Customer #3116,Coribe,BA,2017-11-28
3117,Customer #3117,Santos,SP,2017-11-07
3118,Customer #3118,Marilia,SP,2017-06-05
3119,Customer #3119,Sao Paulo,SP,2018-05-18
3120,Customer #3120,Paracatu,MG,2017-09-19
3121,Customer #3121,Feira De Santana,BA,2017-07-15
3122,Customer #3122,Ouro Branco,MG,2017-09-12
3123,Customer #3123,Ourinhos,SP,2017-11-20
3124,Customer #3124,Sao Paulo,SP,2017-04-03
3125,Customer #3125,Francisco Morato,SP,2017-09-21
3126,Customer #3126,Brasilia,DF,2017-09-15
3127,Customer #3127,Porto Alegre,RS,2017-12-09
3128,Customer #3128,Rio Claro,SP,2018-06-21
3129,Customer #3129,Paranagua,PR,2018-02-15
3130,Customer #3130,Vera Cruz,SP,2018-03-06
3131,Customer #3131,Entre Rios,BA,2018-06-01
3132,Customer #3132,Bom Repouso,MG,2017-04-19
3133,Customer #3133,Sao Paulo,SP,2017-05-17
3134,Customer #3134,Atibaia,SP,2018-01-03
3135,Customer #3135,Santo Andre,SP,2018-07-01
3136,Customer #3136,Barueri,SP,2018-03-02
3137,Customer #3137,Santo Andre,SP,2018-08-15
3138,Customer #3138,Alto Caparao,MG,2017-09-18
3139,Customer #3139,Belo Horizonte,MG,2017-12-16
3140,Customer #3140,Bandeirantes Do Tocantins,TO,2018-06-09
3141,Customer #3141,Apiai,SP,2017-06-14
3142,Customer #3142,Belo Horizonte,MG,2017-11-30
3143,Customer #3143,Valinhos,SP,2018-06-02
3144,Customer #3144,Sao Paulo,SP,2017-08-24
3145,Customer #3145,Sao Paulo,SP,2017-08-03
3146,Customer #3146,Sao Paulo,SP,2017-02-10
3147,Customer #3147,Belo Horizonte,MG,2018-06-25
3148,Customer #3148,Serra Dourada,BA,2017-05-29
3149,Customer #3149,Recife,PE,2018-08-10
3150,Customer #3150,Rio De Janeiro,RJ,2018-02-24
3151,Customer #3151,Miguel Pereira,RJ,2017-11-26
3152,Customer #3152,Uberlandia,MG,2018-05-04
3153,Customer #3153,Sao Paulo,SP,2018-05-02
3154,Customer #3154,Sao Jose Dos Campos,SP,2018-07-02
3155,Customer #3155,Braganca Paulista,SP,2018-05-12
3156,Customer #3156,Campos Dos Goytacazes,RJ,2018-07-18
3157,Customer #3157,Mario Campos,MG,2018-02-17
3158,Customer #3158,Barueri,SP,2017-11-30
3159,Customer #3159,Tubarao,SC,2018-01-21
3160,Customer #3160,Sao Paulo,SP,2017-11-24
3161,Customer #3161,Sao Bernardo Do Campo,SP,2018-01-04
3162,Customer #3162,Boa Esperanca Do Iguacu,PR,2018-01-29
3163,Customer #3163,Guarulhos,SP,2017-06-30
3164,Customer #3164,Tangara Da Serra,MT,2017-09-15
3165,Customer #3165,Campinas,SP,2018-01-13
3166,Customer #3166,Sao Paulo,SP,2017-05-02
3167,Customer #3167,Rio De Janeiro,RJ,2018-03-04
3168,Customer #3168,Sao Geraldo,MG,2017-11-22
3169,Customer #3169,Belo Horizonte,MG,2018-02-28
3170,Customer #3170,Vacaria,RS,2018-08-16
3171,Customer #3171,Sao Paulo,SP,2017-10-17
3172,Customer #3172,Sao Paulo,SP,2017-02-20
3173,Customer #3173,Criciuma,SC,2017-10-23
3174,Customer #3174,Rio De Janeiro,RJ,2018-03-05
3175,Customer #3175,Sao Paulo,SP,2018-07-21
3176,Customer #3176,Sao Bernardo Do Campo,SP,2017-12-11
3177,Customer #3177,Rio De Janeiro,RJ,2017-07-11
3178,Customer #3178,Barueri,SP,2018-07-14
3179,Customer #3179,Joao Pessoa,PB,2018-08-06
3180,Customer #3180,Salvador,BA,2018-05-05
3181,Customer #3181,Rio De Janeiro,RJ,2018-02-22
3182,Customer #3182,Fortaleza,CE,2017-09-12
3183,Customer #3183,Rio De Janeiro,RJ,2018-01-04
3184,Customer #3184,Itupeva,SP,2017-06-12
3185,Customer #3185,Sao Paulo,SP,2017-10-18
3186,Customer #3186,Buritis,MG,2017-10-09
3187,Customer #3187,Teresina,PI,2018-07-12
3188,Customer #3188,Castanhal,PA,2018-08-18
3189,Customer #3189,Sao Luis,MA,2018-06-23
3190,Customer #3190,Chapeco,SC,2018-08-13
3191,Customer #3191,Uberaba,MG,2017-11-28
3192,Customer #3192,Sao Paulo,SP,2017-12-12
3193,Customer #3193,Santanesia,RJ,2018-02-25
3194,Customer #3194,Sao Paulo,SP,2018-02-01
3195,Customer #3195,Denise,MT,2018-08-19
3196,Customer #3196,Guarulhos,SP,2017-10-03
3197,Customer #3197,Sao Paulo,SP,2017-12-11
3198,Customer #3198,Rio De Janeiro,RJ,2017-05-13
3199,Customer #3199,Curitiba,PR,2017-10-16
3200,Customer #3200,Porto Alegre,RS,2017-10-24
3201,Customer #3201,Joao Neiva,ES,2018-08-19
3202,Customer #3202,Sao Paulo,SP,2017-12-21
3203,Customer #3203,Ituiutaba,MG,2018-07-04
3204,Customer #3204,Divinopolis De Goias,GO,2017-05-10
3205,Customer #3205,Itacare,BA,2018-04-10
3206,Customer #3206,Belo Horizonte,MG,2018-04-28
3207,Customer #3207,Barra Bonita,SP,2017-02-22
3208,Customer #3208,Sorocaba,SP,2018-04-03
3209,Customer #3209,Campinas,SP,2017-12-06
3210,Customer #3210,Contagem,MG,2018-08-08
3211,Customer #3211,Piao,RJ,2018-01-29
3212,Customer #3212,Estancia Velha,RS,2018-01-23
3213,Customer #3213,Curitiba,PR,2017-12-04
3214,Customer #3214,Contagem,MG,2017-05-12
3215,Customer #3215,Duque De Caxias,RJ,2018-02-20
3216,Customer #3216,Conselheiro Lafaiete,MG,2017-12-07
3217,Customer #3217,Contagem,MG,2018-07-28
3218,Customer #3218,Sao Paulo,SP,2018-08-18
3219,Customer #3219,Itabira,MG,2018-03-06
3220,Customer #3220,Carapicuiba,SP,2017-10-17
3221,Customer #3221,Ibitinga,SP,2018-02-04
3222,Customer #3222,Vila Velha,ES,2017-09-12
3223,Customer #3223,Guaruja,SP,2017-07-24
3224,Customer #3224,Italva,RJ,2018-05-29
3225,Customer #3225,Brasilia,DF,2018-02-07
3226,Customer #3226,Videira,SC,2018-01-25
3227,Customer #3227,Canarana,MT,2017-07-19
3228,Customer #3228,Guarulhos,SP,2018-08-12
3229,Customer #3229,Ponta Grossa,PR,2017-11-24
3230,Customer #3230,Sao Paulo,SP,2018-05-11
3231,Customer #3231,Sao Goncalo,RJ,2017-07-18
3232,Customer #3232,Manhuacu,MG,2018-02-19
3233,Customer #3233,Icara,SC,2017-09-19
3234,Customer #3234,Varginha,MG,2018-04-25
3235,Customer #3235,Taboao Da Serra,SP,2018-06-03
3236,Customer #3236,Sao Jose,SC,2018-06-28
3237,Customer #3237,Brasilia,DF,2017-11-24
3238,Customer #3238,Sao Paulo,SP,2017-02-10
3239,Customer #3239,Curitiba,PR,2017-07-06
3240,Customer #3240,Nilopolis,RJ,2017-06-15
3241,Customer #3241,Avare,SP,2017-12-11
3242,Customer #3242,Pelotas,RS,2017-11-25
3243,Customer #3243,Sao Paulo,SP,2018-08-07
3244,Customer #3244,Sao Paulo,SP,2018-04-10
3245,Customer #3245,Marilia,SP,2018-05-30
3246,Customer #3246,Maringa,PR,2017-11-30
3247,Customer #3247,Ilha Solteira,SP,2018-08-01
3248,Customer #3248,Rio De Janeiro,RJ,2018-04-11
3249,Customer #3249,Conceicao Do Mato Dentro,MG,2017-04-04
3250,Customer #3250,Anchieta,ES,2017-12-05
3251,Customer #3251,Brasilia,DF,2017-10-29
3252,Customer #3252,Sao Joaquim Da Barra,SP,2018-01-16
3253,Customer #3253,Sao Paulo,SP,2018-06-09
3254,Customer #3254,Cacapava,SP,2018-03-06
3255,Customer #3255,Cubatao,SP,2018-01-31
3256,Customer #3256,Guarapuava,PR,2018-08-12
3257,Customer #3257,Leme,SP,2017-12-19
3258,Customer #3258,Petropolis,RJ,2017-10-26
3259,Customer #3259,Sao Bernardo Do Campo,SP,2017-04-03
3260,Customer #3260,Soledade,PB,2017-09-04
3261,Customer #3261,Curitiba,PR,2018-02-20
3262,Customer #3262,Campo Largo,PR,2018-02-27
3263,Customer #3263,Ananindeua,PA,2017-08-05
3264,Customer #3264,Passos Maia,SC,2017-09-01
3265,Customer #3265,Joao Ramalho,SP,2017-05-12
3266,Customer #3266,Vera,MT,2017-07-03
3267,Customer #3267,Belo Horizonte,MG,2018-01-19
3268,Customer #3268,Brasilia,DF,2018-07-14
3269,Customer #3269,Cupira,PE,2018-02-03
3270,Customer #3270,Sao Goncalo,RJ,2017-05-22
3271,Customer #3271,Aracaju,SE,2017-04-29
3272,Customer #3272,Piracicaba,SP,2018-07-15
3273,Customer #3273,Ipatinga,MG,2018-02-18
3274,Customer #3274,Passos,MG,2017-03-11
3275,Customer #3275,Nova Iguacu,RJ,2017-08-14
3276,Customer #3276,Sao Paulo,SP,2018-01-10
3277,Customer #3277,Barretos,SP,2018-01-07
3278,Customer #3278,Fortaleza,CE,2018-03-07
3279,Customer #3279,Marilia,SP,2018-08-08
3280,Customer #3280,Sao Roque,SP,2018-08-18
3281,Customer #3281,Araruna,PR,2018-04-25
3282,Customer #3282,Brasilia,DF,2017-06-13
3283,Customer #3283,Porto Alegre,RS,2018-05-09
3284,Customer #3284,Lorena,SP,2017-07-24
3285,Customer #3285,Rio De Janeiro,RJ,2018-07-19
3286,Customer #3286,Sao Paulo,SP,2017-08-28
3287,Customer #3287,Sao Paulo,SP,2018-02-22
3288,Customer #3288,Sao Goncalo,RJ,2018-03-02
3289,Customer #3289,Natal,RN,2017-01-18
3290,Customer #3290,Rio De Janeiro,RJ,2018-02-17
3291,Customer #3291,Macae,RJ,2017-10-14
3292,Customer #3292,Assis Chateaubriand,PR,2018-04-04
3293,Customer #3293,Maceio,AL,2018-03-25
3294,Customer #3294,Paulista,PE,2018-03-15
3295,Customer #3295,Mondai,SC,2018-07-16
3296,Customer #3296,Sorocaba,SP,2017-10-31
3297,Customer #3297,Porto Alegre,RS,2017-10-21
3298,Customer #3298,Sao Joao Dos Patos,MA,2018-04-24
3299,Customer #3299,Santa Maria,RS,2018-08-13
3300,Customer #3300,Miranda,MS,2018-07-26
3301,Customer #3301,Castelandia,GO,2017-04-27
3302,Customer #3302,Pato Branco,PR,2017-05-19
3303,Customer #3303,Campos Dos Goytacazes,RJ,2018-02-05
3304,Customer #3304,Marilia,SP,2017-01-20
3305,Customer #3305,Santa Maria,RS,2018-07-23
3306,Customer #3306,Sao Paulo,SP,2018-05-18
3307,Customer #3307,Sao Paulo,SP,2018-04-10
3308,Customer #3308,Guarulhos,SP,2017-09-21
3309,Customer #3309,Ararangua,SC,2017-01-27
3310,Customer #3310,Mairipora,SP,2017-03-16
3311,Customer #3311,Guaruja,SP,2017-03-16
3312,Customer #3312,Curitiba,PR,2018-01-04
3313,Customer #3313,Curitiba,PR,2017-05-29
3314,Customer #3314,Sao Paulo,SP,2017-05-09
3315,Customer #3315,Sao Paulo,SP,2017-09-27
3316,Customer #3316,Eldorado,SP,2017-10-12
3317,Customer #3317,Blumenau,SC,2017-07-17
3318,Customer #3318,Monte Mor,SP,2017-09-06
3319,Customer #3319,Taguatinga,DF,2017-07-31
3320,Customer #3320,Belo Horizonte,MG,2017-05-24
3321,Customer #3321,Ribeirao Preto,SP,2018-03-18
3322,Customer #3322,Sao Paulo,SP,2017-08-11
3323,Customer #3323,Volta Redonda,RJ,2018-02-06
3324,Customer #3324,Ubaitaba,BA,2018-06-05
3325,Customer #3325,Rio De Janeiro,RJ,2017-11-20
3326,Customer #3326,Cotia,SP,2017-07-13
3327,Customer #3327,Sao Paulo,SP,2018-04-17
3328,Customer #3328,Sao Paulo,SP,2018-05-25
3329,Customer #3329,Vitoria,ES,2017-09-16
3330,Customer #3330,Brasilia,DF,2018-06-14
3331,Customer #3331,Cajobi,SP,2017-02-06
3332,Customer #3332,Natal,RN,2017-11-28
3333,Customer #3333,Rosario Do Sul,RS,2018-07-31
3334,Customer #3334,Sao Paulo,SP,2017-11-06
3335,Customer #3335,Braco Do Norte,SC,2018-08-09
3336,Customer #3336,Teofilo Otoni,MG,2018-02-24
3337,Customer #3337,Nova Odessa,SP,2017-05-15
3338,Customer #3338,Itaborai,RJ,2017-04-03
3339,Customer #3339,Santo Andre,SP,2018-08-05
3340,Customer #3340,Rio De Janeiro,RJ,2018-02-26
3341,Customer #3341,Jundiai,SP,2017-11-27
3342,Customer #3342,Belford Roxo,RJ,2017-07-26
3343,Customer #3343,Rio De Janeiro,RJ,2017-09-19
3344,Customer #3344,Palmas,TO,2017-05-01
3345,Customer #3345,Granja,CE,2017-11-13
3346,Customer #3346,Lauro De Freitas,BA,2018-04-28
3347,Customer #3347,Sao Joao Da Boa Vista,SP,2017-02-19
3348,Customer #3348,Sao Goncalo,RJ,2018-01-18
3349,Customer #3349,Ouro Branco,MG,2017-11-22
3350,Customer #3350,Gastao Vidigal,SP,2018-02-20
3351,Customer #3351,Bebedouro,SP,2018-05-22
3352,Customer #3352,Cuiaba,MT,2018-02-13
3353,Customer #3353,Sao Jose Dos Campos,SP,2017-11-16
3354,Customer #3354,Sao Paulo,SP,2017-08-07
3355,Customer #3355,Nova Iguacu,RJ,2018-06-07
3356,Customer #3356,Monte Mor,SP,2018-07-17
3357,Customer #3357,Virginopolis,MG,2018-08-16
3358,Customer #3358,Santos,SP,2018-07-04
3359,Customer #3359,Sao Paulo,SP,2018-04-04
3360,Customer #3360,Sao Paulo,SP,2017-12-04
3361,Customer #3361,Manaus,AM,2018-08-01
3362,Customer #3362,Maraba,PA,2018-06-15
3363,Customer #3363,Teofilo Otoni,MG,2018-07-16
3364,Customer #3364,Sao Paulo,SP,2018-07-31
3365,Customer #3365,Artur Nogueira,SP,2017-06-12
3366,Customer #3366,Campinas,SP,2018-05-31
3367,Customer #3367,Rio Das Ostras,RJ,2018-04-01
3368,Customer #3368,Carapicuiba,SP,2018-05-03
3369,Customer #3369,Brusque,SC,2018-08-21
3370,Customer #3370,Rio De Janeiro,RJ,2017-11-17
3371,Customer #3371,Nova Iguacu,RJ,2018-05-16
3372,Customer #3372,Cianorte,PR,2017-04-04
3373,Customer #3373,Campinas,SP,2017-06-22
3374,Customer #3374,Salvador,BA,2018-06-02
3375,Customer #3375,Teresina,PI,2017-11-18
3376,Customer #3376,Sumare,SP,2018-04-16
3377,Customer #3377,Sao Paulo,SP,2018-07-05
3378,Customer #3378,Fazenda Rio Grande,PR,2018-06-25
3379,Customer #3379,Campina Da Lagoa,PR,2018-03-07
3380,Customer #3380,Curitiba,PR,2018-04-02
3381,Customer #3381,Sao Paulo,SP,2017-04-04
3382,Customer #3382,Guarulhos,SP,2018-03-30
3383,Customer #3383,Salinas,MG,2018-01-06
3384,Customer #3384,Sete Lagoas,MG,2018-08-22
3385,Customer #3385,Sao Paulo,SP,2017-04-20
3386,Customer #3386,Sao Paulo,SP,2017-09-14
3387,Customer #3387,Belo Horizonte,MG,2018-03-25
3388,Customer #3388,Sao Paulo,SP,2017-11-24
3389,Customer #3389,Sao Paulo,SP,2017-11-06
3390,Customer #3390,Jundiai,SP,2018-07-22
3391,Customer #3391,Sao Joao Da Boa Vista,SP,2018-02-20
3392,Customer #3392,Ipatinga,MG,2018-04-11
3393,Customer #3393,Sao Paulo,SP,2017-07-15
3394,Customer #3394,Florianopolis,SC,2018-06-06
3395,Customer #3395,Cuiaba,MT,2017-10-26
3396,Customer #3396,Porto Alegre,RS,2018-03-31
3397,Customer #3397,Brasilia,DF,2018-05-14
3398,Customer #3398,Sao Paulo,SP,2017-05-07
3399,Customer #3399,Osasco,SP,2018-05-15
3400,Customer #3400,Porto Alegre,RS,2018-01-04
3401,Customer #3401,Sao Borja,RS,2017-12-09
3402,Customer #3402,Rio De Janeiro,RJ,2018-02-10
3403,Customer #3403,Belo Horizonte,MG,2017-03-11
3404,Customer #3404,Sales Oliveira,SP,2018-01-15
3405,Customer #3405,Tupa,SP,2017-11-07
3406,Customer #3406,Peruibe,SP,2017-09-18
3407,Customer #3407,Balneario Camboriu,SC,2017-11-10
3408,Customer #3408,Ribeirao Pires,SP,2018-08-23
3409,Customer #3409,Querencia,MT,2018-02-14
3410,Customer #3410,Porto Alegre,RS,2017-03-12
3411,Customer #3411,Sobradinho,RS,2017-07-02
3412,Customer #3412,Sorocaba,SP,2017-09-28
3413,Customer #3413,Rio De Janeiro,RJ,2017-06-08
3414,Customer #3414,Amparo,SP,2017-09-22
3415,Customer #3415,Ibaiti,PR,2018-01-09
3416,Customer #3416,Ribeirao Preto,SP,2018-08-16
3417,Customer #3417,Alvorada,RS,2018-08-07
3418,Customer #3418,Santa Maria,RS,2017-12-18
3419,Customer #3419,Itabira,MG,2018-05-15
3420,Customer #3420,Sao Paulo,SP,2017-03-12
3421,Customer #3421,Embu Das Artes,SP,2018-05-07
3422,Customer #3422,Manaus,AM,2017-11-21
3423,Customer #3423,Porto Alegre,RS,2018-04-06
3424,Customer #3424,Rio De Janeiro,RJ,2017-02-22
3425,Customer #3425,Santos,SP,2017-11-21
3426,Customer #3426,Carmo Da Cachoeira,MG,2018-05-02
3427,Customer #3427,Curitiba,PR,2017-06-23
3428,Customer #3428,Goiania,GO,2017-12-13
3429,Customer #3429,Cajazeiras,PB,2018-03-28
3430,Customer #3430,Rio De Janeiro,RJ,2018-01-21
3431,Customer #3431,Barueri,SP,2018-06-21
3432,Customer #3432,Sao Paulo,SP,2018-02-25
3433,Customer #3433,Vila Velha,ES,2017-02-02
3434,Customer #3434,Cariacica,ES,2018-03-09
3435,Customer #3435,Sao Paulo,SP,2017-04-30
3436,Customer #3436,Goiania,GO,2017-11-21
3437,Customer #3437,Santo Andre,SP,2018-07-05
3438,Customer #3438,Santo Andre,SP,2017-09-20
3439,Customer #3439,Sao Paulo,SP,2017-10-15
3440,Customer #3440,Niteroi,RJ,2017-10-10
3441,Customer #3441,Santana De Parnaiba,SP,2017-04-20
3442,Customer #3442,Sao Paulo,SP,2018-05-07
3443,Customer #3443,Carapicuiba,SP,2018-08-12
3444,Customer #3444,Rio De Janeiro,RJ,2017-10-10
3445,Customer #3445,Brasilia,DF,2018-08-16
3446,Customer #3446,Belo Horizonte,MG,2018-04-22
3447,Customer #3447,Piranguinho,MG,2017-10-10
3448,Customer #3448,Limoeiro Do Norte,CE,2017-08-15
3449,Customer #3449,Sao Paulo,SP,2017-12-02
3450,Customer #3450,Itajai,SC,2017-09-10
3451,Customer #3451,Castanheira,MT,2018-01-31
3452,Customer #3452,Tres Lagoas,MS,2017-11-14
3453,Customer #3453,Barueri,SP,2018-02-22
3454,Customer #3454,Contagem,MG,2018-01-10
3455,Customer #3455,Sao Paulo,SP,2018-05-23
3456,Customer #3456,Serra,ES,2018-01-18
3457,Customer #3457,Pelotas,RS,2018-05-17
3458,Customer #3458,Guarulhos,SP,2018-06-18
3459,Customer #3459,Conceicao Do Rio Verde,MG,2017-10-06
3460,Customer #3460,Sao Paulo,SP,2018-03-06
3461,Customer #3461,Capao Da Canoa,RS,2017-07-22
3462,Customer #3462,Igarassu,PE,2018-08-02
3463,Customer #3463,Franca,SP,2018-03-25
3464,Customer #3464,Itatiba,SP,2018-05-14
3465,Customer #3465,Itapora,MS,2017-09-24
3466,Customer #3466,Sao Paulo,SP,2018-04-04
3467,Customer #3467,Canoas,RS,2017-11-04
3468,Customer #3468,Mogi Das Cruzes,SP,2018-02-15
3469,Customer #3469,Guarulhos,SP,2017-10-20
3470,Customer #3470,Itajuba,MG,2017-05-06
3471,Customer #3471,Belo Horizonte,MG,2018-01-26
3472,Customer #3472,Araguaina,TO,2017-05-11
3473,Customer #3473,Sao Paulo,SP,2018-02-19
3474,Customer #3474,Rio De Janeiro,RJ,2018-02-23
3475,Customer #3475,Rio De Janeiro,RJ,2017-03-07
3476,Customer #3476,Joinville,SC,2017-07-05
3477,Customer #3477,Santa Gertrudes,SP,2018-05-12
3478,Customer #3478,Rio De Janeiro,RJ,2017-12-16
3479,Customer #3479,Vila Velha,ES,2017-07-17
3480,Customer #3480,Sao Paulo,SP,2017-07-27
3481,Customer #3481,Sao Paulo,SP,2018-08-16
3482,Customer #3482,Fortaleza,CE,2018-01-12
3483,Customer #3483,Esteio,RS,2017-08-10
3484,Customer #3484,Sao Jose Dos Campos,SP,2017-11-11
3485,Customer #3485,Rio De Janeiro,RJ,2017-02-16
3486,Customer #3486,Santos,SP,2018-03-11
3487,Customer #3487,Sao Paulo,SP,2018-07-17
3488,Customer #3488,Rio Claro,SP,2017-11-24
3489,Customer #3489,Sao Paulo,SP,2017-09-11
3490,Customer #3490,Avare,SP,2017-06-28
3491,Customer #3491,Santa Barbara D'Oeste,SP,2017-12-04
3492,Customer #3492,Panambi,RS,2017-11-21
3493,Customer #3493,Ribeirao Preto,SP,2017-12-18
3494,Customer #3494,Uruguaiana,RS,2018-08-20
3495,Customer #3495,Piracicaba,SP,2017-10-18
3496,Customer #3496,Londrina,PR,2018-06-17
3497,Customer #3497,Sao Goncalo,RJ,2018-02-05
3498,Customer #3498,Sao Paulo,SP,2017-05-09
3499,Customer #3499,Sao Sebastiao Do Alto,RJ,2017-09-19
3500,Customer #3500,Extrema,MG,2018-06-20
3501,Customer #3501,Belem,PA,2017-05-20
3502,Customer #3502,Rio De Janeiro,RJ,2017-11-14
3503,Customer #3503,Belo Horizonte,MG,2018-03-30
3504,Customer #3504,Londrina,PR,2017-11-25
3505,Customer #3505,Sao Miguel Do Iguacu,PR,2017-09-27
3506,Customer #3506,Belo Horizonte,MG,2017-10-10
3507,Customer #3507,Itajuba,MG,2018-07-20
3508,Customer #3508,Alto Do Rodrigues,RN,2017-05-22
3509,Customer #3509,Cesario Lange,SP,2017-10-03
3510,Customer #3510,Leme,SP,2018-05-07
3511,Customer #3511,Monte Aprazivel,SP,2017-07-24
3512,Customer #3512,Posse,GO,2018-04-18
3513,Customer #3513,Goiania,GO,2017-06-16
3514,Customer #3514,Campos Dos Goytacazes,RJ,2018-03-11
3515,Customer #3515,Niteroi,RJ,2018-05-15
3516,Customer #3516,Emilianopolis,SP,2018-03-05
3517,Customer #3517,Sao Paulo,SP,2018-05-01
3518,Customer #3518,Sao Paulo,SP,2017-08-17
3519,Customer #3519,Caxias Do Sul,RS,2018-04-09
3520,Customer #3520,Campo Grande,MS,2017-10-19
3521,Customer #3521,Contagem,MG,2018-08-18
3522,Customer #3522,Sao Paulo,SP,2018-06-04
3523,Customer #3523,Igarapava,SP,2017-12-31
3524,Customer #3524,Santo Andre,SP,2017-05-31
3525,Customer #3525,Americana,SP,2018-05-09
3526,Customer #3526,Cuiaba,MT,2017-06-09
3527,Customer #3527,Sao Paulo,SP,2018-07-09
3528,Customer #3528,Itaquaquecetuba,SP,2017-07-19
3529,Customer #3529,Alto Garcas,MT,2018-08-04
3530,Customer #3530,Campos Dos Goytacazes,RJ,2017-07-12
3531,Customer #3531,Joinville,SC,2017-06-08
3532,Customer #3532,Sao Paulo,SP,2018-01-12
3533,Customer #3533,Lages,SC,2017-04-20
3534,Customer #3534,Pantano Grande,RS,2017-03-02
3535,Customer #3535,Feira De Santana,BA,2017-10-10
3536,Customer #3536,Sorocaba,SP,2017-11-28
3537,Customer #3537,Santana De Parnaiba,SP,2017-11-06
3538,Customer #3538,Sao Bernardo Do Campo,SP,2018-03-31
3539,Customer #3539,Porto Alegre,RS,2018-01-08
3540,Customer #3540,Luis Eduardo Magalhaes,BA,2018-07-16
3541,Customer #3541,Caraguatatuba,SP,2017-03-04
3542,Customer #3542,Campinas,SP,2017-06-13
3543,Customer #3543,Assis,SP,2017-12-16
3544,Customer #3544,Goianesia,GO,2017-05-31
3545,Customer #3545,Sao Paulo,SP,2018-05-02
3546,Customer #3546,Brusque,SC,2017-11-25
3547,Customer #3547,Garopaba,SC,2017-12-08
3548,Customer #3548,Curitiba,PR,2017-11-05
3549,Customer #3549,Goiania,GO,2018-02-10
3550,Customer #3550,Sao Paulo,SP,2017-11-11
3551,Customer #3551,Sao Vicente,SP,2017-11-29
3552,Customer #3552,Santo Andre,SP,2018-07-28
3553,Customer #3553,Munhoz De Melo,PR,2017-02-08
3554,Customer #3554,Salvador,BA,2017-11-28
3555,Customer #3555,Niteroi,RJ,2017-05-24
3556,Customer #3556,Macaubal,SP,2018-05-18
3557,Customer #3557,Curitiba,PR,2017-09-29
3558,Customer #3558,Nilopolis,RJ,2018-05-14
3559,Customer #3559,Barra Bonita,SP,2017-12-03
3560,Customer #3560,Ibirama,SC,2018-08-06
3561,Customer #3561,Chapeco,SC,2018-01-15
3562,Customer #3562,Goiania,GO,2018-01-30
3563,Customer #3563,Curitiba,PR,2017-06-27
3564,Customer #3564,Sao Paulo,SP,2018-03-03
3565,Customer #3565,Sao Paulo,SP,2018-01-06
3566,Customer #3566,Aparecida Do Taboado,MS,2018-08-07
3567,Customer #3567,Macae,RJ,2018-05-10
3568,Customer #3568,Tubarao,SC,2018-01-31
3569,Customer #3569,Iguaba Grande,RJ,2018-01-24
3570,Customer #3570,Sao Paulo,SP,2018-08-14
3571,Customer #3571,Pelotas,RS,2017-07-11
3572,Customer #3572,Sao Paulo,SP,2017-04-12
3573,Customer #3573,Mostardas,RS,2018-02-09
3574,Customer #3574,Rio De Janeiro,RJ,2017-06-25
3575,Customer #3575,Mococa,SP,2017-04-01
3576,Customer #3576,Aracaju,SE,2017-05-08
3577,Customer #3577,Imbituba,SC,2017-12-11
3578,Customer #3578,Sorocaba,SP,2018-02-14
3579,Customer #3579,Sao Paulo,SP,2018-05-10
3580,Customer #3580,Sao Paulo,SP,2018-07-20
3581,Customer #3581,Luziania,GO,2018-02-20
3582,Customer #3582,Sao Bernardo Do Campo,SP,2018-02-19
3583,Customer #3583,Sao Paulo,SP,2017-09-17
3584,Customer #3584,Sao Luis,MA,2017-08-16
3585,Customer #3585,Rio De Janeiro,RJ,2018-07-18
3586,Customer #3586,Joao Pessoa,PB,2017-05-06
3587,Customer #3587,Rio De Janeiro,RJ,2017-12-16
3588,Customer #3588,Brasilia,DF,2018-01-26
3589,Customer #3589,Brasilia,DF,2018-06-24
3590,Customer #3590,Goioere,PR,2017-12-14
3591,Customer #3591,Sao Paulo,SP,2017-12-11
3592,Customer #3592,Santos,SP,2018-05-01
3593,Customer #3593,Belo Horizonte,MG,2017-12-26
3594,Customer #3594,Rio De Janeiro,RJ,2018-01-20
3595,Customer #3595,Senador Canedo,GO,2018-07-05
3596,Customer #3596,Sao Paulo,SP,2017-02-19
3597,Customer #3597,Recife,PE,2018-08-08
3598,Customer #3598,Blumenau,SC,2018-06-19
3599,Customer #3599,Sinop,MT,2018-06-30
3600,Customer #3600,Campinas,SP,2017-09-28
3601,Customer #3601,Sao Paulo,SP,2018-03-04
3602,Customer #3602,Sao Paulo,SP,2018-05-04
3603,Customer #3603,Taboao Da Serra,SP,2017-10-19
3604,Customer #3604,Barra Mansa,RJ,2018-03-25
3605,Customer #3605,Ferraz De Vasconcelos,SP,2017-08-13
3606,Customer #3606,Curvelo,MG,2017-11-28
3607,Customer #3607,Sao Paulo,SP,2017-05-25
3608,Customer #3608,Jundiai,SP,2018-04-20
3609,Customer #3609,Recife,PE,2018-07-22
3610,Customer #3610,Cuiaba,MT,2018-03-11
3611,Customer #3611,Rio De Janeiro,RJ,2018-05-01
3612,Customer #3612,Juiz De Fora,MG,2018-02-25
3613,Customer #3613,Curitiba,PR,2018-01-14
3614,Customer #3614,Rio De Janeiro,RJ,2018-07-02
3615,Customer #3615,Sao Paulo,SP,2018-03-27
3616,Customer #3616,Fortaleza,CE,2018-01-14
3617,Customer #3617,Niteroi,RJ,2017-08-14
3618,Customer #3618,Uberaba,MG,2018-07-14
3619,Customer #3619,Diadema,SP,2017-12-05
3620,Customer #3620,Belo Horizonte,MG,2018-06-11
3621,Customer #3621,Sao Paulo,SP,2017-12-04
3622,Customer #3622,Teresopolis,RJ,2017-01-20
3623,Customer #3623,Volta Redonda,RJ,2017-10-27
3624,Customer #3624,Sao Paulo,SP,2017-09-23
3625,Customer #3625,Rio De Janeiro,RJ,2018-01-15
3626,Customer #3626,Juiz De Fora,MG,2017-04-28
3627,Customer #3627,Sao Paulo,SP,2018-04-03
3628,Customer #3628,Jundiai,SP,2017-11-06
3629,Customer #3629,Sao Paulo,SP,2018-01-09
3630,Customer #3630,Sao Paulo,SP,2018-06-26
3631,Customer #3631,Lages,SC,2018-06-21
3632,Customer #3632,Belo Horizonte,MG,2017-04-05
3633,Customer #3633,Maua,SP,2017-09-08
3634,Customer #3634,Rio De Janeiro,RJ,2018-01-21
3635,Customer #3635,Belo Horizonte,MG,2018-08-17
3636,Customer #3636,Jaboticabal,SP,2018-01-26
3637,Customer #3637,Belo Horizonte,MG,2017-12-07
3638,Customer #3638,Caieiras,SP,2017-01-26
3639,Customer #3639,Guarulhos,SP,2018-07-30
3640,Customer #3640,Varzea Da Palma,MG,2017-11-16
3641,Customer #3641,Ibiraci,MG,2018-06-21
3642,Customer #3642,Guaratingueta,SP,2018-02-13
3643,Customer #3643,Jundiai,SP,2018-01-14
3644,Customer #3644,Embu-Guacu,SP,2018-05-01
3645,Customer #3645,Guapiacu,SP,2017-03-25
3646,Customer #3646,Mogi Das Cruzes,SP,2017-06-30
3647,Customer #3647,Curitiba,PR,2018-06-26
3648,Customer #3648,Guarapuava,PR,2017-07-25
3649,Customer #3649,Cabo Frio,RJ,2017-12-22
3650,Customer #3650,Sao Paulo,SP,2018-03-23
3651,Customer #3651,Gaspar,SC,2017-07-18
3652,Customer #3652,Bom Jesus,PI,2018-08-01
3653,Customer #3653,Diadema,SP,2017-09-05
3654,Customer #3654,Cuiaba,MT,2018-02-21
3655,Customer #3655,Itajuba,MG,2017-02-21
3656,Customer #3656,Brasilia,DF,2017-12-13
3657,Customer #3657,Belo Horizonte,MG,2017-11-24
3658,Customer #3658,Bonfim Paulista,SP,2018-08-16
3659,Customer #3659,Paulo Afonso,BA,2018-08-11
3660,Customer #3660,Belo Horizonte,MG,2018-06-18
3661,Customer #3661,Sao Joao Da Boa Vista,SP,2018-07-04
3662,Customer #3662,Registro,SP,2018-03-29
3663,Customer #3663,Santana Do Ipanema,AL,2018-01-03
3664,Customer #3664,Recife,PE,2018-01-25
3665,Customer #3665,Eldorado,SP,2018-08-03
3666,Customer #3666,Teresina,PI,2018-05-22
3667,Customer #3667,Novo Hamburgo,RS,2018-01-03
3668,Customer #3668,Sao Paulo,SP,2018-02-20
3669,Customer #3669,Tijucas,SC,2017-07-30
3670,Customer #3670,Palhoca,SC,2017-09-21
3671,Customer #3671,Serra Talhada,PE,2018-07-16
3672,Customer #3672,Campinas,SP,2018-05-22
3673,Customer #3673,Belo Horizonte,MG,2017-10-22
3674,Customer #3674,Brasilia,DF,2018-04-19
3675,Customer #3675,Campinas,SP,2018-06-10
3676,Customer #3676,Londrina,PR,2017-05-21
3677,Customer #3677,Rio De Janeiro,RJ,2018-03-23
3678,Customer #3678,Sao Bernardo Do Campo,SP,2017-10-02
3679,Customer #3679,Castanhal,PA,2017-11-03
3680,Customer #3680,Trajano De Moraes,RJ,2018-01-23
3681,Customer #3681,Lorena,SP,2017-11-13
3682,Customer #3682,Anapolis,GO,2017-11-29
3683,Customer #3683,Sao Paulo,SP,2018-07-06
3684,Customer #3684,Belem,PA,2018-04-27
3685,Customer #3685,Sao Paulo,SP,2018-08-12
3686,Customer #3686,Ribeirao Preto,SP,2017-05-11
3687,Customer #3687,Sao Paulo,SP,2017-11-16
3688,Customer #3688,Natal,RN,2017-08-12
3689,Customer #3689,Cotia,SP,2018-03-16
3690,Customer #3690,Bauru,SP,2017-02-07
3691,Customer #3691,Campinas,SP,2017-06-06
3692,Customer #3692,Joao Monlevade,MG,2017-12-06
3693,Customer #3693,Mogi Mirim,SP,2017-06-29
3694,Customer #3694,Sao Jose Dos Campos,SP,2018-03-03
3695,Customer #3695,Palmeira Das Missoes,RS,2017-05-10
3696,Customer #3696,Iguaba Grande,RJ,2018-02-21
3697,Customer #3697,Sao Paulo,SP,2018-02-15
3698,Customer #3698,Tarabai,SP,2018-07-01
3699,Customer #3699,Silvania,GO,2017-12-04
3700,Customer #3700,Senhor Do Bonfim,BA,2018-08-08
3701,Customer #3701,Hidrolandia,GO,2018-08-16
3702,Customer #3702,Tabapua,SP,2018-02-14
3703,Customer #3703,Pato Branco,PR,2018-04-25
3704,Customer #3704,Linhares,ES,2017-11-30
3705,Customer #3705,Iraquara,BA,2017-09-07
3706,Customer #3706,Jaragua Do Sul,SC,2017-10-17
3707,Customer #3707,Aracaju,SE,2017-06-02
3708,Customer #3708,Batatais,SP,2018-04-05
3709,Customer #3709,Navegantes,SC,2017-11-06
3710,Customer #3710,Belo Horizonte,MG,2017-11-30
3711,Customer #3711,Sao Paulo,SP,2017-07-04
3712,Customer #3712,Guarulhos,SP,2018-07-04
3713,Customer #3713,Blumenau,SC,2017-11-21
3714,Customer #3714,Novo Hamburgo,RS,2018-04-06
3715,Customer #3715,Sao Paulo,SP,2018-08-23
3716,Customer #3716,Francisco Morato,SP,2018-04-07
3717,Customer #3717,Sertaozinho,SP,2017-11-29
3718,Customer #3718,Piracicaba,SP,2018-08-09
3719,Customer #3719,Sao Paulo,SP,2018-02-18
3720,Customer #3720,Salvador,BA,2018-06-09
3721,Customer #3721,Rio De Janeiro,RJ,2018-02-19
3722,Customer #3722,Rio De Janeiro,RJ,2018-05-12
3723,Customer #3723,Sao Paulo,SP,2018-03-17
3724,Customer #3724,Medianeira,PR,2018-03-21
3725,Customer #3725,Palmeira Das Missoes,RS,2017-09-03
3726,Customer #3726,Ponta Grossa,PR,2017-02-14
3727,Customer #3727,Campinas,SP,2017-12-15
3728,Customer #3728,Sao Paulo,SP,2017-12-06
3729,Customer #3729,Sao Paulo,SP,2017-08-31
3730,Customer #3730,Jundiai,SP,2017-06-01
3731,Customer #3731,Sao Paulo,SP,2018-05-30
3732,Customer #3732,Rio De Janeiro,RJ,2017-09-18
3733,Customer #3733,Sao Paulo,SP,2018-05-14
3734,Customer #3734,Vitoria,ES,2018-02-01
3735,Customer #3735,Ipatinga,MG,2017-08-18
3736,Customer #3736,Volta Redonda,RJ,2018-02-20
3737,Customer #3737,Santa Teresa,ES,2018-03-25
3738,Customer #3738,Monte Carmelo,MG,2018-07-09
3739,Customer #3739,Cruz,CE,2017-05-26
3740,Customer #3740,Pinhais,PR,2017-01-31
3741,Customer #3741,Itaquaquecetuba,SP,2018-03-26
3742,Customer #3742,Colonia Vitoria,PR,2018-04-27
3743,Customer #3743,Campos Belos,GO,2017-11-02
3744,Customer #3744,Uba,MG,2017-12-30
3745,Customer #3745,Sao Paulo,SP,2018-01-02
3746,Customer #3746,Sao Paulo,SP,2018-05-16
3747,Customer #3747,Arraial D'Ajuda,BA,2017-10-26
3748,Customer #3748,Contagem,MG,2018-06-20
3749,Customer #3749,Belem,PA,2018-07-12
3750,Customer #3750,Salvador,BA,2017-06-16
3751,Customer #3751,Sao Sebastiao Do Passe,BA,2018-06-12
3752,Customer #3752,Praia Grande,SP,2018-07-29
3753,Customer #3753,Getulio Vargas,RS,2017-11-23
3754,Customer #3754,Campinas,SP,2017-09-19
3755,Customer #3755,Anapolis,GO,2017-09-04
3756,Customer #3756,Sao Paulo,SP,2018-05-29
3757,Customer #3757,Sao Paulo,SP,2018-08-11
3758,Customer #3758,Belo Horizonte,MG,2018-01-03
3759,Customer #3759,Fartura,SP,2018-08-01
3760,Customer #3760,Vitoria,ES,2018-06-26
3761,Customer #3761,Pirai,RJ,2017-11-29
3762,Customer #3762,Santos,SP,2018-06-27
3763,Customer #3763,Sao Paulo,SP,2017-03-21
3764,Customer #3764,Nova Iguacu,RJ,2018-04-03
3765,Customer #3765,Cotia,SP,2018-08-16
3766,Customer #3766,Osasco,SP,2017-05-18
3767,Customer #3767,Belo Horizonte,MG,2018-06-29
3768,Customer #3768,Itapevi,SP,2018-08-19
3769,Customer #3769,Patrocinio,MG,2018-03-27
3770,Customer #3770,Passo Fundo,RS,2017-07-22
3771,Customer #3771,Jau,SP,2017-07-12
3772,Customer #3772,Sarandi,PR,2017-11-03
3773,Customer #3773,Sao Paulo,SP,2018-04-15
3774,Customer #3774,Limeira,SP,2018-08-12
3775,Customer #3775,Montes Claros,MG,2017-12-30
3776,Customer #3776,Sao Paulo,SP,2018-03-31
3777,Customer #3777,Campinas,SP,2018-07-18
3778,Customer #3778,Belo Horizonte,MG,2018-03-23
3779,Customer #3779,Miguel Pereira,RJ,2018-05-16
3780,Customer #3780,Teresopolis,RJ,2017-04-22
3781,Customer #3781,Louveira,SP,2018-02-07
3782,Customer #3782,Sao Paulo,SP,2017-11-21
3783,Customer #3783,Sao Joao Evangelista,MG,2018-01-17
3784,Customer #3784,Niteroi,RJ,2018-07-23
3785,Customer #3785,Santo Andre,SP,2017-11-24
3786,Customer #3786,Parai,RS,2018-04-20
3787,Customer #3787,Agua Doce Do Norte,ES,2018-01-08
3788,Customer #3788,Alegrete,RS,2017-05-04
3789,Customer #3789,Pontes E Lacerda,MT,2018-05-01
3790,Customer #3790,Rio De Janeiro,RJ,2018-06-29
3791,Customer #3791,Sacramento,MG,2017-05-09
3792,Customer #3792,Crato,CE,2018-02-13
3793,Customer #3793,Recife,PE,2018-04-19
3794,Customer #3794,Vitoria,ES,2018-07-14
3795,Customer #3795,Guarulhos,SP,2018-04-13
3796,Customer #3796,Piracicaba,SP,2018-04-12
3797,Customer #3797,Palmeira Das Missoes,RS,2018-03-20
3798,Customer #3798,Niteroi,RJ,2018-07-31
3799,Customer #3799,Embu Das Artes,SP,2017-04-23
3800,Customer #3800,Fortaleza,CE,2017-05-24
3801,Customer #3801,Santana De Parnaiba,SP,2017-03-10
3802,Customer #3802,Santa Cruz Do Sul,RS,2018-03-02
3803,Customer #3803,Sao Luis,MA,2018-02-21
3804,Customer #3804,Rio De Janeiro,RJ,2018-08-05
3805,Customer #3805,Taruma,SP,2018-04-16
3806,Customer #3806,Sao Paulo,SP,2018-07-16
3807,Customer #3807,Rio De Janeiro,RJ,2017-03-03
3808,Customer #3808,Cruzeiro Do Sul,RS,2017-09-17
3809,Customer #3809,Cajamar,SP,2017-04-05
3810,Customer #3810,Tres Lagoas,MS,2018-07-25
3811,Customer #3811,Fortaleza,CE,2017-07-10
3812,Customer #3812,Sao Paulo,SP,2018-06-01
3813,Customer #3813,Sao Jose Dos Campos,SP,2018-06-08
3814,Customer #3814,Cotia,SP,2017-05-19
3815,Customer #3815,Camaragibe,PE,2018-07-17
3816,Customer #3816,Itaquaquecetuba,SP,2018-05-16
3817,Customer #3817,Viamao,RS,2018-06-13
3818,Customer #3818,Sao Paulo,SP,2017-12-08
3819,Customer #3819,Jaboticabal,SP,2018-01-02
3820,Customer #3820,Teresopolis,RJ,2018-06-01
3821,Customer #3821,Santa Ines,BA,2017-10-12
3822,Customer #3822,Lagoa Santa,MG,2018-04-12
3823,Customer #3823,Sao Paulo,SP,2018-04-11
3824,Customer #3824,Carmo Do Cajuru,MG,2018-04-07
3825,Customer #3825,Rio De Janeiro,RJ,2018-05-17
3826,Customer #3826,Palhoca,SC,2017-11-24
3827,Customer #3827,Itabaiana,SE,2017-10-12
3828,Customer #3828,Diadema,SP,2017-12-21
3829,Customer #3829,Itapecerica Da Serra,SP,2018-04-26
3830,Customer #3830,Canoas,RS,2017-04-21
3831,Customer #3831,Cachoeiro De Itapemirim,ES,2018-04-23
3832,Customer #3832,Sao Paulo,SP,2018-06-11
3833,Customer #3833,Sao Paulo,SP,2017-12-21
3834,Customer #3834,Nova Iguacu,RJ,2018-03-11
3835,Customer #3835,Sao Paulo,SP,2017-12-07
3836,Customer #3836,Trindade,GO,2017-07-11
3837,Customer #3837,Santa Maria,RS,2018-06-08
3838,Customer #3838,Porangatu,GO,2018-04-26
3839,Customer #3839,Sao Paulo,SP,2017-08-29
3840,Customer #3840,Sao Paulo,SP,2017-11-28
3841,Customer #3841,Brasilia,DF,2018-06-17
3842,Customer #3842,Fraiburgo,SC,2018-05-10
3843,Customer #3843,Pouso Alegre,MG,2017-10-22
3844,Customer #3844,Itarare,SP,2018-03-12
3845,Customer #3845,Rio De Janeiro,RJ,2017-02-02
3846,Customer #3846,Sao Leopoldo,RS,2018-06-01
3847,Customer #3847,Sao Paulo,SP,2017-10-16
3848,Customer #3848,Vitoria Da Conquista,BA,2017-09-03
3849,Customer #3849,Sao Paulo,SP,2017-11-05
3850,Customer #3850,Osasco,SP,2017-08-14
3851,Customer #3851,Rio De Janeiro,RJ,2017-10-17
3852,Customer #3852,Caxias Do Sul,RS,2018-07-28
3853,Customer #3853,Maceio,AL,2018-02-24
3854,Customer #3854,Florianopolis,SC,2018-06-12
3855,Customer #3855,Campos Dos Goytacazes,RJ,2017-10-27
3856,Customer #3856,Cachoeira Do Sul,RS,2018-08-12
3857,Customer #3857,Niteroi,RJ,2017-09-10
3858,Customer #3858,Fortaleza,CE,2017-06-23
3859,Customer #3859,Cuiaba,MT,2018-01-26
3860,Customer #3860,Osasco,SP,2017-06-24
3861,Customer #3861,Palmeira D Oeste,SP,2017-02-05
3862,Customer #3862,Goiania,GO,2017-10-03
3863,Customer #3863,Orlandia,SP,2018-04-10
3864,Customer #3864,Porto Alegre,RS,2018-03-23
3865,Customer #3865,Sao Paulo,SP,2017-01-27
3866,Customer #3866,Ipatinga,MG,2017-12-20
3867,Customer #3867,Porto Alegre,RS,2017-01-29
3868,Customer #3868,Curitiba,PR,2017-10-27
3869,Customer #3869,Sao Paulo,SP,2017-06-06
3870,Customer #3870,Ituverava,SP,2017-12-24
3871,Customer #3871,Guarulhos,SP,2018-03-21
3872,Customer #3872,Sao Bernardo Do Campo,SP,2017-09-18
3873,Customer #3873,Avare,SP,2018-04-02
3874,Customer #3874,Sao Paulo,SP,2018-08-06
3875,Customer #3875,Siqueira Campos,PR,2017-08-08
3876,Customer #3876,Espera Feliz,MG,2017-10-02
3877,Customer #3877,Santa Cruz Do Sul,RS,2018-02-17
3878,Customer #3878,Mozarlandia,GO,2017-10-25
3879,Customer #3879,Imbe,RS,2018-05-07
3880,Customer #3880,Anapolis,GO,2018-04-26
3881,Customer #3881,Goiania,GO,2018-05-11
3882,Customer #3882,Penaforte,CE,2017-11-12
3883,Customer #3883,Nova Iguacu,RJ,2017-05-16
3884,Customer #3884,Itanhaem,SP,2017-10-11
3885,Customer #3885,Sao Carlos,SP,2017-05-12
3886,Customer #3886,Sao Paulo,SP,2018-04-12
3887,Customer #3887,Campos Dos Goytacazes,RJ,2018-07-05
3888,Customer #3888,Sao Paulo,SP,2017-03-29
3889,Customer #3889,Sao Paulo,SP,2017-07-10
3890,Customer #3890,Dores De Campos,MG,2017-11-25
3891,Customer #3891,Atibaia,SP,2018-07-26
3892,Customer #3892,Sao Paulo,SP,2017-11-27
3893,Customer #3893,Montes Claros,MG,2017-05-24
3894,Customer #3894,Sao Paulo,SP,2017-08-21
3895,Customer #3895,Porto Alegre,RS,2018-07-20
3896,Customer #3896,Nova Iguacu,RJ,2017-08-01
3897,Customer #3897,Sao Paulo,SP,2017-08-19
3898,Customer #3898,Brasilia,DF,2017-10-19
3899,Customer #3899,Sao Paulo,SP,2018-01-14
3900,Customer #3900,Rio De Janeiro,RJ,2018-04-27
3901,Customer #3901,Blumenau,SC,2017-10-26
3902,Customer #3902,Campinas Do Sul,RS,2018-01-17
3903,Customer #3903,Parisi,SP,2018-01-18
3904,Customer #3904,Balneario Camboriu,SC,2018-03-18
3905,Customer #3905,Araraquara,SP,2018-03-24
3906,Customer #3906,Sao Paulo,SP,2017-01-30
3907,Customer #3907,Claudio,MG,2018-08-08
3908,Customer #3908,Guarulhos,SP,2018-06-20
3909,Customer #3909,Porto Alegre,RS,2017-05-20
3910,Customer #3910,Santana Da Boa Vista,RS,2018-01-25
3911,Customer #3911,Nilopolis,RJ,2018-07-21
3912,Customer #3912,Belo Horizonte,MG,2018-01-15
3913,Customer #3913,Paracatu,MG,2017-10-29
3914,Customer #3914,Bom Despacho,MG,2018-04-22
3915,Customer #3915,Sao Paulo,SP,2017-11-26
3916,Customer #3916,Porto Ferreira,SP,2018-04-03
3917,Customer #3917,Descoberto,MG,2018-06-09
3918,Customer #3918,Gaucha Do Norte,MT,2018-06-30
3919,Customer #3919,Sao Paulo,SP,2017-05-15
3920,Customer #3920,Valparaiso,SP,2018-08-11
3921,Customer #3921,Rio Do Sul,SC,2017-05-05
3922,Customer #3922,Santo Andre,SP,2018-03-19
3923,Customer #3923,Curitiba,PR,2018-02-19
3924,Customer #3924,Guaratingueta,SP,2018-08-05
3925,Customer #3925,Sao Goncalo,RJ,2017-10-09
3926,Customer #3926,Sao Paulo,SP,2018-01-10
3927,Customer #3927,Piracicaba,SP,2018-03-17
3928,Customer #3928,Passo Fundo,RS,2018-01-14
3929,Customer #3929,Claudio,MG,2017-02-13
3930,Customer #3930,Assis,SP,2017-02-23
3931,Customer #3931,Laranjeiras Do Sul,PR,2017-06-07
3932,Customer #3932,Ipatinga,MG,2018-01-29
3933,Customer #3933,Jaragua Do Sul,SC,2017-11-16
3934,Customer #3934,Sao Paulo,SP,2017-11-20
3935,Customer #3935,Sao Paulo,SP,2018-04-25
3936,Customer #3936,Rondon Do Para,PA,2018-03-14
3937,Customer #3937,Sao Paulo,SP,2017-09-03
3938,Customer #3938,Paranavai,PR,2018-03-31
3939,Customer #3939,Sao Paulo,SP,2018-07-17
3940,Customer #3940,Sao Paulo,SP,2018-07-26
3941,Customer #3941,Campinas,SP,2018-04-13
3942,Customer #3942,Sao Sebastiao Do Paraiso,MG,2017-02-01
3943,Customer #3943,Teresopolis,RJ,2018-08-05
3944,Customer #3944,Rio De Janeiro,RJ,2017-08-29
3945,Customer #3945,Brusque,SC,2018-05-15
3946,Customer #3946,Governador Valadares,MG,2018-04-22
3947,Customer #3947,Jaboatao Dos Guararapes,PE,2018-04-07
3948,Customer #3948,Rio De Janeiro,RJ,2018-05-04
3949,Customer #3949,Aracatuba,SP,2017-03-17
3950,Customer #3950,Sao Jose Dos Campos,SP,2018-05-01
3951,Customer #3951,Sao Paulo,SP,2017-07-23
3952,Customer #3952,Tres Arroios,RS,2018-06-21
3953,Customer #3953,Manhuacu,MG,2018-08-04
3954,Customer #3954,Barbacena,MG,2017-11-17
3955,Customer #3955,Volta Redonda,RJ,2018-07-29
3956,Customer #3956,Aracaju,SE,2017-05-12
3957,Customer #3957,Caruaru,PE,2017-05-04
3958,Customer #3958,Marica,RJ,2018-07-08
3959,Customer #3959,Itapevi,SP,2017-06-19
3960,Customer #3960,Igarassu,PE,2018-01-24
3961,Customer #3961,Crateus,CE,2017-08-08
3962,Customer #3962,Sao Paulo,SP,2018-03-11
3963,Customer #3963,Guaxupe,MG,2018-02-21
3964,Customer #3964,Sao Paulo,SP,2017-07-11
3965,Customer #3965,Botucatu,SP,2018-06-01
3966,Customer #3966,Florianopolis,SC,2017-11-24
3967,Customer #3967,Ipatinga,MG,2017-11-16
3968,Customer #3968,Serrinha,BA,2017-11-15
3969,Customer #3969,Barra Mansa,RJ,2017-04-18
3970,Customer #3970,Belo Horizonte,MG,2017-11-13
3971,Customer #3971,Rio De Janeiro,RJ,2018-01-18
3972,Customer #3972,Sao Paulo,SP,2017-04-15
3973,Customer #3973,Sao Jose Dos Pinhais,PR,2018-02-10
3974,Customer #3974,Sao Paulo,SP,2018-01-23
3975,Customer #3975,Boituva,SP,2018-05-22
3976,Customer #3976,Belo Horizonte,MG,2018-08-26
3977,Customer #3977,Sao Paulo,SP,2017-06-29
3978,Customer #3978,Sete Lagoas,MG,2017-04-16
3979,Customer #3979,Braganca,PA,2017-06-07
3980,Customer #3980,Campo Novo Do Parecis,MT,2018-03-22
3981,Customer #3981,Betim,MG,2017-02-10
3982,Customer #3982,Pacaembu,SP,2018-04-09
3983,Customer #3983,Joinville,SC,2018-03-15
3984,Customer #3984,Curitiba,PR,2018-01-14
3985,Customer #3985,Florianopolis,SC,2018-01-08
3986,Customer #3986,Sao Paulo,SP,2018-04-27
3987,Customer #3987,Seropedica,RJ,2017-09-17
3988,Customer #3988,Sao Vicente,SP,2018-02-19
3989,Customer #3989,Nova Iguacu,RJ,2017-02-13
3990,Customer #3990,Sao Paulo,SP,2018-07-25
3991,Customer #3991,Belford Roxo,RJ,2018-08-01
3992,Customer #3992,Rio De Janeiro,RJ,2018-07-02
3993,Customer #3993,Jequie,BA,2017-04-30
3994,Customer #3994,Campinas,SP,2017-07-07
3995,Customer #3995,Juiz De Fora,MG,2017-05-05
3996,Customer #3996,Curitiba,PR,2018-04-18
3997,Customer #3997,Ubatuba,SP,2018-03-28
3998,Customer #3998,Carlos Barbosa,RS,2017-07-27
3999,Customer #3999,Bauru,SP,2017-09-19
4000,Customer #4000,Anchieta,ES,2017-06-05
4001,Customer #4001,Gravata,PE,2018-01-27
4002,Customer #4002,Anita Garibaldi,SC,2018-01-22
4003,Customer #4003,Osasco,SP,2018-07-28
4004,Customer #4004,Santa Cruz De Salinas,MG,2018-06-20
4005,Customer #4005,Maua,SP,2018-03-21
4006,Customer #4006,Sao Paulo,SP,2018-01-16
4007,Customer #4007,Duque De Caxias,RJ,2018-02-28
4008,Customer #4008,Santos,SP,2018-05-20
4009,Customer #4009,Alvaro De Carvalho,SP,2018-06-02
4010,Customer #4010,Cabo Frio,RJ,2017-11-15
4011,Customer #4011,Roque Gonzales,RS,2017-08-18
4012,Customer #4012,Jandira,SP,2018-02-16
4013,Customer #4013,Jundiai,SP,2017-06-15
4014,Customer #4014,Vinhedo,SP,2017-07-16
4015,Customer #4015,Paulo Afonso,BA,2018-04-03
4016,Customer #4016,Mogi-Guacu,SP,2017-11-30
4017,Customer #4017,Recife,PE,2018-03-23
4018,Customer #4018,Sao Paulo,SP,2018-02-03
4019,Customer #4019,Serra,ES,2017-05-23
4020,Customer #4020,Umuarama,PR,2018-02-10
4021,Customer #4021,Sao Paulo,SP,2018-08-02
4022,Customer #4022,Duque De Caxias,RJ,2018-05-22
4023,Customer #4023,Sao Paulo,SP,2018-08-16
4024,Customer #4024,Sao Paulo,SP,2017-09-13
4025,Customer #4025,Rio De Janeiro,RJ,2018-01-18
4026,Customer #4026,Campinas,SP,2018-08-23
4027,Customer #4027,Presidente Venceslau,SP,2017-11-05
4028,Customer #4028,Cambuci,RJ,2018-07-12
4029,Customer #4029,Concordia,SC,2018-08-13
4030,Customer #4030,Duque De Caxias,RJ,2017-07-30
4031,Customer #4031,Palhoca,SC,2017-10-31
4032,Customer #4032,Sao Carlos,SP,2017-04-05
4033,Customer #4033,Herval D'Oeste,SC,2017-11-18
4034,Customer #4034,Rio De Janeiro,RJ,2017-04-29
4035,Customer #4035,Rio Das Ostras,RJ,2017-09-01
4036,Customer #4036,Rio De Janeiro,RJ,2017-04-06
4037,Customer #4037,Sao Paulo,SP,2017-09-27
4038,Customer #4038,Curitiba,PR,2018-07-15
4039,Customer #4039,Cariacica,ES,2018-03-10
4040,Customer #4040,Caibate,RS,2017-03-21
4041,Customer #4041,Araguari,MG,2018-05-10
4042,Customer #4042,Limeira,SP,2018-04-02
4043,Customer #4043,Sao Paulo,SP,2018-02-28
4044,Customer #4044,Joinville,SC,2018-04-17
4045,Customer #4045,Jundiai,SP,2018-01-23
4046,Customer #4046,Brasilia,DF,2018-02-24
4047,Customer #4047,Recife,PE,2018-05-29
4048,Customer #4048,Campo Grande,MS,2017-03-06
4049,Customer #4049,Cajamar,SP,2017-08-15
4050,Customer #4050,Sao Paulo,SP,2017-11-29
4051,Customer #4051,Teofilo Otoni,MG,2017-10-26
4052,Customer #4052,Macapa,AP,2018-04-01
4053,Customer #4053,Imbituba,SC,2018-05-16
4054,Customer #4054,Joinville,SC,2018-04-09
4055,Customer #4055,Contagem,MG,2017-05-05
4056,Customer #4056,Salvador,BA,2018-06-10
4057,Customer #4057,Sao Jose Dos Campos,SP,2018-01-18
4058,Customer #4058,Anapolis,GO,2017-06-18
4059,Customer #4059,Brasilia,DF,2018-06-22
4060,Customer #4060,Espirito Santo Do Pinhal,SP,2018-05-12
4061,Customer #4061,Bauru,SP,2018-06-28
4062,Customer #4062,Presidente Dutra,MA,2017-05-15
4063,Customer #4063,Braganca Paulista,SP,2018-03-18
4064,Customer #4064,Sao Jose Dos Campos,SP,2017-09-26
4065,Customer #4065,Ribeirao Preto,SP,2018-05-16
4066,Customer #4066,Rio De Janeiro,RJ,2018-02-07
4067,Customer #4067,Carapicuiba,SP,2018-06-24
4068,Customer #4068,Joao Pessoa,PB,2017-10-18
4069,Customer #4069,Santo Andre,SP,2017-11-26
4070,Customer #4070,Sao Jose Do Rio Preto,SP,2017-08-10
4071,Customer #4071,Miguelopolis,SP,2018-01-13
4072,Customer #4072,Jaragua Do Sul,SC,2017-02-10
4073,Customer #4073,Mari,PB,2018-02-13
4074,Customer #4074,Garopaba,SC,2018-04-06
4075,Customer #4075,Cariacica,ES,2017-04-21
4076,Customer #4076,Gravatai,RS,2018-03-07
4077,Customer #4077,Araxa,MG,2018-08-08
4078,Customer #4078,Sao Paulo,SP,2018-04-30
4079,Customer #4079,Vera Cruz Do Oeste,PR,2017-10-04
4080,Customer #4080,Teofilo Otoni,MG,2018-02-05
4081,Customer #4081,Maceio,AL,2018-02-06
4082,Customer #4082,Indaial,SC,2017-03-27
4083,Customer #4083,Fortaleza,CE,2017-10-17
4084,Customer #4084,Embu Das Artes,SP,2017-11-13
4085,Customer #4085,Guarulhos,SP,2018-02-08
4086,Customer #4086,Campinas,SP,2018-04-27
4087,Customer #4087,Pombal,PB,2017-09-21
4088,Customer #4088,Cotia,SP,2017-08-15
4089,Customer #4089,Recife,PE,2017-08-29
4090,Customer #4090,Santa Rita Da Floresta,RJ,2017-12-14
4091,Customer #4091,Ijui,RS,2017-10-12
4092,Customer #4092,Miravania,MG,2018-02-01
4093,Customer #4093,Brasilia,DF,2018-04-07
4094,Customer #4094,Sao Paulo,SP,2017-07-22
4095,Customer #4095,Santa Maria,RS,2018-04-19
4096,Customer #4096,Tremembe,SP,2018-07-13
4097,Customer #4097,Curitiba,PR,2017-03-17
4098,Customer #4098,Rio De Janeiro,RJ,2017-10-10
4099,Customer #4099,Olinda,PE,2017-11-17
4100,Customer #4100,Curitiba,PR,2017-12-15
4101,Customer #4101,Santos,SP,2017-09-18
4102,Customer #4102,Contagem,MG,2017-10-22
4103,Customer #4103,Porto Uniao,SC,2018-01-06
4104,Customer #4104,Pirapozinho,SP,2017-07-10
4105,Customer #4105,Santa Luzia,MG,2018-07-14
4106,Customer #4106,Dias D'Avila,BA,2017-11-19
4107,Customer #4107,Maringa,PR,2018-08-02
4108,Customer #4108,Nova Lima,MG,2018-02-11
4109,Customer #4109,Lajeado,RS,2018-01-23
4110,Customer #4110,Curitiba,PR,2018-08-05
4111,Customer #4111,Pirassununga,SP,2018-02-27
4112,Customer #4112,Belford Roxo,RJ,2018-06-18
4113,Customer #4113,Sao Paulo,SP,2018-05-16
4114,Customer #4114,Belem,PA,2017-12-29
4115,Customer #4115,Salvador,BA,2017-07-21
4116,Customer #4116,Carmo Do Paranaiba,MG,2018-01-22
4117,Customer #4117,General Salgado,SP,2018-06-25
4118,Customer #4118,Ribeirao Vermelho,MG,2018-08-04
4119,Customer #4119,Rio De Janeiro,RJ,2017-12-05
4120,Customer #4120,Mogi-Guacu,SP,2017-08-30
4121,Customer #4121,Niteroi,RJ,2017-07-20
4122,Customer #4122,Jundiai,SP,2018-08-01
4123,Customer #4123,Guarulhos,SP,2018-05-18
4124,Customer #4124,Santa Maria,RS,2017-10-14
4125,Customer #4125,Belem,PA,2018-01-06
4126,Customer #4126,Sao Paulo,SP,2018-08-06
4127,Customer #4127,Goiania,GO,2018-01-31
4128,Customer #4128,Porto Alegre,RS,2017-04-21
4129,Customer #4129,Curitiba,PR,2017-08-08
4130,Customer #4130,Toledo,PR,2018-04-18
4131,Customer #4131,Mongagua,SP,2018-02-26
4132,Customer #4132,Belo Horizonte,MG,2018-06-13
4133,Customer #4133,Santa Maria,RS,2018-05-11
4134,Customer #4134,Pouso Alegre,MG,2017-04-06
4135,Customer #4135,Osasco,SP,2018-06-09
4136,Customer #4136,Jundiai,SP,2017-05-29
4137,Customer #4137,Sao Francisco,MG,2018-01-10
4138,Customer #4138,Goiania,GO,2018-07-12
4139,Customer #4139,Sorocaba,SP,2017-11-28
4140,Customer #4140,Guarei,SP,2018-04-08
4141,Customer #4141,Jau,SP,2017-07-09
4142,Customer #4142,Rio De Janeiro,RJ,2018-06-30
4143,Customer #4143,Porto Alegre,RS,2018-03-13
4144,Customer #4144,Sao Paulo,SP,2017-02-06
4145,Customer #4145,Marilia,SP,2018-01-28
4146,Customer #4146,Campinas,SP,2017-11-17
4147,Customer #4147,Sao Paulo,SP,2018-05-24
4148,Customer #4148,Guaiba,RS,2018-06-26
4149,Customer #4149,Sao Paulo,SP,2018-06-24
4150,Customer #4150,Sao Paulo,SP,2017-07-11
4151,Customer #4151,Governador Valadares,MG,2017-07-27
4152,Customer #4152,Maringa,PR,2017-05-24
4153,Customer #4153,Sao Paulo,SP,2018-03-24
4154,Customer #4154,Rio De Janeiro,RJ,2017-02-05
4155,Customer #4155,Sao Paulo,SP,2017-12-28
4156,Customer #4156,Passo Fundo,RS,2018-07-10
4157,Customer #4157,Sao Paulo,SP,2018-02-26
4158,Customer #4158,Rio De Janeiro,RJ,2017-07-03
4159,Customer #4159,Curitiba,PR,2018-02-14
4160,Customer #4160,Rio Branco,AC,2018-05-03
4161,Customer #4161,Sao Jose Do Rio Preto,SP,2018-08-11
4162,Customer #4162,Guarulhos,SP,2018-05-07
4163,Customer #4163,Guaruja Do Sul,SC,2017-05-23
4164,Customer #4164,Sao Paulo,SP,2018-06-24
4165,Customer #4165,Santo Andre,SP,2018-02-22
4166,Customer #4166,Rio De Janeiro,RJ,2017-11-24
4167,Customer #4167,Betim,MG,2018-05-21
4168,Customer #4168,Sao Paulo,SP,2018-01-12
4169,Customer #4169,Sao Paulo,SP,2017-11-26
4170,Customer #4170,Piracicaba,SP,2017-11-24
4171,Customer #4171,Andradina,SP,2018-08-06
4172,Customer #4172,Sao Paulo,SP,2018-07-18
4173,Customer #4173,Volta Redonda,RJ,2018-03-13
4174,Customer #4174,Campo Limpo Paulista,SP,2018-03-15
4175,Customer #4175,Niteroi,RJ,2018-06-21
4176,Customer #4176,Belo Campo,BA,2018-03-18
4177,Customer #4177,Sao Paulo,SP,2017-07-11
4178,Customer #4178,Presidente Epitacio,SP,2017-11-01
4179,Customer #4179,Martinopolis,SP,2018-07-19
4180,Customer #4180,Sao Paulo,SP,2018-01-21
4181,Customer #4181,Sao Luis,MA,2017-08-22
4182,Customer #4182,Macambara,RS,2017-12-18
4183,Customer #4183,Caldas Novas,GO,2018-05-01
4184,Customer #4184,Sao Caetano Do Sul,SP,2018-04-21
4185,Customer #4185,Petropolis,RJ,2018-04-26
4186,Customer #4186,Palhoca,SC,2018-01-10
4187,Customer #4187,Caratinga,MG,2018-01-02
4188,Customer #4188,Ilha Solteira,SP,2018-03-09
4189,Customer #4189,Araras,SP,2017-10-03
4190,Customer #4190,Sao Paulo,SP,2017-04-08
4191,Customer #4191,Sao Paulo,SP,2017-07-23
4192,Customer #4192,Piracicaba,SP,2018-01-28
4193,Customer #4193,Sao Paulo,SP,2018-06-12
4194,Customer #4194,Piritiba,BA,2017-02-05
4195,Customer #4195,Mogi Das Cruzes,SP,2017-10-09
4196,Customer #4196,Goiania,GO,2017-11-30
4197,Customer #4197,Belo Horizonte,MG,2018-06-24
4198,Customer #4198,Tarabai,SP,2017-11-18
4199,Customer #4199,Jundiai,SP,2017-05-31
4200,Customer #4200,Campo Grande,MS,2017-06-24
4201,Customer #4201,Rio De Janeiro,RJ,2018-08-21
4202,Customer #4202,Cachoeiro De Itapemirim,ES,2018-02-25
4203,Customer #4203,Sao Paulo,SP,2018-07-06
4204,Customer #4204,Nova Odessa,SP,2018-01-04
4205,Customer #4205,Duque De Caxias,RJ,2018-01-10
4206,Customer #4206,Sao Paulo,SP,2017-03-15
4207,Customer #4207,Sao Paulo,SP,2018-01-24
4208,Customer #4208,Barracao,PR,2017-03-04
4209,Customer #4209,Joinville,SC,2018-06-14
4210,Customer #4210,Cuiaba,MT,2017-05-05
4211,Customer #4211,Sertaozinho,SP,2017-12-04
4212,Customer #4212,Unai,MG,2017-06-02
4213,Customer #4213,Sao Paulo,SP,2018-07-27
4214,Customer #4214,Sao Paulo,SP,2017-08-31
4215,Customer #4215,Uberlandia,MG,2018-01-30
4216,Customer #4216,Ferros,MG,2017-12-16
4217,Customer #4217,Niteroi,RJ,2018-02-07
4218,Customer #4218,Carapicuiba,SP,2018-02-12
4219,Customer #4219,Rio De Janeiro,RJ,2018-02-26
4220,Customer #4220,Fortaleza,CE,2018-08-18
4221,Customer #4221,Juiz De Fora,MG,2018-02-17
4222,Customer #4222,Iturama,MG,2017-07-19
4223,Customer #4223,Campinas,SP,2017-11-26
4224,Customer #4224,Ribeirao Preto,SP,2018-06-07
4225,Customer #4225,Sao Luis,MA,2017-09-10
4226,Customer #4226,Rio De Janeiro,RJ,2017-04-05
4227,Customer #4227,Morro Agudo,SP,2018-07-31
4228,Customer #4228,Petropolis,RJ,2017-09-13
4229,Customer #4229,Farroupilha,RS,2017-07-12
4230,Customer #4230,Sao Paulo,SP,2018-08-12
4231,Customer #4231,Sao Paulo,SP,2018-04-30
4232,Customer #4232,Sao Paulo,SP,2017-03-14
4233,Customer #4233,Pouso Alegre,MG,2018-06-28
4234,Customer #4234,Belo Horizonte,MG,2017-11-11
4235,Customer #4235,Carapicuiba,SP,2017-11-27
4236,Customer #4236,Lagoa Santa,MG,2018-01-25
4237,Customer #4237,Juiz De Fora,MG,2017-06-25
4238,Customer #4238,Barra Do Pirai,RJ,2017-07-25
4239,Customer #4239,Trindade,PE,2018-05-16
4240,Customer #4240,Marilia,SP,2017-11-28
4241,Customer #4241,Sao Paulo,SP,2018-01-24
4242,Customer #4242,Joao Pessoa,PB,2017-12-05
4243,Customer #4243,Sao Sebastiao,SP,2017-03-05
4244,Customer #4244,Lorena,SP,2018-07-24
4245,Customer #4245,Fortaleza,CE,2018-04-22
4246,Customer #4246,Nova Odessa,SP,2017-06-28
4247,Customer #4247,Sorriso,MT,2018-08-02
4248,Customer #4248,Santo Andre,SP,2018-07-16
4249,Customer #4249,Belo Horizonte,MG,2017-11-23
4250,Customer #4250,Sao Jose Dos Campos,SP,2018-07-22
4251,Customer #4251,Sao Paulo,SP,2018-03-31
4252,Customer #4252,Belo Horizonte,MG,2017-12-14
4253,Customer #4253,Santa Barbara,MG,2018-07-17
4254,Customer #4254,Nova Iguacu,RJ,2018-05-07
4255,Customer #4255,Francisco Morato,SP,2018-06-20
4256,Customer #4256,Sao Paulo,SP,2017-06-14
4257,Customer #4257,Rio De Janeiro,RJ,2017-01-17
4258,Customer #4258,Lago Da Pedra,MA,2018-06-21
4259,Customer #4259,Nilopolis,RJ,2018-07-15
4260,Customer #4260,Canoas,RS,2018-03-20
4261,Customer #4261,Belo Horizonte,MG,2017-09-26
4262,Customer #4262,Guaracai,SP,2018-03-16
4263,Customer #4263,Nova Araca,RS,2017-05-28
4264,Customer #4264,Belem,PA,2017-05-25
4265,Customer #4265,Rio Branco,AC,2017-07-12
4266,Customer #4266,Feira De Santana,BA,2018-06-08
4267,Customer #4267,Braganca Paulista,SP,2018-08-19
4268,Customer #4268,Caucaia,CE,2017-10-04
4269,Customer #4269,Campo Do Meio,MG,2017-07-01
4270,Customer #4270,Sao Paulo,SP,2017-01-18
4271,Customer #4271,Biguacu,SC,2018-02-02
4272,Customer #4272,Pelotas,RS,2018-01-17
4273,Customer #4273,Jaguariuna,SP,2017-08-07
4274,Customer #4274,Campina Grande,PB,2018-03-31
4275,Customer #4275,Monte Siao,MG,2018-05-04
4276,Customer #4276,Osasco,SP,2018-01-23
4277,Customer #4277,Osasco,SP,2018-04-11
4278,Customer #4278,Salvador,BA,2018-04-21
4279,Customer #4279,Sao Paulo,SP,2018-01-02
4280,Customer #4280,Sao Paulo,SP,2018-08-23
4281,Customer #4281,Belo Horizonte,MG,2018-01-20
4282,Customer #4282,Santos,SP,2018-07-05
4283,Customer #4283,Tres Lagoas,MS,2018-02-13
4284,Customer #4284,Presidente Prudente,SP,2017-04-28
4285,Customer #4285,Rio De Janeiro,RJ,2017-06-15
4286,Customer #4286,Sao Bernardo Do Campo,SP,2018-02-04
4287,Customer #4287,Sao Vicente,SP,2018-05-16
4288,Customer #4288,Ribeirao Pires,SP,2018-07-31
4289,Customer #4289,Porto Alegre,RS,2018-03-08
4290,Customer #4290,Sao Sebastiao,SP,2017-11-24
4291,Customer #4291,Sao Paulo,SP,2018-07-25
4292,Customer #4292,Tangara Da Serra,MT,2017-04-27
4293,Customer #4293,Santos,SP,2017-06-02
4294,Customer #4294,Goiania,GO,2018-02-26
4295,Customer #4295,Sao Paulo,SP,2017-08-15
4296,Customer #4296,Paracatu,MG,2017-07-29
4297,Customer #4297,Natal,RN,2017-09-12
4298,Customer #4298,Angra Dos Reis,RJ,2017-12-05
4299,Customer #4299,Montes Claros,MG,2017-04-05
4300,Customer #4300,Joao Monlevade,MG,2018-07-28
4301,Customer #4301,Monte Carmelo,MG,2018-05-16
4302,Customer #4302,Sao Paulo,SP,2017-12-13
4303,Customer #4303,Osorio,RS,2018-06-29
4304,Customer #4304,Auriflama,SP,2017-03-27
4305,Customer #4305,Sao Carlos,SP,2017-12-09
4306,Customer #4306,Sao Paulo,SP,2017-02-03
4307,Customer #4307,Raul Soares,MG,2018-03-23
4308,Customer #4308,Sao Bernardo Do Campo,SP,2018-08-21
4309,Customer #4309,Aracaju,SE,2018-05-16
4310,Customer #4310,Ibatiba,ES,2017-04-04
4311,Customer #4311,Camocim,CE,2018-02-08
4312,Customer #4312,Colatina,ES,2018-08-07
4313,Customer #4313,Ferraz De Vasconcelos,SP,2018-04-30
4314,Customer #4314,Salvador,BA,2018-03-15
4315,Customer #4315,Belo Horizonte,MG,2017-08-21
4316,Customer #4316,Lauro De Freitas,BA,2018-01-10
4317,Customer #4317,Pelotas,RS,2017-10-22
4318,Customer #4318,Ilhabela,SP,2018-04-28
4319,Customer #4319,Osasco,SP,2017-07-14
4320,Customer #4320,Rio Claro,SP,2018-01-07
4321,Customer #4321,Dois Vizinhos,PR,2018-03-08
4322,Customer #4322,Osasco,SP,2018-08-08
4323,Customer #4323,Aracruz,ES,2017-09-07
4324,Customer #4324,Sao Paulo,SP,2017-05-15
4325,Customer #4325,Barra Do Mendes,BA,2018-01-19
4326,Customer #4326,Carapicuiba,SP,2018-08-09
4327,Customer #4327,Sao Paulo,SP,2017-02-05
4328,Customer #4328,Santa Rosa De Lima,SC,2017-07-04
4329,Customer #4329,Imbituba,SC,2018-06-13
4330,Customer #4330,Taboao Da Serra,SP,2018-05-12
4331,Customer #4331,Corumba,MS,2018-07-16
4332,Customer #4332,Sao Paulo,SP,2017-12-05
4333,Customer #4333,Protasio Alves,RS,2018-01-08
4334,Customer #4334,Sao Paulo,SP,2018-05-13
4335,Customer #4335,Sao Paulo,SP,2018-07-20
4336,Customer #4336,Ponta Grossa,PR,2017-08-05
4337,Customer #4337,Pinhalzinho,SP,2017-03-28
4338,Customer #4338,Brasilia,DF,2018-07-26
4339,Customer #4339,Mogi-Guacu,SP,2018-03-04
4340,Customer #4340,Macapa,AP,2018-01-18
4341,Customer #4341,Niteroi,RJ,2017-06-08
4342,Customer #4342,Brasilia,DF,2018-02-26
4343,Customer #4343,Cubatao,SP,2017-06-29
4344,Customer #4344,Florianopolis,SC,2017-11-28
4345,Customer #4345,Rio De Janeiro,RJ,2017-06-10
4346,Customer #4346,Rio De Janeiro,RJ,2018-01-26
4347,Customer #4347,Brasilia,DF,2018-06-26
4348,Customer #4348,Taboao Da Serra,SP,2018-07-08
4349,Customer #4349,Guarulhos,SP,2018-06-08
4350,Customer #4350,Belo Horizonte,MG,2018-03-15
4351,Customer #4351,Votorantim,SP,2017-07-16
4352,Customer #4352,Camacari,BA,2017-07-15
4353,Customer #4353,Nova Padua,RS,2018-04-19
4354,Customer #4354,Pinhao,PR,2017-11-13
4355,Customer #4355,Niteroi,RJ,2018-07-30
4356,Customer #4356,Sao Paulo,SP,2018-05-16
4357,Customer #4357,Sao Goncalo,RJ,2017-10-19
4358,Customer #4358,Belo Horizonte,MG,2017-04-26
4359,Customer #4359,Sao Paulo,SP,2017-10-13
4360,Customer #4360,Piedade De Caratinga,MG,2018-05-08
4361,Customer #4361,Suzano,SP,2017-07-27
4362,Customer #4362,Sao Paulo,SP,2018-03-25
4363,Customer #4363,Central De Santa Helena,MG,2018-05-08
4364,Customer #4364,Rio Grande Da Serra,SP,2018-03-01
4365,Customer #4365,Treze Tilias,SC,2018-07-04
4366,Customer #4366,Sao Paulo,SP,2017-12-16
4367,Customer #4367,Rio De Janeiro,RJ,2017-10-18
4368,Customer #4368,Serra Talhada,PE,2018-01-18
4369,Customer #4369,Rio Branco,AC,2017-05-14
4370,Customer #4370,Sao Bernardo Do Campo,SP,2018-06-14
4371,Customer #4371,Diadema,SP,2018-06-14
4372,Customer #4372,Sao Paulo,SP,2018-02-02
4373,Customer #4373,Sao Paulo,SP,2018-01-24
4374,Customer #4374,Ubatuba,SP,2017-09-30
4375,Customer #4375,Curitiba,PR,2018-04-09
4376,Customer #4376,Belo Horizonte,MG,2017-12-03
4377,Customer #4377,Passo De Torres,SC,2018-05-15
4378,Customer #4378,Sao Paulo,SP,2018-08-10
4379,Customer #4379,Arvorezinha,RS,2018-03-02
4380,Customer #4380,Sao Goncalo,RJ,2018-04-27
4381,Customer #4381,Guarulhos,SP,2017-12-29
4382,Customer #4382,Sao Joao De Pirabas,PA,2018-04-13
4383,Customer #4383,Jaboatao Dos Guararapes,PE,2017-06-29
4384,Customer #4384,Santo Antonio De Jesus,BA,2017-11-13
4385,Customer #4385,Canoas,RS,2018-01-17
4386,Customer #4386,Belo Horizonte,MG,2017-09-06
4387,Customer #4387,Maua,SP,2018-04-03
4388,Customer #4388,Sao Paulo,SP,2017-03-13
4389,Customer #4389,Jacarei,SP,2017-11-26
4390,Customer #4390,Sao Paulo,SP,2018-08-25
4391,Customer #4391,Belford Roxo,RJ,2017-04-10
4392,Customer #4392,Governador Valadares,MG,2018-04-26
4393,Customer #4393,Sao Paulo,SP,2018-07-05
4394,Customer #4394,Sao Paulo,SP,2017-01-07
4395,Customer #4395,Sao Joao Batista,SC,2018-05-22
4396,Customer #4396,Sao Paulo,SP,2018-08-07
4397,Customer #4397,Rio Claro,SP,2017-11-24
4398,Customer #4398,Barretos,SP,2018-01-16
4399,Customer #4399,Rio Grande,RS,2018-05-02
4400,Customer #4400,Guarulhos,SP,2017-04-17
4401,Customer #4401,Sao Paulo,SP,2018-07-03
4402,Customer #4402,Salvador,BA,2017-11-24
4403,Customer #4403,Jundiai,SP,2018-01-31
4404,Customer #4404,Campinas,SP,2017-08-22
4405,Customer #4405,Erechim,RS,2018-02-20
4406,Customer #4406,Acreuna,GO,2018-03-18
4407,Customer #4407,Belo Horizonte,MG,2017-12-11
4408,Customer #4408,Sao Paulo,SP,2018-08-13
4409,Customer #4409,Palhoca,SC,2017-12-05
4410,Customer #4410,Ituverava,SP,2018-01-18
4411,Customer #4411,Sao Paulo,SP,2018-05-15
4412,Customer #4412,Bento Goncalves,RS,2018-03-21
4413,Customer #4413,Brejo Santo,CE,2017-07-02
4414,Customer #4414,Tabapua,SP,2017-12-30
4415,Customer #4415,Sao Paulo,SP,2017-12-12
4416,Customer #4416,Maringa,PR,2017-09-19
4417,Customer #4417,Nova Friburgo,RJ,2017-12-26
4418,Customer #4418,Belo Horizonte,MG,2017-10-17
4419,Customer #4419,Arcos,MG,2017-04-20
4420,Customer #4420,Uberlandia,MG,2018-07-14
4421,Customer #4421,Sao Paulo,SP,2018-02-26
4422,Customer #4422,Volta Redonda,RJ,2017-11-23
4423,Customer #4423,Sao Paulo,SP,2018-05-15
4424,Customer #4424,Niteroi,RJ,2018-05-04
4425,Customer #4425,Belo Horizonte,MG,2017-12-10
4426,Customer #4426,Nova Lima,MG,2018-01-11
4427,Customer #4427,Sao Paulo,SP,2018-08-17
4428,Customer #4428,Salvador,BA,2018-03-15
4429,Customer #4429,Rio De Janeiro,RJ,2017-11-28
4430,Customer #4430,Sao Paulo,SP,2017-02-03
4431,Customer #4431,Nova Friburgo,RJ,2018-03-21
4432,Customer #4432,Sao Paulo,SP,2017-09-11
4433,Customer #4433,Catalao,GO,2017-05-18
4434,Customer #4434,Tomazina,PR,2017-12-24
4435,Customer #4435,Cataguases,MG,2017-08-31
4436,Customer #4436,Nova Iguacu,RJ,2018-05-04
4437,Customer #4437,Niteroi,RJ,2018-06-29
4438,Customer #4438,Porto Velho,RO,2017-09-24
4439,Customer #4439,Santa Isabel,SP,2018-07-26
4440,Customer #4440,Gramado,RS,2017-11-24
4441,Customer #4441,Parauapebas,PA,2018-01-24
4442,Customer #4442,Sao Paulo Das Missoes,RS,2018-03-19
4443,Customer #4443,Belo Horizonte,MG,2017-07-19
4444,Customer #4444,Sao Paulo,SP,2017-03-23
4445,Customer #4445,Salvador,BA,2017-11-06
4446,Customer #4446,Campinas,SP,2017-09-30
4447,Customer #4447,Belo Horizonte,MG,2017-11-17
4448,Customer #4448,Rio De Janeiro,RJ,2017-02-07
4449,Customer #4449,Recife,PE,2018-04-25
4450,Customer #4450,Taubate,SP,2017-11-16
4451,Customer #4451,Florianopolis,SC,2017-06-09
4452,Customer #4452,Panambi,RS,2018-01-05
4453,Customer #4453,Sao Paulo,SP,2018-04-16
4454,Customer #4454,Turmalina,MG,2017-11-20
4455,Customer #4455,Iguatu,CE,2018-05-09
4456,Customer #4456,Barrinha,SP,2017-11-21
4457,Customer #4457,Rio De Janeiro,RJ,2018-02-14
4458,Customer #4458,Santa Rosa,RS,2017-04-17
4459,Customer #4459,Timoteo,MG,2017-08-16
4460,Customer #4460,Diadema,SP,2017-08-21
4461,Customer #4461,Rio De Janeiro,RJ,2018-08-17
4462,Customer #4462,Tapejara,RS,2018-02-26
4463,Customer #4463,Cerqueira Cesar,SP,2017-12-04
4464,Customer #4464,Palmas,TO,2017-09-28
4465,Customer #4465,Rio De Janeiro,RJ,2018-06-09
4466,Customer #4466,Timoteo,MG,2018-08-11
4467,Customer #4467,Macae,RJ,2017-08-12
4468,Customer #4468,Nhandeara,SP,2018-08-03
4469,Customer #4469,Santo Andre,SP,2018-05-14
4470,Customer #4470,Brasilia,DF,2017-12-09
4471,Customer #4471,Natal,RN,2017-09-27
4472,Customer #4472,Jacobina,BA,2017-12-21
4473,Customer #4473,Esteio,RS,2018-06-24
4474,Customer #4474,Ananindeua,PA,2018-05-16
4475,Customer #4475,Resende,RJ,2018-02-25
4476,Customer #4476,Petropolis,RJ,2017-12-26
4477,Customer #4477,Rio De Janeiro,RJ,2018-03-29
4478,Customer #4478,Brasilia,DF,2017-06-19
4479,Customer #4479,Bataguassu,MS,2017-10-12
4480,Customer #4480,Belo Horizonte,MG,2017-04-23
4481,Customer #4481,Sao Paulo,SP,2018-03-05
4482,Customer #4482,Sao Paulo,SP,2018-04-23
4483,Customer #4483,Rio De Janeiro,RJ,2018-03-15
4484,Customer #4484,Sao Sebastiao Do Cai,RS,2017-09-06
4485,Customer #4485,Farroupilha,RS,2018-01-18
4486,Customer #4486,Sorocaba,SP,2017-04-23
4487,Customer #4487,Curitiba,PR,2018-04-27
4488,Customer #4488,Sao Paulo,SP,2018-06-09
4489,Customer #4489,Salvador,BA,2017-07-12
4490,Customer #4490,Belo Horizonte,MG,2017-10-10
4491,Customer #4491,Osasco,SP,2017-05-16
4492,Customer #4492,Maceio,AL,2018-07-03
4493,Customer #4493,Porto Alegre,RS,2017-12-01
4494,Customer #4494,Salesopolis,SP,2017-10-16
4495,Customer #4495,Criciuma,SC,2017-11-14
4496,Customer #4496,Jacarei,SP,2017-03-24
4497,Customer #4497,Sao Paulo,SP,2017-05-16
4498,Customer #4498,Arinos,MG,2018-03-25
4499,Customer #4499,Fortaleza,CE,2018-07-10
4500,Customer #4500,Sao Paulo,SP,2018-01-09
4501,Customer #4501,Sao Paulo,SP,2017-11-24
4502,Customer #4502,Campo Grande,MS,2018-05-04
4503,Customer #4503,Sao Paulo,SP,2018-02-18
4504,Customer #4504,Rio De Janeiro,RJ,2017-12-04
4505,Customer #4505,Castro,PR,2017-08-13
4506,Customer #4506,Recife,PE,2018-04-05
4507,Customer #4507,Florianopolis,SC,2017-03-27
4508,Customer #4508,Goias,GO,2017-10-23
4509,Customer #4509,Araxa,MG,2017-08-29
4510,Customer #4510,Barra Mansa,RJ,2017-06-14
4511,Customer #4511,Paranagua,PR,2017-07-02
4512,Customer #4512,Mogi Das Cruzes,SP,2018-03-14
4513,Customer #4513,Sao Jose Dos Campos,SP,2017-10-20
4514,Customer #4514,Sao Paulo,SP,2017-08-09
4515,Customer #4515,Cachoeiro De Itapemirim,ES,2018-03-25
4516,Customer #4516,Sao Paulo,SP,2017-10-14
4517,Customer #4517,Jau,SP,2017-05-30
4518,Customer #4518,Rio De Janeiro,RJ,2017-05-01
4519,Customer #4519,Brasilia,DF,2018-07-20
4520,Customer #4520,Limeira,SP,2018-04-19
4521,Customer #4521,Montes Claros,MG,2017-11-16
4522,Customer #4522,Tarabai,SP,2018-07-11
4523,Customer #4523,Rio Piracicaba,MG,2018-03-24
4524,Customer #4524,Canelinha,SC,2017-05-22
4525,Customer #4525,Jundiai,SP,2018-05-14
4526,Customer #4526,Vitoria,ES,2017-12-12
4527,Customer #4527,Presidente Prudente,SP,2018-08-14
4528,Customer #4528,Marica,RJ,2017-11-04
4529,Customer #4529,Alagoinhas,BA,2017-06-15
4530,Customer #4530,Sao Paulo,SP,2018-01-14
4531,Customer #4531,Guarulhos,SP,2017-07-25
4532,Customer #4532,Sao Paulo,SP,2018-07-18
4533,Customer #4533,Coite Do Noia,AL,2017-02-11
4534,Customer #4534,Sao Paulo,SP,2018-05-15
4535,Customer #4535,Sao Paulo,SP,2018-04-12
4536,Customer #4536,Paulista,PE,2017-08-07
4537,Customer #4537,Icapui,CE,2017-08-24
4538,Customer #4538,Guaruja,SP,2018-05-16
4539,Customer #4539,Sao Paulo,SP,2017-06-22
4540,Customer #4540,Maracanau,CE,2017-03-06
4541,Customer #4541,Trindade,GO,2017-03-05
4542,Customer #4542,Jaguariaiva,PR,2018-07-21
4543,Customer #4543,Campinas,SP,2017-10-14
4544,Customer #4544,Itapiranga,SC,2017-10-01
4545,Customer #4545,Natal,RN,2017-09-13
4546,Customer #4546,Rio De Janeiro,RJ,2018-05-07
4547,Customer #4547,Brasilia,DF,2017-08-17
4548,Customer #4548,Teresina,PI,2017-11-30
4549,Customer #4549,Rio De Janeiro,RJ,2017-04-19
4550,Customer #4550,Recife,PE,2018-06-28
4551,Customer #4551,Sao Sebastiao Da Amoreira,PR,2018-05-16
4552,Customer #4552,Rio De Janeiro,RJ,2018-05-15
4553,Customer #4553,Sao Paulo,SP,2018-04-01
4554,Customer #4554,Varzea Grande,MT,2018-04-04
4555,Customer #4555,Suzano,SP,2017-12-17
4556,Customer #4556,Cubatao,SP,2017-11-23
4557,Customer #4557,Aruja,SP,2018-02-20
4558,Customer #4558,Frederico Westphalen,RS,2018-02-12
4559,Customer #4559,Goiania,GO,2017-11-22
4560,Customer #4560,Ipatinga,MG,2018-03-23
4561,Customer #4561,Cruzeiro,SP,2017-02-01
4562,Customer #4562,Sao Paulo,SP,2018-02-02
4563,Customer #4563,Domingos Martins,ES,2017-03-22
4564,Customer #4564,Rio De Janeiro,RJ,2018-07-22
4565,Customer #4565,Rio De Janeiro,RJ,2017-05-19
4566,Customer #4566,Nova Iguacu,RJ,2018-06-04
4567,Customer #4567,Jaragua Do Sul,SC,2018-06-03
4568,Customer #4568,Teresina,PI,2017-06-14
4569,Customer #4569,Sorocaba,SP,2018-07-29
4570,Customer #4570,Avare,SP,2017-12-29
4571,Customer #4571,Conceicao Da Barra,ES,2017-09-11
4572,Customer #4572,Araras,SP,2017-11-29
4573,Customer #4573,Sao Paulo,SP,2018-08-09
4574,Customer #4574,Sao Paulo,SP,2018-07-31
4575,Customer #4575,Presidente Prudente,SP,2018-03-22
4576,Customer #4576,Sao Paulo,SP,2018-04-02
4577,Customer #4577,Sinop,MT,2018-01-23
4578,Customer #4578,Salvador,BA,2017-12-08
4579,Customer #4579,Sao Paulo,SP,2018-05-01
4580,Customer #4580,Ponta Grossa,PR,2018-03-04
4581,Customer #4581,Volta Redonda,RJ,2017-08-22
4582,Customer #4582,Monte Aprazivel,SP,2018-07-27
4583,Customer #4583,Jardim,MS,2018-06-13
4584,Customer #4584,Fortaleza,CE,2018-04-24
4585,Customer #4585,Campinas,SP,2018-05-11
4586,Customer #4586,Sao Luis,MA,2018-02-06
4587,Customer #4587,Bertioga,SP,2018-06-11
4588,Customer #4588,Rio De Janeiro,RJ,2017-11-19
4589,Customer #4589,Sao Paulo,SP,2018-05-02
4590,Customer #4590,Alagoinhas,BA,2018-03-07
4591,Customer #4591,Jacarei,SP,2017-11-29
4592,Customer #4592,Maximiliano De Almeida,RS,2018-04-23
4593,Customer #4593,Itabera,SP,2017-10-06
4594,Customer #4594,Pato Branco,PR,2018-02-28
4595,Customer #4595,Sao Vicente,SP,2018-01-13
4596,Customer #4596,Porto Velho,RO,2017-07-22
4597,Customer #4597,Itobi,SP,2018-06-26
4598,Customer #4598,Assis Chateaubriand,PR,2018-03-11
4599,Customer #4599,Sao Paulo,SP,2017-11-17
4600,Customer #4600,Itabuna,BA,2018-08-18
4601,Customer #4601,Blumenau,SC,2017-09-14
4602,Customer #4602,Mage,RJ,2018-05-03
4603,Customer #4603,Goiania,GO,2017-08-11
4604,Customer #4604,Sao Caetano Do Sul,SP,2018-05-12
4605,Customer #4605,Porto Alegre,RS,2018-01-22
4606,Customer #4606,Rio De Janeiro,RJ,2018-03-15
4607,Customer #4607,Nova Andradina,MS,2017-11-24
4608,Customer #4608,Pitangueiras,SP,2017-11-12
4609,Customer #4609,Sao Paulo,SP,2018-04-24
4610,Customer #4610,Cascavel,PR,2017-03-17
4611,Customer #4611,Praia Grande,SP,2018-04-04
4612,Customer #4612,Sorocaba,SP,2018-02-01
4613,Customer #4613,Osasco,SP,2018-01-19
4614,Customer #4614,Salvador,BA,2018-02-01
4615,Customer #4615,Sao Paulo,SP,2017-08-28
4616,Customer #4616,Sao Paulo,SP,2018-08-12
4617,Customer #4617,Imperatriz,MA,2018-06-12
4618,Customer #4618,Cariacica,ES,2018-05-08
4619,Customer #4619,Sao Paulo,SP,2018-04-18
4620,Customer #4620,Osasco,SP,2017-08-24
4621,Customer #4621,Vazante,MG,2018-06-06
4622,Customer #4622,Encantado,RS,2017-08-15
4623,Customer #4623,Brasilia,DF,2017-04-19
4624,Customer #4624,Barra Da Estiva,BA,2017-06-28
4625,Customer #4625,Sao Paulo,SP,2018-02-27
4626,Customer #4626,Teresina,PI,2017-12-14
4627,Customer #4627,Rio De Janeiro,RJ,2018-07-19
4628,Customer #4628,Rio De Janeiro,RJ,2018-05-28
4629,Customer #4629,Sao Paulo,SP,2018-01-08
4630,Customer #4630,Alfenas,MG,2018-08-14
4631,Customer #4631,Rio De Janeiro,RJ,2017-09-19
4632,Customer #4632,Nuporanga,SP,2018-05-10
4633,Customer #4633,Aparecida De Goiania,GO,2017-10-07
4634,Customer #4634,Vacaria,RS,2017-11-16
4635,Customer #4635,Sao Jose Dos Campos,SP,2017-05-29
4636,Customer #4636,Campinas,SP,2017-12-08
4637,Customer #4637,Diadema,SP,2017-08-07
4638,Customer #4638,Fortaleza,CE,2017-11-08
4639,Customer #4639,Santa Maria,RS,2018-03-14
4640,Customer #4640,Guarulhos,SP,2018-05-09
4641,Customer #4641,Montes Claros,MG,2017-06-07
4642,Customer #4642,Arapiraca,AL,2017-09-17
4643,Customer #4643,Caxias Do Sul,RS,2017-03-13
4644,Customer #4644,Sete Lagoas,MG,2018-01-24
4645,Customer #4645,Campinas,SP,2018-06-12
4646,Customer #4646,Santo Andre,SP,2017-08-24
4647,Customer #4647,Sao Paulo,SP,2017-11-02
4648,Customer #4648,Brasilia,DF,2018-04-01
4649,Customer #4649,Betim,MG,2018-04-23
4650,Customer #4650,Joao Pessoa,PB,2017-08-03
4651,Customer #4651,Santos,SP,2017-11-27
4652,Customer #4652,Sao Paulo,SP,2017-07-26
4653,Customer #4653,Petropolis,RJ,2018-08-23
4654,Customer #4654,Porto Alegre,RS,2018-01-09
4655,Customer #4655,Cajobi,SP,2017-11-22
4656,Customer #4656,Campinas,SP,2017-08-20
4657,Customer #4657,Itauba,MT,2018-05-03
4658,Customer #4658,Guarulhos,SP,2018-08-02
4659,Customer #4659,Patos,PB,2017-06-07
4660,Customer #4660,Azurita,MG,2017-11-26
4661,Customer #4661,Vitoria,ES,2018-07-29
4662,Customer #4662,Sao Paulo,SP,2017-12-19
4663,Customer #4663,Aparecida D'Oeste,SP,2017-10-22
4664,Customer #4664,Formiga,MG,2017-10-19
4665,Customer #4665,Adamantina,SP,2018-02-25
4666,Customer #4666,Florianopolis,SC,2018-06-29
4667,Customer #4667,Santa Cruz Do Sul,RS,2017-02-05
4668,Customer #4668,Sao Paulo,SP,2018-07-15
4669,Customer #4669,Itagimirim,BA,2018-07-17
4670,Customer #4670,Canoas,RS,2018-01-06
4671,Customer #4671,Ipameri,GO,2018-08-10
4672,Customer #4672,Jequie,BA,2018-06-10
4673,Customer #4673,Niteroi,RJ,2017-03-18
4674,Customer #4674,Brasilia,DF,2018-03-22
4675,Customer #4675,Rio De Janeiro,RJ,2017-06-01
4676,Customer #4676,Cariacica,ES,2017-09-26
4677,Customer #4677,Campo Mourao,PR,2017-11-25
4678,Customer #4678,Joao Pessoa,PB,2017-04-13
4679,Customer #4679,Campina Grande,PB,2018-03-26
4680,Customer #4680,Campo Limpo Paulista,SP,2017-12-03
4681,Customer #4681,Pilao Arcado,BA,2017-10-09
4682,Customer #4682,Divinopolis,MG,2017-08-19
4683,Customer #4683,Natal,RN,2018-01-25
4684,Customer #4684,Campina Grande,PB,2017-02-02
4685,Customer #4685,Vitoria,ES,2018-03-09
4686,Customer #4686,Santa Maria,RS,2017-11-22
4687,Customer #4687,Sao Paulo,SP,2017-09-24
4688,Customer #4688,Maceio,AL,2017-04-21
4689,Customer #4689,Fortaleza,CE,2017-10-09
4690,Customer #4690,Sao Paulo,SP,2018-04-10
4691,Customer #4691,Tangara Da Serra,MT,2018-01-24
4692,Customer #4692,Duque De Caxias,RJ,2017-04-05
4693,Customer #4693,Jose Bonifacio,SP,2018-02-22
4694,Customer #4694,Cajamar,SP,2018-02-26
4695,Customer #4695,Jundiai,SP,2018-07-23
4696,Customer #4696,Pitangueiras,SP,2017-08-06
4697,Customer #4697,Passo Fundo,RS,2018-01-10
4698,Customer #4698,Sao Paulo,SP,2018-04-07
4699,Customer #4699,Curitiba,PR,2017-02-21
4700,Customer #4700,Rio De Janeiro,RJ,2018-03-22
4701,Customer #4701,Capao Bonito,SP,2018-04-13
4702,Customer #4702,Rio De Janeiro,RJ,2018-04-19
4703,Customer #4703,Santa Juliana,MG,2018-01-02
4704,Customer #4704,Matozinhos,MG,2017-05-16
4705,Customer #4705,Sao Sebastiao Do Cai,RS,2017-06-09
4706,Customer #4706,Praia Grande,SP,2018-08-07
4707,Customer #4707,Sao Luis Do Curu,CE,2018-04-12
4708,Customer #4708,Maringa,PR,2017-09-05
4709,Customer #4709,Braganca Paulista,SP,2017-07-13
4710,Customer #4710,Fortaleza,CE,2018-06-30
4711,Customer #4711,Janauba,MG,2018-07-29
4712,Customer #4712,Palmas,TO,2017-09-19
4713,Customer #4713,Ouro Verde De Minas,MG,2017-05-19
4714,Customer #4714,Rio De Janeiro,RJ,2017-12-06
4715,Customer #4715,Sao Paulo,SP,2018-03-22
4716,Customer #4716,Caxias Do Sul,RS,2017-08-17
4717,Customer #4717,Limeira,SP,2017-10-22
4718,Customer #4718,Liberdade,MG,2018-04-07
4719,Customer #4719,Quatro Barras,PR,2018-04-23
4720,Customer #4720,Braganca Paulista,SP,2018-08-23
4721,Customer #4721,Sao Paulo,SP,2018-05-08
4722,Customer #4722,Sapezal,MT,2018-03-10
4723,Customer #4723,Volta Redonda,RJ,2018-02-25
4724,Customer #4724,Hortolandia,SP,2018-06-20
4725,Customer #4725,Cerqueira Cesar,SP,2018-07-06
4726,Customer #4726,Birigui,SP,2017-12-12
4727,Customer #4727,Rio Grande,RS,2017-11-22
4728,Customer #4728,Belo Horizonte,MG,2018-03-25
4729,Customer #4729,Veranopolis,RS,2017-08-05
4730,Customer #4730,Brasilia,DF,2018-05-15
4731,Customer #4731,Guimarania,MG,2018-02-18
4732,Customer #4732,Sao Luis,MA,2018-01-25
4733,Customer #4733,Sao Paulo,SP,2017-07-11
4734,Customer #4734,Sao Paulo,SP,2017-08-21
4735,Customer #4735,Rio De Janeiro,RJ,2018-02-06
4736,Customer #4736,Sao Paulo,SP,2018-05-16
4737,Customer #4737,Embu Das Artes,SP,2018-01-21
4738,Customer #4738,Uba,MG,2018-07-19
4739,Customer #4739,Paulinia,SP,2017-08-25
4740,Customer #4740,Belo Horizonte,MG,2017-02-08
4741,Customer #4741,Canelinha,SC,2018-01-22
4742,Customer #4742,Diadema,SP,2017-07-14
4743,Customer #4743,Imaculada,PB,2018-04-05
4744,Customer #4744,Santo Andre,SP,2017-10-10
4745,Customer #4745,Guarulhos,SP,2018-08-13
4746,Customer #4746,Sao Paulo,SP,2018-05-23
4747,Customer #4747,Belo Horizonte,MG,2018-04-11
4748,Customer #4748,Diadema,SP,2018-05-08
4749,Customer #4749,Brasilia,DF,2017-03-28
4750,Customer #4750,Dracena,SP,2017-12-06
4751,Customer #4751,Guarulhos,SP,2017-07-17
4752,Customer #4752,Guaruja,SP,2018-08-26
4753,Customer #4753,Pirapora,MG,2017-07-06
4754,Customer #4754,Belo Horizonte,MG,2018-07-16
4755,Customer #4755,Sao Paulo,SP,2017-04-17
4756,Customer #4756,Jaboatao Dos Guararapes,PE,2017-08-01
4757,Customer #4757,Americana,SP,2017-08-10
4758,Customer #4758,Sao Paulo,SP,2017-08-02
4759,Customer #4759,Brauna,SP,2018-07-30
4760,Customer #4760,Brasilia,DF,2018-07-03
4761,Customer #4761,Diadema,SP,2017-11-07
4762,Customer #4762,Osasco,SP,2018-05-22
4763,Customer #4763,Sao Paulo,SP,2017-08-24
4764,Customer #4764,Sao Paulo,SP,2017-09-29
4765,Customer #4765,Guarulhos,SP,2017-12-04
4766,Customer #4766,Hortolandia,SP,2017-11-12
4767,Customer #4767,Ribeirao Preto,SP,2017-12-02
4768,Customer #4768,Salto,SP,2018-01-30
4769,Customer #4769,Taio,SC,2018-01-08
4770,Customer #4770,Campo Grande,MS,2017-12-07
4771,Customer #4771,Cascavel,PR,2017-10-18
4772,Customer #4772,Belem,PA,2017-12-01
4773,Customer #4773,Santo Augusto,RS,2018-08-13
4774,Customer #4774,Catalao,GO,2017-11-20
4775,Customer #4775,Rolandia,PR,2018-08-08
4776,Customer #4776,Sao Paulo,SP,2017-11-03
4777,Customer #4777,Porto Feliz,SP,2017-06-06
4778,Customer #4778,Sao Paulo,SP,2018-06-18
4779,Customer #4779,Rio De Janeiro,RJ,2018-05-17
4780,Customer #4780,Rio De Janeiro,RJ,2017-08-09
4781,Customer #4781,Osasco,SP,2017-11-24
4782,Customer #4782,Vargem Grande Paulista,SP,2018-04-11
4783,Customer #4783,Joao Pessoa,PB,2018-05-08
4784,Customer #4784,Sao Paulo,SP,2018-02-13
4785,Customer #4785,Rio De Janeiro,RJ,2018-02-14
4786,Customer #4786,Belo Horizonte,MG,2018-01-08
4787,Customer #4787,Sao Paulo,SP,2018-02-11
4788,Customer #4788,Sao Paulo,SP,2017-11-29
4789,Customer #4789,Sao Paulo,SP,2018-04-12
4790,Customer #4790,Viana,MA,2018-06-11
4791,Customer #4791,Juiz De Fora,MG,2018-06-17
4792,Customer #4792,Cosmopolis,SP,2017-03-24
4793,Customer #4793,Guaira,PR,2018-02-03
4794,Customer #4794,Ilhabela,SP,2018-03-19
4795,Customer #4795,Serra,ES,2017-11-08
4796,Customer #4796,Avare,SP,2018-06-06
4797,Customer #4797,Belo Horizonte,MG,2017-07-20
4798,Customer #4798,Rio De Janeiro,RJ,2017-07-05
4799,Customer #4799,Sao Carlos,SP,2017-04-25
4800,Customer #4800,Vespasiano,MG,2018-07-26
4801,Customer #4801,Sao Paulo,SP,2018-01-15
4802,Customer #4802,Rio De Janeiro,RJ,2017-03-13
4803,Customer #4803,Sao Paulo,SP,2018-04-20
4804,Customer #4804,Araruama,RJ,2017-07-07
4805,Customer #4805,Belo Horizonte,MG,2018-03-05
4806,Customer #4806,Araripina,PE,2017-12-25
4807,Customer #4807,Sao Paulo,SP,2018-03-05
4808,Customer #4808,Rio De Janeiro,RJ,2018-06-29
4809,Customer #4809,Murici,AL,2018-02-28
4810,Customer #4810,Sao Paulo,SP,2018-02-08
4811,Customer #4811,Belo Horizonte,MG,2018-04-09
4812,Customer #4812,Pelotas,RS,2018-03-03
4813,Customer #4813,Marilia,SP,2017-05-13
4814,Customer #4814,Cachoeiro De Itapemirim,ES,2017-11-24
4815,Customer #4815,Volta Redonda,RJ,2018-04-27
4816,Customer #4816,Pedra Bela,SP,2017-05-29
4817,Customer #4817,Betim,MG,2018-03-31
4818,Customer #4818,Barreiras,BA,2018-04-23
4819,Customer #4819,Jundiai,SP,2017-02-24
4820,Customer #4820,Feira De Santana,BA,2017-12-15
4821,Customer #4821,Piau,MG,2017-07-03
4822,Customer #4822,Barueri,SP,2017-11-29
4823,Customer #4823,Sao Paulo,SP,2017-10-26
4824,Customer #4824,Campo Novo Do Parecis,MT,2018-01-15
4825,Customer #4825,Brasilia,DF,2017-12-19
4826,Customer #4826,Sao Jose Do Rio Preto,SP,2018-05-05
4827,Customer #4827,Sao Paulo,SP,2018-06-27
4828,Customer #4828,Sao Jose Do Rio Preto,SP,2017-11-17
4829,Customer #4829,Sao Paulo,SP,2018-07-22
4830,Customer #4830,Dois Vizinhos,PR,2018-07-24
4831,Customer #4831,Sao Paulo,SP,2017-03-30
4832,Customer #4832,Vitoria,ES,2017-11-15
4833,Customer #4833,Ourinhos,SP,2017-12-29
4834,Customer #4834,Londrina,PR,2017-01-25
4835,Customer #4835,Belo Horizonte,MG,2018-07-09
4836,Customer #4836,Rio De Janeiro,RJ,2018-04-09
4837,Customer #4837,Conselheiro Lafaiete,MG,2017-01-19
4838,Customer #4838,Sao Bernardo Do Campo,SP,2018-04-15
4839,Customer #4839,Artur Nogueira,SP,2018-07-01
4840,Customer #4840,Campinas,SP,2018-04-09
4841,Customer #4841,Embu Das Artes,SP,2018-05-06
4842,Customer #4842,Juiz De Fora,MG,2017-08-24
4843,Customer #4843,Rio De Janeiro,RJ,2018-08-13
4844,Customer #4844,Canoas,RS,2017-09-05
4845,Customer #4845,Canavieiras,BA,2018-04-09
4846,Customer #4846,Sao Caetano Do Sul,SP,2017-12-10
4847,Customer #4847,Guaratingueta,SP,2018-04-24
4848,Customer #4848,Curitiba,PR,2018-06-20
4849,Customer #4849,Chui,RS,2017-02-15
4850,Customer #4850,Guarulhos,SP,2018-08-21
4851,Customer #4851,Goiania,GO,2017-08-25
4852,Customer #4852,Sacramento,MG,2017-11-04
4853,Customer #4853,Joao Pessoa,PB,2018-05-11
4854,Customer #4854,Itapema,SC,2017-05-03
4855,Customer #4855,Sao Paulo,SP,2018-03-06
4856,Customer #4856,Sao Paulo,SP,2017-04-23
4857,Customer #4857,Sao Paulo,SP,2017-04-04
4858,Customer #4858,Rio De Janeiro,RJ,2018-04-27
4859,Customer #4859,Santo Andre,SP,2017-12-14
4860,Customer #4860,Campinas Do Sul,RS,2018-04-18
4861,Customer #4861,Rio Branco,AC,2018-02-19
4862,Customer #4862,Itapipoca,CE,2018-01-25
4863,Customer #4863,Sao Paulo,SP,2017-07-07
4864,Customer #4864,Salto,SP,2017-11-24
4865,Customer #4865,Jacobina,BA,2018-07-27
4866,Customer #4866,Sao Caetano Do Sul,SP,2017-05-28
4867,Customer #4867,Olimpia,SP,2017-09-01
4868,Customer #4868,Rio De Janeiro,RJ,2017-08-25
4869,Customer #4869,Timon,MA,2017-12-04
4870,Customer #4870,Sao Paulo,SP,2018-08-23
4871,Customer #4871,Rio De Janeiro,RJ,2017-12-04
4872,Customer #4872,Nova Iguacu,RJ,2018-07-29
4873,Customer #4873,Sao Paulo,SP,2018-01-22
4874,Customer #4874,Assis,SP,2018-03-21
4875,Customer #4875,Belo Horizonte,MG,2018-06-01
4876,Customer #4876,Campinas,SP,2018-06-25
4877,Customer #4877,Rio De Janeiro,RJ,2018-03-15
4878,Customer #4878,Sao Paulo,SP,2018-02-22
4879,Customer #4879,Sao Paulo,SP,2017-11-28
4880,Customer #4880,Farroupilha,RS,2018-02-13
4881,Customer #4881,Rio De Janeiro,RJ,2017-07-07
4882,Customer #4882,Tatui,SP,2017-02-04
4883,Customer #4883,Nova Esperanca,PR,2018-03-14
4884,Customer #4884,Rio De Janeiro,RJ,2018-06-29
4885,Customer #4885,Jaguariuna,SP,2017-11-26
4886,Customer #4886,Rio De Janeiro,RJ,2017-10-17
4887,Customer #4887,Sao Paulo,SP,2017-05-06
4888,Customer #4888,Sao Paulo,SP,2018-06-14
4889,Customer #4889,Vitoria,ES,2017-11-26
4890,Customer #4890,Maceio,AL,2017-10-14
4891,Customer #4891,Sao Paulo,SP,2018-01-29
4892,Customer #4892,Francisco Morato,SP,2017-02-21
4893,Customer #4893,Anchieta,ES,2017-05-27
4894,Customer #4894,Itaquaquecetuba,SP,2018-04-13
4895,Customer #4895,Arapiraca,AL,2017-05-01
4896,Customer #4896,Betim,MG,2018-05-07
4897,Customer #4897,Maua,SP,2018-05-21
4898,Customer #4898,Porto Alegre,RS,2017-08-29
4899,Customer #4899,Sao Paulo,SP,2018-05-10
4900,Customer #4900,Santo Andre,SP,2018-02-22
4901,Customer #4901,Arraial D'Ajuda,BA,2018-04-12
4902,Customer #4902,Sao Paulo,SP,2018-05-20
4903,Customer #4903,Brasilia,DF,2017-04-21
4904,Customer #4904,Belo Horizonte,MG,2017-03-21
4905,Customer #4905,Volta Redonda,RJ,2017-06-17
4906,Customer #4906,Presidente Venceslau,SP,2017-10-18
4907,Customer #4907,Belo Horizonte,MG,2018-05-10
4908,Customer #4908,Sao Paulo,SP,2018-08-07
4909,Customer #4909,Porto Alegre,RS,2018-01-08
4910,Customer #4910,Guaramirim,SC,2017-06-06
4911,Customer #4911,Sao Paulo,SP,2018-06-04
4912,Customer #4912,Ibitinga,SP,2017-06-10
4913,Customer #4913,Maua,SP,2018-04-17
4914,Customer #4914,Tutoia,MA,2018-04-30
4915,Customer #4915,Praia Grande,SP,2017-07-10
4916,Customer #4916,Natal,RN,2017-06-03
4917,Customer #4917,Sao Paulo,SP,2018-04-12
4918,Customer #4918,Porto Alegre,RS,2017-06-22
4919,Customer #4919,Cerquilho,SP,2017-07-19
4920,Customer #4920,Salvador,BA,2018-06-11
4921,Customer #4921,Sao Paulo,SP,2018-02-08
4922,Customer #4922,Sao Joao Da Boa Vista,SP,2017-12-18
4923,Customer #4923,Pitangui,MG,2018-08-09
4924,Customer #4924,Pato Branco,PR,2017-09-01
4925,Customer #4925,Sao Paulo,SP,2018-01-26
4926,Customer #4926,Sao Paulo,SP,2018-08-05
4927,Customer #4927,Nova Iguacu,RJ,2017-03-21
4928,Customer #4928,Diadema,SP,2018-04-25
4929,Customer #4929,Carapicuiba,SP,2017-08-07
4930,Customer #4930,Salvador,BA,2017-11-14
4931,Customer #4931,Rio De Janeiro,RJ,2017-07-10
4932,Customer #4932,Sao Paulo,SP,2018-07-21
4933,Customer #4933,Sao Jose Dos Campos,SP,2017-05-20
4934,Customer #4934,Taubate,SP,2017-04-13
4935,Customer #4935,Rio De Janeiro,RJ,2018-06-29
4936,Customer #4936,Rio De Janeiro,RJ,2018-03-13
4937,Customer #4937,Rio De Janeiro,RJ,2017-10-04
4938,Customer #4938,Duque De Caxias,RJ,2018-07-09
4939,Customer #4939,Vera Cruz,BA,2017-06-16
4940,Customer #4940,Balneario Camboriu,SC,2017-06-05
4941,Customer #4941,Rio De Janeiro,RJ,2017-02-10
4942,Customer #4942,Juiz De Fora,MG,2018-06-03
4943,Customer #4943,Sao Jose Do Rio Preto,SP,2017-09-07
4944,Customer #4944,Sao Paulo,SP,2018-03-31
4945,Customer #4945,Santos,SP,2018-08-05
4946,Customer #4946,Angra Dos Reis,RJ,2018-05-07
4947,Customer #4947,Santos,SP,2017-05-04
4948,Customer #4948,Rio De Janeiro,RJ,2018-03-15
4949,Customer #4949,Sao Bernardo Do Campo,SP,2017-09-28
4950,Customer #4950,Arinos,MG,2017-12-28
4951,Customer #4951,Maringa,PR,2018-03-19
4952,Customer #4952,Esteio,RS,2017-06-15
4953,Customer #4953,Mogi Das Cruzes,SP,2018-05-08
4954,Customer #4954,Sao Paulo,SP,2018-05-16
4955,Customer #4955,Montes Claros,MG,2017-08-27
4956,Customer #4956,Araras,SP,2017-05-05
4957,Customer #4957,Sao Paulo,SP,2018-05-16
4958,Customer #4958,Sao Paulo,SP,2018-06-18
4959,Customer #4959,Salvador,BA,2018-03-31
4960,Customer #4960,Ubaitaba,BA,2017-06-28
4961,Customer #4961,Rio De Janeiro,RJ,2017-10-10
4962,Customer #4962,Fortaleza,CE,2017-10-10
4963,Customer #4963,Barra Do Pirai,RJ,2018-03-17
4964,Customer #4964,Sao Paulo,SP,2018-02-23
4965,Customer #4965,Sao Paulo,SP,2017-12-01
4966,Customer #4966,Sapiranga,RS,2018-02-18
4967,Customer #4967,Guaratuba,PR,2017-04-30
4968,Customer #4968,Rio De Janeiro,RJ,2018-04-13
4969,Customer #4969,Sao Paulo,SP,2017-12-04
4970,Customer #4970,Ferraz De Vasconcelos,SP,2017-11-07
4971,Customer #4971,Duque De Caxias,RJ,2018-01-04
4972,Customer #4972,Braganca Paulista,SP,2018-04-10
4973,Customer #4973,Catalao,GO,2018-04-25
4974,Customer #4974,Monte Aprazivel,SP,2018-03-04
4975,Customer #4975,Cachoeira,BA,2018-06-05
4976,Customer #4976,Aguas De Lindoia,SP,2018-04-03
4977,Customer #4977,Porto Alegre,RS,2018-06-17
4978,Customer #4978,Sao Goncalo,RJ,2017-03-15
4979,Customer #4979,Maua,SP,2018-08-14
4980,Customer #4980,Francisco Morato,SP,2018-07-24
4981,Customer #4981,Sao Paulo,SP,2017-06-18
4982,Customer #4982,Petropolis,RJ,2017-06-02
4983,Customer #4983,Recife,PE,2017-04-06
4984,Customer #4984,Londrina,PR,2018-05-01
4985,Customer #4985,Sao Miguel Do Oeste,SC,2018-01-18
4986,Customer #4986,Sao Paulo,SP,2018-04-06
4987,Customer #4987,Lauro De Freitas,BA,2017-06-23
4988,Customer #4988,Curitiba,PR,2018-02-27
4989,Customer #4989,Tupa,SP,2017-06-05
4990,Customer #4990,Mendes Pimentel,MG,2018-08-14
4991,Customer #4991,Salvador,BA,2017-06-16
4992,Customer #4992,Santo Andre,SP,2017-12-23
4993,Customer #4993,Sao Paulo,SP,2017-11-19
4994,Customer #4994,Rio De Janeiro,RJ,2017-08-30
4995,Customer #4995,Assis,SP,2017-04-04
4996,Customer #4996,Araras,SP,2017-08-05
4997,Customer #4997,Sumare,SP,2017-05-16
4998,Customer #4998,Salvador,BA,2017-07-11
4999,Customer #4999,Jacarei,SP,2017-06-25
5000,Customer #5000,Araguari,MG,2017-04-28
5001,Customer #5001,Jussara,GO,2018-02-04
5002,Customer #5002,Candeias,BA,2018-03-13
5003,Customer #5003,Sao Bernardo Do Campo,SP,2018-03-07
5004,Customer #5004,Sorocaba,SP,2017-12-26
5005,Customer #5005,Jundiai,SP,2017-05-19
5006,Customer #5006,Paulinia,SP,2017-04-03
5007,Customer #5007,Rio De Janeiro,RJ,2017-11-05
5008,Customer #5008,Sao Paulo,SP,2018-08-26
5009,Customer #5009,Rio De Janeiro,RJ,2017-12-05
5010,Customer #5010,Belem,PA,2018-08-01
5011,Customer #5011,Guanambi,BA,2018-01-17
5012,Customer #5012,Londrina,PR,2018-04-03
5013,Customer #5013,Salvador,BA,2018-08-05
5014,Customer #5014,Sao Paulo,SP,2018-06-05
5015,Customer #5015,Ji-Parana,RO,2017-12-17
5016,Customer #5016,Sao Paulo,SP,2018-07-25
5017,Customer #5017,Belo Horizonte,MG,2017-06-19
5018,Customer #5018,Porto Alegre,RS,2018-02-16
5019,Customer #5019,Valinhos,SP,2018-03-02
5020,Customer #5020,Guaxupe,MG,2017-12-09
5021,Customer #5021,Rio De Janeiro,RJ,2017-09-08
5022,Customer #5022,Uberaba,MG,2017-03-28
5023,Customer #5023,Uberlandia,MG,2018-01-06
5024,Customer #5024,Salvador,BA,2017-12-16
5025,Customer #5025,Sao Paulo,SP,2018-05-17
5026,Customer #5026,Sorocaba,SP,2018-06-01
5027,Customer #5027,Londrina,PR,2017-12-13
5028,Customer #5028,Sao Paulo,SP,2018-07-30
5029,Customer #5029,Sao Paulo,SP,2018-06-26
5030,Customer #5030,Teresina,PI,2017-01-30
5031,Customer #5031,Carapicuiba,SP,2017-12-13
5032,Customer #5032,Jau,SP,2017-08-09
5033,Customer #5033,Sao Bernardo Do Campo,SP,2017-05-19
5034,Customer #5034,Belo Horizonte,MG,2017-12-11
5035,Customer #5035,Caxias Do Sul,RS,2017-10-16
5036,Customer #5036,Sao Paulo,SP,2017-07-29
5037,Customer #5037,Sao Paulo,SP,2018-06-19
5038,Customer #5038,Sao Martinho,SC,2017-11-24
5039,Customer #5039,Guaratingueta,SP,2018-01-13
5040,Customer #5040,Rio De Janeiro,RJ,2017-11-24
5041,Customer #5041,Sao Paulo,SP,2018-06-21
5042,Customer #5042,Brasilia,DF,2017-11-27
5043,Customer #5043,Santa Barbara D'Oeste,SP,2018-04-15
5044,Customer #5044,Joao Pessoa,PB,2017-03-27
5045,Customer #5045,Fortaleza,CE,2017-03-03
5046,Customer #5046,Niteroi,RJ,2017-11-19
5047,Customer #5047,Osasco,SP,2017-10-18
5048,Customer #5048,Sao Paulo,SP,2018-05-15
5049,Customer #5049,Joao Monlevade,MG,2018-06-25
5050,Customer #5050,Sao Caetano Do Sul,SP,2018-04-05
5051,Customer #5051,Natal,RN,2018-01-13
5052,Customer #5052,Brejo Bonito,MG,2017-11-09
5053,Customer #5053,Santa Maria,RS,2017-09-04
5054,Customer #5054,Indaiatuba,SP,2018-06-21
5055,Customer #5055,Mogi Das Cruzes,SP,2017-11-24
5056,Customer #5056,Sao Paulo,SP,2018-05-16
5057,Customer #5057,Rio De Janeiro,RJ,2017-01-08
5058,Customer #5058,Rio Claro,SP,2018-08-19
5059,Customer #5059,Sete Lagoas,MG,2018-01-09
5060,Customer #5060,Vitoria,ES,2018-05-16
5061,Customer #5061,Imperatriz,MA,2018-06-11
5062,Customer #5062,Campinas,SP,2017-08-11
5063,Customer #5063,Sao Paulo,SP,2018-08-04
5064,Customer #5064,Campinas,SP,2017-10-25
5065,Customer #5065,Embu Das Artes,SP,2018-03-22
5066,Customer #5066,Santo Antonio Do Amparo,MG,2018-07-19
5067,Customer #5067,Teixeira De Freitas,BA,2018-04-06
5068,Customer #5068,Marica,RJ,2017-08-13
5069,Customer #5069,Santa Maria,DF,2017-03-18
5070,Customer #5070,Mogi Das Cruzes,SP,2017-10-14
5071,Customer #5071,Macae,RJ,2018-06-30
5072,Customer #5072,Cotia,SP,2018-06-13
5073,Customer #5073,Itaquaquecetuba,SP,2018-04-13
5074,Customer #5074,Curitiba,PR,2018-05-05
5075,Customer #5075,Mogi Mirim,SP,2017-07-18
5076,Customer #5076,Campinas,SP,2018-06-04
5077,Customer #5077,Sao Paulo,SP,2018-06-24
5078,Customer #5078,Rio De Janeiro,RJ,2018-02-16
5079,Customer #5079,Sao Paulo,SP,2017-11-01
5080,Customer #5080,Itapevi,SP,2017-08-29
5081,Customer #5081,Guanhaes,MG,2017-06-12
5082,Customer #5082,Criciuma,SC,2017-12-06
5083,Customer #5083,Itaperucu,PR,2017-08-24
5084,Customer #5084,Pirapora Do Bom Jesus,SP,2018-07-18
5085,Customer #5085,Rio De Janeiro,RJ,2018-04-09
5086,Customer #5086,Rio De Janeiro,RJ,2018-08-14
5087,Customer #5087,Sao Paulo,SP,2018-01-22
5088,Customer #5088,Sao Paulo,SP,2017-11-15
5089,Customer #5089,Vinhedo,SP,2018-03-02
5090,Customer #5090,Sao Paulo,SP,2018-03-04
5091,Customer #5091,Sao Paulo,SP,2018-02-21
5092,Customer #5092,Teresina,PI,2017-10-03
5093,Customer #5093,Paranagua,PR,2017-11-03
5094,Customer #5094,Sao Paulo,SP,2018-05-11
5095,Customer #5095,Barueri,SP,2018-03-15
5096,Customer #5096,Sao Jose Dos Campos,SP,2018-05-29
5097,Customer #5097,Fraiburgo,SC,2017-11-24
5098,Customer #5098,Sao Paulo,SP,2018-03-01
5099,Customer #5099,Sao Paulo,SP,2018-04-28
5100,Customer #5100,Sao Jose Dos Campos,SP,2018-05-28
5101,Customer #5101,Sao Paulo,SP,2017-06-27
5102,Customer #5102,Bom Despacho,MG,2017-11-29
5103,Customer #5103,Belo Horizonte,MG,2017-03-20
5104,Customer #5104,Joao Pessoa,PB,2017-12-28
5105,Customer #5105,Sao Luis,MA,2017-10-17
5106,Customer #5106,Campinas,SP,2018-05-29
5107,Customer #5107,Ji-Parana,RO,2018-02-20
5108,Customer #5108,Roseira,SP,2018-03-08
5109,Customer #5109,Itatiaia,RJ,2017-04-19
5110,Customer #5110,Serra,ES,2017-12-22
5111,Customer #5111,Vitoria,ES,2017-08-10
5112,Customer #5112,Sobral,CE,2017-03-13
5113,Customer #5113,Feira De Santana,BA,2018-08-13
5114,Customer #5114,Sao Paulo,SP,2017-08-25
5115,Customer #5115,Sao Paulo,SP,2018-07-05
5116,Customer #5116,Itatiba,SP,2017-11-24
5117,Customer #5117,Gravatai,RS,2018-04-12
5118,Customer #5118,Foz Do Iguacu,PR,2018-06-28
5119,Customer #5119,Tiangua,CE,2018-04-12
5120,Customer #5120,Barra Do Pirai,RJ,2018-02-20
5121,Customer #5121,Campo Novo Do Parecis,MT,2018-06-01
5122,Customer #5122,Sao Paulo,SP,2017-03-07
5123,Customer #5123,Juazeiro,BA,2018-04-05
5124,Customer #5124,Piripiri,PI,2018-01-12
5125,Customer #5125,Taubate,SP,2017-02-18
5126,Customer #5126,Brasilia,DF,2018-05-14
5127,Customer #5127,Santana De Parnaiba,SP,2017-12-17
5128,Customer #5128,Buritirama,BA,2018-05-02
5129,Customer #5129,Rio De Janeiro,RJ,2018-07-16
5130,Customer #5130,Governador Celso Ramos,SC,2017-11-10
5131,Customer #5131,Agua Santa,RS,2018-01-10
5132,Customer #5132,Sao Paulo,SP,2018-08-21
5133,Customer #5133,Extrema,MG,2017-08-22
5134,Customer #5134,Fazenda Rio Grande,PR,2018-07-22
5135,Customer #5135,Arapiraca,AL,2017-10-27
5136,Customer #5136,Rio De Janeiro,RJ,2017-08-16
5137,Customer #5137,Ibirama,SC,2017-08-08
5138,Customer #5138,Rio De Janeiro,RJ,2017-05-24
5139,Customer #5139,Rio Grande Da Serra,SP,2018-04-05
5140,Customer #5140,Vitoria,ES,2017-01-26
5141,Customer #5141,Araruama,RJ,2018-05-30
5142,Customer #5142,Sorocaba,SP,2018-07-28
5143,Customer #5143,Sao Francisco De Itabapoana,RJ,2017-06-15
5144,Customer #5144,Brasilia,DF,2018-05-14
5145,Customer #5145,Sao Paulo,SP,2018-06-22
5146,Customer #5146,Guarapuava,PR,2018-06-04
5147,Customer #5147,Brasilia,DF,2017-03-05
5148,Customer #5148,Rio Verde,GO,2017-09-13
5149,Customer #5149,Rio De Janeiro,RJ,2018-08-09
5150,Customer #5150,Serra,ES,2017-06-19
5151,Customer #5151,Itu,SP,2018-06-01
5152,Customer #5152,Rio De Janeiro,RJ,2017-06-27
5153,Customer #5153,Braganca,PA,2018-04-15
5154,Customer #5154,Belo Horizonte,MG,2017-07-09
5155,Customer #5155,Sao Paulo,SP,2018-05-07
5156,Customer #5156,Canoinhas,SC,2017-05-18
5157,Customer #5157,Isaias Coelho,PI,2018-08-06
5158,Customer #5158,Itapevi,SP,2018-01-29
5159,Customer #5159,Sao Jose Dos Campos,SP,2017-03-20
5160,Customer #5160,Santa Rita,PB,2017-10-06
5161,Customer #5161,Hortolandia,SP,2018-04-24
5162,Customer #5162,Rio De Janeiro,RJ,2017-11-24
5163,Customer #5163,Sao Paulo,SP,2018-06-24
5164,Customer #5164,Vinhedo,SP,2017-09-18
5165,Customer #5165,Sao Paulo,SP,2017-07-13
5166,Customer #5166,Campinas,SP,2018-08-05
5167,Customer #5167,Rio De Janeiro,RJ,2018-01-23
5168,Customer #5168,Cardoso Moreira,RJ,2017-09-18
5169,Customer #5169,Governador Valadares,MG,2018-01-22
5170,Customer #5170,Sao Bernardo Do Campo,SP,2018-06-26
5171,Customer #5171,Manhuacu,MG,2018-04-27
5172,Customer #5172,Ibiuna,SP,2017-11-28
5173,Customer #5173,Rio De Janeiro,RJ,2017-05-23
5174,Customer #5174,Nova Fatima,PR,2017-02-01
5175,Customer #5175,Sao Paulo,SP,2018-01-14
5176,Customer #5176,Sao Paulo,SP,2017-04-27
5177,Customer #5177,Vassouras,RJ,2017-04-27
5178,Customer #5178,Ilhabela,SP,2018-07-18
5179,Customer #5179,Caxias Do Sul,RS,2018-02-21
5180,Customer #5180,Curitiba,PR,2017-10-10
5181,Customer #5181,Belo Horizonte,MG,2017-03-02
5182,Customer #5182,Seropedica,RJ,2018-04-19
5183,Customer #5183,Marica,RJ,2017-02-03
5184,Customer #5184,Conselheiro Lafaiete,MG,2017-12-19
5185,Customer #5185,Ronda Alta,RS,2017-08-18
5186,Customer #5186,Sao Paulo,SP,2017-07-17
5187,Customer #5187,Campo Limpo Paulista,SP,2018-06-12
5188,Customer #5188,Carmo Do Paranaiba,MG,2017-02-09
5189,Customer #5189,Rio De Janeiro,RJ,2018-04-22
5190,Customer #5190,Carazinho,RS,2017-10-10
5191,Customer #5191,Fortaleza,CE,2017-07-13
5192,Customer #5192,Macae,RJ,2018-03-13
5193,Customer #5193,Brasilia,DF,2018-05-14
5194,Customer #5194,Belem,PA,2017-10-17
5195,Customer #5195,Belo Horizonte,MG,2018-03-03
5196,Customer #5196,Paulinia,SP,2018-01-19
5197,Customer #5197,Belo Horizonte,MG,2018-02-10
5198,Customer #5198,Videira,SC,2018-04-02
5199,Customer #5199,Volta Redonda,RJ,2018-01-16
5200,Customer #5200,Conselheiro Lafaiete,MG,2017-07-14
5201,Customer #5201,Teofilo Otoni,MG,2018-08-04
5202,Customer #5202,Alvorada,TO,2018-03-15
5203,Customer #5203,Macae,RJ,2017-03-09
5204,Customer #5204,Belo Horizonte,MG,2017-11-14
5205,Customer #5205,Sao Caetano Do Sul,SP,2018-04-11
5206,Customer #5206,Petrolandia,PE,2017-06-30
5207,Customer #5207,Macae,RJ,2018-07-14
5208,Customer #5208,Santo Antonio,RN,2017-11-25
5209,Customer #5209,Tremembe,SP,2017-07-04
5210,Customer #5210,Sao Paulo,SP,2018-02-07
5211,Customer #5211,Araguaina,TO,2017-02-13
5212,Customer #5212,Sao Paulo,SP,2018-01-07
5213,Customer #5213,Sao Paulo,SP,2017-08-10
5214,Customer #5214,Sao Paulo,SP,2017-05-26
5215,Customer #5215,Belford Roxo,RJ,2017-06-12
5216,Customer #5216,Mato Leitao,RS,2017-09-14
5217,Customer #5217,Belo Horizonte,MG,2017-11-11
5218,Customer #5218,Caete,MG,2018-01-23
5219,Customer #5219,Lencois,BA,2017-09-02
5220,Customer #5220,Sao Paulo,SP,2018-05-21
5221,Customer #5221,Guarulhos,SP,2018-03-26
5222,Customer #5222,Sao Paulo,SP,2017-08-02
5223,Customer #5223,Porto Velho,RO,2018-08-03
5224,Customer #5224,Dourados,MS,2017-12-11
5225,Customer #5225,Sapiranga,RS,2017-05-21
5226,Customer #5226,Rodeio,SC,2018-01-21
5227,Customer #5227,Vitoria Da Conquista,BA,2017-10-29
5228,Customer #5228,Campinas,SP,2018-08-15
5229,Customer #5229,Salto,SP,2018-05-05
5230,Customer #5230,Joinville,SC,2017-08-19
5231,Customer #5231,Recife,PE,2017-11-27
5232,Customer #5232,Sao Paulo,SP,2018-08-16
5233,Customer #5233,Irati,PR,2018-06-10
5234,Customer #5234,Sao Bernardo Do Campo,SP,2018-04-24
5235,Customer #5235,Lorena,SP,2017-09-21
5236,Customer #5236,Poa,SP,2018-04-23
5237,Customer #5237,Mairipora,SP,2018-04-23
5238,Customer #5238,Florianopolis,SC,2017-11-24
5239,Customer #5239,Castilho,SP,2018-05-10
5240,Customer #5240,Lagoa Santa,MG,2017-02-16
5241,Customer #5241,Ponta Grossa,PR,2018-04-21
5242,Customer #5242,Maracanau,CE,2017-09-23
5243,Customer #5243,Sao Paulo,SP,2017-09-05
5244,Customer #5244,Taboao Da Serra,SP,2018-01-23
5245,Customer #5245,Belo Horizonte,MG,2017-10-16
5246,Customer #5246,Votuporanga,SP,2017-04-07
5247,Customer #5247,Sao Paulo,SP,2018-03-23
5248,Customer #5248,Sao Bernardo Do Campo,SP,2018-03-21
5249,Customer #5249,Barra Mansa,RJ,2017-11-25
5250,Customer #5250,Sao Paulo,SP,2018-07-18
5251,Customer #5251,Sao Paulo,SP,2018-03-21
5252,Customer #5252,Brasilia,DF,2018-01-17
5253,Customer #5253,Sao Paulo,SP,2018-03-02
5254,Customer #5254,Guarulhos,SP,2017-06-03
5255,Customer #5255,Guarulhos,SP,2018-01-07
5256,Customer #5256,Santa Helena,PR,2017-05-10
5257,Customer #5257,Osasco,SP,2018-05-31
5258,Customer #5258,Sao Paulo,SP,2017-03-14
5259,Customer #5259,Braganca Paulista,SP,2018-01-23
5260,Customer #5260,Rio De Janeiro,RJ,2017-12-10
5261,Customer #5261,Conceicao Do Rio Verde,MG,2017-06-16
5262,Customer #5262,Lagoa Santa,MG,2018-03-16
5263,Customer #5263,Sao Paulo,SP,2017-09-22
5264,Customer #5264,Conselheiro Lafaiete,MG,2017-07-18
5265,Customer #5265,Brasilia,DF,2017-11-08
5266,Customer #5266,Curitiba,PR,2017-11-15
5267,Customer #5267,Sao Paulo,SP,2017-11-30
5268,Customer #5268,Amelia Rodrigues,BA,2018-04-08
5269,Customer #5269,Presidente Olegario,MG,2018-04-17
5270,Customer #5270,Uruguaiana,RS,2017-11-28
5271,Customer #5271,Resende,RJ,2017-08-03
5272,Customer #5272,Sao Paulo,SP,2018-08-06
5273,Customer #5273,Sao Paulo,SP,2017-11-24
5274,Customer #5274,Sao Bernardo Do Campo,SP,2017-06-14
5275,Customer #5275,Bacabal,MA,2018-05-31
5276,Customer #5276,Sao Paulo,SP,2018-06-03
5277,Customer #5277,Guaraciaba Do Norte,CE,2018-05-10
5278,Customer #5278,Vianopolis,GO,2018-03-09
5279,Customer #5279,Rio De Janeiro,RJ,2017-06-20
5280,Customer #5280,Foz Do Iguacu,PR,2018-02-15
5281,Customer #5281,Duque De Caxias,RJ,2017-03-18
5282,Customer #5282,Ribeirao Preto,SP,2018-06-21
5283,Customer #5283,Sao Paulo,SP,2017-08-11
5284,Customer #5284,Chapeco,SC,2017-04-27
5285,Customer #5285,Jaguaquara,BA,2018-01-31
5286,Customer #5286,Fernandopolis,SP,2017-07-30
5287,Customer #5287,Sao Paulo,SP,2017-04-26
5288,Customer #5288,Arapongas,PR,2017-12-06
5289,Customer #5289,Taboao Da Serra,SP,2018-07-01
5290,Customer #5290,Sao Paulo,SP,2018-03-07
5291,Customer #5291,Primavera,SP,2017-11-28
5292,Customer #5292,Campinas,SP,2018-05-10
5293,Customer #5293,Campinas,SP,2017-10-26
5294,Customer #5294,Faxinal,PR,2017-02-03
5295,Customer #5295,Lagoa Dourada,MG,2018-01-25
5296,Customer #5296,Tramandai,RS,2018-04-18
5297,Customer #5297,Peabiru,PR,2018-01-07
5298,Customer #5298,Sao Paulo,SP,2017-11-25
5299,Customer #5299,Brasilia,DF,2017-09-23
5300,Customer #5300,Rio De Janeiro,RJ,2018-01-13
5301,Customer #5301,Sao Paulo,SP,2018-04-15
5302,Customer #5302,Tucano,BA,2018-05-13
5303,Customer #5303,Sao Paulo,SP,2018-07-09
5304,Customer #5304,Sao Paulo,SP,2017-10-08
5305,Customer #5305,Florianopolis,SC,2018-05-02
5306,Customer #5306,Barra Do Pirai,RJ,2017-09-17
5307,Customer #5307,Campina Grande,PB,2018-03-18
5308,Customer #5308,Rio De Janeiro,RJ,2018-05-05
5309,Customer #5309,Cidreira,RS,2018-04-11
5310,Customer #5310,Governador Valadares,MG,2018-02-15
5311,Customer #5311,Jose Bonifacio,SP,2018-02-27
5312,Customer #5312,Porto Alegre,RS,2018-01-30
5313,Customer #5313,Rio De Janeiro,RJ,2017-11-23
5314,Customer #5314,Rio De Janeiro,RJ,2018-08-17
5315,Customer #5315,Marilia,SP,2017-08-30
5316,Customer #5316,Ipatinga,MG,2018-03-10
5317,Customer #5317,Itumbiara,GO,2018-04-19
5318,Customer #5318,Limeira,SP,2017-12-14
5319,Customer #5319,Belo Horizonte,MG,2018-08-08
5320,Customer #5320,Belo Jardim,PE,2018-07-09
5321,Customer #5321,Cabo Frio,RJ,2018-04-07
5322,Customer #5322,Sao Paulo,SP,2018-05-03
5323,Customer #5323,Sao Joao De Meriti,RJ,2017-12-20
5324,Customer #5324,Rio De Janeiro,RJ,2017-05-06
5325,Customer #5325,Niteroi,RJ,2018-04-13
5326,Customer #5326,Arandu,SP,2017-11-21
5327,Customer #5327,Ribeirao Pires,SP,2017-11-24
5328,Customer #5328,Belem,PA,2018-02-03
5329,Customer #5329,Rio De Janeiro,RJ,2017-10-28
5330,Customer #5330,Sao Paulo,SP,2018-05-09
5331,Customer #5331,Florianopolis,SC,2018-02-23
5332,Customer #5332,Imbituba,SC,2017-06-15
5333,Customer #5333,Santa Maria,RS,2017-07-29
5334,Customer #5334,Wenceslau Guimaraes,BA,2018-06-05
5335,Customer #5335,Contagem,MG,2017-04-15
5336,Customer #5336,Patos,PB,2017-04-29
5337,Customer #5337,Sao Paulo,SP,2018-02-03
5338,Customer #5338,Monte Carmelo,MG,2017-07-13
5339,Customer #5339,Sao Bernardo Do Campo,SP,2018-04-04
5340,Customer #5340,Fortaleza,CE,2017-11-24
5341,Customer #5341,Pinhao,SE,2017-11-20
5342,Customer #5342,Bertolinia,PI,2018-04-12
5343,Customer #5343,Uba,MG,2017-11-23
5344,Customer #5344,Sao Paulo,SP,2017-12-06
5345,Customer #5345,Arceburgo,MG,2018-08-11
5346,Customer #5346,Adamantina,SP,2017-10-09
5347,Customer #5347,Eunapolis,BA,2017-03-18
5348,Customer #5348,Recife,PE,2018-04-29
5349,Customer #5349,Contagem,MG,2018-06-29
5350,Customer #5350,Tres Passos,RS,2018-06-05
5351,Customer #5351,Sao Paulo,SP,2018-04-12
5352,Customer #5352,Sao Luis,MA,2018-04-23
5353,Customer #5353,Sao Paulo,SP,2018-04-06
5354,Customer #5354,Sao Paulo,SP,2017-12-08
5355,Customer #5355,Sao Paulo,SP,2017-11-24
5356,Customer #5356,Curitiba,PR,2018-06-05
5357,Customer #5357,Aguas Belas,PE,2017-10-22
5358,Customer #5358,Nilopolis,RJ,2017-05-21
5359,Customer #5359,Campinas,SP,2018-07-02
5360,Customer #5360,Sao Vicente,SP,2017-10-02
5361,Customer #5361,Sao Paulo,SP,2018-03-06
5362,Customer #5362,Pirassununga,SP,2018-01-03
5363,Customer #5363,Sao Fidelis,RJ,2017-06-02
5364,Customer #5364,Campinas,SP,2018-06-04
5365,Customer #5365,Sao Paulo,SP,2017-07-06
5366,Customer #5366,Rio De Janeiro,RJ,2017-06-25
5367,Customer #5367,Mossoro,RN,2017-04-16
5368,Customer #5368,Sitio Novo,MA,2017-12-09
5369,Customer #5369,Diadema,SP,2018-05-14
5370,Customer #5370,Recife,PE,2017-08-02
5371,Customer #5371,Rio De Janeiro,RJ,2017-09-15
5372,Customer #5372,Caxambu,MG,2017-04-28
5373,Customer #5373,Campo Grande,MS,2018-06-16
5374,Customer #5374,Cordeiropolis,SP,2018-01-05
5375,Customer #5375,Curitiba,PR,2018-03-31
5376,Customer #5376,Fernandopolis,SP,2017-05-18
5377,Customer #5377,Sao Paulo,SP,2018-04-01
5378,Customer #5378,Rio De Janeiro,RJ,2017-11-26
5379,Customer #5379,Arapongas,PR,2017-06-17
5380,Customer #5380,Sao Jose Dos Campos,SP,2018-03-31
5381,Customer #5381,Sao Paulo,SP,2017-07-14
5382,Customer #5382,Santa Cruz De Monte Castelo,PR,2017-08-13
5383,Customer #5383,Americana,SP,2017-09-29
5384,Customer #5384,Lencois Paulista,SP,2018-08-06
5385,Customer #5385,Rio De Janeiro,RJ,2017-11-13
5386,Customer #5386,Dracena,SP,2018-07-25
5387,Customer #5387,Palmares Do Sul,RS,2017-05-26
5388,Customer #5388,Sao Paulo,SP,2017-08-24
5389,Customer #5389,Jandira,SP,2017-10-21
5390,Customer #5390,Jundiai,SP,2017-05-01
5391,Customer #5391,Sao Paulo,SP,2017-05-22
5392,Customer #5392,Curitiba,PR,2018-04-28
5393,Customer #5393,Sao Paulo,SP,2017-06-27
5394,Customer #5394,Porto Alegre,RS,2018-07-21
5395,Customer #5395,Guaruja,SP,2017-11-16
5396,Customer #5396,Caxias Do Sul,RS,2017-08-28
5397,Customer #5397,Vitoria,ES,2017-06-19
5398,Customer #5398,Belo Horizonte,MG,2018-02-17
5399,Customer #5399,Sao Paulo,SP,2017-07-24
5400,Customer #5400,Belo Horizonte,MG,2018-07-18
5401,Customer #5401,Monte Carmelo,MG,2017-09-23
5402,Customer #5402,Fortaleza,CE,2017-07-19
5403,Customer #5403,Niteroi,RJ,2017-12-09
5404,Customer #5404,Sao Paulo,SP,2018-01-11
5405,Customer #5405,Votorantim,SP,2018-03-23
5406,Customer #5406,Guaranta Do Norte,MT,2017-12-18
5407,Customer #5407,Rafard,SP,2017-11-24
5408,Customer #5408,Balneario Camboriu,SC,2018-04-05
5409,Customer #5409,Aparecida De Goiania,GO,2018-04-18
5410,Customer #5410,Rio De Janeiro,RJ,2017-07-12
5411,Customer #5411,Sao Paulo,SP,2017-08-13
5412,Customer #5412,Rio De Janeiro,RJ,2018-05-17
5413,Customer #5413,Sao Paulo,SP,2017-10-07
5414,Customer #5414,Porto Alegre,RS,2017-07-26
5415,Customer #5415,Jundiai,SP,2017-11-12
5416,Customer #5416,Aracaju,SE,2017-03-15
5417,Customer #5417,Rio De Janeiro,RJ,2018-03-10
5418,Customer #5418,Ribeirao Das Neves,MG,2017-04-29
5419,Customer #5419,Pitangui,MG,2018-04-24
5420,Customer #5420,Brasilia,DF,2017-09-14
5421,Customer #5421,Taboao Da Serra,SP,2018-01-24
5422,Customer #5422,Petropolis,RJ,2018-08-20
5423,Customer #5423,Sao Paulo,SP,2017-03-31
5424,Customer #5424,Sao Paulo,SP,2018-04-29
5425,Customer #5425,Guarulhos,SP,2017-02-28
5426,Customer #5426,Pelotas,RS,2018-02-03
5427,Customer #5427,Uberaba,MG,2018-01-04
5428,Customer #5428,Brasilia,DF,2018-03-15
5429,Customer #5429,Mogi Das Cruzes,SP,2018-08-06
5430,Customer #5430,Andradina,SP,2018-01-26
5431,Customer #5431,Curitiba,PR,2017-05-11
5432,Customer #5432,Sao Paulo,SP,2018-04-23
5433,Customer #5433,Uberlandia,MG,2018-06-11
5434,Customer #5434,Florianopolis,SC,2018-01-15
5435,Customer #5435,Palotina,PR,2017-06-16
5436,Customer #5436,Montes Claros,MG,2017-06-12
5437,Customer #5437,Belo Horizonte,MG,2017-10-26
5438,Customer #5438,Osasco,SP,2018-04-10
5439,Customer #5439,Betim,MG,2018-07-07
5440,Customer #5440,Ielmo Marinho,RN,2018-05-14
5441,Customer #5441,Sao Paulo,SP,2018-08-08
5442,Customer #5442,Inhumas,GO,2017-04-27
5443,Customer #5443,Toledo,PR,2017-11-02
5444,Customer #5444,Canoas,RS,2018-05-19
5445,Customer #5445,Guapo,GO,2017-05-03
5446,Customer #5446,Caete,MG,2017-09-01
5447,Customer #5447,Paracatu,MG,2017-08-16
5448,Customer #5448,Muriae,MG,2018-04-26
5449,Customer #5449,Pouso Alegre,MG,2017-09-07
5450,Customer #5450,Teresina,PI,2018-04-05
5451,Customer #5451,Pedro Leopoldo,MG,2018-02-02
5452,Customer #5452,Guapo,GO,2017-10-18
5453,Customer #5453,Formosa,GO,2017-06-27
5454,Customer #5454,Campinas,SP,2018-01-03
5455,Customer #5455,Barueri,SP,2017-11-11
5456,Customer #5456,Sao Joao De Meriti,RJ,2017-10-18
5457,Customer #5457,Corupa,SC,2018-04-10
5458,Customer #5458,Dianopolis,TO,2018-03-25
5459,Customer #5459,Itaquaquecetuba,SP,2018-03-27
5460,Customer #5460,Nipoa,SP,2018-07-31
5461,Customer #5461,Mongagua,SP,2017-10-08
5462,Customer #5462,Niteroi,RJ,2018-03-12
5463,Customer #5463,Belo Horizonte,MG,2017-09-27
5464,Customer #5464,Curitiba,PR,2018-01-14
5465,Customer #5465,Barueri,SP,2018-05-21
5466,Customer #5466,Curitiba,PR,2017-03-29
5467,Customer #5467,Castro,PR,2017-11-09
5468,Customer #5468,Belo Horizonte,MG,2018-01-29
5469,Customer #5469,Xangri-La,RS,2018-07-18
5470,Customer #5470,Goianesia,GO,2018-02-01
5471,Customer #5471,Embu Das Artes,SP,2018-07-14
5472,Customer #5472,Rio De Janeiro,RJ,2017-06-12
5473,Customer #5473,Sao Paulo,SP,2018-05-16
5474,Customer #5474,Aguai,SP,2017-11-15
5475,Customer #5475,Rio Grande,RS,2018-04-03
5476,Customer #5476,Salvador,BA,2017-09-01
5477,Customer #5477,Aracatuba,SP,2018-08-02
5478,Customer #5478,Carbonita,MG,2017-10-27
5479,Customer #5479,Sao Paulo,SP,2018-02-18
5480,Customer #5480,Curitiba,PR,2017-06-08
5481,Customer #5481,Sao Leopoldo,RS,2017-03-22
5482,Customer #5482,Fernandopolis,SP,2018-05-05
5483,Customer #5483,Triunfo,RS,2018-06-25
5484,Customer #5484,Divinopolis,MG,2018-04-04
5485,Customer #5485,Sao Jose Dos Campos,SP,2018-03-07
5486,Customer #5486,Eunapolis,BA,2018-06-19
5487,Customer #5487,Sao Paulo,SP,2018-01-27
5488,Customer #5488,Ibitiuva,SP,2018-08-09
5489,Customer #5489,Alfenas,MG,2018-06-04
5490,Customer #5490,Jaboatao Dos Guararapes,PE,2018-02-28
5491,Customer #5491,Jijoca De Jericoacoara,CE,2018-01-19
5492,Customer #5492,Atibaia,SP,2017-08-01
5493,Customer #5493,Brasilia,DF,2018-07-27
5494,Customer #5494,Contagem,MG,2017-11-24
5495,Customer #5495,Presidente Prudente,SP,2017-10-01
5496,Customer #5496,Itapevi,SP,2018-03-30
5497,Customer #5497,Serra,ES,2018-01-06
5498,Customer #5498,Praia Grande,SP,2018-03-13
5499,Customer #5499,Toledo,PR,2018-04-10
5500,Customer #5500,Sao Luis,MA,2018-04-02
5501,Customer #5501,Americana,SP,2017-10-06
5502,Customer #5502,Vitoria,ES,2018-03-14
5503,Customer #5503,Campos Dos Goytacazes,RJ,2018-01-24
5504,Customer #5504,Artur Nogueira,SP,2017-09-13
5505,Customer #5505,Guabiruba,SC,2018-05-09
5506,Customer #5506,Sao Paulo,SP,2018-02-08
5507,Customer #5507,Sao Paulo,SP,2018-02-14
5508,Customer #5508,Porto Alegre,RS,2017-12-14
5509,Customer #5509,Paraty,RJ,2017-01-15
5510,Customer #5510,Sao Paulo,SP,2018-06-02
5511,Customer #5511,Fortaleza,CE,2018-05-08
5512,Customer #5512,Contagem,MG,2018-05-15
5513,Customer #5513,Taboao Da Serra,SP,2017-10-08
5514,Customer #5514,Joao Neiva,ES,2017-06-17
5515,Customer #5515,Maraba,PA,2017-11-07
5516,Customer #5516,Santos,SP,2018-02-15
5517,Customer #5517,Sao Paulo,SP,2017-02-08
5518,Customer #5518,Sao Paulo,SP,2018-04-19
5519,Customer #5519,Ribeira,SP,2018-03-26
5520,Customer #5520,Aparecida De Goiania,GO,2018-06-20
5521,Customer #5521,Rio De Janeiro,RJ,2018-02-20
5522,Customer #5522,Aracaju,SE,2017-09-26
5523,Customer #5523,Montes Claros,MG,2017-08-13
5524,Customer #5524,Chorozinho,CE,2018-08-03
5525,Customer #5525,Cariacica,ES,2018-06-05
5526,Customer #5526,Rio De Janeiro,RJ,2018-05-04
5527,Customer #5527,Joao Pessoa,PB,2018-04-04
5528,Customer #5528,Santo Andre,SP,2017-12-04
5529,Customer #5529,Petropolis,RJ,2018-06-22
5530,Customer #5530,Itatiba,SP,2017-06-20
5531,Customer #5531,Sao Bernardo Do Campo,SP,2017-09-26
5532,Customer #5532,Otacilio Costa,SC,2017-10-31
5533,Customer #5533,Itajai,SC,2017-05-17
5534,Customer #5534,Sao Paulo,SP,2018-03-13
5535,Customer #5535,Lages,SC,2018-04-16
5536,Customer #5536,Castelo,ES,2017-04-15
5537,Customer #5537,Jaguariuna,SP,2018-01-14
5538,Customer #5538,Diadema,SP,2018-08-14
5539,Customer #5539,Sao Paulo,SP,2018-06-08
5540,Customer #5540,Rio De Janeiro,RJ,2018-07-04
5541,Customer #5541,Ribeirao Preto,SP,2017-08-02
5542,Customer #5542,Nova Serrana,MG,2018-02-14
5543,Customer #5543,Ponta Grossa,PR,2017-06-15
5544,Customer #5544,Curitiba,PR,2018-03-11
5545,Customer #5545,Caieiras,SP,2018-02-28
5546,Customer #5546,Barro,CE,2018-08-17
5547,Customer #5547,Sao Paulo,SP,2018-04-05
5548,Customer #5548,Presidente Prudente,SP,2018-06-05
5549,Customer #5549,Santos,SP,2018-08-18
5550,Customer #5550,Sao Paulo,SP,2018-02-27
5551,Customer #5551,Aparecida De Goiania,GO,2017-03-12
5552,Customer #5552,Diamantina,MG,2017-09-20
5553,Customer #5553,Uberaba,MG,2017-11-26
5554,Customer #5554,Sao Paulo,SP,2018-07-30
5555,Customer #5555,Brasilia,DF,2017-10-08
5556,Customer #5556,Volta Redonda,RJ,2018-05-07
5557,Customer #5557,Limeira,SP,2017-12-25
5558,Customer #5558,Brasilia,DF,2017-08-17
5559,Customer #5559,Vitoria,ES,2018-06-13
5560,Customer #5560,Sao Paulo,SP,2018-03-17
5561,Customer #5561,Rio De Janeiro,RJ,2017-03-17
5562,Customer #5562,Rio De Janeiro,RJ,2018-05-15
5563,Customer #5563,Piracicaba,SP,2017-05-15
5564,Customer #5564,Sao Paulo,SP,2017-12-15
5565,Customer #5565,Sao Paulo,SP,2017-09-20
5566,Customer #5566,Sao Paulo,SP,2018-04-13
5567,Customer #5567,Montanha,ES,2018-01-05
5568,Customer #5568,Rio De Janeiro,RJ,2017-05-14
5569,Customer #5569,Cristalina,GO,2018-05-16
5570,Customer #5570,Rio De Janeiro,RJ,2017-11-09
5571,Customer #5571,Brasilia,DF,2017-01-16
5572,Customer #5572,Alfenas,MG,2018-04-17
5573,Customer #5573,Diadema,SP,2017-05-12
5574,Customer #5574,Fortaleza,CE,2018-08-09
5575,Customer #5575,Rio De Janeiro,RJ,2017-01-25
5576,Customer #5576,Imperatriz,MA,2017-11-17
5577,Customer #5577,Uberaba,MG,2018-02-25
5578,Customer #5578,Sao Paulo,SP,2017-07-07
5579,Customer #5579,Panambi,RS,2018-05-05
5580,Customer #5580,Joao Pessoa,PB,2017-04-09
5581,Customer #5581,Rio De Janeiro,RJ,2017-11-25
5582,Customer #5582,Goiania,GO,2018-05-04
5583,Customer #5583,Salvador,BA,2017-05-13
5584,Customer #5584,Sao Paulo,SP,2018-07-15
5585,Customer #5585,Muriae,MG,2017-09-18
5586,Customer #5586,Campinas,SP,2017-11-17
5587,Customer #5587,Marica,RJ,2018-02-27
5588,Customer #5588,Camacari,BA,2017-06-15
5589,Customer #5589,Piracicaba,SP,2018-01-03
5590,Customer #5590,Sao Paulo,SP,2017-01-26
5591,Customer #5591,Sao Paulo,SP,2018-01-26
5592,Customer #5592,Sao Paulo,SP,2017-06-01
5593,Customer #5593,Sao Paulo,SP,2018-05-09
5594,Customer #5594,Joao Pessoa,PB,2017-02-25
5595,Customer #5595,Rio De Janeiro,RJ,2018-01-30
5596,Customer #5596,Sao Paulo,SP,2018-01-07
5597,Customer #5597,Sao Paulo,SP,2018-06-08
5598,Customer #5598,Sao Paulo,SP,2017-03-20
5599,Customer #5599,Rio De Janeiro,RJ,2018-07-30
5600,Customer #5600,Limeira,SP,2018-07-24
5601,Customer #5601,Praia Grande,SP,2018-01-02
5602,Customer #5602,Sao Paulo,SP,2017-02-26
5603,Customer #5603,Sao Paulo,SP,2017-09-23
5604,Customer #5604,Araras,SP,2017-10-22
5605,Customer #5605,Olinda,PE,2017-12-12
5606,Customer #5606,Brasilia,DF,2017-03-01
5607,Customer #5607,Niteroi,RJ,2018-03-05
5608,Customer #5608,Guaira,PR,2017-04-30
5609,Customer #5609,Caieiras,SP,2017-05-25
5610,Customer #5610,Itupeva,SP,2017-03-30
5611,Customer #5611,Sao Borja,RS,2018-03-08
5612,Customer #5612,Sao Paulo,SP,2017-08-21
5613,Customer #5613,Imbituva,PR,2017-09-28
5614,Customer #5614,Jundiai,SP,2018-04-23
5615,Customer #5615,Belo Horizonte,MG,2017-08-27
5616,Customer #5616,Salto De Pirapora,SP,2017-12-30
5617,Customer #5617,Brasilia,DF,2017-05-24
5618,Customer #5618,Curitiba,PR,2018-06-18
5619,Customer #5619,Paulo De Faria,SP,2017-10-09
5620,Customer #5620,Porto Alegre,RS,2018-02-01
5621,Customer #5621,Coromandel,MG,2018-08-05
5622,Customer #5622,Porto Alegre,RS,2018-03-24
5623,Customer #5623,Nossa Senhora Do Socorro,SE,2017-11-24
5624,Customer #5624,Osasco,SP,2017-12-26
5625,Customer #5625,Campinas,SP,2018-08-14
5626,Customer #5626,Limeira,SP,2017-09-03
5627,Customer #5627,Franco Da Rocha,SP,2017-03-29
5628,Customer #5628,Guarulhos,SP,2018-04-15
5629,Customer #5629,Curitiba,PR,2018-06-06
5630,Customer #5630,Ribeirao Preto,SP,2018-03-15
5631,Customer #5631,Belo Horizonte,MG,2018-08-04
5632,Customer #5632,Sao Paulo,SP,2018-06-20
5633,Customer #5633,Florianopolis,SC,2017-09-06
5634,Customer #5634,Florianopolis,SC,2018-05-13
5635,Customer #5635,Fortaleza,CE,2018-02-23
5636,Customer #5636,Varginha,MG,2017-08-08
5637,Customer #5637,Santo Andre,SP,2018-05-01
5638,Customer #5638,Rio De Janeiro,RJ,2017-11-06
5639,Customer #5639,Cabo Verde,MG,2018-04-25
5640,Customer #5640,Foz Do Iguacu,PR,2017-05-17
5641,Customer #5641,Sao Carlos Do Ivai,PR,2018-06-13
5642,Customer #5642,Ribeirao Preto,SP,2017-08-10
5643,Customer #5643,Belem,PA,2018-01-07
5644,Customer #5644,Brasilia,DF,2017-10-01
5645,Customer #5645,Santo Anastacio,SP,2017-10-25
5646,Customer #5646,Maracanau,CE,2017-04-06
5647,Customer #5647,Sao Paulo,SP,2017-04-21
5648,Customer #5648,Rio De Janeiro,RJ,2018-05-18
5649,Customer #5649,Conceicao,PB,2017-11-24
5650,Customer #5650,Sao Paulo,SP,2017-11-29
5651,Customer #5651,Curitiba,PR,2018-07-14
5652,Customer #5652,Sao Paulo,SP,2018-03-05
5653,Customer #5653,Chopinzinho,PR,2018-05-31
5654,Customer #5654,Santos,SP,2017-09-02
5655,Customer #5655,Barueri,SP,2018-02-01
5656,Customer #5656,Sao Paulo,SP,2018-08-04
5657,Customer #5657,Belo Horizonte,MG,2018-05-09
5658,Customer #5658,Maraba,PA,2018-05-08
5659,Customer #5659,Bandeirantes Do Tocantins,TO,2017-04-02
5660,Customer #5660,Rio De Janeiro,RJ,2018-07-10
5661,Customer #5661,Porto Alegre,RS,2017-09-30
5662,Customer #5662,Rio De Janeiro,RJ,2018-03-08
5663,Customer #5663,Dois Irmaos,RS,2018-01-12
5664,Customer #5664,Rio De Janeiro,RJ,2017-04-24
5665,Customer #5665,Canoas,RS,2018-04-04
5666,Customer #5666,Rio De Janeiro,RJ,2018-06-15
5667,Customer #5667,Celina,ES,2017-12-04
5668,Customer #5668,Teresopolis,RJ,2018-03-28
5669,Customer #5669,Cruz Alta,RS,2018-08-20
5670,Customer #5670,Porto Alegre,RS,2018-03-31
5671,Customer #5671,Sao Paulo,SP,2018-02-15
5672,Customer #5672,Ipatinga,MG,2018-07-19
5673,Customer #5673,Sao Paulo,SP,2017-09-07
5674,Customer #5674,Sao Paulo,SP,2018-08-01
5675,Customer #5675,Santo Antonio De Jesus,BA,2018-04-16
5676,Customer #5676,Rio De Janeiro,RJ,2017-08-14
5677,Customer #5677,Sao Jose Do Rio Preto,SP,2018-04-05
5678,Customer #5678,Ponta Grossa,PR,2018-06-23
5679,Customer #5679,Engenheiro Coelho,SP,2017-06-06
5680,Customer #5680,Cotia,SP,2018-07-27
5681,Customer #5681,Camacari,BA,2018-06-19
5682,Customer #5682,Guaruja,SP,2017-11-08
5683,Customer #5683,Sorocaba,SP,2018-01-06
5684,Customer #5684,Rondonopolis,MT,2017-07-30
5685,Customer #5685,Sao Paulo,SP,2017-06-06
5686,Customer #5686,Brasilia,DF,2017-03-23
5687,Customer #5687,Porto Alegre,RS,2018-02-01
5688,Customer #5688,Rio De Janeiro,RJ,2018-05-11
5689,Customer #5689,Sao Paulo,SP,2018-05-30
5690,Customer #5690,Monte Alegre De Minas,MG,2018-08-02
5691,Customer #5691,Teofilo Otoni,MG,2018-01-05
5692,Customer #5692,Jacarei,SP,2018-04-03
5693,Customer #5693,Maua,SP,2018-05-04
5694,Customer #5694,Osasco,SP,2017-10-13
5695,Customer #5695,Araraquara,SP,2017-09-13
5696,Customer #5696,Cruz Das Almas,BA,2018-08-01
5697,Customer #5697,Goiania,GO,2017-11-10
5698,Customer #5698,Rio Bonito,RJ,2018-02-02
5699,Customer #5699,Sao Paulo,SP,2018-05-05
5700,Customer #5700,Sao Bernardo Do Campo,SP,2017-09-20
5701,Customer #5701,Catanduva,SP,2017-11-25
5702,Customer #5702,Sertaozinho,SP,2018-05-16
5703,Customer #5703,Rio De Janeiro,RJ,2017-04-08
5704,Customer #5704,Recife,PE,2018-02-01
5705,Customer #5705,Sao Leopoldo,RS,2017-11-12
5706,Customer #5706,Ponta Grossa,PR,2018-07-23
5707,Customer #5707,Belo Horizonte,MG,2018-04-19
5708,Customer #5708,Sao Paulo,SP,2018-08-09
5709,Customer #5709,Guairaca,PR,2018-08-05
5710,Customer #5710,Uba,MG,2018-08-16
5711,Customer #5711,Osasco,SP,2018-01-21
5712,Customer #5712,Sao Paulo,SP,2017-11-06
5713,Customer #5713,Cachoeiro De Itapemirim,ES,2018-06-22
5714,Customer #5714,Belem,PA,2017-06-07
5715,Customer #5715,Campinas,SP,2018-05-09
5716,Customer #5716,Santa Vitoria,MG,2017-06-25
5717,Customer #5717,Tres Lagoas,MS,2018-06-12
5718,Customer #5718,Rio De Janeiro,RJ,2018-04-02
5719,Customer #5719,Ortigueira,PR,2018-08-17
5720,Customer #5720,Belo Horizonte,MG,2018-02-23
5721,Customer #5721,Sao Paulo,SP,2018-02-04
5722,Customer #5722,Rio De Janeiro,RJ,2017-08-24
5723,Customer #5723,Brasilia,DF,2018-05-16
5724,Customer #5724,Sao Paulo,SP,2018-06-12
5725,Customer #5725,Curitiba,PR,2018-01-24
5726,Customer #5726,Mar De Espanha,MG,2017-12-08
5727,Customer #5727,Garanhuns,PE,2017-08-06
5728,Customer #5728,Paulinia,SP,2018-03-15
5729,Customer #5729,Porto Velho,RO,2017-12-11
5730,Customer #5730,Teresina,PI,2018-08-06
5731,Customer #5731,Belem,PA,2017-08-11
5732,Customer #5732,Belo Jardim,PE,2017-07-14
5733,Customer #5733,Belem,PA,2017-12-02
5734,Customer #5734,Jales,SP,2018-06-14
5735,Customer #5735,Tenente Portela,RS,2017-09-05
5736,Customer #5736,Nanuque,MG,2017-02-11
5737,Customer #5737,Sao Paulo,SP,2017-08-04
5738,Customer #5738,Sao Jose Dos Pinhais,PR,2018-06-20
5739,Customer #5739,Sao Paulo,SP,2017-08-30
5740,Customer #5740,Vila Velha,ES,2017-12-01
5741,Customer #5741,Porto Alegre,RS,2017-06-13
5742,Customer #5742,Tres Lagoas,MS,2018-02-15
5743,Customer #5743,Carazinho,RS,2017-02-02
5744,Customer #5744,Manaus,AM,2018-04-03
5745,Customer #5745,Sao Paulo,SP,2018-03-18
5746,Customer #5746,Patrocinio,MG,2018-07-26
5747,Customer #5747,Sao Caetano Do Sul,SP,2017-05-11
5748,Customer #5748,Sao Paulo,SP,2018-08-09
5749,Customer #5749,Jatai,GO,2017-11-27
5750,Customer #5750,Sao Miguel Do Oeste,SC,2017-05-09
5751,Customer #5751,Sao Jose Dos Campos,SP,2017-12-10
5752,Customer #5752,Sao Paulo,SP,2018-02-10
5753,Customer #5753,Curitiba,PR,2018-05-21
5754,Customer #5754,Sao Paulo,SP,2018-08-10
5755,Customer #5755,Buritis,MG,2018-03-26
5756,Customer #5756,Natal,RN,2017-11-03
5757,Customer #5757,Mascote,BA,2018-01-03
5758,Customer #5758,Sao Carlos,SP,2018-04-03
5759,Customer #5759,Belo Horizonte,MG,2017-07-11
5760,Customer #5760,Curitiba,PR,2018-04-09
5761,Customer #5761,Rio De Janeiro,RJ,2017-08-25
5762,Customer #5762,Osasco,SP,2018-07-19
5763,Customer #5763,Sorocaba,SP,2017-07-17
5764,Customer #5764,Rio De Janeiro,RJ,2017-05-17
5765,Customer #5765,Carambei,PR,2017-05-08
5766,Customer #5766,Vitoria De Santo Antao,PE,2018-07-19
5767,Customer #5767,Belem,PA,2017-08-22
5768,Customer #5768,Curitiba,PR,2017-06-12
5769,Customer #5769,Sao Paulo,SP,2018-02-20
5770,Customer #5770,Jandira,SP,2018-06-05
5771,Customer #5771,Colatina,ES,2018-06-27
5772,Customer #5772,Patos De Minas,MG,2017-12-01
5773,Customer #5773,Sao Paulo,SP,2017-09-28
5774,Customer #5774,Sao Paulo,SP,2018-08-25
5775,Customer #5775,Campo Ere,SC,2017-05-31
5776,Customer #5776,Salvador,BA,2018-05-10
5777,Customer #5777,Sao Paulo,SP,2017-03-27
5778,Customer #5778,Araraquara,SP,2018-04-24
5779,Customer #5779,Campinas,SP,2017-08-18
5780,Customer #5780,Mogi Das Cruzes,SP,2017-11-15
5781,Customer #5781,Sorocaba,SP,2017-11-24
5782,Customer #5782,Aracaju,SE,2017-08-07
5783,Customer #5783,Rio De Janeiro,RJ,2018-06-07
5784,Customer #5784,Sao Paulo,SP,2017-11-26
5785,Customer #5785,Guarulhos,SP,2018-03-19
5786,Customer #5786,Espera Feliz,MG,2017-12-14
5787,Customer #5787,Rio De Janeiro,RJ,2017-12-04
5788,Customer #5788,Sao Paulo,SP,2018-05-02
5789,Customer #5789,Guaira,PR,2017-10-03
5790,Customer #5790,Campinas,SP,2018-02-07
5791,Customer #5791,Sao Jose Do Rio Preto,SP,2018-08-24
5792,Customer #5792,Sao Paulo,SP,2017-06-04
5793,Customer #5793,Sao Carlos,SP,2017-01-12
5794,Customer #5794,Criciuma,SC,2018-08-07
5795,Customer #5795,Teresina,PI,2018-03-24
5796,Customer #5796,Gaspar,SC,2017-11-26
5797,Customer #5797,Paranavai,PR,2017-11-06
5798,Customer #5798,Guapiacu,SP,2017-09-10
5799,Customer #5799,Salvador,BA,2018-04-24
5800,Customer #5800,Itambacuri,MG,2017-11-19
5801,Customer #5801,Ponta Grossa,PR,2017-05-11
5802,Customer #5802,Almirante Tamandare,PR,2018-03-07
5803,Customer #5803,Sao Carlos,SP,2018-01-02
5804,Customer #5804,Caiaponia,GO,2018-07-21
5805,Customer #5805,Contagem,MG,2018-01-28
5806,Customer #5806,Jandaira,RN,2017-12-14
5807,Customer #5807,Sao Paulo,SP,2018-03-01
5808,Customer #5808,Sao Paulo,SP,2018-02-25
5809,Customer #5809,Fortaleza,CE,2018-01-05
5810,Customer #5810,Cacapava Do Sul,RS,2018-05-15
5811,Customer #5811,Sao Francisco De Itabapoana,RJ,2018-06-24
5812,Customer #5812,Belo Horizonte,MG,2018-05-19
5813,Customer #5813,Sao Paulo,SP,2018-07-11
5814,Customer #5814,Guaiba,RS,2017-10-01
5815,Customer #5815,Rio De Janeiro,RJ,2017-10-14
5816,Customer #5816,Pitangueiras,SP,2017-09-07
5817,Customer #5817,Sao Jose Dos Campos,SP,2018-06-17
5818,Customer #5818,Sao Paulo,SP,2018-05-15
5819,Customer #5819,Machado,MG,2017-08-15
5820,Customer #5820,Curitiba,PR,2018-03-02
5821,Customer #5821,Joao Monlevade,MG,2017-12-08
5822,Customer #5822,Montes Claros,MG,2018-03-29
5823,Customer #5823,Belo Horizonte,MG,2017-04-05
5824,Customer #5824,Brasilia,DF,2017-02-06
5825,Customer #5825,Guarulhos,SP,2017-07-18
5826,Customer #5826,Belem,PA,2018-05-26
5827,Customer #5827,Osasco,SP,2018-04-12
5828,Customer #5828,Sao Paulo,SP,2018-03-03
5829,Customer #5829,Sao Jose Do Rio Preto,SP,2017-07-15
5830,Customer #5830,Sao Paulo,SP,2017-09-21
5831,Customer #5831,Osasco,SP,2017-10-18
5832,Customer #5832,Sao Paulo,SP,2017-07-28
5833,Customer #5833,Rio De Janeiro,RJ,2017-10-06
5834,Customer #5834,Juiz De Fora,MG,2018-04-25
5835,Customer #5835,Rio Das Ostras,RJ,2018-08-09
5836,Customer #5836,Maua,SP,2018-01-06
5837,Customer #5837,Santa Helena,PR,2018-05-06
5838,Customer #5838,Santana De Parnaiba,SP,2018-02-09
5839,Customer #5839,Sao Mateus,ES,2017-06-12
5840,Customer #5840,Curitiba,PR,2017-01-11
5841,Customer #5841,Sao Paulo,SP,2017-11-03
5842,Customer #5842,Sao Luiz Gonzaga,RS,2018-08-02
5843,Customer #5843,Contagem,MG,2018-03-29
5844,Customer #5844,Sao Paulo,SP,2018-04-19
5845,Customer #5845,Santo Andre,SP,2017-11-30
5846,Customer #5846,Ubatuba,SP,2017-12-17
5847,Customer #5847,Sao Paulo,SP,2018-06-23
5848,Customer #5848,Nova Odessa,SP,2017-03-16
5849,Customer #5849,Sao Paulo,SP,2018-06-01
5850,Customer #5850,Sao Paulo,SP,2018-03-01
5851,Customer #5851,Sao Paulo,SP,2018-05-04
5852,Customer #5852,Figueiropolis D'Oeste,MT,2017-12-04
5853,Customer #5853,Sao Paulo,SP,2017-03-01
5854,Customer #5854,Sao Paulo,SP,2018-07-15
5855,Customer #5855,Belo Horizonte,MG,2017-06-16
5856,Customer #5856,Holambra,SP,2017-07-16
5857,Customer #5857,Guarulhos,SP,2018-01-12
5858,Customer #5858,Sao Paulo,SP,2018-03-21
5859,Customer #5859,Belem,PA,2017-12-05
5860,Customer #5860,Cachoeiro De Itapemirim,ES,2017-07-12
5861,Customer #5861,Cuiaba,MT,2017-05-31
5862,Customer #5862,Sao Sebastiao,SP,2017-12-14
5863,Customer #5863,Belem,PA,2017-12-09
5864,Customer #5864,Rio De Janeiro,RJ,2017-11-01
5865,Customer #5865,Marilia,SP,2018-08-23
5866,Customer #5866,Sao Bento Do Una,PE,2018-01-10
5867,Customer #5867,Tres Coroas,RS,2018-03-26
5868,Customer #5868,Louveira,SP,2017-10-30
5869,Customer #5869,Entre Rios De Minas,MG,2018-05-18
5870,Customer #5870,Uberlandia,MG,2018-06-20
5871,Customer #5871,Sao Paulo,SP,2017-11-10
5872,Customer #5872,Volta Redonda,RJ,2017-11-15
5873,Customer #5873,Barra Do Garcas,MT,2018-04-10
5874,Customer #5874,Maristela,SP,2018-04-13
5875,Customer #5875,Sao Paulo,SP,2017-06-25
5876,Customer #5876,Belo Horizonte,MG,2017-08-17
5877,Customer #5877,Arroio Do Tigre,RS,2018-02-21
5878,Customer #5878,Sao Paulo,SP,2017-05-07
5879,Customer #5879,Camaragibe,PE,2017-05-31
5880,Customer #5880,Praia Grande,SP,2018-06-20
5881,Customer #5881,Sao Carlos,SP,2018-04-16
5882,Customer #5882,Guarulhos,SP,2018-01-13
5883,Customer #5883,Sao Paulo,SP,2018-08-14
5884,Customer #5884,Santos,SP,2018-04-10
5885,Customer #5885,Ipua,SP,2018-08-12
5886,Customer #5886,Pouso Alegre,MG,2017-09-13
5887,Customer #5887,Montes Claros,MG,2018-05-13
5888,Customer #5888,Recife,PE,2017-08-28
5889,Customer #5889,Sao Paulo,SP,2017-11-26
5890,Customer #5890,Sao Luis,MA,2018-08-14
5891,Customer #5891,Pouso Alegre,MG,2017-07-07
5892,Customer #5892,Jundiai,SP,2018-06-05
5893,Customer #5893,Curitiba,PR,2017-10-18
5894,Customer #5894,Rancho Queimado,SC,2017-11-20
5895,Customer #5895,Florianopolis,SC,2017-12-12
5896,Customer #5896,Bauru,SP,2018-06-06
5897,Customer #5897,Bom Jesus Do Itabapoana,RJ,2017-06-07
5898,Customer #5898,Niteroi,RJ,2018-02-13
5899,Customer #5899,Santo Augusto,RS,2017-06-01
5900,Customer #5900,Salvador,BA,2018-08-08
5901,Customer #5901,Itaquaquecetuba,SP,2018-04-23
5902,Customer #5902,Brasilia,DF,2018-08-07
5903,Customer #5903,Rio De Janeiro,RJ,2018-04-02
5904,Customer #5904,Jundiai,SP,2018-08-07
5905,Customer #5905,Porto Alegre,RS,2018-04-11
5906,Customer #5906,Ribeirao Bonito,SP,2018-08-12
5907,Customer #5907,Registro,SP,2018-03-05
5908,Customer #5908,Itacarambi,MG,2017-11-27
5909,Customer #5909,Sao Felix Do Coribe,BA,2017-05-16
5910,Customer #5910,Curitiba,PR,2017-06-14
5911,Customer #5911,Diadema,SP,2018-05-06
5912,Customer #5912,Xanxere,SC,2018-06-05
5913,Customer #5913,Sao Paulo,SP,2018-07-28
5914,Customer #5914,Indaiatuba,SP,2017-03-20
5915,Customer #5915,Brasilia,DF,2018-07-27
5916,Customer #5916,Goiania,GO,2017-07-25
5917,Customer #5917,Itaju,SP,2017-10-01
5918,Customer #5918,Juazeiro Do Norte,CE,2017-12-02
5919,Customer #5919,Bom Jesus Do Itabapoana,RJ,2017-12-17
5920,Customer #5920,Franca,SP,2018-06-03
5921,Customer #5921,Governador Valadares,MG,2018-07-01
5922,Customer #5922,Campinas,SP,2018-03-08
5923,Customer #5923,Pocos De Caldas,MG,2018-04-22
5924,Customer #5924,Caieiras,SP,2018-06-15
5925,Customer #5925,Itabuna,BA,2017-07-05
5926,Customer #5926,Ibiraci,MG,2018-06-27
5927,Customer #5927,Juiz De Fora,MG,2017-10-24
5928,Customer #5928,Hortolandia,SP,2017-10-13
5929,Customer #5929,Varginha,MG,2018-05-30
5930,Customer #5930,Uberlandia,MG,2018-07-24
5931,Customer #5931,Marilia,SP,2017-04-22
5932,Customer #5932,Morrinhos,GO,2018-02-26
5933,Customer #5933,Mogi Das Cruzes,SP,2017-08-31
5934,Customer #5934,Mage,RJ,2017-10-16
5935,Customer #5935,Campo Limpo Paulista,SP,2017-07-21
5936,Customer #5936,Ipira,BA,2018-06-01
5937,Customer #5937,Armacao Dos Buzios,RJ,2017-12-18
5938,Customer #5938,Macapa,AP,2017-11-23
5939,Customer #5939,Sao Paulo,SP,2018-08-03
5940,Customer #5940,Niteroi,RJ,2018-07-19
5941,Customer #5941,Sao Paulo,SP,2018-07-30
5942,Customer #5942,Campinas,SP,2018-01-29
5943,Customer #5943,Teofilo Otoni,MG,2018-04-02
5944,Customer #5944,Porto Alegre,RS,2017-09-18
5945,Customer #5945,Santo Amaro,BA,2017-06-24
5946,Customer #5946,Sao Paulo,SP,2017-12-07
5947,Customer #5947,Itu,SP,2018-05-18
5948,Customer #5948,Hortolandia,SP,2017-06-26
5949,Customer #5949,Aracoiaba Da Serra,SP,2018-05-09
5950,Customer #5950,Duque De Caxias,RJ,2018-03-12
5951,Customer #5951,Apiacas,MT,2018-08-15
5952,Customer #5952,Sao Jose Dos Campos,SP,2018-03-01
5953,Customer #5953,Espirito Santo Do Pinhal,SP,2018-08-04
5954,Customer #5954,Juiz De Fora,MG,2018-08-13
5955,Customer #5955,Paicandu,PR,2017-08-01
5956,Customer #5956,Patos De Minas,MG,2018-01-26
5957,Customer #5957,Carapicuiba,SP,2018-08-06
5958,Customer #5958,Nova Lima,MG,2018-07-03
5959,Customer #5959,Sapucaia Do Sul,RS,2018-04-24
5960,Customer #5960,Japeri,RJ,2017-11-14
5961,Customer #5961,Maua,SP,2018-06-27
5962,Customer #5962,Garibaldi,RS,2017-12-18
5963,Customer #5963,Sao Miguel Do Iguacu,PR,2018-02-11
5964,Customer #5964,Rio De Janeiro,RJ,2018-01-24
5965,Customer #5965,Maragogi,AL,2018-06-01
5966,Customer #5966,Dourados,MS,2018-03-19
5967,Customer #5967,Campinas,SP,2017-06-11
5968,Customer #5968,Vila Velha,ES,2018-07-20
5969,Customer #5969,Recife,PE,2017-09-02
5970,Customer #5970,Barueri,SP,2018-05-08
5971,Customer #5971,Estancia Velha,RS,2017-09-18
5972,Customer #5972,Juiz De Fora,MG,2018-07-16
5973,Customer #5973,Bauru,SP,2017-07-24
5974,Customer #5974,Rio De Janeiro,RJ,2018-04-20
5975,Customer #5975,Nova Iguacu,RJ,2017-05-16
5976,Customer #5976,Sao Paulo,SP,2018-06-05
5977,Customer #5977,Vacaria,RS,2018-01-08
5978,Customer #5978,Papanduva,SC,2018-01-24
5979,Customer #5979,Salvador,BA,2018-08-11
5980,Customer #5980,Sao Paulo,SP,2018-04-25
5981,Customer #5981,Sao Paulo,SP,2018-02-25
5982,Customer #5982,Americana,SP,2018-06-08
5983,Customer #5983,Cajazeiras,PB,2017-12-05
5984,Customer #5984,Sao Goncalo,RJ,2018-08-22
5985,Customer #5985,Camacari,BA,2017-07-25
5986,Customer #5986,Congonhal,MG,2017-05-02
5987,Customer #5987,Recife,PE,2018-04-01
5988,Customer #5988,Castelo,ES,2018-05-04
5989,Customer #5989,Pouso Alegre,MG,2018-02-27
5990,Customer #5990,Nova Iguacu,RJ,2017-09-04
5991,Customer #5991,Piracicaba,SP,2017-01-29
5992,Customer #5992,Guarapari,ES,2018-04-24
5993,Customer #5993,Cruzeiro,SP,2017-12-31
5994,Customer #5994,Jaboticabal,SP,2017-02-13
5995,Customer #5995,Araguari,MG,2017-08-27
5996,Customer #5996,Marica,RJ,2018-03-04
5997,Customer #5997,Petrolina,PE,2018-05-02
5998,Customer #5998,Aracoiaba Da Serra,SP,2017-05-25
5999,Customer #5999,Brasilia,DF,2017-09-26
6000,Customer #6000,Campinas,SP,2017-11-24
6001,Customer #6001,Guarulhos,SP,2018-06-09
6002,Customer #6002,Sao Paulo,SP,2018-01-18
6003,Customer #6003,Vitoria,ES,2017-07-28
6004,Customer #6004,Sao Paulo,SP,2017-12-29
6005,Customer #6005,Sao Paulo,SP,2017-03-11
6006,Customer #6006,Pederneiras,SP,2017-12-17
6007,Customer #6007,Marica,RJ,2017-11-28
6008,Customer #6008,Brasilia,DF,2018-02-12
6009,Customer #6009,Sao Vicente,SP,2017-10-26
6010,Customer #6010,Itajai,SC,2018-03-15
6011,Customer #6011,Sao Paulo,SP,2017-09-14
6012,Customer #6012,Jandira,SP,2018-05-09
6013,Customer #6013,Rio De Janeiro,RJ,2017-12-17
6014,Customer #6014,Sao Paulo,SP,2018-05-09
6015,Customer #6015,Uberlandia,MG,2017-06-15
6016,Customer #6016,Curitiba,PR,2018-05-15
6017,Customer #6017,Sao Goncalo Do Rio Preto,MG,2018-04-18
6018,Customer #6018,Itapejara D'Oeste,PR,2017-04-25
6019,Customer #6019,Manhumirim,MG,2017-07-19
6020,Customer #6020,Salvador,BA,2017-05-14
6021,Customer #6021,Arapongas,PR,2018-02-09
6022,Customer #6022,Sao Paulo,SP,2017-05-23
6023,Customer #6023,Serra,ES,2017-04-20
6024,Customer #6024,Ituiutaba,MG,2017-10-14
6025,Customer #6025,Guarulhos,SP,2017-09-11
6026,Customer #6026,Osasco,SP,2017-10-10
6027,Customer #6027,Porto Alegre,RS,2017-07-21
6028,Customer #6028,Salvador,BA,2018-01-19
6029,Customer #6029,Sao Paulo,SP,2018-06-07
6030,Customer #6030,Belo Horizonte,MG,2017-04-25
6031,Customer #6031,Resende,RJ,2018-02-18
6032,Customer #6032,Almirante Tamandare,PR,2017-10-17
6033,Customer #6033,Lagoa Santa,MG,2017-03-24
6034,Customer #6034,Anapolis,GO,2017-11-06
6035,Customer #6035,Sao Bernardo Do Campo,SP,2018-03-10
6036,Customer #6036,Barros Cassal,RS,2018-07-29
6037,Customer #6037,Rio De Janeiro,RJ,2017-08-28
6038,Customer #6038,Sao Paulo,SP,2017-08-28
6039,Customer #6039,Rio Paranaiba,MG,2017-04-06
6040,Customer #6040,Visconde Do Rio Branco,MG,2017-06-03
6041,Customer #6041,Birigui,SP,2017-12-13
6042,Customer #6042,Rio De Janeiro,RJ,2017-03-20
6043,Customer #6043,Sao Paulo,SP,2017-11-22
6044,Customer #6044,Campos Dos Goytacazes,RJ,2017-12-11
6045,Customer #6045,Bauru,SP,2017-09-07
6046,Customer #6046,Mogi Das Cruzes,SP,2018-07-10
6047,Customer #6047,Sinimbu,RS,2017-06-08
6048,Customer #6048,Nova Esperanca,PR,2017-08-06
6049,Customer #6049,Indaial,SC,2017-07-19
6050,Customer #6050,Hortolandia,SP,2017-04-14
6051,Customer #6051,Ribeirao Preto,SP,2018-07-24
6052,Customer #6052,Guarulhos,SP,2017-11-07
6053,Customer #6053,Vassouras,RJ,2017-11-06
6054,Customer #6054,Sao Bernardo Do Campo,SP,2018-06-04
6055,Customer #6055,Belo Horizonte,MG,2018-03-07
6056,Customer #6056,Aguas Formosas,MG,2017-02-17
6057,Customer #6057,Sao Paulo,SP,2018-03-14
6058,Customer #6058,Recife,PE,2018-07-02
6059,Customer #6059,Vila Velha,ES,2018-05-10
6060,Customer #6060,Aracruz,ES,2018-03-08
6061,Customer #6061,Barueri,SP,2017-11-26
6062,Customer #6062,Sao Paulo,SP,2018-08-01
6063,Customer #6063,Marilia,SP,2017-08-03
6064,Customer #6064,Paraty,RJ,2017-12-06
6065,Customer #6065,Recife,PE,2017-07-21
6066,Customer #6066,Sao Paulo,SP,2017-07-27
6067,Customer #6067,Campinas,SP,2017-07-05
6068,Customer #6068,Sao Paulo,SP,2018-08-22
6069,Customer #6069,Nova Bassano,RS,2017-05-31
6070,Customer #6070,Sao Paulo,SP,2018-03-30
6071,Customer #6071,Salvador,BA,2017-11-24
6072,Customer #6072,Mesquita,RJ,2017-08-24
6073,Customer #6073,Porto Alegre,RS,2018-01-16
6074,Customer #6074,Sao Carlos,SP,2018-04-11
6075,Customer #6075,Sete Lagoas,MG,2017-11-28
6076,Customer #6076,Leme,SP,2018-02-06
6077,Customer #6077,Caxias Do Sul,RS,2017-10-23
6078,Customer #6078,Monte Alegre De Minas,MG,2017-06-02
6079,Customer #6079,Teresina,PI,2018-05-01
6080,Customer #6080,Chapeco,SC,2017-05-21
6081,Customer #6081,Itauna,MG,2017-03-09
6082,Customer #6082,Fortaleza,CE,2017-11-23
6083,Customer #6083,Fortaleza,CE,2018-02-22
6084,Customer #6084,Primavera Do Leste,MT,2018-03-23
6085,Customer #6085,Jequie,BA,2017-03-31
6086,Customer #6086,Pocos De Caldas,MG,2018-05-09
6087,Customer #6087,Mogi Das Cruzes,SP,2017-11-25
6088,Customer #6088,Maracaju,MS,2017-09-11
6089,Customer #6089,Sao Paulo,SP,2017-08-08
6090,Customer #6090,Goiania,GO,2017-04-19
6091,Customer #6091,Osasco,SP,2018-05-24
6092,Customer #6092,Guaiba,RS,2017-12-07
6093,Customer #6093,Itaquaquecetuba,SP,2017-11-16
6094,Customer #6094,Duque De Caxias,RJ,2018-01-10
6095,Customer #6095,Florianopolis,SC,2018-06-25
6096,Customer #6096,Sao Paulo,SP,2018-03-13
6097,Customer #6097,Erechim,RS,2018-06-21
6098,Customer #6098,Mogi Mirim,SP,2017-09-24
6099,Customer #6099,Maringa,PR,2018-01-16
6100,Customer #6100,Mariana,MG,2018-01-12
6101,Customer #6101,Goiania,GO,2018-01-14
6102,Customer #6102,Osasco,SP,2018-04-06
6103,Customer #6103,Petrolina,PE,2018-07-18
6104,Customer #6104,Sao Paulo,SP,2017-09-12
6105,Customer #6105,Peruibe,SP,2018-01-24
6106,Customer #6106,Prados,MG,2018-02-03
6107,Customer #6107,Rio De Janeiro,RJ,2018-03-18
6108,Customer #6108,Brusque,SC,2017-05-10
6109,Customer #6109,Sao Paulo,SP,2018-07-01
6110,Customer #6110,Sorocaba,SP,2017-05-29
6111,Customer #6111,Boituva,SP,2017-03-23
6112,Customer #6112,Rio De Janeiro,RJ,2018-08-09
6113,Customer #6113,Uberlandia,MG,2017-10-18
6114,Customer #6114,Belo Horizonte,MG,2017-12-11
6115,Customer #6115,Curitiba,PR,2018-02-08
6116,Customer #6116,Estrela D'Oeste,SP,2017-07-17
6117,Customer #6117,Louveira,SP,2017-11-13
6118,Customer #6118,Santo Andre,SP,2017-12-12
6119,Customer #6119,Sao Paulo,SP,2017-11-20
6120,Customer #6120,Gramado,RS,2018-01-15
6121,Customer #6121,Itu,SP,2017-12-03
6122,Customer #6122,Ponta Grossa,PR,2018-08-22
6123,Customer #6123,Mogi Das Cruzes,SP,2017-06-23
6124,Customer #6124,Guarapari,ES,2018-03-11
6125,Customer #6125,Indaiatuba,SP,2017-09-20
6126,Customer #6126,Cotia,SP,2018-08-10
6127,Customer #6127,Sao Leopoldo,RS,2018-02-15
6128,Customer #6128,Mogi-Guacu,SP,2017-04-06
6129,Customer #6129,Sao Paulo,SP,2018-01-10
6130,Customer #6130,Brasilia,DF,2017-12-18
6131,Customer #6131,Osasco,SP,2018-03-31
6132,Customer #6132,Santos,SP,2017-12-28
6133,Customer #6133,Taubate,SP,2017-08-30
6134,Customer #6134,Ribeirao Das Neves,MG,2018-02-24
6135,Customer #6135,Sao Paulo,SP,2017-12-05
6136,Customer #6136,Teresina,PI,2018-03-14
6137,Customer #6137,Santos,SP,2017-12-09
6138,Customer #6138,Sao Paulo,SP,2018-02-19
6139,Customer #6139,Sorocaba,SP,2017-07-01
6140,Customer #6140,Santo Andre,SP,2017-11-12
6141,Customer #6141,Sao Paulo,SP,2017-12-23
6142,Customer #6142,Belo Horizonte,MG,2017-06-25
6143,Customer #6143,Cerquilho,SP,2017-10-27
6144,Customer #6144,Sao Paulo,SP,2018-06-10
6145,Customer #6145,Iracemapolis,SP,2018-01-08
6146,Customer #6146,Aracaju,SE,2017-12-13
6147,Customer #6147,Sao Jose Dos Campos,SP,2017-12-01
6148,Customer #6148,Joao Pessoa,PB,2018-02-26
6149,Customer #6149,Campos Dos Goytacazes,RJ,2018-02-18
6150,Customer #6150,Silvania,GO,2017-05-09
6151,Customer #6151,Pirajui,SP,2017-05-29
6152,Customer #6152,Guarulhos,SP,2018-02-14
6153,Customer #6153,Curitiba,PR,2017-05-11
6154,Customer #6154,Fundao,ES,2018-08-06
6155,Customer #6155,Sao Paulo,SP,2017-04-26
6156,Customer #6156,Taubate,SP,2017-12-27
6157,Customer #6157,Matias Barbosa,MG,2018-05-27
6158,Customer #6158,Dourados,MS,2017-05-25
6159,Customer #6159,Garuva,SC,2017-05-10
6160,Customer #6160,Rio Grande,RS,2018-03-21
6161,Customer #6161,Santa Fe Do Sul,SP,2018-05-18
6162,Customer #6162,Canoas,RS,2018-02-22
6163,Customer #6163,Sao Paulo,SP,2018-08-07
6164,Customer #6164,Porto Alegre,RS,2017-07-11
6165,Customer #6165,Corrego Do Ouro,RJ,2017-09-12
6166,Customer #6166,Rio De Janeiro,RJ,2017-03-07
6167,Customer #6167,Sao Paulo,SP,2017-08-03
6168,Customer #6168,Vitoria,ES,2018-07-07
6169,Customer #6169,Rio De Janeiro,RJ,2018-03-09
6170,Customer #6170,Sao Paulo,SP,2018-08-14
6171,Customer #6171,Sao Paulo,SP,2018-05-23
6172,Customer #6172,Rio De Janeiro,RJ,2017-06-08
6173,Customer #6173,Rio De Janeiro,RJ,2018-07-18
6174,Customer #6174,Sao Paulo,SP,2018-03-19
6175,Customer #6175,Angra Dos Reis,RJ,2018-01-08
6176,Customer #6176,Niteroi,RJ,2018-02-19
6177,Customer #6177,Rio De Janeiro,RJ,2017-12-13
6178,Customer #6178,Rio De Janeiro,RJ,2017-12-06
6179,Customer #6179,Sao Bernardo Do Campo,SP,2017-06-12
6180,Customer #6180,Sao Carlos,SP,2018-04-02
6181,Customer #6181,Sao Paulo,SP,2017-10-02
6182,Customer #6182,Brasilia,DF,2017-04-22
6183,Customer #6183,Sao Bernardo Do Campo,SP,2018-01-28
6184,Customer #6184,Osasco,SP,2018-05-21
6185,Customer #6185,Aracatuba,SP,2018-07-23
6186,Customer #6186,Guarulhos,SP,2018-08-04
6187,Customer #6187,Sao Paulo,SP,2018-01-21
6188,Customer #6188,Guaira,SP,2017-10-26
6189,Customer #6189,Itabaiana,SE,2018-03-05
6190,Customer #6190,Camocim,CE,2017-07-12
6191,Customer #6191,Sao Paulo,SP,2018-06-19
6192,Customer #6192,Belo Horizonte,MG,2017-09-28
6193,Customer #6193,Tupa,SP,2017-07-14
6194,Customer #6194,Campos Dos Goytacazes,RJ,2017-11-15
6195,Customer #6195,Rio De Janeiro,RJ,2018-03-11
6196,Customer #6196,Catanduva,SP,2018-08-07
6197,Customer #6197,Sao Carlos,SP,2017-09-18
6198,Customer #6198,Sao Luis,MA,2017-11-01
6199,Customer #6199,Bambui,MG,2018-06-28
6200,Customer #6200,Limeira,SP,2017-03-03
6201,Customer #6201,Camacari,BA,2018-07-18
6202,Customer #6202,Sao Caetano Do Sul,SP,2017-10-29
6203,Customer #6203,Sao Paulo,SP,2018-06-24
6204,Customer #6204,Piracicaba,SP,2017-12-03
6205,Customer #6205,Concordia Do Para,PA,2017-09-07
6206,Customer #6206,Rio De Janeiro,RJ,2018-05-02
6207,Customer #6207,Americo Brasiliense,SP,2017-10-31
6208,Customer #6208,Sao Paulo,SP,2017-12-28
6209,Customer #6209,Niteroi,RJ,2018-05-17
6210,Customer #6210,Sao Paulo,SP,2018-08-10
6211,Customer #6211,Sao Paulo,SP,2018-02-10
6212,Customer #6212,Gaspar,SC,2018-04-02
6213,Customer #6213,Sao Paulo,SP,2018-06-11
6214,Customer #6214,Belo Horizonte,MG,2018-04-13
6215,Customer #6215,Belo Horizonte,MG,2017-07-21
6216,Customer #6216,Sao Paulo,SP,2018-02-25
6217,Customer #6217,Porto Velho,RO,2017-03-13
6218,Customer #6218,Marica,RJ,2018-04-07
6219,Customer #6219,Brasilia,DF,2017-08-16
6220,Customer #6220,Sao Paulo,SP,2018-08-04
6221,Customer #6221,Barbacena,MG,2018-06-04
6222,Customer #6222,Acaiaca,MG,2017-08-04
6223,Customer #6223,Caxias Do Sul,RS,2017-07-07
6224,Customer #6224,Colombo,PR,2018-04-16
6225,Customer #6225,Rio De Janeiro,RJ,2017-08-15
6226,Customer #6226,Itapevi,SP,2018-08-05
6227,Customer #6227,Guaruja,SP,2018-02-09
6228,Customer #6228,Sao Paulo,SP,2018-03-30
6229,Customer #6229,Sao Paulo,SP,2018-04-22
6230,Customer #6230,Goiania,GO,2018-07-13
6231,Customer #6231,Belem,PA,2018-02-03
6232,Customer #6232,Machado,MG,2017-11-24
6233,Customer #6233,Jaguariuna,SP,2017-04-26
6234,Customer #6234,Cujubim,RO,2017-09-12
6235,Customer #6235,Guarulhos,SP,2017-05-03
6236,Customer #6236,Jacarezinho,PR,2017-06-26
6237,Customer #6237,Boituva,SP,2017-06-18
6238,Customer #6238,Vitoria,ES,2018-05-13
6239,Customer #6239,Sao Paulo,SP,2018-08-12
6240,Customer #6240,Campos Dos Goytacazes,RJ,2018-01-24
6241,Customer #6241,Sao Bernardo Do Campo,SP,2017-12-10
6242,Customer #6242,Taubate,SP,2018-07-01
6243,Customer #6243,Sao Paulo,SP,2018-05-15
6244,Customer #6244,Cambe,PR,2017-04-17
6245,Customer #6245,Campinas,SP,2018-03-28
6246,Customer #6246,Tubarao,SC,2017-03-11
6247,Customer #6247,Belo Horizonte,MG,2018-05-01
6248,Customer #6248,Uniao Da Vitoria,PR,2017-06-19
6249,Customer #6249,Catende,PE,2017-05-20
6250,Customer #6250,Indaiatuba,SP,2018-05-18
6251,Customer #6251,Mogi Das Cruzes,SP,2017-06-12
6252,Customer #6252,Macae,RJ,2018-07-08
6253,Customer #6253,Braganca,PA,2017-05-14
6254,Customer #6254,Maua,SP,2017-06-01
6255,Customer #6255,Anapolis,GO,2018-01-11
6256,Customer #6256,Jundiai,SP,2017-12-05
6257,Customer #6257,Salvador,BA,2017-10-02
6258,Customer #6258,Brasilia,DF,2018-08-09
6259,Customer #6259,Cruzeiro Do Sul,RS,2017-07-26
6260,Customer #6260,Taubate,SP,2018-02-07
6261,Customer #6261,Florianopolis,SC,2017-07-04
6262,Customer #6262,Olimpia,SP,2017-12-19
6263,Customer #6263,Sao Paulo,SP,2017-12-10
6264,Customer #6264,Soledade De Minas,MG,2018-03-19
6265,Customer #6265,Belo Horizonte,MG,2017-04-07
6266,Customer #6266,Rio De Janeiro,RJ,2018-04-16
6267,Customer #6267,Goiania,GO,2018-05-21
6268,Customer #6268,Teutonia,RS,2018-02-02
6269,Customer #6269,Maua,SP,2018-03-31
6270,Customer #6270,Para De Minas,MG,2017-07-14
6271,Customer #6271,Recife,PE,2017-07-25
6272,Customer #6272,Braganca Paulista,SP,2017-06-27
6273,Customer #6273,Rio Grande,RS,2018-07-20
6274,Customer #6274,Lages,SC,2018-06-18
6275,Customer #6275,Sao Paulo,SP,2018-01-09
6276,Customer #6276,Juiz De Fora,MG,2017-02-07
6277,Customer #6277,Sao Paulo,SP,2018-06-15
6278,Customer #6278,Sao Paulo,SP,2017-08-15
6279,Customer #6279,Brasilia,DF,2017-08-15
6280,Customer #6280,Rio De Janeiro,RJ,2018-06-01
6281,Customer #6281,Caxias Do Sul,RS,2017-10-14
6282,Customer #6282,Junqueiro,AL,2018-02-06
6283,Customer #6283,Rio De Janeiro,RJ,2017-06-09
6284,Customer #6284,Sertaozinho,SP,2018-04-30
6285,Customer #6285,Sao Paulo,SP,2018-06-30
6286,Customer #6286,Salvador,BA,2018-05-08
6287,Customer #6287,Brasilia,DF,2018-08-04
6288,Customer #6288,Sao Paulo,SP,2017-08-23
6289,Customer #6289,Uberlandia,MG,2017-11-24
6290,Customer #6290,Sao Paulo,SP,2018-05-15
6291,Customer #6291,Sao Paulo,SP,2017-11-24
6292,Customer #6292,Blumenau,SC,2018-07-27
6293,Customer #6293,Sao Paulo,SP,2018-05-14
6294,Customer #6294,Goiania,GO,2018-07-12
6295,Customer #6295,Paulinia,SP,2017-07-13
6296,Customer #6296,Brasilia,DF,2017-05-08
6297,Customer #6297,Cacapava,SP,2017-12-02
6298,Customer #6298,Nova Iguacu,RJ,2018-02-19
6299,Customer #6299,Caxias Do Sul,RS,2018-03-14
6300,Customer #6300,Sao Goncalo,RJ,2017-12-11
6301,Customer #6301,Franca,SP,2017-08-27
6302,Customer #6302,Anapolis,GO,2018-02-13
6303,Customer #6303,Sao Paulo,SP,2018-07-24
6304,Customer #6304,Rio De Janeiro,RJ,2018-08-15
6305,Customer #6305,Muriae,MG,2017-12-21
6306,Customer #6306,Indaiatuba,SP,2018-01-16
6307,Customer #6307,Ipatinga,MG,2017-04-10
6308,Customer #6308,Nova Lima,MG,2017-09-04
6309,Customer #6309,Quedas Do Iguacu,PR,2018-07-10
6310,Customer #6310,Indaiatuba,SP,2017-10-24
6311,Customer #6311,Castro,PR,2017-07-05
6312,Customer #6312,Niteroi,RJ,2017-11-17
6313,Customer #6313,Rio De Janeiro,RJ,2018-04-04
6314,Customer #6314,Soledade De Minas,MG,2017-04-23
6315,Customer #6315,Alpercata,MG,2018-04-26
6316,Customer #6316,Caieiras,SP,2017-08-17
6317,Customer #6317,Carapicuiba,SP,2018-05-15
6318,Customer #6318,Limeira,SP,2018-08-22
6319,Customer #6319,Rio De Janeiro,RJ,2018-07-16
6320,Customer #6320,Caetanopolis,MG,2018-03-07
6321,Customer #6321,Sao Paulo,SP,2018-01-18
6322,Customer #6322,Campo Alegre De Goias,GO,2018-03-15
6323,Customer #6323,Pinhalzinho,SC,2018-02-07
6324,Customer #6324,Unai,MG,2017-07-22
6325,Customer #6325,Sao Paulo,SP,2018-05-03
6326,Customer #6326,Tatui,SP,2018-05-11
6327,Customer #6327,Maceio,AL,2018-01-10
6328,Customer #6328,Pesqueira,PE,2018-08-10
6329,Customer #6329,Cariacica,ES,2017-12-26
6330,Customer #6330,Cunha,SP,2017-06-14
6331,Customer #6331,Sao Jose Dos Campos,SP,2017-09-23
6332,Customer #6332,Sao Paulo,SP,2017-11-29
6333,Customer #6333,Belo Horizonte,MG,2017-10-21
6334,Customer #6334,Sao Leopoldo,RS,2018-05-22
6335,Customer #6335,Vespasiano,MG,2018-03-21
6336,Customer #6336,Ribeirao Preto,SP,2018-02-28
6337,Customer #6337,Resende,RJ,2017-09-05
6338,Customer #6338,Ipatinga,MG,2018-02-09
6339,Customer #6339,Guarulhos,SP,2018-01-28
6340,Customer #6340,Duque De Caxias,RJ,2018-04-09
6341,Customer #6341,Rio De Janeiro,RJ,2018-03-23
6342,Customer #6342,Brasilia,DF,2018-08-19
6343,Customer #6343,Sao Paulo,SP,2018-03-20
6344,Customer #6344,Campinas,SP,2017-10-12
6345,Customer #6345,Santana Do Mundau,AL,2017-11-13
6346,Customer #6346,Palhoca,SC,2017-07-12
6347,Customer #6347,Rio De Contas,BA,2018-01-16
6348,Customer #6348,Rio De Janeiro,RJ,2018-04-01
6349,Customer #6349,Resende,RJ,2017-03-11
6350,Customer #6350,Sao Paulo,SP,2018-05-16
6351,Customer #6351,Capelinha,MG,2018-04-03
6352,Customer #6352,Sao Paulo,SP,2018-01-10
6353,Customer #6353,Sao Jose Dos Pinhais,PR,2017-11-14
6354,Customer #6354,Sao Paulo,SP,2017-06-27
6355,Customer #6355,Quirinopolis,GO,2018-02-03
6356,Customer #6356,Utinga,BA,2018-03-22
6357,Customer #6357,Rio De Janeiro,RJ,2018-08-06
6358,Customer #6358,Minas Novas,MG,2018-08-22
6359,Customer #6359,Fortaleza,CE,2017-11-25
6360,Customer #6360,Brasilia,DF,2017-11-27
6361,Customer #6361,Atibaia,SP,2018-08-01
6362,Customer #6362,Veranopolis,RS,2018-05-18
6363,Customer #6363,Frederico Westphalen,RS,2017-10-09
6364,Customer #6364,Florianopolis,SC,2018-03-25
6365,Customer #6365,Rio De Janeiro,RJ,2018-03-29
6366,Customer #6366,Carapicuiba,SP,2018-01-19
6367,Customer #6367,Praia Grande,SP,2018-07-29
6368,Customer #6368,Porto Alegre,RS,2017-07-26
6369,Customer #6369,Sao Paulo,SP,2017-04-11
6370,Customer #6370,Sao Paulo,SP,2018-06-10
6371,Customer #6371,Venda Nova Do Imigrante,ES,2017-10-17
6372,Customer #6372,Serra,ES,2018-08-24
6373,Customer #6373,Barra Mansa,RJ,2018-01-15
6374,Customer #6374,Joviania,GO,2018-05-07
6375,Customer #6375,Sao Gotardo,MG,2018-07-25
6376,Customer #6376,Belo Horizonte,MG,2018-04-22
6377,Customer #6377,Diadema,SP,2018-06-17
6378,Customer #6378,Rio De Janeiro,RJ,2018-08-21
6379,Customer #6379,Pongai,SP,2018-01-22
6380,Customer #6380,Prata,PB,2017-04-28
6381,Customer #6381,Ananindeua,PA,2018-05-09
6382,Customer #6382,Goiania,GO,2017-10-31
6383,Customer #6383,Rio De Janeiro,RJ,2018-07-19
6384,Customer #6384,Sao Paulo,SP,2018-07-13
6385,Customer #6385,Valinhos,SP,2017-09-27
6386,Customer #6386,Marataizes,ES,2017-08-01
6387,Customer #6387,Campinas,SP,2018-03-03
6388,Customer #6388,Sao Bernardo Do Campo,SP,2018-03-27
6389,Customer #6389,Brumadinho,MG,2018-06-18
6390,Customer #6390,Maraba,PA,2017-10-24
6391,Customer #6391,Florianopolis,SC,2017-10-08
6392,Customer #6392,Barra De Sao Joao,RJ,2018-04-14
6393,Customer #6393,Campos Dos Goytacazes,RJ,2018-06-07
6394,Customer #6394,Jundiai,SP,2017-12-27
6395,Customer #6395,Muriae,MG,2017-07-02
6396,Customer #6396,Rio De Janeiro,RJ,2017-07-18
6397,Customer #6397,Xambioa,TO,2017-10-04
6398,Customer #6398,Ijui,RS,2017-07-14
6399,Customer #6399,Alagoinhas,BA,2018-07-31
6400,Customer #6400,Guarulhos,SP,2017-12-25
6401,Customer #6401,Sao Francisco,MG,2017-06-15
6402,Customer #6402,Sao Paulo,SP,2018-04-03
6403,Customer #6403,Rio Verde,GO,2017-08-05
6404,Customer #6404,Joao Pessoa,PB,2018-01-29
6405,Customer #6405,Sao Paulo,SP,2018-07-16
6406,Customer #6406,Osasco,SP,2017-05-18
6407,Customer #6407,Guarulhos,SP,2017-11-05
6408,Customer #6408,Sao Paulo,SP,2017-12-01
6409,Customer #6409,Sao Paulo,SP,2018-08-14
6410,Customer #6410,Novo Gama,GO,2018-06-03
6411,Customer #6411,Santo Andre,SP,2017-11-07
6412,Customer #6412,Pedro Leopoldo,MG,2017-04-04
6413,Customer #6413,Duque De Caxias,RJ,2018-06-13
6414,Customer #6414,Inhambupe,BA,2017-04-09
6415,Customer #6415,Sao Paulo,SP,2018-05-15
6416,Customer #6416,Jundiai,SP,2018-08-10
6417,Customer #6417,Rio De Janeiro,RJ,2018-05-03
6418,Customer #6418,Belem,PA,2018-04-10
6419,Customer #6419,Rio Doce,MG,2017-10-18
6420,Customer #6420,Sao Paulo,SP,2017-11-04
6421,Customer #6421,Blumenau,SC,2017-08-14
6422,Customer #6422,Rio Das Ostras,RJ,2017-07-02
6423,Customer #6423,Campo Limpo Paulista,SP,2018-05-11
6424,Customer #6424,Sao Jose Do Rio Pardo,SP,2018-05-16
6425,Customer #6425,Osasco,SP,2018-05-10
6426,Customer #6426,Serra,ES,2018-04-01
6427,Customer #6427,Quixada,CE,2017-06-02
6428,Customer #6428,Campo Bom,RS,2018-08-03
6429,Customer #6429,Jaboatao Dos Guararapes,PE,2018-07-13
6430,Customer #6430,Recife,PE,2017-04-20
6431,Customer #6431,Bauru,SP,2018-08-22
6432,Customer #6432,Sao Jose,SC,2018-06-14
6433,Customer #6433,Porto Velho,RO,2018-07-13
6434,Customer #6434,Fortaleza,CE,2018-04-11
6435,Customer #6435,Promissao,SP,2017-02-17
6436,Customer #6436,Cruzeiro,SP,2017-05-17
6437,Customer #6437,Lagoa Santa,MG,2017-11-24
6438,Customer #6438,Sao Paulo,SP,2018-03-11
6439,Customer #6439,Ipero,SP,2018-05-07
6440,Customer #6440,Fortaleza,CE,2017-05-24
6441,Customer #6441,Petropolis,RJ,2018-01-07
6442,Customer #6442,Nova Lima,MG,2018-01-25
6443,Customer #6443,Braganca Paulista,SP,2018-08-03
6444,Customer #6444,Sao Paulo,SP,2018-03-02
6445,Customer #6445,Sao Paulo,SP,2017-12-31
6446,Customer #6446,Salvador,BA,2018-05-06
6447,Customer #6447,Lages,SC,2017-11-28
6448,Customer #6448,Rio De Janeiro,RJ,2017-11-11
6449,Customer #6449,Campinas,SP,2018-07-31
6450,Customer #6450,Curitiba,PR,2018-01-12
6451,Customer #6451,Montenegro,RS,2018-04-10
6452,Customer #6452,Jundiai,SP,2017-04-07
6453,Customer #6453,Tres Pontas,MG,2017-07-16
6454,Customer #6454,Praia Grande,SP,2017-11-25
6455,Customer #6455,Guarulhos,SP,2017-09-21
6456,Customer #6456,Santo Andre,SP,2017-12-03
6457,Customer #6457,Rio De Janeiro,RJ,2018-08-20
6458,Customer #6458,Rio Das Ostras,RJ,2018-05-08
6459,Customer #6459,Niteroi,RJ,2017-09-19
6460,Customer #6460,Sao Paulo,SP,2018-02-20
6461,Customer #6461,Itapetininga,SP,2017-08-29
6462,Customer #6462,Rio De Janeiro,RJ,2017-07-06
6463,Customer #6463,Carapicuiba,SP,2017-08-26
6464,Customer #6464,Balneario Camboriu,SC,2017-06-01
6465,Customer #6465,Maringa,PR,2017-11-04
6466,Customer #6466,Itabuna,BA,2018-03-22
6467,Customer #6467,Sao Paulo,SP,2017-10-04
6468,Customer #6468,Sao Paulo,SP,2018-01-15
6469,Customer #6469,Brasilia,DF,2018-03-27
6470,Customer #6470,Viana,ES,2017-11-26
6471,Customer #6471,Maua,SP,2018-08-12
6472,Customer #6472,Sao Paulo,SP,2018-05-21
6473,Customer #6473,Rio De Janeiro,RJ,2018-02-06
6474,Customer #6474,Sao Jose Dos Campos,SP,2018-06-26
6475,Customer #6475,Osasco,SP,2018-04-18
6476,Customer #6476,Vila Velha,ES,2018-03-24
6477,Customer #6477,Fortaleza,CE,2018-05-14
6478,Customer #6478,Itapevi,SP,2018-05-20
6479,Customer #6479,Uruburetama,CE,2017-11-24
6480,Customer #6480,Campos Dos Goytacazes,RJ,2018-06-21
6481,Customer #6481,Goiania,GO,2017-03-23
6482,Customer #6482,Itapecerica Da Serra,SP,2017-11-25
6483,Customer #6483,Belo Horizonte,MG,2017-08-08
6484,Customer #6484,Itapeva,SP,2017-05-31
6485,Customer #6485,Santa Margarida,MG,2018-02-17
6486,Customer #6486,Salvador,BA,2017-07-02
6487,Customer #6487,Belo Horizonte,MG,2017-06-11
6488,Customer #6488,Sao Paulo,SP,2017-08-31
6489,Customer #6489,Valenca Do Piaui,PI,2018-03-12
6490,Customer #6490,Sao Paulo,SP,2018-06-14
6491,Customer #6491,Rio Acima,MG,2017-12-28
6492,Customer #6492,Viana,MA,2018-03-19
6493,Customer #6493,Barueri,SP,2017-12-27
6494,Customer #6494,Santo Andre,SP,2018-01-16
6495,Customer #6495,Gramado,RS,2017-03-02
6496,Customer #6496,Sao Paulo,SP,2017-11-30
6497,Customer #6497,Sao Luiz Gonzaga,RS,2017-08-04
6498,Customer #6498,Peruibe,SP,2017-06-07
6499,Customer #6499,Maua,SP,2018-05-02
6500,Customer #6500,Luziania,GO,2018-08-12
6501,Customer #6501,Mococa,SP,2018-03-22
6502,Customer #6502,Piracicaba,SP,2017-05-31
6503,Customer #6503,Sao Paulo,SP,2018-01-08
6504,Customer #6504,Santo Andre,SP,2017-08-13
6505,Customer #6505,Cotia,SP,2018-07-04
6506,Customer #6506,Maua,SP,2018-05-07
6507,Customer #6507,Belo Horizonte,MG,2018-08-03
6508,Customer #6508,Porto Alegre,RS,2017-08-22
6509,Customer #6509,Jacuizinho,RS,2018-07-21
6510,Customer #6510,Londrina,PR,2018-07-21
6511,Customer #6511,Belo Horizonte,MG,2018-03-04
6512,Customer #6512,Coronel Fabriciano,MG,2018-05-16
6513,Customer #6513,Rio De Janeiro,RJ,2018-05-14
6514,Customer #6514,Itanhem,BA,2018-07-18
6515,Customer #6515,Sao Jose Dos Pinhais,PR,2018-05-04
6516,Customer #6516,Marilia,SP,2018-07-03
6517,Customer #6517,Bauru,SP,2018-03-26
6518,Customer #6518,Tres Rios,RJ,2017-04-26
6519,Customer #6519,Salvador,BA,2017-12-28
6520,Customer #6520,Ourilandia Do Norte,PA,2017-07-21
6521,Customer #6521,Rio Brilhante,MS,2018-05-25
6522,Customer #6522,Chapeco,SC,2017-11-23
6523,Customer #6523,Osasco,SP,2018-04-09
6524,Customer #6524,Beberibe,CE,2017-03-04
6525,Customer #6525,Belo Horizonte,MG,2018-06-29
6526,Customer #6526,Carapicuiba,SP,2018-06-19
6527,Customer #6527,Pocos De Caldas,MG,2018-07-19
6528,Customer #6528,Sao Jose Dos Campos,SP,2018-06-08
6529,Customer #6529,Pedro Afonso,TO,2018-05-05
6530,Customer #6530,Armacao Dos Buzios,RJ,2017-07-04
6531,Customer #6531,Piracicaba,SP,2017-12-24
6532,Customer #6532,Itajai,SC,2017-08-19
6533,Customer #6533,Sorocaba,SP,2018-08-12
6534,Customer #6534,Belo Horizonte,MG,2017-12-11
6535,Customer #6535,Betim,MG,2018-06-15
6536,Customer #6536,Brasilia,DF,2018-04-15
6537,Customer #6537,Guarulhos,SP,2017-05-07
6538,Customer #6538,Fortaleza,CE,2018-01-31
6539,Customer #6539,Montes Claros,MG,2017-07-07
6540,Customer #6540,Ribeirao Preto,SP,2017-09-06
6541,Customer #6541,Francisco Morato,SP,2018-08-11
6542,Customer #6542,Sao Paulo,SP,2018-01-23
6543,Customer #6543,Goiania,GO,2018-05-21
6544,Customer #6544,Salvador,BA,2018-03-02
6545,Customer #6545,Santo Andre,SP,2018-07-15
6546,Customer #6546,Americana,SP,2018-08-11
6547,Customer #6547,Rio De Janeiro,RJ,2018-04-24
6548,Customer #6548,Mirassol D'Oeste,MT,2018-03-04
6549,Customer #6549,Sao Jose Do Rio Preto,SP,2017-02-18
6550,Customer #6550,Rio De Janeiro,RJ,2017-08-23
6551,Customer #6551,Rio De Janeiro,RJ,2017-10-22
6552,Customer #6552,Indaial,SC,2017-05-16
6553,Customer #6553,Sao Paulo,SP,2017-10-17
6554,Customer #6554,Ipatinga,MG,2018-03-03
6555,Customer #6555,Belo Horizonte,MG,2017-10-17
6556,Customer #6556,Goiania,GO,2018-05-07
6557,Customer #6557,Santa Maria,RS,2018-08-12
6558,Customer #6558,Piracicaba,SP,2018-03-05
6559,Customer #6559,Porto Alegre,RS,2018-04-30
6560,Customer #6560,Leme,SP,2018-02-22
6561,Customer #6561,Sao Carlos,SP,2017-11-13
6562,Customer #6562,Caxias Do Sul,RS,2018-05-17
6563,Customer #6563,Sao Paulo,SP,2018-08-25
6564,Customer #6564,Suzano,SP,2017-11-24
6565,Customer #6565,Lages,SC,2017-01-30
6566,Customer #6566,Curitiba,PR,2017-11-07
6567,Customer #6567,Peruibe,SP,2018-03-12
6568,Customer #6568,Agua Branca,AL,2018-02-26
6569,Customer #6569,Poco Fundo,MG,2017-03-10
6570,Customer #6570,Recife,PE,2017-10-02
6571,Customer #6571,Rondonopolis,MT,2017-07-28
6572,Customer #6572,Ouro Fino,MG,2018-05-07
6573,Customer #6573,Mogi-Guacu,SP,2018-07-29
6574,Customer #6574,Santa Izabel Do Oeste,PR,2018-02-02
6575,Customer #6575,Governador Valadares,MG,2018-02-28
6576,Customer #6576,Jacare,SP,2018-08-19
6577,Customer #6577,Uberlandia,MG,2018-03-24
6578,Customer #6578,Mogi Das Cruzes,SP,2018-02-20
6579,Customer #6579,Pelotas,RS,2017-10-24
6580,Customer #6580,Brasilia,DF,2018-04-01
6581,Customer #6581,Vitoria,ES,2017-03-05
6582,Customer #6582,Assis,SP,2017-11-27
6583,Customer #6583,Brasilia,DF,2017-11-08
6584,Customer #6584,Paragominas,PA,2017-10-10
6585,Customer #6585,Boa Vista,RR,2018-06-10
6586,Customer #6586,Sao Paulo,SP,2018-05-24
6587,Customer #6587,Sao Jose Dos Campos,SP,2017-09-16
6588,Customer #6588,Brasilia,DF,2017-06-17
6589,Customer #6589,Arcos,MG,2017-04-07
6590,Customer #6590,Santo Antonio Do Monte,MG,2018-03-13
6591,Customer #6591,Arneiroz,CE,2018-02-11
6592,Customer #6592,Porto Alegre,RS,2017-11-18
6593,Customer #6593,Sao Paulo,SP,2018-07-20
6594,Customer #6594,Guarulhos,SP,2018-06-30
6595,Customer #6595,Mogi Das Cruzes,SP,2018-02-18
6596,Customer #6596,Curitiba,PR,2017-10-30
6597,Customer #6597,Pelotas,RS,2017-08-05
6598,Customer #6598,Salvador,BA,2018-01-12
6599,Customer #6599,Sao Paulo,SP,2017-08-13
6600,Customer #6600,Porto Ferreira,SP,2017-01-21
6601,Customer #6601,Sao Paulo,SP,2018-06-10
6602,Customer #6602,Teotonio Vilela,AL,2017-04-07
6603,Customer #6603,Sorocaba,SP,2017-05-07
6604,Customer #6604,Praia Grande,SP,2017-08-05
6605,Customer #6605,Camaragibe,PE,2018-04-30
6606,Customer #6606,Rio De Janeiro,RJ,2017-08-02
6607,Customer #6607,Sao Bernardo Do Campo,SP,2017-12-05
6608,Customer #6608,Belo Horizonte,MG,2018-05-16
6609,Customer #6609,Atibaia,SP,2018-06-26
6610,Customer #6610,Osasco,SP,2017-03-29
6611,Customer #6611,Cariacica,ES,2017-09-21
6612,Customer #6612,Mafra,SC,2017-11-22
6613,Customer #6613,Rio De Janeiro,RJ,2018-03-24
6614,Customer #6614,Carmo Do Rio Claro,MG,2017-10-12
6615,Customer #6615,Fazenda Rio Grande,PR,2018-02-28
6616,Customer #6616,Curitiba,PR,2017-10-30
6617,Customer #6617,Belo Horizonte,MG,2017-07-04
6618,Customer #6618,Uberlandia,MG,2017-11-28
6619,Customer #6619,Sao Paulo,SP,2017-12-02
6620,Customer #6620,Sao Paulo,SP,2018-04-27
6621,Customer #6621,Rio De Janeiro,RJ,2017-10-08
6622,Customer #6622,Florianopolis,SC,2018-05-14
6623,Customer #6623,Sao Paulo,SP,2018-02-07
6624,Customer #6624,Duque De Caxias,RJ,2018-01-05
6625,Customer #6625,Monte Mor,SP,2018-06-07
6626,Customer #6626,Uberlandia,MG,2018-05-21
6627,Customer #6627,Rio De Janeiro,RJ,2017-08-15
6628,Customer #6628,Simonesia,MG,2017-03-12
6629,Customer #6629,Dores Do Rio Preto,ES,2018-08-02
6630,Customer #6630,Dumont,SP,2017-03-09
6631,Customer #6631,Abadiania,GO,2018-01-28
6632,Customer #6632,Bebedouro,SP,2018-07-07
6633,Customer #6633,Curitiba,PR,2017-12-24
6634,Customer #6634,Rio De Janeiro,RJ,2017-12-20
6635,Customer #6635,Campina Grande,PB,2017-07-21
6636,Customer #6636,Paracatu,MG,2018-08-23
6637,Customer #6637,Santo Andre,SP,2017-04-24
6638,Customer #6638,Sao Paulo,SP,2018-06-22
6639,Customer #6639,Sao Pedro De Alcantara,SC,2017-10-25
6640,Customer #6640,Garopaba,SC,2017-09-06
6641,Customer #6641,Serra,ES,2018-04-02
6642,Customer #6642,Santos,SP,2017-06-08
6643,Customer #6643,Joinville,SC,2017-04-25
6644,Customer #6644,Jacarei,SP,2018-01-22
6645,Customer #6645,Sao Joao Del Rei,MG,2017-12-04
6646,Customer #6646,Rio De Janeiro,RJ,2017-03-10
6647,Customer #6647,Bauru,SP,2017-07-02
6648,Customer #6648,Sao Luis,MA,2017-10-13
6649,Customer #6649,Rio De Janeiro,RJ,2018-06-25
6650,Customer #6650,Sao Paulo,SP,2018-06-08
6651,Customer #6651,Belo Horizonte,MG,2018-06-11
6652,Customer #6652,Sao Paulo,SP,2018-06-24
6653,Customer #6653,Jundiai,SP,2018-01-23
6654,Customer #6654,Santo Antonio Do Jardim,SP,2018-03-16
6655,Customer #6655,Campinas,SP,2017-11-14
6656,Customer #6656,Sao Paulo,SP,2017-09-28
6657,Customer #6657,Linhares,ES,2018-08-12
6658,Customer #6658,Brasilia,DF,2017-10-31
6659,Customer #6659,Varzea Grande,MT,2018-01-25
6660,Customer #6660,Sao Paulo,SP,2018-07-31
6661,Customer #6661,Sao Paulo,SP,2018-01-29
6662,Customer #6662,Marilia,SP,2018-06-15
6663,Customer #6663,Fortaleza,CE,2018-02-26
6664,Customer #6664,Rio Manso,MG,2017-11-06
6665,Customer #6665,Arcos,MG,2017-08-29
6666,Customer #6666,Niteroi,RJ,2017-11-27
6667,Customer #6667,Passo Fundo,RS,2018-06-15
6668,Customer #6668,Teresina,PI,2018-02-14
6669,Customer #6669,Vila Velha,ES,2017-11-08
6670,Customer #6670,Alvorada,RS,2018-05-10
6671,Customer #6671,Malacacheta,MG,2018-05-13
6672,Customer #6672,Nova Iguacu,RJ,2017-11-28
6673,Customer #6673,Abaete,MG,2018-06-01
6674,Customer #6674,Sao Paulo,SP,2017-08-01
6675,Customer #6675,Sao Paulo,SP,2018-07-22
6676,Customer #6676,Piedade Dos Gerais,MG,2017-04-27
6677,Customer #6677,Rio De Janeiro,RJ,2018-02-15
6678,Customer #6678,Nova Lima,MG,2017-03-27
6679,Customer #6679,Sao Paulo,SP,2018-05-10
6680,Customer #6680,Juiz De Fora,MG,2017-11-23
6681,Customer #6681,Rio De Janeiro,RJ,2018-08-17
6682,Customer #6682,Olinda,PE,2018-02-04
6683,Customer #6683,Santa Cruz Das Palmeiras,SP,2018-04-07
6684,Customer #6684,Rio De Janeiro,RJ,2018-03-01
6685,Customer #6685,Sao Paulo,SP,2018-05-01
6686,Customer #6686,Sao Paulo,SP,2018-02-24
6687,Customer #6687,Visconde Do Rio Branco,MG,2018-04-11
6688,Customer #6688,Olimpia,SP,2018-03-01
6689,Customer #6689,Sao Paulo,SP,2018-02-20
6690,Customer #6690,Goiania,GO,2017-12-01
6691,Customer #6691,Niteroi,RJ,2018-01-24
6692,Customer #6692,Vila Velha,ES,2018-01-24
6693,Customer #6693,Sao Paulo,SP,2018-07-20
6694,Customer #6694,Rio De Janeiro,RJ,2018-06-01
6695,Customer #6695,Rio De Janeiro,RJ,2018-02-16
6696,Customer #6696,Duque De Caxias,RJ,2018-02-08
6697,Customer #6697,Santa Barbara D'Oeste,SP,2017-05-28
6698,Customer #6698,Cabo Frio,RJ,2017-11-26
6699,Customer #6699,Sao Paulo,SP,2018-06-08
6700,Customer #6700,Sao Paulo,SP,2018-01-24
6701,Customer #6701,Rio De Janeiro,RJ,2017-06-04
6702,Customer #6702,Itaquaquecetuba,SP,2018-04-27
6703,Customer #6703,Quixada,CE,2018-06-11
6704,Customer #6704,Porto Alegre,RS,2017-10-11
6705,Customer #6705,Pocos De Caldas,MG,2017-04-03
6706,Customer #6706,Ipixuna Do Para,PA,2017-08-18
6707,Customer #6707,Sao Paulo,SP,2018-01-22
6708,Customer #6708,Salvador,BA,2018-03-21
6709,Customer #6709,Marilia,SP,2018-07-26
6710,Customer #6710,Buritama,SP,2017-11-25
6711,Customer #6711,Cambuci,RJ,2017-09-27
6712,Customer #6712,Curitiba,PR,2018-01-25
6713,Customer #6713,Araras,SP,2018-01-25
6714,Customer #6714,Ipatinga,MG,2017-12-04
6715,Customer #6715,Lavras,MG,2017-08-14
6716,Customer #6716,Sao Paulo,SP,2017-05-28
6717,Customer #6717,Santo Andre,SP,2017-10-31
6718,Customer #6718,Teresina,PI,2018-02-04
6719,Customer #6719,Ribeirao Das Neves,MG,2018-02-07
6720,Customer #6720,Sete Lagoas,MG,2018-08-19
6721,Customer #6721,Santa Rita Do Passa Quatro,SP,2017-06-17
6722,Customer #6722,Barra Do Corda,MA,2018-05-07
6723,Customer #6723,Morrinhos,GO,2017-03-06
6724,Customer #6724,Porto Alegre,RS,2017-07-28
6725,Customer #6725,Rio Brilhante,MS,2017-07-11
6726,Customer #6726,Santo Andre,SP,2017-12-19
6727,Customer #6727,Sapiranga,RS,2017-12-18
6728,Customer #6728,Sao Paulo,SP,2018-04-25
6729,Customer #6729,Sao Paulo,SP,2017-05-25
6730,Customer #6730,Ipatinga,MG,2017-11-19
6731,Customer #6731,Formosa,GO,2018-02-15
6732,Customer #6732,Belo Horizonte,MG,2018-01-25
6733,Customer #6733,Sao Paulo,SP,2017-10-17
6734,Customer #6734,Sao Jose,SC,2017-09-01
6735,Customer #6735,Curitiba,PR,2017-08-07
6736,Customer #6736,Lages,SC,2017-08-20
6737,Customer #6737,Brasilia,DF,2017-04-22
6738,Customer #6738,Caruaru,PE,2018-04-23
6739,Customer #6739,Porto Alegre,RS,2017-04-03
6740,Customer #6740,Sao Paulo,SP,2017-12-25
6741,Customer #6741,Barra Longa,MG,2017-09-02
6742,Customer #6742,Timbo,SC,2017-10-20
6743,Customer #6743,Florianopolis,SC,2017-10-19
6744,Customer #6744,Santarem,PA,2017-06-09
6745,Customer #6745,Rio De Janeiro,RJ,2017-02-26
6746,Customer #6746,Terra De Areia,RS,2018-02-11
6747,Customer #6747,Sao Carlos,SP,2018-01-06
6748,Customer #6748,Rio De Janeiro,RJ,2018-02-27
6749,Customer #6749,Sapopema,PR,2018-08-04
6750,Customer #6750,Rio Grande,RS,2018-03-01
6751,Customer #6751,Alagoinhas,BA,2017-07-01
6752,Customer #6752,Piracicaba,SP,2018-06-02
6753,Customer #6753,Pinhalao,PR,2017-05-09
6754,Customer #6754,Salvador,BA,2017-04-04
6755,Customer #6755,Sao Paulo,SP,2017-09-27
6756,Customer #6756,Sao Paulo,SP,2018-02-27
6757,Customer #6757,Piracicaba,SP,2017-05-19
6758,Customer #6758,Niteroi,RJ,2017-03-09
6759,Customer #6759,Curitiba,PR,2018-01-21
6760,Customer #6760,Sao Paulo,SP,2017-06-22
6761,Customer #6761,Jaboticabal,SP,2017-09-18
6762,Customer #6762,Rolandia,PR,2017-07-19
6763,Customer #6763,Matao,SP,2017-07-07
6764,Customer #6764,Laranjeiras Do Sul,PR,2018-02-21
6765,Customer #6765,Florianopolis,SC,2018-04-13
6766,Customer #6766,Capitao Leonidas Marques,PR,2017-12-20
6767,Customer #6767,Sao Goncalo,RJ,2018-05-12
6768,Customer #6768,Itapipoca,CE,2017-12-17
6769,Customer #6769,Rio Claro,SP,2018-06-11
6770,Customer #6770,Sao Paulo,SP,2018-07-05
6771,Customer #6771,Macae,RJ,2018-07-30
6772,Customer #6772,Florianopolis,SC,2018-03-21
6773,Customer #6773,Caucaia,CE,2018-08-03
6774,Customer #6774,Santo Andre,SP,2018-08-02
6775,Customer #6775,Rio De Janeiro,RJ,2017-08-13
6776,Customer #6776,Recife,PE,2017-06-01
6777,Customer #6777,Niteroi,RJ,2018-03-18
6778,Customer #6778,Belo Horizonte,MG,2018-02-20
6779,Customer #6779,Sao Paulo,SP,2017-08-21
6780,Customer #6780,Viamao,RS,2017-09-13
6781,Customer #6781,Londrina,PR,2018-02-14
6782,Customer #6782,Cantagalo,RJ,2017-04-23
6783,Customer #6783,Salvador,BA,2018-04-12
6784,Customer #6784,Sao Paulo,SP,2018-08-01
6785,Customer #6785,Contagem,MG,2018-08-04
6786,Customer #6786,Rio De Janeiro,RJ,2017-09-30
6787,Customer #6787,Borda Da Mata,MG,2017-04-14
6788,Customer #6788,Rio De Janeiro,RJ,2018-07-31
6789,Customer #6789,Rio De Janeiro,RJ,2017-11-13
6790,Customer #6790,Rio Brilhante,MS,2018-06-03
6791,Customer #6791,Rio De Janeiro,RJ,2017-10-11
6792,Customer #6792,Atibaia,SP,2018-04-21
6793,Customer #6793,Vicentinopolis,GO,2017-01-14
6794,Customer #6794,Hortolandia,SP,2017-11-15
6795,Customer #6795,Palmital,SP,2017-10-24
6796,Customer #6796,Sao Paulo,SP,2018-03-08
6797,Customer #6797,Sao Paulo,SP,2018-08-07
6798,Customer #6798,Rio De Janeiro,RJ,2017-11-09
6799,Customer #6799,Sao Paulo,SP,2018-01-11
6800,Customer #6800,Salvador,BA,2017-11-24
6801,Customer #6801,Campanha,MG,2018-07-09
6802,Customer #6802,Juiz De Fora,MG,2017-11-28
6803,Customer #6803,Sao Leopoldo,RS,2017-10-21
6804,Customer #6804,Foz Do Iguacu,PR,2018-04-19
6805,Customer #6805,Monte Alto,SP,2017-12-06
6806,Customer #6806,Cuiaba,MT,2017-07-05
6807,Customer #6807,Manaus,AM,2017-09-26
6808,Customer #6808,Patrocinio Paulista,SP,2017-04-22
6809,Customer #6809,Nova Iguacu,RJ,2017-09-20
6810,Customer #6810,Sao Sebastiao Do Alto,RJ,2018-05-09
6811,Customer #6811,Mogi Das Cruzes,SP,2017-11-21
6812,Customer #6812,Sao Paulo,SP,2018-02-28
6813,Customer #6813,Mage,RJ,2018-06-03
6814,Customer #6814,Imbe,RS,2017-02-03
6815,Customer #6815,Pocos De Caldas,MG,2018-01-09
6816,Customer #6816,Sao Paulo,SP,2018-01-23
6817,Customer #6817,Sao Paulo,SP,2017-11-12
6818,Customer #6818,Sao Paulo,SP,2018-05-18
6819,Customer #6819,Florianopolis,SC,2018-07-18
6820,Customer #6820,Brasilia,DF,2018-02-04
6821,Customer #6821,Rio De Janeiro,RJ,2017-02-01
6822,Customer #6822,Taubate,SP,2017-11-01
6823,Customer #6823,Salto,SP,2017-10-09
6824,Customer #6824,Campinas,SP,2018-08-04
6825,Customer #6825,Rio Das Ostras,RJ,2017-10-02
6826,Customer #6826,Sao Paulo,SP,2017-10-15
6827,Customer #6827,Areal,RJ,2017-10-26
6828,Customer #6828,Campo Bom,RS,2017-05-22
6829,Customer #6829,Brasilia,DF,2017-11-24
6830,Customer #6830,Sao Paulo,SP,2017-09-07
6831,Customer #6831,Porto Alegre,RS,2017-12-02
6832,Customer #6832,Artur Nogueira,SP,2018-08-19
6833,Customer #6833,Osasco,SP,2018-07-19
6834,Customer #6834,Campinas,SP,2018-03-23
6835,Customer #6835,Cotia,SP,2017-10-12
6836,Customer #6836,Rio De Janeiro,RJ,2017-03-17
6837,Customer #6837,Brasilia,DF,2018-01-07
6838,Customer #6838,Armacao Dos Buzios,RJ,2018-01-07
6839,Customer #6839,Caucaia,CE,2017-12-01
6840,Customer #6840,Sao Paulo,SP,2018-05-05
6841,Customer #6841,Diadema,SP,2018-01-02
6842,Customer #6842,Bambui,MG,2017-06-19
6843,Customer #6843,Petrolina,PE,2017-08-20
6844,Customer #6844,Pesqueira,PE,2017-07-28
6845,Customer #6845,Sumare,SP,2017-04-04
6846,Customer #6846,Sao Paulo,SP,2017-10-17
6847,Customer #6847,Curitiba,PR,2018-06-23
6848,Customer #6848,Sao Paulo,SP,2017-01-31
6849,Customer #6849,Goiania,GO,2017-11-24
6850,Customer #6850,Sao Paulo,SP,2018-02-27
6851,Customer #6851,Sao Paulo,SP,2017-12-08
6852,Customer #6852,Sao Paulo,SP,2018-07-09
6853,Customer #6853,Cacapava,SP,2017-08-16
6854,Customer #6854,Sao Bernardo Do Campo,SP,2018-03-10
6855,Customer #6855,Salvador,BA,2017-08-01
6856,Customer #6856,Capao Bonito,SP,2017-10-04
6857,Customer #6857,Pedro Leopoldo,MG,2018-06-26
6858,Customer #6858,Sao Paulo,SP,2017-03-09
6859,Customer #6859,Salvador,BA,2018-06-20
6860,Customer #6860,Sao Jose,SC,2018-03-13
6861,Customer #6861,Joao Pessoa,PB,2017-10-12
6862,Customer #6862,Ribeirao Preto,SP,2018-06-08
6863,Customer #6863,Itaquaquecetuba,SP,2018-01-14
6864,Customer #6864,Sao Jose Dos Campos,SP,2017-07-21
6865,Customer #6865,Seropedica,RJ,2017-02-20
6866,Customer #6866,Caraguatatuba,SP,2018-01-19
6867,Customer #6867,Jundiai,SP,2018-02-11
6868,Customer #6868,Sao Paulo,SP,2017-08-02
6869,Customer #6869,Rio De Janeiro,RJ,2017-12-03
6870,Customer #6870,Rio De Janeiro,RJ,2018-05-07
6871,Customer #6871,Sao Jose Do Egito,PE,2018-07-27
6872,Customer #6872,Maceio,AL,2018-04-19
6873,Customer #6873,Ribeirao Preto,SP,2017-09-30
6874,Customer #6874,Brasilia,DF,2017-07-07
6875,Customer #6875,Manfrinopolis,PR,2018-08-11
6876,Customer #6876,Caraguatatuba,SP,2017-10-03
6877,Customer #6877,Rio De Janeiro,RJ,2017-08-14
6878,Customer #6878,Blumenau,SC,2018-08-21
6879,Customer #6879,Betim,MG,2017-12-28
6880,Customer #6880,Pelotas,RS,2018-03-15
6881,Customer #6881,Cuiaba,MT,2017-03-21
6882,Customer #6882,Morrinhos,GO,2017-10-16
6883,Customer #6883,Vitoria,ES,2018-05-04
6884,Customer #6884,Queimadas,BA,2017-04-24
6885,Customer #6885,Santos,SP,2017-12-19
6886,Customer #6886,Sao Jose Do Calcado,ES,2018-08-07
6887,Customer #6887,Casa Nova,BA,2018-05-01
6888,Customer #6888,Novo Hamburgo,RS,2017-03-18
6889,Customer #6889,Goiania,GO,2017-04-07
6890,Customer #6890,Barra Do Ribeiro,RS,2018-03-31
6891,Customer #6891,Foz Do Iguacu,PR,2018-04-06
6892,Customer #6892,Taquaracu De Minas,MG,2017-10-16
6893,Customer #6893,Sorocaba,SP,2017-07-25
6894,Customer #6894,Ferraz De Vasconcelos,SP,2018-07-21
6895,Customer #6895,Sao Paulo,SP,2018-07-29
6896,Customer #6896,Sao Bernardo Do Campo,SP,2018-02-20
6897,Customer #6897,Sao Paulo,SP,2018-02-09
6898,Customer #6898,Sao Paulo,SP,2017-06-07
6899,Customer #6899,Maceio,AL,2018-03-20
6900,Customer #6900,Rio De Janeiro,RJ,2017-11-24
6901,Customer #6901,Santa Isabel,SP,2017-12-23
6902,Customer #6902,Jaguare,ES,2017-05-12
6903,Customer #6903,Sao Paulo,SP,2018-02-17
6904,Customer #6904,Pelotas,RS,2018-05-19
6905,Customer #6905,Sao Paulo,SP,2018-08-14
6906,Customer #6906,Estreito,MA,2018-01-02
6907,Customer #6907,Brasilia,DF,2017-05-01
6908,Customer #6908,Belo Horizonte,MG,2018-06-12
6909,Customer #6909,Cristais Paulista,SP,2017-03-05
6910,Customer #6910,Guarapari,ES,2017-10-13
6911,Customer #6911,Santa Fe Do Sul,SP,2017-12-05
6912,Customer #6912,Pato Branco,PR,2018-03-19
6913,Customer #6913,Brasilia,DF,2018-01-06
6914,Customer #6914,Sao Paulo,SP,2018-01-03
6915,Customer #6915,Carapicuiba,SP,2017-10-17
6916,Customer #6916,Rio De Janeiro,RJ,2017-09-07
6917,Customer #6917,Santos,SP,2018-04-09
6918,Customer #6918,Embu Das Artes,SP,2018-02-03
6919,Customer #6919,Brasilia,DF,2017-11-17
6920,Customer #6920,Caxias Do Sul,RS,2017-06-03
6921,Customer #6921,Cabo De Santo Agostinho,PE,2018-01-21
6922,Customer #6922,Angra Dos Reis,RJ,2017-12-11
6923,Customer #6923,Formosa,GO,2017-09-11
6924,Customer #6924,Volta Redonda,RJ,2017-05-03
6925,Customer #6925,Sao Paulo,SP,2018-04-15
6926,Customer #6926,Caxias Do Sul,RS,2017-12-03
6927,Customer #6927,Campina Verde,MG,2017-08-27
6928,Customer #6928,Curitiba,PR,2018-04-28
6929,Customer #6929,Guaruja,SP,2018-05-21
6930,Customer #6930,Curitiba,PR,2018-08-20
6931,Customer #6931,Nova Lima,MG,2017-07-29
6932,Customer #6932,Volta Redonda,RJ,2018-06-22
6933,Customer #6933,Cabo Frio,RJ,2018-01-17
6934,Customer #6934,Santos,SP,2018-06-29
6935,Customer #6935,Suzano,SP,2018-08-04
6936,Customer #6936,Sao Lourenco,MG,2018-03-14
6937,Customer #6937,Pirapozinho,SP,2017-10-16
6938,Customer #6938,Cotia,SP,2018-02-27
6939,Customer #6939,Maua,SP,2017-12-15
6940,Customer #6940,Santo Andre,SP,2018-05-09
6941,Customer #6941,Sao Paulo,SP,2018-04-13
6942,Customer #6942,Sao Paulo,SP,2018-08-04
6943,Customer #6943,Porto Alegre,RS,2018-06-13
6944,Customer #6944,Bento Goncalves,RS,2017-08-14
6945,Customer #6945,Tupa,SP,2017-12-04
6946,Customer #6946,Rio De Janeiro,RJ,2017-11-30
6947,Customer #6947,Curitiba,PR,2017-12-18
6948,Customer #6948,Ribeirao Bonito,SP,2017-12-14
6949,Customer #6949,Jaboatao Dos Guararapes,PE,2017-10-12
6950,Customer #6950,Guarulhos,SP,2018-03-09
6951,Customer #6951,Rio De Janeiro,RJ,2017-10-04
6952,Customer #6952,Rio De Janeiro,RJ,2017-10-09
6953,Customer #6953,Rio De Janeiro,RJ,2018-08-12
6954,Customer #6954,Brasilia,DF,2017-11-16
6955,Customer #6955,Rio De Janeiro,RJ,2018-01-26
6956,Customer #6956,Paranavai,PR,2018-07-17
6957,Customer #6957,Pindamonhangaba,SP,2017-05-23
6958,Customer #6958,Diadema,SP,2017-09-12
6959,Customer #6959,Rio De Janeiro,RJ,2018-01-02
6960,Customer #6960,Ibitinga,SP,2017-02-10
6961,Customer #6961,Belo Horizonte,MG,2018-03-26
6962,Customer #6962,Juazeiro Do Norte,CE,2017-11-26
6963,Customer #6963,Barueri,SP,2017-11-24
6964,Customer #6964,Praia Grande,SP,2018-06-02
6965,Customer #6965,Sao Paulo,SP,2017-05-20
6966,Customer #6966,Sao Paulo,SP,2017-12-16
6967,Customer #6967,Rio De Janeiro,RJ,2017-11-27
6968,Customer #6968,Sao Jose Do Rio Pardo,SP,2017-10-17
6969,Customer #6969,Sorocaba,SP,2017-09-16
6970,Customer #6970,Brasilia,DF,2017-05-24
6971,Customer #6971,Sao Paulo,SP,2018-04-10
6972,Customer #6972,Niquelandia,GO,2018-06-10
6973,Customer #6973,Recife,PE,2018-06-15
6974,Customer #6974,Niteroi,RJ,2018-01-10
6975,Customer #6975,Belo Horizonte,MG,2018-03-25
6976,Customer #6976,Bento Goncalves,RS,2017-08-01
6977,Customer #6977,Rio De Janeiro,RJ,2017-05-02
6978,Customer #6978,Sao Paulo,SP,2018-05-27
6979,Customer #6979,Belo Horizonte,MG,2017-03-06
6980,Customer #6980,Sao Simao,SP,2017-10-12
6981,Customer #6981,Salto,SP,2018-07-25
6982,Customer #6982,Indaiatuba,SP,2018-07-26
6983,Customer #6983,Santo Andre,SP,2017-03-09
6984,Customer #6984,Sao Paulo,SP,2017-11-08
6985,Customer #6985,Limeira,SP,2017-07-04
6986,Customer #6986,Rio Das Ostras,RJ,2018-07-16
6987,Customer #6987,Guarulhos,SP,2018-08-14
6988,Customer #6988,Sao Paulo,SP,2018-03-29
6989,Customer #6989,Serra,ES,2017-12-11
6990,Customer #6990,Sao Paulo,SP,2018-06-04
6991,Customer #6991,Rianapolis,GO,2018-05-01
6992,Customer #6992,Londrina,PR,2018-05-24
6993,Customer #6993,Sao Joao Do Manteninha,MG,2018-07-04
6994,Customer #6994,Nova Lima,MG,2017-07-18
6995,Customer #6995,Campinas,SP,2018-05-22
6996,Customer #6996,Serra,ES,2018-05-07
6997,Customer #6997,Ibiajara,BA,2017-04-20
6998,Customer #6998,Sao Paulo,SP,2017-08-24
6999,Customer #6999,Teodoro Sampaio,BA,2018-07-19
7000,Customer #7000,Sao Paulo,SP,2017-11-10
7001,Customer #7001,Garopaba,SC,2018-07-08
7002,Customer #7002,Campinas,SP,2018-07-23
7003,Customer #7003,Uberlandia,MG,2018-08-14
7004,Customer #7004,Maringa,PR,2018-04-14
7005,Customer #7005,Taubate,SP,2018-05-22
7006,Customer #7006,Codo,MA,2017-10-07
7007,Customer #7007,Sao Paulo,SP,2018-01-11
7008,Customer #7008,Goiania,GO,2017-11-04
7009,Customer #7009,Sao Paulo,SP,2018-03-19
7010,Customer #7010,Rio De Janeiro,RJ,2018-08-05
7011,Customer #7011,Belo Horizonte,MG,2017-03-15
7012,Customer #7012,Pau Dos Ferros,RN,2018-08-15
7013,Customer #7013,Sao Goncalo Do Rio Abaixo,MG,2018-03-26
7014,Customer #7014,Osasco,SP,2017-04-09
7015,Customer #7015,Sao Paulo,SP,2018-08-21
7016,Customer #7016,Nova Veneza,SC,2018-05-05
7017,Customer #7017,Camboriu,SC,2018-03-04
7018,Customer #7018,Vitoria,ES,2018-01-13
7019,Customer #7019,Vitoria,ES,2017-07-29
7020,Customer #7020,Sao Paulo,SP,2018-06-01
7021,Customer #7021,Sao Paulo,SP,2018-08-22
7022,Customer #7022,Maua,SP,2018-04-03
7023,Customer #7023,Posse,GO,2017-04-16
7024,Customer #7024,Londrina,PR,2018-08-02
7025,Customer #7025,Marilia,SP,2018-03-18
7026,Customer #7026,Paraty,RJ,2018-01-03
7027,Customer #7027,Hortolandia,SP,2018-08-16
7028,Customer #7028,Vicosa,MG,2017-11-07
7029,Customer #7029,Andira,PR,2017-05-01
7030,Customer #7030,Sao Paulo,SP,2018-04-11
7031,Customer #7031,Betim,MG,2018-08-01
7032,Customer #7032,Sao Paulo,SP,2018-08-07
7033,Customer #7033,Sao Paulo,SP,2017-11-03
7034,Customer #7034,Passo Fundo,RS,2017-04-11
7035,Customer #7035,Sao Vicente,SP,2017-11-26
7036,Customer #7036,Rio De Janeiro,RJ,2017-05-18
7037,Customer #7037,Indaiatuba,SP,2018-03-24
7038,Customer #7038,Pelotas,RS,2017-03-10
7039,Customer #7039,Casimiro De Abreu,RJ,2017-04-28
7040,Customer #7040,Itapora,MS,2018-01-02
7041,Customer #7041,Estancia,SE,2017-06-27
7042,Customer #7042,Feira De Santana,BA,2018-02-26
7043,Customer #7043,Brasilia,DF,2018-04-13
7044,Customer #7044,Marilia,SP,2017-12-23
7045,Customer #7045,Sao Paulo,SP,2018-04-21
7046,Customer #7046,Praia Grande,SP,2018-05-15
7047,Customer #7047,Carapicuiba,SP,2018-01-26
7048,Customer #7048,Jundiai,SP,2017-03-25
7049,Customer #7049,Rio De Janeiro,RJ,2017-12-02
7050,Customer #7050,Salvador,BA,2018-05-16
7051,Customer #7051,Sao Paulo,SP,2017-04-26
7052,Customer #7052,Sao Bernardo Do Campo,SP,2018-04-24
7053,Customer #7053,Sao Paulo,SP,2017-07-19
7054,Customer #7054,Ipatinga,MG,2018-06-23
7055,Customer #7055,Sao Paulo,SP,2018-06-26
7056,Customer #7056,Brusque,SC,2017-12-07
7057,Customer #7057,Rio De Janeiro,RJ,2018-05-03
7058,Customer #7058,Sao Bernardo Do Campo,SP,2017-12-15
7059,Customer #7059,Sao Paulo,SP,2017-11-16
7060,Customer #7060,Sao Carlos,SP,2017-09-28
7061,Customer #7061,Sao Paulo,SP,2017-11-13
7062,Customer #7062,Sao Paulo,SP,2018-07-31
7063,Customer #7063,Caratinga,MG,2018-07-24
7064,Customer #7064,Rio De Janeiro,RJ,2018-02-03
7065,Customer #7065,Atibaia,SP,2017-07-19
7066,Customer #7066,Sao Bernardo Do Campo,SP,2018-04-24
7067,Customer #7067,Sao Paulo,SP,2018-04-11
7068,Customer #7068,Sao Paulo,SP,2018-08-16
7069,Customer #7069,Montes Claros,MG,2017-05-25
7070,Customer #7070,Sao Paulo,SP,2017-07-10
7071,Customer #7071,Sao Paulo,SP,2017-06-14
7072,Customer #7072,Palmeira D'Oeste,SP,2017-12-13
7073,Customer #7073,Rio De Janeiro,RJ,2018-03-07
7074,Customer #7074,Itaborai,RJ,2017-06-26
7075,Customer #7075,Franca,SP,2017-02-14
7076,Customer #7076,Campinas,SP,2018-06-19
7077,Customer #7077,Campinas,SP,2018-02-24
7078,Customer #7078,Salto,SP,2018-02-14
7079,Customer #7079,Marituba,PA,2018-02-02
7080,Customer #7080,Sao Paulo,SP,2017-07-28
7081,Customer #7081,Sao Paulo,SP,2018-08-28
7082,Customer #7082,Uberaba,MG,2018-05-03
7083,Customer #7083,Juiz De Fora,MG,2017-09-13
7084,Customer #7084,Sao Jose,SC,2018-03-22
7085,Customer #7085,Sao Paulo,SP,2018-02-24
7086,Customer #7086,Belo Horizonte,MG,2018-03-13
7087,Customer #7087,Uberlandia,MG,2018-02-22
7088,Customer #7088,Dom Aquino,MT,2017-11-26
7089,Customer #7089,Rio De Janeiro,RJ,2018-03-01
7090,Customer #7090,Sao Paulo,SP,2017-07-15
7091,Customer #7091,Itau De Minas,MG,2018-02-11
7092,Customer #7092,Sao Sebastiao Do Paraiso,MG,2017-01-27
7093,Customer #7093,Sao Paulo,SP,2018-04-29
7094,Customer #7094,Cachoeirinha,RS,2017-11-12
7095,Customer #7095,Caxias Do Sul,RS,2017-11-12
7096,Customer #7096,Rio De Janeiro,RJ,2018-02-26
7097,Customer #7097,Timoteo,MG,2018-06-07
7098,Customer #7098,Curitiba,PR,2017-09-09
7099,Customer #7099,Jussiape,BA,2017-11-30
7100,Customer #7100,Juiz De Fora,MG,2018-02-10
7101,Customer #7101,Sao Paulo,SP,2017-10-03
7102,Customer #7102,Sao Paulo,SP,2017-06-26
7103,Customer #7103,Piracicaba,SP,2017-11-24
7104,Customer #7104,Sao Paulo,SP,2017-12-26
7105,Customer #7105,Almenara,MG,2017-05-06
7106,Customer #7106,Sao Paulo,SP,2017-02-01
7107,Customer #7107,Pedra Azul,MG,2018-07-20
7108,Customer #7108,Jundiai,SP,2018-05-18
7109,Customer #7109,Salgueiro,PE,2018-02-20
7110,Customer #7110,Sao Paulo,SP,2018-01-09
7111,Customer #7111,Serra,ES,2017-12-09
7112,Customer #7112,Passa Quatro,MG,2018-07-22
7113,Customer #7113,Brasilia,DF,2018-03-31
7114,Customer #7114,Mantenopolis,ES,2018-06-26
7115,Customer #7115,Caxias Do Sul,RS,2017-04-17
7116,Customer #7116,Rio De Janeiro,RJ,2018-02-17
7117,Customer #7117,Porto Alegre,RS,2017-05-19
7118,Customer #7118,Sao Paulo,SP,2018-07-05
7119,Customer #7119,Sao Fidelis,RJ,2017-09-27
7120,Customer #7120,Ribeirao Preto,SP,2018-01-03
7121,Customer #7121,Belo Horizonte,MG,2018-06-04
7122,Customer #7122,Francisco Morato,SP,2018-05-26
7123,Customer #7123,Teresina,PI,2017-05-10
7124,Customer #7124,Guarulhos,SP,2018-04-18
7125,Customer #7125,Boa Esperanca Do Sul,SP,2018-05-13
7126,Customer #7126,Jundiai,SP,2017-09-27
7127,Customer #7127,Alcobaca,BA,2018-03-28
7128,Customer #7128,Uruguaiana,RS,2018-01-25
7129,Customer #7129,Sao Paulo,SP,2018-08-03
7130,Customer #7130,Cosmopolis,SP,2018-06-21
7131,Customer #7131,Fronteiras,PI,2017-02-22
7132,Customer #7132,Sao Paulo,SP,2018-04-20
7133,Customer #7133,Rio De Janeiro,RJ,2018-01-06
7134,Customer #7134,Itajuba,MG,2018-08-10
7135,Customer #7135,Sao Paulo,SP,2018-04-05
7136,Customer #7136,Londrina,PR,2018-04-07
7137,Customer #7137,Brasilia,DF,2018-04-17
7138,Customer #7138,Potirendaba,SP,2018-06-10
7139,Customer #7139,Guarulhos,SP,2018-08-27
7140,Customer #7140,Rio De Janeiro,RJ,2017-06-19
7141,Customer #7141,Sao Paulo,SP,2017-10-29
7142,Customer #7142,Pinhalzinho,SC,2017-09-19
7143,Customer #7143,Jaboatao Dos Guararapes,PE,2018-06-13
7144,Customer #7144,Jundiai,SP,2017-03-23
7145,Customer #7145,Barra Mansa,RJ,2018-01-31
7146,Customer #7146,Franca,SP,2017-04-07
7147,Customer #7147,Itabuna,BA,2017-01-17
7148,Customer #7148,Sao Sebastiao,SP,2017-11-02
7149,Customer #7149,Mogi Das Cruzes,SP,2017-08-14
7150,Customer #7150,Campo Limpo Paulista,SP,2018-07-13
7151,Customer #7151,Belo Horizonte,MG,2017-06-10
7152,Customer #7152,Vitoria,ES,2018-06-20
7153,Customer #7153,Curitiba,PR,2017-02-17
7154,Customer #7154,Sao Paulo,SP,2018-07-18
7155,Customer #7155,Bombinhas,SC,2017-03-04
7156,Customer #7156,Brasilia,DF,2018-06-26
7157,Customer #7157,Sao Paulo,SP,2018-07-30
7158,Customer #7158,Sao Paulo,SP,2017-12-22
7159,Customer #7159,Rio De Janeiro,RJ,2018-02-10
7160,Customer #7160,Igaracu Do Tiete,SP,2018-05-17
7161,Customer #7161,Nova Iguacu,RJ,2018-08-20
7162,Customer #7162,Sao Paulo,SP,2017-11-24
7163,Customer #7163,Agronomica,SC,2017-02-20
7164,Customer #7164,Rio Grande,RS,2018-01-15
7165,Customer #7165,Sao Jose Dos Campos,SP,2018-06-28
7166,Customer #7166,Sao Paulo,SP,2017-09-18
7167,Customer #7167,Canoas,RS,2018-05-02
7168,Customer #7168,Ferraz De Vasconcelos,SP,2018-01-29
7169,Customer #7169,Sertaozinho,SP,2017-10-11
7170,Customer #7170,Petropolis,RJ,2017-02-08
7171,Customer #7171,Jundiai,SP,2018-01-07
7172,Customer #7172,Campinas,SP,2018-04-01
7173,Customer #7173,Sao Goncalo,RJ,2018-08-13
7174,Customer #7174,Brusque,SC,2018-08-07
7175,Customer #7175,Goiania,GO,2018-05-14
7176,Customer #7176,Carapicuiba,SP,2017-09-06
7177,Customer #7177,Rio Claro,SP,2018-05-01
7178,Customer #7178,Santos,SP,2018-03-26
7179,Customer #7179,Porto Alegre,RS,2017-11-10
7180,Customer #7180,Aparecida De Goiania,GO,2017-03-26
7181,Customer #7181,Vitoria,ES,2018-08-06
7182,Customer #7182,Rio De Janeiro,RJ,2017-05-15
7183,Customer #7183,Itapecerica Da Serra,SP,2017-12-25
7184,Customer #7184,Jardinopolis,SP,2018-02-12
7185,Customer #7185,Francisco Morato,SP,2017-06-03
7186,Customer #7186,Sao Paulo,SP,2017-11-28
7187,Customer #7187,Itapetininga,SP,2017-08-02
7188,Customer #7188,Sao Paulo,SP,2018-06-12
7189,Customer #7189,Icara,SC,2018-07-16
7190,Customer #7190,Barueri,SP,2018-07-03
7191,Customer #7191,Sorocaba,SP,2018-03-18
7192,Customer #7192,Rio De Janeiro,RJ,2018-02-02
7193,Customer #7193,Embu Das Artes,SP,2017-09-16
7194,Customer #7194,Porto Alegre,RS,2017-08-13
7195,Customer #7195,Caraguatatuba,SP,2018-08-23
7196,Customer #7196,Garopaba,SC,2018-04-24
7197,Customer #7197,Suzano,SP,2017-12-22
7198,Customer #7198,Rio De Janeiro,RJ,2017-10-11
7199,Customer #7199,Uberlandia,MG,2018-04-19
7200,Customer #7200,Limeira,SP,2018-03-18
7201,Customer #7201,Pindamonhangaba,SP,2018-04-06
7202,Customer #7202,Agudos,SP,2018-06-28
7203,Customer #7203,Capinzal,SC,2017-09-27
7204,Customer #7204,Caxias Do Sul,RS,2018-04-29
7205,Customer #7205,Rio De Janeiro,RJ,2018-01-12
7206,Customer #7206,Sao Paulo,SP,2018-05-14
7207,Customer #7207,Sao Paulo,SP,2018-01-17
7208,Customer #7208,Vitoria,ES,2017-12-21
7209,Customer #7209,Sao Paulo,SP,2017-07-09
7210,Customer #7210,Caraguatatuba,SP,2018-05-08
7211,Customer #7211,Jundiai,SP,2017-11-08
7212,Customer #7212,Ibiam,SC,2018-06-01
7213,Customer #7213,Cambe,PR,2017-04-04
7214,Customer #7214,Guarulhos,SP,2018-06-15
7215,Customer #7215,Pirapetinga,MG,2017-08-19
7216,Customer #7216,Marituba,PA,2018-07-10
7217,Customer #7217,Vila Velha,ES,2017-12-19
7218,Customer #7218,Francisco Morato,SP,2018-02-10
7219,Customer #7219,Araruama,RJ,2018-02-20
7220,Customer #7220,Rio De Janeiro,RJ,2017-11-02
7221,Customer #7221,Tres Lagoas,MS,2018-03-19
7222,Customer #7222,Itarana,ES,2017-12-04
7223,Customer #7223,Suzano,SP,2018-06-28
7224,Customer #7224,Campo Mourao,PR,2017-07-12
7225,Customer #7225,Sao Paulo,SP,2017-10-18
7226,Customer #7226,Ribeirao Das Neves,MG,2018-01-10
7227,Customer #7227,Salvador,BA,2018-02-13
7228,Customer #7228,Guaruja,SP,2017-10-31
7229,Customer #7229,Paranavai,PR,2018-02-01
7230,Customer #7230,Colatina,ES,2018-03-22
7231,Customer #7231,Acailandia,MA,2018-07-31
7232,Customer #7232,Rio De Janeiro,RJ,2017-06-28
7233,Customer #7233,Limeira,SP,2018-02-11
7234,Customer #7234,Fortaleza,CE,2017-06-22
7235,Customer #7235,Osasco,SP,2018-08-17
7236,Customer #7236,Chapeco,SC,2018-02-11
7237,Customer #7237,Sao Paulo,SP,2018-08-18
7238,Customer #7238,Sao Paulo,SP,2018-08-09
7239,Customer #7239,Uberaba,MG,2018-01-26
7240,Customer #7240,Caratinga,MG,2017-08-25
7241,Customer #7241,Sao Paulo,SP,2018-04-07
7242,Customer #7242,Sao Paulo,SP,2017-11-23
7243,Customer #7243,Sao Paulo,SP,2017-04-19
7244,Customer #7244,Belo Horizonte,MG,2018-06-27
7245,Customer #7245,Divinopolis,MG,2018-07-25
7246,Customer #7246,Correntina,BA,2017-11-25
7247,Customer #7247,Sao Jose Do Rio Preto,SP,2018-04-29
7248,Customer #7248,Bauru,SP,2018-02-08
7249,Customer #7249,Sao Paulo,SP,2017-08-05
7250,Customer #7250,Sao Paulo,SP,2018-05-02
7251,Customer #7251,Vila Velha,ES,2018-04-29
7252,Customer #7252,Itapevi,SP,2018-01-16
7253,Customer #7253,Sao Domingos Do Prata,MG,2017-05-23
7254,Customer #7254,Novo Gama,GO,2017-01-26
7255,Customer #7255,Sao Paulo,SP,2017-11-24
7256,Customer #7256,Sao Paulo,SP,2018-01-17
7257,Customer #7257,Serra Negra,SP,2018-05-11
7258,Customer #7258,Minacu,GO,2017-08-05
7259,Customer #7259,Pedro Canario,ES,2017-11-13
7260,Customer #7260,Belo Horizonte,MG,2017-04-22
7261,Customer #7261,Divinopolis,MG,2018-04-30
7262,Customer #7262,Jacarei,SP,2017-09-17
7263,Customer #7263,Florianopolis,SC,2018-07-25
7264,Customer #7264,Sao Gabriel Da Palha,ES,2018-07-17
7265,Customer #7265,Sao Paulo,SP,2018-08-23
7266,Customer #7266,Rio Das Ostras,RJ,2018-04-01
7267,Customer #7267,Sao Paulo,SP,2018-02-15
7268,Customer #7268,Praia Grande,SP,2018-05-03
7269,Customer #7269,Sao Paulo,SP,2018-06-12
7270,Customer #7270,Serra,ES,2017-09-01
7271,Customer #7271,Curitiba,PR,2017-04-22
7272,Customer #7272,Cachoeirinha,RS,2018-03-27
7273,Customer #7273,Parobe,RS,2017-04-26
7274,Customer #7274,Panambi,RS,2018-03-10
7275,Customer #7275,Sao Bernardo Do Campo,SP,2018-04-06
7276,Customer #7276,Porto Alegre,RS,2018-06-20
7277,Customer #7277,Barreiras,BA,2017-06-19
7278,Customer #7278,Londrina,PR,2017-10-03
7279,Customer #7279,Sao Paulo,SP,2017-10-28
7280,Customer #7280,Brasilia,DF,2017-03-27
7281,Customer #7281,Osasco,SP,2017-12-04
7282,Customer #7282,Sao Paulo,SP,2018-04-05
7283,Customer #7283,Andira,PR,2017-10-11
7284,Customer #7284,Sao Paulo,SP,2017-09-02
7285,Customer #7285,Maceio,AL,2018-04-19
7286,Customer #7286,Rio De Janeiro,RJ,2017-09-22
7287,Customer #7287,Conceicao Do Mato Dentro,MG,2017-07-10
7288,Customer #7288,Presidente Prudente,SP,2017-05-15
7289,Customer #7289,Sao Paulo,SP,2018-08-07
7290,Customer #7290,Sao Jose Dos Campos,SP,2018-03-05
7291,Customer #7291,Sao Paulo,SP,2018-01-21
7292,Customer #7292,Americana,SP,2018-01-04
7293,Customer #7293,Sao Paulo,SP,2018-08-02
7294,Customer #7294,Sao Paulo,SP,2017-05-15
7295,Customer #7295,Sao Paulo,SP,2018-04-14
7296,Customer #7296,Porto Alegre,RS,2017-11-01
7297,Customer #7297,Piracicaba,SP,2018-07-16
7298,Customer #7298,Salvador,BA,2017-05-13
7299,Customer #7299,Sao Paulo,SP,2018-03-24
7300,Customer #7300,Angra Dos Reis,RJ,2017-07-11
7301,Customer #7301,Vitoria,ES,2018-07-05
7302,Customer #7302,Belo Horizonte,MG,2018-08-15
7303,Customer #7303,Bauru,SP,2018-04-02
7304,Customer #7304,Campinas,SP,2018-08-02
7305,Customer #7305,Itaquaquecetuba,SP,2018-02-06
7306,Customer #7306,Bom Jesus,GO,2017-09-23
7307,Customer #7307,Cameta,PA,2017-03-05
7308,Customer #7308,Sao Cristovao,SE,2017-11-23
7309,Customer #7309,Colina,SP,2017-09-14
7310,Customer #7310,Ponta Grossa,PR,2018-06-21
7311,Customer #7311,Barra Do Pirai,RJ,2018-08-13
7312,Customer #7312,Fortaleza,CE,2018-05-02
7313,Customer #7313,Florianopolis,SC,2017-02-07
7314,Customer #7314,Joao Monlevade,MG,2017-08-30
7315,Customer #7315,Joinville,SC,2018-06-03
7316,Customer #7316,Sao Paulo,SP,2018-05-31
7317,Customer #7317,Juiz De Fora,MG,2017-01-12
7318,Customer #7318,Sao Paulo,SP,2018-03-11
7319,Customer #7319,Erechim,RS,2018-06-26
7320,Customer #7320,Faxinal Dos Guedes,SC,2018-01-11
7321,Customer #7321,Sao Jose Do Rio Preto,SP,2018-06-28
7322,Customer #7322,Curitiba,PR,2018-08-13
7323,Customer #7323,Ribeirao Preto,SP,2017-06-06
7324,Customer #7324,Aracati,CE,2017-08-03
7325,Customer #7325,Santo Angelo,RS,2018-08-17
7326,Customer #7326,Sao Jose Dos Campos,SP,2017-12-06
7327,Customer #7327,Guaruja,SP,2017-03-15
7328,Customer #7328,Brasilia,DF,2018-05-16
7329,Customer #7329,Olinda,PE,2017-01-18
7330,Customer #7330,Pien,PR,2017-10-31
7331,Customer #7331,Diadema,SP,2018-05-27
7332,Customer #7332,Sao Paulo,SP,2018-06-28
7333,Customer #7333,Belo Horizonte,MG,2018-03-26
7334,Customer #7334,Sao Paulo,SP,2017-09-24
7335,Customer #7335,Sao Paulo,SP,2018-08-28
7336,Customer #7336,Barra Do Pirai,RJ,2018-01-09
7337,Customer #7337,Birigui,SP,2018-06-04
7338,Customer #7338,Brasilia,DF,2017-10-02
7339,Customer #7339,Feira De Santana,BA,2017-11-01
7340,Customer #7340,Imbituva,PR,2017-11-29
7341,Customer #7341,Teresopolis,RJ,2017-09-07
7342,Customer #7342,Sao Paulo,SP,2017-11-24
7343,Customer #7343,Francisco Morato,SP,2018-08-11
7344,Customer #7344,Afonso Claudio,ES,2017-03-08
7345,Customer #7345,Botucatu,SP,2017-10-06
7346,Customer #7346,Santa Maria,RS,2017-09-17
7347,Customer #7347,Campinorte,GO,2018-03-05
7348,Customer #7348,Belo Horizonte,MG,2017-05-02
7349,Customer #7349,Sao Paulo,SP,2018-08-01
7350,Customer #7350,Garca,SP,2018-03-06
7351,Customer #7351,Campo Grande,MS,2018-08-01
7352,Customer #7352,Presidente Nereu,SC,2017-12-11
7353,Customer #7353,Sao Paulo,SP,2018-04-11
7354,Customer #7354,Varzea Grande,MT,2018-05-08
7355,Customer #7355,Indaiatuba,SP,2017-04-28
7356,Customer #7356,Joinville,SC,2017-11-25
7357,Customer #7357,Niteroi,RJ,2017-11-12
7358,Customer #7358,Cuiaba,MT,2018-01-06
7359,Customer #7359,Jacarei,SP,2018-08-17
7360,Customer #7360,Mage,RJ,2017-12-16
7361,Customer #7361,Campinas,SP,2017-10-19
7362,Customer #7362,Valinhos,SP,2018-03-23
7363,Customer #7363,Vicosa,MG,2018-05-04
7364,Customer #7364,Duque De Caxias,RJ,2017-04-28
7365,Customer #7365,Birigui,SP,2018-03-01
7366,Customer #7366,Itaja,GO,2017-05-27
7367,Customer #7367,Salvador,BA,2017-05-27
7368,Customer #7368,Ananindeua,PA,2017-08-12
7369,Customer #7369,Santo Andre,SP,2017-08-27
7370,Customer #7370,Sao Paulo,SP,2018-05-13
7371,Customer #7371,Ribeirao Preto,SP,2018-03-19
7372,Customer #7372,Marilia,SP,2018-06-19
7373,Customer #7373,Paranacity,PR,2017-05-05
7374,Customer #7374,Sao Roque,SP,2018-08-01
7375,Customer #7375,Poxoreu,MT,2017-12-26
7376,Customer #7376,Rio De Janeiro,RJ,2018-08-07
7377,Customer #7377,Fernandopolis,SP,2018-02-07
7378,Customer #7378,Gramado,RS,2018-03-24
7379,Customer #7379,Porto Alegre,RS,2017-09-05
7380,Customer #7380,Cuiaba,MT,2017-11-02
7381,Customer #7381,Carapicuiba,SP,2018-02-21
7382,Customer #7382,Sao Paulo,SP,2017-05-31
7383,Customer #7383,Brasilia,DF,2017-11-29
7384,Customer #7384,Jales,SP,2017-02-26
7385,Customer #7385,Lambari,MG,2017-12-08
7386,Customer #7386,Atibaia,SP,2018-01-18
7387,Customer #7387,Barra Mansa,RJ,2017-11-23
7388,Customer #7388,Porto Velho,RO,2017-11-21
7389,Customer #7389,Betim,MG,2017-09-12
7390,Customer #7390,Sao Paulo,SP,2017-09-20
7391,Customer #7391,Sao Paulo,SP,2018-01-17
7392,Customer #7392,Sao Paulo,SP,2017-08-04
7393,Customer #7393,Sao Paulo,SP,2018-01-15
7394,Customer #7394,Formiga,MG,2017-11-12
7395,Customer #7395,Nova Iguacu,RJ,2017-12-02
7396,Customer #7396,Cariacica,ES,2018-06-06
7397,Customer #7397,Rio De Janeiro,RJ,2017-07-15
7398,Customer #7398,Cajamar,SP,2018-05-08
7399,Customer #7399,Sao Paulo,SP,2017-09-26
7400,Customer #7400,Sao Paulo,SP,2018-06-19
7401,Customer #7401,Sao Paulo,SP,2017-07-16
7402,Customer #7402,Barra Mansa,RJ,2017-11-29
7403,Customer #7403,Taboao Da Serra,SP,2018-02-23
7404,Customer #7404,Porto Alegre,RS,2018-07-02
7405,Customer #7405,Rio De Janeiro,RJ,2018-03-08
7406,Customer #7406,Cacapava,SP,2017-09-06
7407,Customer #7407,Santos,SP,2018-08-01
7408,Customer #7408,Rio De Janeiro,RJ,2018-08-22
7409,Customer #7409,Osorio,RS,2018-08-22
7410,Customer #7410,Franco Da Rocha,SP,2017-11-18
7411,Customer #7411,Aracati,CE,2018-01-12
7412,Customer #7412,Sao Paulo,SP,2017-12-19
7413,Customer #7413,Piracicaba,SP,2017-09-16
7414,Customer #7414,Cacapava,SP,2017-09-07
7415,Customer #7415,Guarulhos,SP,2018-07-03
7416,Customer #7416,Sao Paulo,SP,2017-12-05
7417,Customer #7417,Salvador,BA,2017-11-01
7418,Customer #7418,Maceio,AL,2017-10-08
7419,Customer #7419,Vicosa,MG,2017-05-23
7420,Customer #7420,Duque De Caxias,RJ,2017-11-21
7421,Customer #7421,Sao Paulo,SP,2018-08-02
7422,Customer #7422,Jundiai,SP,2018-03-01
7423,Customer #7423,Sao Paulo,SP,2018-03-22
7424,Customer #7424,Belo Horizonte,MG,2018-01-17
7425,Customer #7425,Ourinhos,SP,2018-05-07
7426,Customer #7426,Taboao Da Serra,SP,2017-10-11
7427,Customer #7427,Rio De Janeiro,RJ,2018-08-10
7428,Customer #7428,Belo Horizonte,MG,2018-07-31
7429,Customer #7429,Goiania,GO,2018-01-31
7430,Customer #7430,Uniao Da Vitoria,PR,2018-06-16
7431,Customer #7431,Sao Paulo,SP,2018-04-17
7432,Customer #7432,Contagem,MG,2018-08-21
7433,Customer #7433,Sao Paulo,SP,2018-07-19
7434,Customer #7434,Pimenteiras,PI,2018-01-11
7435,Customer #7435,Alagoinhas,BA,2017-07-21
7436,Customer #7436,Dias D'Avila,BA,2017-12-28
7437,Customer #7437,Sao Paulo,SP,2017-10-04
7438,Customer #7438,Rio Das Ostras,RJ,2017-05-04
7439,Customer #7439,Goiania,GO,2018-08-14
7440,Customer #7440,Satubinha,MA,2018-01-08
7441,Customer #7441,Rio De Janeiro,RJ,2018-06-07
7442,Customer #7442,Itumbiara,GO,2017-03-19
7443,Customer #7443,Caraguatatuba,SP,2017-04-30
7444,Customer #7444,Sao Paulo,SP,2018-03-24
7445,Customer #7445,Brasilia,DF,2018-03-21
7446,Customer #7446,Sao Paulo,SP,2017-08-25
7447,Customer #7447,Palotina,PR,2018-02-09
7448,Customer #7448,Salvador,BA,2017-07-06
7449,Customer #7449,Rio De Janeiro,RJ,2018-05-12
7450,Customer #7450,Nova Friburgo,RJ,2017-07-27
7451,Customer #7451,Juina,MT,2018-04-16
7452,Customer #7452,Tambau,SP,2017-07-31
7453,Customer #7453,Santos,SP,2017-11-13
7454,Customer #7454,Santa Lucia,SP,2018-08-02
7455,Customer #7455,Sao Jose Dos Campos,SP,2017-05-15
7456,Customer #7456,Santo Andre,SP,2017-12-29
7457,Customer #7457,Ourinhos,SP,2018-01-22
7458,Customer #7458,Uberlandia,MG,2018-08-15
7459,Customer #7459,Botucatu,SP,2017-12-02
7460,Customer #7460,Coronel Vivida,PR,2017-11-24
7461,Customer #7461,Nova Iguacu,RJ,2018-03-05
7462,Customer #7462,Sao Paulo,SP,2018-03-26
7463,Customer #7463,Sao Paulo,SP,2017-01-31
7464,Customer #7464,Guarulhos,SP,2018-08-08
7465,Customer #7465,Rio De Janeiro,RJ,2017-09-25
7466,Customer #7466,Barra Mansa,RJ,2018-08-06
7467,Customer #7467,Governador Valadares,MG,2018-05-18
7468,Customer #7468,Cacapava,SP,2018-05-14
7469,Customer #7469,Sao Paulo,SP,2018-04-04
7470,Customer #7470,Salto,SP,2017-06-17
7471,Customer #7471,Mandaguari,PR,2017-04-29
7472,Customer #7472,Prudentopolis,PR,2018-06-05
7473,Customer #7473,Rio De Janeiro,RJ,2018-03-29
7474,Customer #7474,Itatiba,SP,2018-01-10
7475,Customer #7475,Telemaco Borba,PR,2018-01-12
7476,Customer #7476,Conceicao De Macabu,RJ,2017-03-24
7477,Customer #7477,Salto Do Jacui,RS,2017-09-15
7478,Customer #7478,Porto Alegre,RS,2018-02-26
7479,Customer #7479,Belford Roxo,RJ,2018-04-27
7480,Customer #7480,Rio Bonito,RJ,2017-12-03
7481,Customer #7481,Campinas,SP,2018-04-23
7482,Customer #7482,Rio De Janeiro,RJ,2018-07-28
7483,Customer #7483,Campos Dos Goytacazes,RJ,2018-01-20
7484,Customer #7484,Dois Corregos,SP,2017-07-22
7485,Customer #7485,Sao Paulo,SP,2018-06-14
7486,Customer #7486,Guarulhos,SP,2017-07-18
7487,Customer #7487,Jundiai,SP,2018-06-10
7488,Customer #7488,Salvador,BA,2018-04-09
7489,Customer #7489,Campinas,SP,2018-01-25
7490,Customer #7490,Sao Paulo,SP,2017-12-21
7491,Customer #7491,Belford Roxo,RJ,2018-06-20
7492,Customer #7492,Lagoa Dourada,MG,2018-02-27
7493,Customer #7493,Sao Paulo,SP,2017-11-28
7494,Customer #7494,Marilia,SP,2017-02-03
7495,Customer #7495,Sertanopolis,PR,2018-02-08
7496,Customer #7496,Brasilia,DF,2018-01-09
7497,Customer #7497,Ipojuca,PE,2017-10-31
7498,Customer #7498,Sao Paulo,SP,2018-04-23
7499,Customer #7499,Sao Paulo,SP,2018-01-29
7500,Customer #7500,Sao Paulo,SP,2018-07-16
7501,Customer #7501,Sao Paulo,SP,2018-08-04
7502,Customer #7502,Valinhos,SP,2017-10-28
7503,Customer #7503,Conselheiro Lafaiete,MG,2017-08-11
7504,Customer #7504,Brasilia,DF,2018-06-16
7505,Customer #7505,Sao Paulo,SP,2018-05-28
7506,Customer #7506,Belo Horizonte,MG,2017-11-24
7507,Customer #7507,Parnaiba,PI,2017-09-15
7508,Customer #7508,Carapicuiba,SP,2018-04-05
7509,Customer #7509,Itanhaem,SP,2018-05-10
7510,Customer #7510,Nova Iguacu,RJ,2018-02-21
7511,Customer #7511,Brasilia,DF,2017-04-22
7512,Customer #7512,Jaboatao Dos Guararapes,PE,2017-10-25
7513,Customer #7513,Vitoria,ES,2017-05-11
7514,Customer #7514,Rio De Janeiro,RJ,2018-04-08
7515,Customer #7515,Caldas Novas,GO,2018-01-10
7516,Customer #7516,Areia,PB,2018-07-09
7517,Customer #7517,Arapongas,PR,2018-01-12
7518,Customer #7518,Lauro Muller,SC,2017-05-16
7519,Customer #7519,Paraisopolis,MG,2017-05-04
7520,Customer #7520,Salto,SP,2017-09-09
7521,Customer #7521,Sao Paulo,SP,2018-02-14
7522,Customer #7522,Porto Alegre,RS,2018-08-08
7523,Customer #7523,Cabedelo,PB,2017-09-22
7524,Customer #7524,Sao Paulo,SP,2018-07-08
7525,Customer #7525,Duque De Caxias,RJ,2017-11-24
7526,Customer #7526,Riolandia,SP,2018-05-02
7527,Customer #7527,Contagem,MG,2018-02-06
7528,Customer #7528,Sao Paulo,SP,2017-04-06
7529,Customer #7529,Joinville,SC,2017-10-10
7530,Customer #7530,Cuiaba,MT,2018-05-10
7531,Customer #7531,Riacho De Santana,BA,2017-09-13
7532,Customer #7532,Conselheiro Pena,MG,2018-05-19
7533,Customer #7533,Sao Paulo,SP,2017-06-29
7534,Customer #7534,Sao Paulo,SP,2018-06-18
7535,Customer #7535,Guarulhos,SP,2018-05-02
7536,Customer #7536,Sao Paulo,SP,2018-08-18
7537,Customer #7537,Alegre,ES,2017-07-24
7538,Customer #7538,Valinhos,SP,2018-08-26
7539,Customer #7539,Santana Do Paraiso,MG,2017-12-16
7540,Customer #7540,Sao Paulo,SP,2018-01-28
7541,Customer #7541,Piracicaba,SP,2017-09-22
7542,Customer #7542,Rio Do Sul,SC,2018-02-22
7543,Customer #7543,Campinas,SP,2017-10-18
7544,Customer #7544,Maceio,AL,2018-08-09
7545,Customer #7545,Nova Iguacu,RJ,2017-11-25
7546,Customer #7546,Ribeirao Preto,SP,2018-01-16
7547,Customer #7547,Itapeva,SP,2017-09-25
7548,Customer #7548,Bom Repouso,MG,2017-03-27
7549,Customer #7549,Feira De Santana,BA,2017-12-13
7550,Customer #7550,Porto Alegre,RS,2018-02-03
7551,Customer #7551,Maravilhas,MG,2018-01-25
7552,Customer #7552,Campo Alegre De Goias,GO,2017-07-18
7553,Customer #7553,Alagoinhas,BA,2018-03-05
7554,Customer #7554,Sao Paulo,SP,2018-01-15
7555,Customer #7555,Rio De Janeiro,RJ,2017-03-16
7556,Customer #7556,Marilia,SP,2018-02-09
7557,Customer #7557,Maua,SP,2018-03-06
7558,Customer #7558,Taubate,SP,2017-02-18
7559,Customer #7559,Nova Iguacu,RJ,2018-02-16
7560,Customer #7560,Barreiras,BA,2018-05-19
7561,Customer #7561,Taguai,SP,2018-07-22
7562,Customer #7562,Sao Paulo,SP,2018-08-08
7563,Customer #7563,Campo Mourao,PR,2018-07-25
7564,Customer #7564,Curitiba,PR,2017-07-13
7565,Customer #7565,Niteroi,RJ,2017-10-24
7566,Customer #7566,Sao Paulo,SP,2017-06-01
7567,Customer #7567,Contagem,MG,2018-05-06
7568,Customer #7568,Angra Dos Reis,RJ,2018-04-02
7569,Customer #7569,Mogi Mirim,SP,2017-05-21
7570,Customer #7570,Sao Paulo,SP,2018-03-28
7571,Customer #7571,Sao Paulo,SP,2018-08-15
7572,Customer #7572,Sao Paulo,SP,2018-06-19
7573,Customer #7573,Sao Paulo,SP,2017-03-27
7574,Customer #7574,Sao Paulo,SP,2018-07-10
7575,Customer #7575,Sao Goncalo,RJ,2018-04-19
7576,Customer #7576,Sao Paulo,SP,2018-04-11
7577,Customer #7577,Caxias Do Sul,RS,2017-09-26
7578,Customer #7578,Campinas,SP,2018-05-27
7579,Customer #7579,Duque De Caxias,RJ,2018-07-25
7580,Customer #7580,Rio De Janeiro,RJ,2018-08-14
7581,Customer #7581,Resende,RJ,2017-10-23
7582,Customer #7582,Sertaozinho,SP,2018-04-17
7583,Customer #7583,Sao Jose,SC,2017-08-31
7584,Customer #7584,Videira,SC,2017-08-09
7585,Customer #7585,Apucarana,PR,2017-09-25
7586,Customer #7586,Viana,ES,2018-04-09
7587,Customer #7587,Serra,ES,2018-02-25
7588,Customer #7588,Joinville,SC,2017-09-21
7589,Customer #7589,Belem,PA,2017-04-30
7590,Customer #7590,Cacador,SC,2018-06-19
7591,Customer #7591,Sao Paulo,SP,2017-09-29
7592,Customer #7592,Sao Paulo,SP,2018-04-09
7593,Customer #7593,Diamantina,MG,2018-06-15
7594,Customer #7594,Sao Goncalo,RJ,2017-09-18
7595,Customer #7595,Jardim Olinda,PR,2018-01-04
7596,Customer #7596,Rolandia,PR,2018-02-28
7597,Customer #7597,Sao Paulo,SP,2017-05-22
7598,Customer #7598,Castilho,SP,2018-08-20
7599,Customer #7599,Capivari,SP,2018-01-09
7600,Customer #7600,Sao Paulo,SP,2017-03-20
7601,Customer #7601,Itapetininga,SP,2018-01-21
7602,Customer #7602,Franca,SP,2018-02-27
7603,Customer #7603,Sao Paulo,SP,2018-05-01
7604,Customer #7604,Rio De Janeiro,RJ,2018-02-02
7605,Customer #7605,Salvador,BA,2018-03-18
7606,Customer #7606,Sao Goncalo,RJ,2017-10-13
7607,Customer #7607,Serra,ES,2017-11-12
7608,Customer #7608,Rio De Janeiro,RJ,2017-02-12
7609,Customer #7609,Campo Bom,RS,2017-09-11
7610,Customer #7610,Sorocaba,SP,2018-08-13
7611,Customer #7611,Campinas,SP,2018-07-30
7612,Customer #7612,Sao Bernardo Do Campo,SP,2018-06-06
7613,Customer #7613,Nilopolis,RJ,2017-12-14
7614,Customer #7614,Canto Do Buriti,PI,2017-10-04
7615,Customer #7615,Sao Leopoldo,RS,2018-08-05
7616,Customer #7616,Salvador,BA,2017-12-05
7617,Customer #7617,Ariquemes,RO,2018-07-12
7618,Customer #7618,Araraquara,SP,2017-11-10
7619,Customer #7619,Cabo Frio,RJ,2017-05-21
7620,Customer #7620,Nilopolis,RJ,2018-04-16
7621,Customer #7621,Sorocaba,SP,2018-01-22
7622,Customer #7622,Brasilia,DF,2018-07-11
7623,Customer #7623,Sao Paulo,SP,2018-08-20
7624,Customer #7624,Macapa,AP,2017-05-09
7625,Customer #7625,Santo Antonio De Padua,RJ,2018-02-09
7626,Customer #7626,Carapicuiba,SP,2017-05-13
7627,Customer #7627,Itatiba,SP,2017-10-23
7628,Customer #7628,Sao Paulo,SP,2018-04-19
7629,Customer #7629,Vermelho,MG,2018-07-09
7630,Customer #7630,Fazenda Rio Grande,PR,2017-09-16
7631,Customer #7631,Guarulhos,SP,2018-05-15
7632,Customer #7632,Sorocaba,SP,2017-08-23
7633,Customer #7633,Canoas,RS,2017-06-14
7634,Customer #7634,Sao Paulo,SP,2017-09-12
7635,Customer #7635,Aracatuba,SP,2018-04-04
7636,Customer #7636,Porto Alegre,RS,2017-10-07
7637,Customer #7637,Guaruja,SP,2017-11-20
7638,Customer #7638,Sao Jose Dos Campos,SP,2017-11-24
7639,Customer #7639,Sao Paulo,SP,2017-02-17
7640,Customer #7640,Sao Paulo,SP,2017-01-13
7641,Customer #7641,Sorocaba,SP,2017-10-01
7642,Customer #7642,Campo Grande,MS,2017-11-25
7643,Customer #7643,Porto Alegre,RS,2018-02-02
7644,Customer #7644,Gameleira,PE,2017-07-22
7645,Customer #7645,Sao Paulo,SP,2017-12-08
7646,Customer #7646,Pocos De Caldas,MG,2017-07-27
7647,Customer #7647,Sao Paulo,SP,2017-12-07
7648,Customer #7648,Rio De Janeiro,RJ,2018-05-03
7649,Customer #7649,Ferraz De Vasconcelos,SP,2018-02-18
7650,Customer #7650,Praia Grande,SP,2017-04-24
7651,Customer #7651,Adamantina,SP,2017-11-18
7652,Customer #7652,Terra Rica,PR,2018-04-03
7653,Customer #7653,Simoes Filho,BA,2018-03-20
7654,Customer #7654,Wenceslau Braz,PR,2018-06-13
7655,Customer #7655,Sao Paulo,SP,2018-05-28
7656,Customer #7656,Sao Paulo,SP,2017-11-30
7657,Customer #7657,Sao Paulo,SP,2017-05-12
7658,Customer #7658,Palhoca,SC,2017-07-25
7659,Customer #7659,Matelandia,PR,2017-02-01
7660,Customer #7660,Jundiai,SP,2018-03-14
7661,Customer #7661,Itauna,MG,2018-05-17
7662,Customer #7662,Vila Velha,ES,2018-02-02
7663,Customer #7663,Sao Paulo,SP,2018-01-08
7664,Customer #7664,Alvorada D'Oeste,RO,2018-01-10
7665,Customer #7665,Sao Paulo,SP,2018-07-29
7666,Customer #7666,Barra Do Turvo,SP,2018-03-26
7667,Customer #7667,Diadema,SP,2017-12-02
7668,Customer #7668,Morro Agudo,SP,2018-06-29
7669,Customer #7669,Varginha,MG,2018-04-01
7670,Customer #7670,Blumenau,SC,2018-03-26
7671,Customer #7671,Sao Goncalo,RJ,2017-08-07
7672,Customer #7672,Sao Vicente,SP,2018-05-12
7673,Customer #7673,Curitiba,PR,2017-08-12
7674,Customer #7674,Sao Paulo,SP,2018-02-15
7675,Customer #7675,Porto Alegre,RS,2017-10-11
7676,Customer #7676,Sao Paulo,SP,2018-08-26
7677,Customer #7677,Sao Paulo,SP,2017-04-10
7678,Customer #7678,Colatina,ES,2017-03-28
7679,Customer #7679,Salvador,BA,2017-12-23
7680,Customer #7680,Mococa,SP,2017-10-10
7681,Customer #7681,Cajamar,SP,2017-04-16
7682,Customer #7682,Araxa,MG,2017-12-12
7683,Customer #7683,Santos,SP,2018-04-27
7684,Customer #7684,Camacari,BA,2018-08-04
7685,Customer #7685,Contagem,MG,2017-05-29
7686,Customer #7686,Campo Grande,MS,2018-06-04
7687,Customer #7687,Brasilia,DF,2018-03-02
7688,Customer #7688,Telemaco Borba,PR,2018-07-17
7689,Customer #7689,Itaquaquecetuba,SP,2017-07-10
7690,Customer #7690,Salvador,BA,2018-07-26
7691,Customer #7691,Faxinal,PR,2017-10-03
7692,Customer #7692,Aparecida De Goiania,GO,2018-04-30
7693,Customer #7693,Cuiaba,MT,2017-07-06
7694,Customer #7694,Catu De Abrantes,BA,2017-04-02
7695,Customer #7695,Canaa,MG,2017-02-08
7696,Customer #7696,Cajuru,SP,2017-11-25
7697,Customer #7697,Maua,SP,2018-01-13
7698,Customer #7698,Barueri,SP,2017-05-01
7699,Customer #7699,Sao Paulo,SP,2017-12-18
7700,Customer #7700,Sao Paulo,SP,2018-08-16
7701,Customer #7701,Sao Paulo,SP,2017-09-14
7702,Customer #7702,Sao Paulo,SP,2018-01-09
7703,Customer #7703,Sao Jorge Do Oeste,PR,2017-09-05
7704,Customer #7704,Regente Feijo,SP,2018-07-17
7705,Customer #7705,Mendes Pimentel,MG,2018-07-11
7706,Customer #7706,Guarulhos,SP,2018-04-10
7707,Customer #7707,Santo Angelo,RS,2017-07-04
7708,Customer #7708,Icem,SP,2018-04-23
7709,Customer #7709,Salvador,BA,2017-07-05
7710,Customer #7710,Sao Jose Dos Campos,SP,2018-06-20
7711,Customer #7711,Sao Paulo,SP,2018-08-09
7712,Customer #7712,Sao Jose Dos Campos,SP,2018-03-21
7713,Customer #7713,Carazinho,RS,2017-08-10
7714,Customer #7714,Brasilia,DF,2018-03-09
7715,Customer #7715,Sao Paulo,SP,2018-01-18
7716,Customer #7716,Rio De Janeiro,RJ,2018-02-24
7717,Customer #7717,Resende,RJ,2018-04-18
7718,Customer #7718,Rio De Janeiro,RJ,2018-04-11
7719,Customer #7719,Ilhabela,SP,2018-05-14
7720,Customer #7720,Contagem,MG,2018-03-13
7721,Customer #7721,Brasilia,DF,2018-04-27
7722,Customer #7722,Sao Paulo,SP,2017-05-15
7723,Customer #7723,Sao Paulo,SP,2017-12-07
7724,Customer #7724,Sao Paulo,SP,2017-05-23
7725,Customer #7725,Belo Horizonte,MG,2018-02-13
7726,Customer #7726,Rio De Janeiro,RJ,2017-04-28
7727,Customer #7727,Sao Paulo,SP,2018-01-18
7728,Customer #7728,Viamao,RS,2017-09-14
7729,Customer #7729,Pindamonhangaba,SP,2018-05-22
7730,Customer #7730,Rio De Janeiro,RJ,2017-11-11
7731,Customer #7731,Niteroi,RJ,2017-08-11
7732,Customer #7732,Canoas,RS,2017-12-21
7733,Customer #7733,Carapicuiba,SP,2018-01-14
7734,Customer #7734,Sorocaba,SP,2017-11-29
7735,Customer #7735,Bauru,SP,2018-01-22
7736,Customer #7736,Sao Paulo,SP,2018-01-04
7737,Customer #7737,Bonfim Paulista,SP,2017-12-15
7738,Customer #7738,Petropolis,RJ,2017-12-12
7739,Customer #7739,Rio De Janeiro,RJ,2017-09-20
7740,Customer #7740,Salvador,BA,2018-04-22
7741,Customer #7741,Santos,SP,2018-02-16
7742,Customer #7742,Sao Paulo,SP,2018-05-10
7743,Customer #7743,Belo Horizonte,MG,2018-07-29
7744,Customer #7744,Belo Horizonte,MG,2018-04-11
7745,Customer #7745,Sorocaba,SP,2018-03-19
7746,Customer #7746,Bento Goncalves,RS,2017-07-23
7747,Customer #7747,Paracambi,RJ,2018-07-10
7748,Customer #7748,Curitiba,PR,2018-07-03
7749,Customer #7749,Sao Jose Dos Campos,SP,2018-08-07
7750,Customer #7750,Icaraima,PR,2017-05-05
7751,Customer #7751,Lagoa Grande,MG,2018-06-26
7752,Customer #7752,Americana,SP,2018-07-28
7753,Customer #7753,Miracema,RJ,2018-01-23
7754,Customer #7754,Werneck,RJ,2018-03-14
7755,Customer #7755,Campo Mourao,PR,2018-07-31
7756,Customer #7756,Duque De Caxias,RJ,2017-09-21
7757,Customer #7757,Sorocaba,SP,2017-09-22
7758,Customer #7758,Caibi,SC,2017-12-08
7759,Customer #7759,Junqueiropolis,SP,2018-08-01
7760,Customer #7760,Sao Paulo,SP,2018-04-12
7761,Customer #7761,Curitiba,PR,2017-11-08
7762,Customer #7762,Pindamonhangaba,SP,2018-03-29
7763,Customer #7763,Centenario Do Sul,PR,2017-02-06
7764,Customer #7764,Ituverava,SP,2018-06-25
7765,Customer #7765,Ribeirao Preto,SP,2018-04-06
7766,Customer #7766,Goiania,GO,2017-02-09
7767,Customer #7767,Nova Santa Rosa,PR,2017-02-13
7768,Customer #7768,Sao Jose Dos Campos,SP,2018-04-05
7769,Customer #7769,Praia Grande,SP,2017-05-05
7770,Customer #7770,Atibaia,SP,2018-01-13
7771,Customer #7771,Aguai,SP,2018-07-21
7772,Customer #7772,Florianopolis,SC,2018-04-23
7773,Customer #7773,Recife,PE,2018-04-19
7774,Customer #7774,Faxinal Dos Guedes,SC,2018-05-04
7775,Customer #7775,Campinas,SP,2017-08-09
7776,Customer #7776,Rio De Janeiro,RJ,2018-03-19
7777,Customer #7777,Pedro Canario,ES,2018-03-21
7778,Customer #7778,Ronda Alta,RS,2018-05-15
7779,Customer #7779,Sao Paulo,SP,2018-06-11
7780,Customer #7780,Ribeirao Das Neves,MG,2018-08-17
7781,Customer #7781,Aparecida Do Taboado,MS,2017-10-16
7782,Customer #7782,Sao Paulo,SP,2018-05-25
7783,Customer #7783,Peruibe,SP,2017-12-17
7784,Customer #7784,Sao Paulo,SP,2018-06-15
7785,Customer #7785,Rio De Janeiro,RJ,2018-04-18
7786,Customer #7786,Jundiai,SP,2017-10-31
7787,Customer #7787,Sao Paulo,SP,2017-12-11
7788,Customer #7788,Guarulhos,SP,2018-08-10
7789,Customer #7789,Itapira,SP,2018-01-19
7790,Customer #7790,Sao Paulo,SP,2017-09-17
7791,Customer #7791,Sao Paulo,SP,2018-04-14
7792,Customer #7792,Belo Horizonte,MG,2018-06-18
7793,Customer #7793,Sao Paulo,SP,2018-08-25
7794,Customer #7794,Caturama,BA,2017-07-03
7795,Customer #7795,Santa Isabel,SP,2018-04-28
7796,Customer #7796,Nova Iguacu,RJ,2018-04-21
7797,Customer #7797,Belo Jardim,PE,2018-01-29
7798,Customer #7798,Guarulhos,SP,2018-05-04
7799,Customer #7799,Sao Paulo,SP,2017-12-05
7800,Customer #7800,Petrolina,PE,2018-06-26
7801,Customer #7801,Cacapava Do Sul,RS,2017-06-27
7802,Customer #7802,Mariapolis,SP,2018-07-28
7803,Customer #7803,Louveira,SP,2018-02-20
7804,Customer #7804,Feira De Santana,BA,2018-05-12
7805,Customer #7805,Guaruja,SP,2017-08-16
7806,Customer #7806,Palmas,TO,2017-05-24
7807,Customer #7807,Itiuba,BA,2018-06-01
7808,Customer #7808,Sao Paulo,SP,2018-05-05
7809,Customer #7809,Mariana,MG,2018-04-08
7810,Customer #7810,Capao Da Canoa,RS,2018-02-27
7811,Customer #7811,Pedro Leopoldo,MG,2017-05-16
7812,Customer #7812,Porangatu,GO,2017-12-27
7813,Customer #7813,Sao Paulo,SP,2017-12-07
7814,Customer #7814,Salvador,BA,2018-03-14
7815,Customer #7815,Sao Paulo,SP,2017-12-25
7816,Customer #7816,Cabo Frio,RJ,2018-03-25
7817,Customer #7817,Sao Sebastiao,SP,2017-09-04
7818,Customer #7818,Indaiatuba,SP,2017-12-19
7819,Customer #7819,Sao Paulo,SP,2017-03-12
7820,Customer #7820,Brasilia,DF,2018-05-17
7821,Customer #7821,Conselheiro Pena,MG,2018-04-10
7822,Customer #7822,Tubarao,SC,2018-07-13
7823,Customer #7823,Sao Paulo,SP,2018-02-19
7824,Customer #7824,Sao Paulo,SP,2017-02-11
7825,Customer #7825,Bom Despacho,MG,2018-08-20
7826,Customer #7826,Niteroi,RJ,2018-06-23
7827,Customer #7827,Sao Joao,PR,2018-06-04
7828,Customer #7828,Pedra Bela,SP,2018-08-06
7829,Customer #7829,Poa,SP,2017-09-01
7830,Customer #7830,Praia Grande,SP,2018-07-19
7831,Customer #7831,Joao Pessoa,PB,2017-09-26
7832,Customer #7832,Japura,PR,2017-12-27
7833,Customer #7833,Rio De Janeiro,RJ,2017-10-16
7834,Customer #7834,Maravilha,SC,2017-11-05
7835,Customer #7835,Morro Reuter,RS,2017-10-22
7836,Customer #7836,Rio De Janeiro,RJ,2018-01-31
7837,Customer #7837,Duque De Caxias,RJ,2017-09-01
7838,Customer #7838,Pires Do Rio,GO,2018-02-05
7839,Customer #7839,Sao Paulo,SP,2017-10-05
7840,Customer #7840,Sao Paulo,SP,2017-08-19
7841,Customer #7841,Iaras,SP,2017-10-11
7842,Customer #7842,Colatina,ES,2017-11-24
7843,Customer #7843,Ascurra,SC,2018-08-10
7844,Customer #7844,Blumenau,SC,2018-01-06
7845,Customer #7845,Niteroi,RJ,2018-03-27
7846,Customer #7846,Brasilia,DF,2017-11-24
7847,Customer #7847,Sao Paulo,SP,2018-06-02
7848,Customer #7848,Paranavai,PR,2018-03-15
7849,Customer #7849,Taquari,RS,2017-04-06
7850,Customer #7850,Caico,RN,2018-07-21
7851,Customer #7851,Colombo,PR,2018-06-08
7852,Customer #7852,Embu Das Artes,SP,2018-01-05
7853,Customer #7853,Sao Paulo,SP,2018-08-21
7854,Customer #7854,Salvador,BA,2017-08-13
7855,Customer #7855,Sao Jose Do Rio Preto,SP,2017-09-19
7856,Customer #7856,Suzano,SP,2018-03-24
7857,Customer #7857,Riqueza,SC,2017-06-15
7858,Customer #7858,Sao Paulo,SP,2018-01-27
7859,Customer #7859,Tapejara,RS,2017-08-12
7860,Customer #7860,Sao Paulo,SP,2018-01-19
7861,Customer #7861,Cubatao,SP,2018-03-21
7862,Customer #7862,Curitiba,PR,2018-06-15
7863,Customer #7863,Nova Aurora,PR,2018-03-27
7864,Customer #7864,Chapeco,SC,2018-06-27
7865,Customer #7865,Sao Goncalo,RJ,2017-04-29
7866,Customer #7866,Arealva,SP,2017-11-06
7867,Customer #7867,Sao Sebastiao Do Paraiso,MG,2018-05-14
7868,Customer #7868,Ribeirao Preto,SP,2017-11-12
7869,Customer #7869,Barra Do Corda,MA,2017-04-15
7870,Customer #7870,Feliz,RS,2017-01-18
7871,Customer #7871,Porto Alegre,RS,2017-05-09
7872,Customer #7872,Sao Jose Do Rio Preto,SP,2018-04-22
7873,Customer #7873,Cuiaba,MT,2017-10-13
7874,Customer #7874,Vila Velha,ES,2018-08-16
7875,Customer #7875,Curitiba,PR,2018-05-20
7876,Customer #7876,Rio De Janeiro,RJ,2018-05-02
7877,Customer #7877,Aracaju,SE,2018-06-05
7878,Customer #7878,Porto Alegre,RS,2017-03-18
7879,Customer #7879,Rio De Janeiro,RJ,2018-02-14
7880,Customer #7880,Curitiba,PR,2017-03-06
7881,Customer #7881,Sao Paulo,SP,2018-08-16
7882,Customer #7882,Paulinia,SP,2017-03-13
7883,Customer #7883,Joao Pessoa,PB,2018-04-10
7884,Customer #7884,Brasilia,DF,2017-03-12
7885,Customer #7885,Ribeirao Preto,SP,2018-07-20
7886,Customer #7886,Guaruja,SP,2018-03-06
7887,Customer #7887,Paulinia,SP,2017-12-17
7888,Customer #7888,Piracicaba,SP,2017-07-25
7889,Customer #7889,Sao Mateus,ES,2018-07-12
7890,Customer #7890,Salvador,BA,2018-05-12
7891,Customer #7891,Piracicaba,SP,2018-02-28
7892,Customer #7892,Sao Paulo,SP,2018-05-02
7893,Customer #7893,Salvador,BA,2017-05-08
7894,Customer #7894,Guarulhos,SP,2017-11-25
7895,Customer #7895,Porto Alegre,RS,2017-11-27
7896,Customer #7896,Brasilia,DF,2017-07-17
7897,Customer #7897,Belo Horizonte,MG,2018-07-28
7898,Customer #7898,Vitoria,ES,2018-03-28
7899,Customer #7899,Guarapari,ES,2017-04-04
7900,Customer #7900,Salgueiro,PE,2017-10-08
7901,Customer #7901,Praia Grande,SP,2018-04-01
7902,Customer #7902,Sao Bernardo Do Campo,SP,2017-12-22
7903,Customer #7903,Sao Paulo,SP,2018-08-24
7904,Customer #7904,Carapicuiba,SP,2017-10-30
7905,Customer #7905,Sao Paulo,SP,2017-12-26
7906,Customer #7906,Campo Grande,MS,2018-03-27
7907,Customer #7907,Passo Fundo,RS,2018-03-21
7908,Customer #7908,Jandira,SP,2018-08-08
7909,Customer #7909,Uruguaiana,RS,2017-02-25
7910,Customer #7910,Sao Caetano Do Sul,SP,2017-11-17
7911,Customer #7911,Penapolis,SP,2017-09-14
7912,Customer #7912,Sao Paulo,SP,2018-06-13
7913,Customer #7913,Sao Paulo,SP,2017-12-04
7914,Customer #7914,Sao Jose Dos Pinhais,PR,2018-06-22
7915,Customer #7915,Caieiras,SP,2018-03-28
7916,Customer #7916,Hortolandia,SP,2017-01-18
7917,Customer #7917,Arapongas,PR,2017-05-08
7918,Customer #7918,Itajai,SC,2018-07-17
7919,Customer #7919,Sao Jose De Uba,RJ,2018-04-24
7920,Customer #7920,Bauru,SP,2017-07-20
7921,Customer #7921,Sao Paulo,SP,2017-11-24
7922,Customer #7922,Joao Pessoa,PB,2017-06-08
7923,Customer #7923,Niteroi,RJ,2017-05-04
7924,Customer #7924,Cajuru,SP,2018-05-16
7925,Customer #7925,Anapolis,GO,2018-07-05
7926,Customer #7926,Canoas,RS,2018-01-26
7927,Customer #7927,Ecoporanga,ES,2017-08-03
7928,Customer #7928,Guaruja,SP,2018-02-08
7929,Customer #7929,Gravatai,RS,2017-10-05
7930,Customer #7930,Sao Paulo,SP,2018-01-10
7931,Customer #7931,Taboao Da Serra,SP,2018-05-03
7932,Customer #7932,Indaiatuba,SP,2017-08-16
7933,Customer #7933,Mafra,SC,2018-06-04
7934,Customer #7934,Sao Paulo,SP,2017-11-27
7935,Customer #7935,Rio De Janeiro,RJ,2018-08-01
7936,Customer #7936,Campos Dos Goytacazes,RJ,2017-12-06
7937,Customer #7937,Sao Paulo,SP,2017-11-28
7938,Customer #7938,Sao Bernardo Do Campo,SP,2018-08-10
7939,Customer #7939,Belford Roxo,RJ,2018-06-02
7940,Customer #7940,Sao Paulo,SP,2018-04-08
7941,Customer #7941,Sao Paulo,SP,2017-06-08
7942,Customer #7942,Sao Paulo,SP,2018-07-12
7943,Customer #7943,Itapui,SP,2017-12-02
7944,Customer #7944,Marmeleiro,PR,2017-07-21
7945,Customer #7945,Ribeirao Preto,SP,2018-07-09
7946,Customer #7946,Sao Paulo,SP,2017-06-27
7947,Customer #7947,Rio De Janeiro,RJ,2017-05-03
7948,Customer #7948,Aracatuba,SP,2018-02-13
7949,Customer #7949,Paranavai,PR,2018-06-20
7950,Customer #7950,Rio De Janeiro,RJ,2017-08-16
7951,Customer #7951,Criciuma,SC,2017-04-22
7952,Customer #7952,Sorocaba,SP,2017-12-07
7953,Customer #7953,Uberlandia,MG,2018-01-14
7954,Customer #7954,Niteroi,RJ,2017-11-05
7955,Customer #7955,Rio De Janeiro,RJ,2017-11-07
7956,Customer #7956,Sao Benedito Do Sul,PE,2017-04-15
7957,Customer #7957,Acailandia,MA,2017-04-13
7958,Customer #7958,Hortolandia,SP,2017-11-02
7959,Customer #7959,Marilia,SP,2018-01-25
7960,Customer #7960,Belo Horizonte,MG,2018-01-03
7961,Customer #7961,Sao Paulo,SP,2018-03-28
7962,Customer #7962,Natal,RN,2018-03-04
7963,Customer #7963,Sao Paulo,SP,2017-05-14
7964,Customer #7964,Rio De Janeiro,RJ,2017-06-02
7965,Customer #7965,Belo Horizonte,MG,2018-03-15
7966,Customer #7966,Urupa,RO,2017-12-15
7967,Customer #7967,Duque De Caxias,RJ,2017-12-17
7968,Customer #7968,Santa Maria Do Para,PA,2017-02-08
7969,Customer #7969,Curitiba,PR,2017-08-11
7970,Customer #7970,Guarulhos,SP,2018-01-13
7971,Customer #7971,Campinas,SP,2017-11-06
7972,Customer #7972,Descalvado,SP,2017-11-17
7973,Customer #7973,Porto Alegre,RS,2017-08-19
7974,Customer #7974,Sao Caetano Do Sul,SP,2018-08-14
7975,Customer #7975,Sao Paulo,SP,2017-06-02
7976,Customer #7976,Guarulhos,SP,2018-01-22
7977,Customer #7977,Santa Maria,RS,2017-09-27
7978,Customer #7978,Olimpia,SP,2017-12-07
7979,Customer #7979,Sao Paulo,SP,2017-12-12
7980,Customer #7980,Cachoeirinha,RS,2017-12-13
7981,Customer #7981,Sao Paulo,SP,2018-04-27
7982,Customer #7982,Porto Velho,RO,2017-10-04
7983,Customer #7983,Teresopolis,RJ,2018-01-08
7984,Customer #7984,Parapua,SP,2018-03-16
7985,Customer #7985,Curitiba,PR,2018-03-30
7986,Customer #7986,Sao Vicente,SP,2017-09-18
7987,Customer #7987,Sao Bernardo Do Campo,SP,2017-09-04
7988,Customer #7988,Santos,SP,2018-05-23
7989,Customer #7989,Caruaru,PE,2018-02-24
7990,Customer #7990,Sao Paulo,SP,2018-05-29
7991,Customer #7991,Sao Jose Dos Pinhais,PR,2018-05-18
7992,Customer #7992,Campinas,SP,2017-06-06
7993,Customer #7993,Tres Barras,SC,2017-08-10
7994,Customer #7994,Picos,PI,2018-06-11
7995,Customer #7995,Jaguariuna,SP,2018-07-11
7996,Customer #7996,Sao Paulo,SP,2017-01-31
7997,Customer #7997,Ferraz De Vasconcelos,SP,2017-12-29
7998,Customer #7998,Sao Paulo,SP,2017-11-21
7999,Customer #7999,Teresopolis,RJ,2018-03-02
8000,Customer #8000,Alem Paraiba,MG,2018-06-04
8001,Customer #8001,Sao Paulo,SP,2018-07-16
8002,Customer #8002,Ribeirao Preto,SP,2017-05-11
8003,Customer #8003,Taubate,SP,2018-06-20
8004,Customer #8004,Sorocaba,SP,2018-06-22
8005,Customer #8005,Recife,PE,2017-03-25
8006,Customer #8006,Varginha,MG,2018-04-20
8007,Customer #8007,Sao Joao Do Piaui,PI,2017-10-24
8008,Customer #8008,Joacaba,SC,2018-02-04
8009,Customer #8009,Sao Felix Do Xingu,PA,2018-01-31
8010,Customer #8010,Rio Do Sul,SC,2017-07-07
8011,Customer #8011,Miguelopolis,SP,2018-02-25
8012,Customer #8012,Guaira,SP,2018-03-09
8013,Customer #8013,Conservatoria,RJ,2018-01-27
8014,Customer #8014,Porto Ferreira,SP,2018-04-09
8015,Customer #8015,Taquari,RS,2017-07-09
8016,Customer #8016,Brasilia,DF,2017-04-21
8017,Customer #8017,Monte Alto,SP,2018-07-28
8018,Customer #8018,Florianopolis,SC,2017-06-13
8019,Customer #8019,Vila Muriqui,RJ,2018-04-25
8020,Customer #8020,Araxa,MG,2017-06-17
8021,Customer #8021,Campinas,SP,2018-02-19
8022,Customer #8022,Varzea Grande,MT,2017-04-01
8023,Customer #8023,Carapicuiba,SP,2017-10-16
8024,Customer #8024,Sao Paulo,SP,2018-02-20
8025,Customer #8025,Tiete,SP,2017-03-08
8026,Customer #8026,Tomazina,PR,2018-06-07
8027,Customer #8027,Ponta Grossa,PR,2018-06-18
8028,Customer #8028,Sao Paulo,SP,2018-08-16
8029,Customer #8029,Brasilia,DF,2018-02-15
8030,Customer #8030,Itanhandu,MG,2018-07-16
8031,Customer #8031,Belo Horizonte,MG,2018-06-17
8032,Customer #8032,Matutina,MG,2017-07-31
8033,Customer #8033,Taquarivai,SP,2018-07-19
8034,Customer #8034,Campinas,SP,2017-07-18
8035,Customer #8035,Rio De Janeiro,RJ,2017-11-27
8036,Customer #8036,Fortaleza,CE,2018-04-16
8037,Customer #8037,Itajuba,MG,2018-01-28
8038,Customer #8038,Santo Antonio Do Itambe,MG,2017-11-27
8039,Customer #8039,Paraopeba,MG,2018-02-06
8040,Customer #8040,Santiago,RS,2018-05-02
8041,Customer #8041,Sao Caetano Do Sul,SP,2018-03-29
8042,Customer #8042,Congonhal,MG,2018-03-12
8043,Customer #8043,Americana,SP,2017-02-12
8044,Customer #8044,Inacio Martins,PR,2018-02-08
8045,Customer #8045,Carapebus,RJ,2017-12-07
8046,Customer #8046,Juiz De Fora,MG,2017-03-08
8047,Customer #8047,Santo Andre,SP,2018-08-27
8048,Customer #8048,Sao Paulo,SP,2018-01-09
8049,Customer #8049,Pindamonhangaba,SP,2018-06-02
8050,Customer #8050,Mogi Das Cruzes,SP,2017-04-23
8051,Customer #8051,Praia Grande,SP,2018-05-08
8052,Customer #8052,Sao Bernardo Do Campo,SP,2018-05-06
8053,Customer #8053,Gravatai,RS,2018-01-23
8054,Customer #8054,Irapuru,SP,2018-02-03
8055,Customer #8055,Ribeirao Pires,SP,2017-09-13
8056,Customer #8056,Rio Bananal,ES,2017-03-15
8057,Customer #8057,Patos De Minas,MG,2018-02-05
8058,Customer #8058,Concordia,SC,2017-10-21
8059,Customer #8059,Aparecida De Goiania,GO,2017-02-08
8060,Customer #8060,Barreiras,BA,2017-12-21
8061,Customer #8061,Cariacica,ES,2018-05-10
8062,Customer #8062,Brasilia,DF,2017-09-03
8063,Customer #8063,Ipaussu,SP,2018-06-15
8064,Customer #8064,Sao Goncalo,RJ,2017-08-08
8065,Customer #8065,Santo Andre,SP,2018-05-18
8066,Customer #8066,Nova Iguacu,RJ,2017-08-07
8067,Customer #8067,Salvador,BA,2017-07-17
8068,Customer #8068,Sorocaba,SP,2018-06-26
8069,Customer #8069,Sao Paulo,SP,2018-04-14
8070,Customer #8070,Santa Barbara D Oeste,SP,2017-04-29
8071,Customer #8071,Santos,SP,2018-05-07
8072,Customer #8072,Sao Paulo,SP,2018-02-28
8073,Customer #8073,Limeira,SP,2018-08-16
8074,Customer #8074,Sao Paulo,SP,2017-07-26
8075,Customer #8075,Fartura,SP,2017-11-30
8076,Customer #8076,Tangara Da Serra,MT,2018-05-07
8077,Customer #8077,Rio De Janeiro,RJ,2018-01-15
8078,Customer #8078,Sao Paulo,SP,2017-11-24
8079,Customer #8079,Belo Horizonte,MG,2017-02-15
8080,Customer #8080,Contagem,MG,2018-05-09
8081,Customer #8081,Catanduva,SP,2018-04-14
8082,Customer #8082,Socorro,SP,2018-08-24
8083,Customer #8083,Itapeva,SP,2017-07-05
8084,Customer #8084,Corinto,MG,2018-02-08
8085,Customer #8085,Santa Ines,MA,2017-12-13
8086,Customer #8086,Aparecida De Goiania,GO,2017-12-05
8087,Customer #8087,Montes Claros,MG,2017-10-01
8088,Customer #8088,Sao Paulo,SP,2018-04-02
8089,Customer #8089,Porto Alegre,RS,2018-03-16
8090,Customer #8090,Goianesia,GO,2018-05-18
8091,Customer #8091,Rio De Janeiro,RJ,2017-04-20
8092,Customer #8092,Bento Goncalves,RS,2018-05-03
8093,Customer #8093,Sao Gabriel,RS,2017-04-03
8094,Customer #8094,Japira,PR,2017-02-14
8095,Customer #8095,Natal,RN,2017-08-09
8096,Customer #8096,Guaratingueta,SP,2017-08-23
8097,Customer #8097,Sao Paulo,SP,2017-11-12
8098,Customer #8098,Porto Ferreira,SP,2017-09-11
8099,Customer #8099,Belo Horizonte,MG,2017-03-14
8100,Customer #8100,Itupeva,SP,2017-10-28
8101,Customer #8101,Guarulhos,SP,2018-03-22
8102,Customer #8102,Goiania,GO,2018-05-27
8103,Customer #8103,Ijui,RS,2018-08-01
8104,Customer #8104,Coxim,MS,2018-01-03
8105,Customer #8105,Sao Paulo,SP,2018-04-07
8106,Customer #8106,Tatui,SP,2018-01-10
8107,Customer #8107,Porto Alegre,RS,2018-01-23
8108,Customer #8108,Suzano,SP,2018-06-09
8109,Customer #8109,Redencao Do Gurgueia,PI,2018-05-16
8110,Customer #8110,Brasilia,DF,2018-07-11
8111,Customer #8111,Santos,SP,2017-12-24
8112,Customer #8112,Itanhomi,MG,2017-10-01
8113,Customer #8113,Cajamar,SP,2017-10-25
8114,Customer #8114,Sao Paulo,SP,2017-02-02
8115,Customer #8115,Belo Horizonte,MG,2017-10-10
8116,Customer #8116,Amparo,SP,2017-02-25
8117,Customer #8117,Santo Andre,SP,2017-12-07
8118,Customer #8118,Rio De Janeiro,RJ,2018-08-18
8119,Customer #8119,Rio De Janeiro,RJ,2018-01-22
8120,Customer #8120,Gouveia,MG,2017-10-27
8121,Customer #8121,Niteroi,RJ,2017-11-28
8122,Customer #8122,Pouso Novo,RS,2017-06-14
8123,Customer #8123,Sao Paulo,SP,2017-04-12
8124,Customer #8124,Salvador,BA,2017-05-16
8125,Customer #8125,Sao Paulo,SP,2018-08-01
8126,Customer #8126,Nova Veneza,GO,2017-12-27
8127,Customer #8127,Cambira,PR,2018-01-05
8128,Customer #8128,Quirinopolis,GO,2018-04-06
8129,Customer #8129,Fortaleza,CE,2018-08-13
8130,Customer #8130,Sao Jose Dos Campos,SP,2018-03-22
8131,Customer #8131,Sao Paulo,SP,2018-06-17
8132,Customer #8132,Belo Horizonte,MG,2018-07-04
8133,Customer #8133,Sao Paulo,SP,2017-01-25
8134,Customer #8134,Fortaleza,CE,2018-05-10
8135,Customer #8135,Pindamonhangaba,SP,2017-11-18
8136,Customer #8136,Santos,SP,2017-11-23
8137,Customer #8137,Presidente Alves,SP,2018-03-26
8138,Customer #8138,Sao Paulo,SP,2018-02-18
8139,Customer #8139,Nova Iguacu,RJ,2018-06-04
8140,Customer #8140,Sao Paulo,SP,2018-05-03
8141,Customer #8141,Sao Goncalo,RJ,2018-06-16
8142,Customer #8142,Rio De Janeiro,RJ,2018-05-09
8143,Customer #8143,Sumare,SP,2018-01-20
8144,Customer #8144,Valenca,BA,2017-04-04
8145,Customer #8145,Paraibuna,SP,2017-09-25
8146,Customer #8146,Petropolis,RJ,2018-05-10
8147,Customer #8147,Brasilia,DF,2018-04-28
8148,Customer #8148,Goiania,GO,2018-06-26
8149,Customer #8149,Jatai,GO,2017-05-12
8150,Customer #8150,Osasco,SP,2018-03-10
8151,Customer #8151,Itapira,SP,2017-06-23
8152,Customer #8152,Tapejara,RS,2017-07-03
8153,Customer #8153,Pitanga,PR,2018-02-14
8154,Customer #8154,Sao Paulo,SP,2018-08-14
8155,Customer #8155,Salesopolis,SP,2018-02-16
8156,Customer #8156,Niteroi,RJ,2018-01-24
8157,Customer #8157,Campinas,SP,2018-06-23
8158,Customer #8158,Sao Roque,SP,2018-07-22
8159,Customer #8159,Blumenau,SC,2018-03-03
8160,Customer #8160,Belo Horizonte,MG,2018-03-18
8161,Customer #8161,Rio De Janeiro,RJ,2017-11-26
8162,Customer #8162,Palmas,TO,2018-04-02
8163,Customer #8163,Caxambu,MG,2018-08-01
8164,Customer #8164,Atibaia,SP,2018-05-12
8165,Customer #8165,Brasilia,DF,2017-10-10
8166,Customer #8166,Sao Goncalo,RJ,2017-07-04
8167,Customer #8167,Manaus,AM,2017-09-20
8168,Customer #8168,Sao Caetano Do Sul,SP,2017-08-29
8169,Customer #8169,Sao Paulo,SP,2017-11-23
8170,Customer #8170,Sao Paulo,SP,2018-05-06
8171,Customer #8171,Brusque,SC,2018-07-24
8172,Customer #8172,Sao Paulo,SP,2017-06-16
8173,Customer #8173,Porto Alegre,RS,2017-10-03
8174,Customer #8174,Franca,SP,2018-02-22
8175,Customer #8175,Nova Iguacu,RJ,2018-06-21
8176,Customer #8176,Ourinhos,SP,2017-10-19
8177,Customer #8177,Curitiba,PR,2018-07-28
8178,Customer #8178,Campestre Do Maranhao,MA,2017-03-16
8179,Customer #8179,Curitiba,PR,2017-09-27
8180,Customer #8180,Sao Bernardo Do Campo,SP,2018-03-26
8181,Customer #8181,Sao Joao De Meriti,RJ,2018-03-12
8182,Customer #8182,Sao Paulo,SP,2018-03-03
8183,Customer #8183,Rio De Janeiro,RJ,2018-03-26
8184,Customer #8184,Guaira,SP,2018-02-25
8185,Customer #8185,Pouso Alegre,MG,2018-07-22
8186,Customer #8186,Dois Irmaos,RS,2018-02-28
8187,Customer #8187,Guanambi,BA,2018-07-03
8188,Customer #8188,Rio De Janeiro,RJ,2017-10-06
8189,Customer #8189,Taboao Da Serra,SP,2017-06-01
8190,Customer #8190,Castelo,ES,2017-07-24
8191,Customer #8191,Contagem,MG,2018-03-22
8192,Customer #8192,Belo Horizonte,MG,2018-04-16
8193,Customer #8193,Niteroi,RJ,2018-04-17
8194,Customer #8194,Cuiaba,MT,2017-02-27
8195,Customer #8195,Rio De Janeiro,RJ,2017-11-25
8196,Customer #8196,Jaguariuna,SP,2018-05-30
8197,Customer #8197,Sao Paulo,SP,2018-07-17
8198,Customer #8198,Atibaia,SP,2017-04-18
8199,Customer #8199,Unai,MG,2018-02-04
8200,Customer #8200,Goiania,GO,2018-08-12
8201,Customer #8201,Rio De Janeiro,RJ,2018-08-07
8202,Customer #8202,Cotia,SP,2017-03-17
8203,Customer #8203,Sao Paulo,SP,2017-09-20
8204,Customer #8204,Juiz De Fora,MG,2018-03-11
8205,Customer #8205,Rio De Janeiro,RJ,2017-11-15
8206,Customer #8206,Sao Paulo,SP,2017-12-05
8207,Customer #8207,Lagarto,SE,2017-08-15
8208,Customer #8208,Sao Paulo,SP,2017-12-29
8209,Customer #8209,Rio De Janeiro,RJ,2018-04-23
8210,Customer #8210,Rio Do Sul,SC,2018-04-18
8211,Customer #8211,Petrolina,PE,2018-07-26
8212,Customer #8212,Aracaju,SE,2018-07-30
8213,Customer #8213,Sao Paulo,SP,2018-03-12
8214,Customer #8214,Santo Andre,SP,2018-06-23
8215,Customer #8215,Santana De Parnaiba,SP,2018-02-12
8216,Customer #8216,Santo Andre,SP,2018-08-06
8217,Customer #8217,Padre Paraiso,MG,2017-08-16
8218,Customer #8218,Capelinha,MG,2018-01-10
8219,Customer #8219,Barra Bonita,SP,2017-08-29
8220,Customer #8220,Conselheiro Lafaiete,MG,2018-04-11
8221,Customer #8221,Brasilia,DF,2017-09-04
8222,Customer #8222,Uberaba,MG,2018-06-27
8223,Customer #8223,Blumenau,SC,2017-09-10
8224,Customer #8224,Pirassununga,SP,2017-05-16
8225,Customer #8225,Matinhos,PR,2018-06-24
8226,Customer #8226,Sao Paulo,SP,2017-02-27
8227,Customer #8227,Itapecerica Da Serra,SP,2017-10-28
8228,Customer #8228,Paulinia,SP,2018-08-21
8229,Customer #8229,Cordeiro,RJ,2017-03-13
8230,Customer #8230,Goiania,GO,2017-06-28
8231,Customer #8231,Santiago,RS,2018-03-25
8232,Customer #8232,Sao Paulo,SP,2018-01-26
8233,Customer #8233,Rio De Janeiro,RJ,2018-05-30
8234,Customer #8234,Indaiatuba,SP,2017-11-11
8235,Customer #8235,Birigui,SP,2018-07-21
8236,Customer #8236,Ouro Preto,MG,2018-05-02
8237,Customer #8237,Santana De Parnaiba,SP,2018-03-20
8238,Customer #8238,Belo Horizonte,MG,2018-01-14
8239,Customer #8239,Vila Velha,ES,2018-01-30
8240,Customer #8240,Sao Jose Do Norte,RS,2018-04-18
8241,Customer #8241,Santa Rosa De Viterbo,SP,2018-07-18
8242,Customer #8242,Bauru,SP,2017-03-04
8243,Customer #8243,Rio Claro,SP,2018-07-07
8244,Customer #8244,Sao Paulo,SP,2018-05-09
8245,Customer #8245,Pariquera-Acu,SP,2017-10-23
8246,Customer #8246,Brasilia,DF,2018-05-14
8247,Customer #8247,Barao De Cotegipe,RS,2017-07-05
8248,Customer #8248,Sao Paulo,SP,2018-07-25
8249,Customer #8249,Belem,PA,2017-12-28
8250,Customer #8250,Salvador,BA,2018-02-20
8251,Customer #8251,Rio De Janeiro,RJ,2018-01-24
8252,Customer #8252,Imperatriz,MA,2018-01-07
8253,Customer #8253,Porto Alegre,RS,2017-11-30
8254,Customer #8254,Lavras,MG,2017-12-02
8255,Customer #8255,Agronomica,SC,2018-01-10
8256,Customer #8256,Rio De Janeiro,RJ,2017-12-03
8257,Customer #8257,Sao Paulo,SP,2017-12-21
8258,Customer #8258,Rolandia,PR,2017-06-27
8259,Customer #8259,Sao Luis,MA,2018-02-17
8260,Customer #8260,Recife,PE,2017-08-08
8261,Customer #8261,Niteroi,RJ,2018-07-20
8262,Customer #8262,Pirai,RJ,2017-07-14
8263,Customer #8263,Franca,SP,2018-05-13
8264,Customer #8264,Candido Mota,SP,2018-06-06
8265,Customer #8265,Ribeirao Preto,SP,2018-06-03
8266,Customer #8266,Araras,SP,2018-04-05
8267,Customer #8267,Santo Antonio Do Monte,MG,2017-11-24
8268,Customer #8268,Joinville,SC,2017-05-15
8269,Customer #8269,Araguari,MG,2018-03-08
8270,Customer #8270,Rio De Janeiro,RJ,2018-05-29
8271,Customer #8271,Sao Paulo,SP,2018-03-09
8272,Customer #8272,Maua,SP,2017-12-03
8273,Customer #8273,Sao Paulo,SP,2017-10-26
8274,Customer #8274,Brasilia,DF,2017-12-01
8275,Customer #8275,Santo Andre,SP,2018-08-23
8276,Customer #8276,Sao Paulo,SP,2018-02-07
8277,Customer #8277,Jundiai,SP,2017-09-22
8278,Customer #8278,Santa Barbara D'Oeste,SP,2017-11-01
8279,Customer #8279,Santo Andre,SP,2018-05-12
8280,Customer #8280,Sao Paulo,SP,2018-03-29
8281,Customer #8281,Belo Horizonte,MG,2018-03-21
8282,Customer #8282,Vitoria,ES,2017-10-10
8283,Customer #8283,Fortaleza,CE,2017-12-04
8284,Customer #8284,Aracaju,SE,2018-04-12
8285,Customer #8285,Belem,PA,2018-05-18
8286,Customer #8286,Niteroi,RJ,2017-07-19
8287,Customer #8287,Paulista,PE,2018-01-22
8288,Customer #8288,Natividade,RJ,2017-10-30
8289,Customer #8289,Sao Roque,SP,2017-03-03
8290,Customer #8290,Sao Paulo,SP,2017-10-17
8291,Customer #8291,Cuiaba,MT,2018-08-20
8292,Customer #8292,Sarzedo,MG,2017-09-11
8293,Customer #8293,Salvador,BA,2017-08-25
8294,Customer #8294,Sao Paulo,SP,2017-04-26
8295,Customer #8295,Sao Paulo,SP,2018-01-11
8296,Customer #8296,Cravinhos,SP,2017-11-24
8297,Customer #8297,Santa Rosa Do Sul,SC,2018-03-10
8298,Customer #8298,Ilhota,SC,2018-01-26
8299,Customer #8299,Ourinhos,SP,2017-02-09
8300,Customer #8300,Joao Ramalho,SP,2018-04-15
8301,Customer #8301,Sao Paulo,SP,2018-01-03
8302,Customer #8302,Itaquaquecetuba,SP,2018-01-11
8303,Customer #8303,Santa Cruz Do Sul,RS,2018-03-04
8304,Customer #8304,Seropedica,RJ,2018-05-01
8305,Customer #8305,Mirandopolis,SP,2018-05-28
8306,Customer #8306,Sao Paulo,SP,2017-11-30
8307,Customer #8307,Campinas,SP,2018-08-06
8308,Customer #8308,Recife,PE,2017-09-15
8309,Customer #8309,Rio De Janeiro,RJ,2018-02-21
8310,Customer #8310,Guarulhos,SP,2017-07-06
8311,Customer #8311,Araras,SP,2017-10-30
8312,Customer #8312,Sao Paulo,SP,2017-03-16
8313,Customer #8313,Piraju,SP,2017-06-02
8314,Customer #8314,Belem,PA,2018-05-25
8315,Customer #8315,Barbacena,MG,2018-01-31
8316,Customer #8316,Blumenau,SC,2018-04-24
8317,Customer #8317,Pinhais,PR,2017-09-05
8318,Customer #8318,Franco Da Rocha,SP,2017-06-29
8319,Customer #8319,Raul Soares,MG,2017-06-11
8320,Customer #8320,Vila Muriqui,RJ,2018-06-19
8321,Customer #8321,Joinville,SC,2018-03-18
8322,Customer #8322,Rio De Janeiro,RJ,2018-07-25
8323,Customer #8323,Sao Paulo,SP,2017-09-05
8324,Customer #8324,Fortaleza,CE,2017-08-10
8325,Customer #8325,Belo Horizonte,MG,2017-10-19
8326,Customer #8326,Santana De Parnaiba,SP,2017-10-16
8327,Customer #8327,Belo Horizonte,MG,2017-11-21
8328,Customer #8328,Belo Horizonte,MG,2018-06-07
8329,Customer #8329,Vitoria Da Conquista,BA,2018-01-14
8330,Customer #8330,Holambra,SP,2018-08-05
8331,Customer #8331,Guarani Das Missoes,RS,2017-04-22
8332,Customer #8332,Volta Redonda,RJ,2018-04-21
8333,Customer #8333,Rio De Janeiro,RJ,2017-12-04
8334,Customer #8334,Calmon,SC,2018-01-29
8335,Customer #8335,Conselheiro Lafaiete,MG,2017-12-12
8336,Customer #8336,Florianopolis,SC,2017-08-15
8337,Customer #8337,Rio De Janeiro,RJ,2018-03-09
8338,Customer #8338,Manaus,AM,2018-05-08
8339,Customer #8339,Sao Paulo,SP,2018-04-20
8340,Customer #8340,Vinhedo,SP,2017-11-13
8341,Customer #8341,Niteroi,RJ,2018-03-23
8342,Customer #8342,Cacador,SC,2018-05-21
8343,Customer #8343,Barueri,SP,2018-08-20
8344,Customer #8344,Ribeirao Preto,SP,2017-11-18
8345,Customer #8345,Caruaru,PE,2018-03-04
8346,Customer #8346,Contagem,MG,2017-02-24
8347,Customer #8347,Guarulhos,SP,2017-06-30
8348,Customer #8348,Conceicao Das Alagoas,MG,2018-01-16
8349,Customer #8349,Rio De Janeiro,RJ,2017-08-04
8350,Customer #8350,Salvador,BA,2018-03-19
8351,Customer #8351,Santo Andre,SP,2018-06-08
8352,Customer #8352,Belo Horizonte,MG,2018-07-19
8353,Customer #8353,Sao Paulo,SP,2018-04-27
8354,Customer #8354,Cachoeira Do Campo,MG,2017-04-05
8355,Customer #8355,Sao Paulo,SP,2017-07-14
8356,Customer #8356,Brasilia,DF,2017-07-08
8357,Customer #8357,Sao Joao Batista,SC,2017-09-04
8358,Customer #8358,Sao Paulo,SP,2018-03-07
8359,Customer #8359,Delfinopolis,MG,2018-02-01
8360,Customer #8360,Sao Paulo,SP,2017-06-01
8361,Customer #8361,Palhoca,SC,2017-11-26
8362,Customer #8362,Sao Paulo,SP,2018-07-21
8363,Customer #8363,Guarulhos,SP,2018-06-26
8364,Customer #8364,Sete De Setembro,RS,2017-01-20
8365,Customer #8365,Fortaleza,CE,2018-03-19
8366,Customer #8366,Santana De Parnaiba,SP,2017-11-24
8367,Customer #8367,Parnamirim,RN,2018-01-02
8368,Customer #8368,Osasco,SP,2017-10-19
8369,Customer #8369,Bom Jesus Da Lapa,BA,2017-08-28
8370,Customer #8370,Barbacena,MG,2018-05-10
8371,Customer #8371,Ponta Grossa,PR,2018-08-13
8372,Customer #8372,Ribeirao Preto,SP,2017-01-29
8373,Customer #8373,Feira De Santana,BA,2017-06-06
8374,Customer #8374,Sao Paulo,SP,2017-11-26
8375,Customer #8375,Duque De Caxias,RJ,2018-03-07
8376,Customer #8376,Braganca,PA,2017-03-14
8377,Customer #8377,Nova Iguacu,RJ,2017-10-16
8378,Customer #8378,Sao Paulo,SP,2018-04-28
8379,Customer #8379,Valinhos,SP,2017-08-03
8380,Customer #8380,Fortaleza,CE,2017-11-23
8381,Customer #8381,Sao Paulo,SP,2018-06-21
8382,Customer #8382,Itaocara,RJ,2018-03-05
8383,Customer #8383,Sao Goncalo,RJ,2017-05-01
8384,Customer #8384,Guarapuava,PR,2018-01-08
8385,Customer #8385,Sao Paulo,SP,2017-08-20
8386,Customer #8386,Sao Paulo,SP,2017-06-30
8387,Customer #8387,Brasilia,DF,2017-05-18
8388,Customer #8388,Rio De Janeiro,RJ,2017-07-13
8389,Customer #8389,Nova Friburgo,RJ,2017-03-13
8390,Customer #8390,Sao Paulo,SP,2017-10-03
8391,Customer #8391,Santos,SP,2018-06-15
8392,Customer #8392,Sao Paulo,SP,2018-04-23
8393,Customer #8393,Rio De Janeiro,RJ,2017-10-15
8394,Customer #8394,Sao Sebastiao Do Paraiso,MG,2017-08-11
8395,Customer #8395,Indaiatuba,SP,2017-04-10
8396,Customer #8396,Nova Iguacu,RJ,2017-07-12
8397,Customer #8397,Caieiras,SP,2018-04-14
8398,Customer #8398,Campos Do Jordao,SP,2017-02-07
8399,Customer #8399,Santo Andre,SP,2017-07-19
8400,Customer #8400,Sao Paulo,SP,2017-12-17
8401,Customer #8401,Quissama,RJ,2018-08-19
8402,Customer #8402,Belo Horizonte,MG,2018-07-02
8403,Customer #8403,Pelotas,RS,2017-04-13
8404,Customer #8404,Maracanau,CE,2018-04-21
8405,Customer #8405,Guarulhos,SP,2018-01-13
8406,Customer #8406,Sao Paulo,SP,2018-08-16
8407,Customer #8407,Barbacena,MG,2017-10-11
8408,Customer #8408,Santos,SP,2017-10-15
8409,Customer #8409,Rio De Janeiro,RJ,2018-01-16
8410,Customer #8410,Santos,SP,2018-03-28
8411,Customer #8411,Divinopolis,MG,2017-05-10
8412,Customer #8412,Jaiba,MG,2018-01-13
8413,Customer #8413,Itu,SP,2018-07-26
8414,Customer #8414,Pinhais,PR,2018-01-18
8415,Customer #8415,Curitiba,PR,2018-03-02
8416,Customer #8416,Sao Paulo,SP,2018-01-23
8417,Customer #8417,Santa Isabel Do Para,PA,2018-01-30
8418,Customer #8418,Curitiba,PR,2018-04-13
8419,Customer #8419,Sao Paulo,SP,2017-07-01
8420,Customer #8420,Monte Alegre Do Sul,SP,2018-08-13
8421,Customer #8421,Sao Paulo,SP,2017-06-25
8422,Customer #8422,Chapeco,SC,2017-11-06
8423,Customer #8423,Terezinha,PE,2017-11-25
8424,Customer #8424,Belo Horizonte,MG,2018-07-11
8425,Customer #8425,Indaiatuba,SP,2018-06-04
8426,Customer #8426,Sao Paulo,SP,2018-03-10
8427,Customer #8427,Pindamonhangaba,SP,2018-01-07
8428,Customer #8428,Altamira,PA,2017-03-23
8429,Customer #8429,Mococa,SP,2018-06-05
8430,Customer #8430,Camacari,BA,2018-02-20
8431,Customer #8431,Aracuai,MG,2017-07-25
8432,Customer #8432,Piracanjuba,GO,2017-05-05
8433,Customer #8433,Sao Caetano Do Sul,SP,2017-11-26
8434,Customer #8434,Guarulhos,SP,2018-07-03
8435,Customer #8435,Birigui,SP,2018-07-25
8436,Customer #8436,Duque De Caxias,RJ,2018-03-15
8437,Customer #8437,Rio De Janeiro,RJ,2017-09-09
8438,Customer #8438,Guarulhos,SP,2018-08-22
8439,Customer #8439,Maringa,PR,2017-10-23
8440,Customer #8440,Conceicao Do Rio Verde,MG,2018-08-13
8441,Customer #8441,Paracatu,MG,2017-07-22
8442,Customer #8442,Teresina,PI,2018-07-26
8443,Customer #8443,Sao Paulo,SP,2018-06-18
8444,Customer #8444,Sao Paulo,SP,2017-10-22
8445,Customer #8445,Cotia,SP,2017-11-10
8446,Customer #8446,Cacapava,SP,2018-07-17
8447,Customer #8447,Chapada,RS,2018-03-10
8448,Customer #8448,Rio De Janeiro,RJ,2017-04-30
8449,Customer #8449,Uberlandia,MG,2018-07-11
8450,Customer #8450,Sao Paulo,SP,2018-07-01
8451,Customer #8451,Imperatriz,MA,2017-04-30
8452,Customer #8452,Sertania,PE,2018-07-06
8453,Customer #8453,Belo Horizonte,MG,2018-05-23
8454,Customer #8454,Jacupiranga,SP,2017-05-16
8455,Customer #8455,Sao Jose Do Rio Pardo,SP,2018-03-21
8456,Customer #8456,Curitiba,PR,2018-02-03
8457,Customer #8457,Sao Caetano Do Sul,SP,2018-04-02
8458,Customer #8458,Belo Horizonte,MG,2017-05-12
8459,Customer #8459,Arapoti,PR,2017-08-16
8460,Customer #8460,Governador Valadares,MG,2018-01-14
8461,Customer #8461,Brasilia,DF,2018-05-08
8462,Customer #8462,Sao Paulo,SP,2017-03-05
8463,Customer #8463,Sao Paulo,SP,2018-02-08
8464,Customer #8464,Paraibuna,SP,2018-04-19
8465,Customer #8465,Sao Joao Del Rei,MG,2018-04-16
8466,Customer #8466,Ibiuna,SP,2018-03-07
8467,Customer #8467,Rio Das Ostras,RJ,2017-12-14
8468,Customer #8468,Vargem Grande Paulista,SP,2017-10-13
8469,Customer #8469,Maua,SP,2018-08-17
8470,Customer #8470,Sao Paulo,SP,2018-07-23
8471,Customer #8471,Recife,PE,2018-01-25
8472,Customer #8472,Sao Paulo,SP,2018-02-01
8473,Customer #8473,Pato Branco,PR,2017-11-24
8474,Customer #8474,Belo Horizonte,MG,2017-04-17
8475,Customer #8475,Rio De Janeiro,RJ,2017-04-10
8476,Customer #8476,Cacu,GO,2018-03-07
8477,Customer #8477,Fernandopolis,SP,2018-08-22
8478,Customer #8478,Altamira,PA,2018-05-20
8479,Customer #8479,Sao Paulo,SP,2017-09-19
8480,Customer #8480,Ponta Pora,MS,2017-11-17
8481,Customer #8481,Lupercio,SP,2017-09-02
8482,Customer #8482,Socorro,SP,2018-07-09
8483,Customer #8483,Campinas,SP,2017-12-09
8484,Customer #8484,Brumadinho,MG,2017-03-14
8485,Customer #8485,Caxias Do Sul,RS,2017-05-11
8486,Customer #8486,Sao Paulo,SP,2017-04-24
8487,Customer #8487,Brasilia,DF,2017-12-18
8488,Customer #8488,Assai,PR,2017-05-14
8489,Customer #8489,Brasilia,DF,2017-04-12
8490,Customer #8490,Serra Dos Aimores,MG,2017-07-08
8491,Customer #8491,Sao Paulo,SP,2018-02-27
8492,Customer #8492,Morro Agudo,SP,2017-10-10
8493,Customer #8493,Imbituba,SC,2018-01-29
8494,Customer #8494,Pocos De Caldas,MG,2018-05-14
8495,Customer #8495,Araguaina,TO,2018-02-21
8496,Customer #8496,Aribice,BA,2017-11-21
8497,Customer #8497,Serra Negra,SP,2017-08-22
8498,Customer #8498,Mangueirinha,PR,2017-07-18
8499,Customer #8499,Sao Luis,MA,2018-03-21
8500,Customer #8500,Jaragua Do Sul,SC,2017-08-26
8501,Customer #8501,Sao Jose Do Rio Preto,SP,2017-12-05
8502,Customer #8502,Pirassununga,SP,2018-06-26
8503,Customer #8503,Recife,PE,2017-10-10
8504,Customer #8504,Tres Pontas,MG,2017-10-02
8505,Customer #8505,Sao Paulo,SP,2017-06-13
8506,Customer #8506,Dracena,SP,2017-07-21
8507,Customer #8507,Mogi Das Cruzes,SP,2018-03-19
8508,Customer #8508,Sao Paulo,SP,2018-01-08
8509,Customer #8509,Camaragibe,PE,2018-07-21
8510,Customer #8510,Rio De Janeiro,RJ,2017-09-15
8511,Customer #8511,Olhos D'Agua,MG,2018-01-08
8512,Customer #8512,Barao De Cocais,MG,2017-09-06
8513,Customer #8513,Belo Horizonte,MG,2018-03-11
8514,Customer #8514,Sao Paulo,SP,2018-03-18
8515,Customer #8515,Sao Paulo,SP,2018-02-26
8516,Customer #8516,Campo Ere,SC,2018-02-15
8517,Customer #8517,Guarulhos,SP,2017-10-01
8518,Customer #8518,Foz Do Iguacu,PR,2018-02-15
8519,Customer #8519,Borrazopolis,PR,2018-08-16
8520,Customer #8520,Sao Paulo,SP,2017-11-02
8521,Customer #8521,Sao Paulo,SP,2018-03-14
8522,Customer #8522,Curitiba,PR,2018-04-16
8523,Customer #8523,Jundiai,SP,2017-11-11
8524,Customer #8524,Sao Paulo,SP,2018-05-09
8525,Customer #8525,Sao Paulo,SP,2017-12-30
8526,Customer #8526,Sao Caetano Do Sul,SP,2017-10-11
8527,Customer #8527,Rio De Janeiro,RJ,2018-08-04
8528,Customer #8528,Maringa,PR,2018-07-19
8529,Customer #8529,Leme,SP,2017-12-17
8530,Customer #8530,Ipojuca,PE,2018-05-10
8531,Customer #8531,Hortolandia,SP,2017-11-28
8532,Customer #8532,Rio De Janeiro,RJ,2018-01-13
8533,Customer #8533,Porteirinha,MG,2017-12-06
8534,Customer #8534,Bento Goncalves,RS,2018-05-11
8535,Customer #8535,Amparo,SP,2018-07-28
8536,Customer #8536,Taubate,SP,2018-06-18
8537,Customer #8537,Guarulhos,SP,2018-03-18
8538,Customer #8538,Ribeirao Pires,SP,2017-05-15
8539,Customer #8539,Andradas,MG,2018-08-03
8540,Customer #8540,Sao Paulo,SP,2018-01-08
8541,Customer #8541,Tres Cachoeiras,RS,2017-09-01
8542,Customer #8542,Planalto,SP,2017-03-25
8543,Customer #8543,Brasilia,DF,2017-11-24
8544,Customer #8544,Joinville,SC,2017-11-13
8545,Customer #8545,Itaperuna,RJ,2018-08-04
8546,Customer #8546,Goiania,GO,2017-04-29
8547,Customer #8547,Rio Do Sul,SC,2017-05-28
8548,Customer #8548,Aparecida De Goiania,GO,2018-08-20
8549,Customer #8549,Sao Paulo,SP,2018-02-01
8550,Customer #8550,Sao Paulo,SP,2017-06-30
8551,Customer #8551,Piracicaba,SP,2018-02-06
8552,Customer #8552,Ibiuna,SP,2018-03-15
8553,Customer #8553,Rio De Janeiro,RJ,2017-08-30
8554,Customer #8554,Anapolis,GO,2018-04-21
8555,Customer #8555,Bauru,SP,2018-08-06
8556,Customer #8556,Santa Barbara,MG,2018-03-01
8557,Customer #8557,Franco Da Rocha,SP,2017-09-01
8558,Customer #8558,Brasilia,DF,2018-08-23
8559,Customer #8559,Taboao Da Serra,SP,2018-06-13
8560,Customer #8560,Sao Paulo,SP,2017-11-06
8561,Customer #8561,Duque De Caxias,RJ,2018-01-17
8562,Customer #8562,Porto Feliz,SP,2017-11-25
8563,Customer #8563,Macae,RJ,2018-06-07
8564,Customer #8564,Ipatinga,MG,2018-07-04
8565,Customer #8565,Miracema,RJ,2018-04-25
8566,Customer #8566,Boqueirao Do Leao,RS,2018-02-28
8567,Customer #8567,Rio De Janeiro,RJ,2018-04-21
8568,Customer #8568,Sao Paulo,SP,2018-05-16
8569,Customer #8569,Fortaleza,CE,2018-03-30
8570,Customer #8570,Belo Horizonte,MG,2017-06-08
8571,Customer #8571,Bom Jesus,PI,2018-05-06
8572,Customer #8572,Xanxere,SC,2018-08-17
8573,Customer #8573,Sao Paulo,SP,2018-01-20
8574,Customer #8574,Itaquaquecetuba,SP,2018-06-07
8575,Customer #8575,Sao Luis,MA,2017-08-28
8576,Customer #8576,Petrolina,PE,2017-10-20
8577,Customer #8577,Porto Alegre,RS,2018-08-05
8578,Customer #8578,Diadema,SP,2017-05-23
8579,Customer #8579,Madre De Deus De Minas,MG,2017-11-24
8580,Customer #8580,Sao Paulo,SP,2018-04-21
8581,Customer #8581,Viamao,RS,2018-06-05
8582,Customer #8582,Teutonia,RS,2018-07-23
8583,Customer #8583,Curitiba,PR,2018-08-15
8584,Customer #8584,Sao Paulo,SP,2017-11-28
8585,Customer #8585,Ruy Barbosa,BA,2017-06-16
8586,Customer #8586,Porto Alegre,RS,2018-03-31
8587,Customer #8587,Presidente Prudente,SP,2017-09-29
8588,Customer #8588,Curitiba,PR,2017-11-27
8589,Customer #8589,Sao Goncalo Do Amarante,CE,2017-09-16
8590,Customer #8590,Joao Pessoa,PB,2018-02-07
8591,Customer #8591,Anita Garibaldi,SC,2017-11-04
8592,Customer #8592,Niteroi,RJ,2017-12-09
8593,Customer #8593,Sao Bento Do Sul,SC,2018-02-08
8594,Customer #8594,Sorocaba,SP,2018-04-06
8595,Customer #8595,Rio Brilhante,MS,2018-05-14
8596,Customer #8596,Salvador,BA,2018-02-03
8597,Customer #8597,Sao Paulo,SP,2017-04-21
8598,Customer #8598,Rio De Janeiro,RJ,2018-05-18
8599,Customer #8599,Sao Paulo,SP,2017-10-02
8600,Customer #8600,Sao Paulo,SP,2018-07-10
8601,Customer #8601,Nova Londrina,PR,2018-08-17
8602,Customer #8602,Recife,PE,2018-01-05
8603,Customer #8603,Bonfim Paulista,SP,2018-06-02
8604,Customer #8604,Dias D'Avila,BA,2017-09-30
8605,Customer #8605,Videira,SC,2018-01-07
8606,Customer #8606,Londrina,PR,2018-06-29
8607,Customer #8607,Sao Paulo,SP,2018-01-16
8608,Customer #8608,Santa Maria Do Suacui,MG,2018-02-22
8609,Customer #8609,Ibate,SP,2018-01-11
8610,Customer #8610,Caratinga,MG,2018-03-12
8611,Customer #8611,Toledo,PR,2017-12-27
8612,Customer #8612,Sao Goncalo,RJ,2017-02-04
8613,Customer #8613,Maceio,AL,2018-01-25
8614,Customer #8614,Brasilia,DF,2017-02-10
8615,Customer #8615,Sao Paulo,SP,2017-03-15
8616,Customer #8616,Sao Jose Dos Campos,SP,2018-05-07
8617,Customer #8617,Barbacena,MG,2018-04-30
8618,Customer #8618,Brasilia,DF,2017-04-10
8619,Customer #8619,Sao Paulo,SP,2018-03-21
8620,Customer #8620,Sao Paulo,SP,2017-11-22
8621,Customer #8621,Anapolis,GO,2017-02-03
8622,Customer #8622,Bage,RS,2018-08-02
8623,Customer #8623,Brasilia,DF,2018-03-27
8624,Customer #8624,Sao Carlos,SP,2018-01-08
8625,Customer #8625,Sao Jose Dos Campos,SP,2017-04-05
8626,Customer #8626,Getulina,SP,2017-07-14
8627,Customer #8627,Sao Paulo,SP,2018-01-24
8628,Customer #8628,Salvador,BA,2018-03-20
8629,Customer #8629,Recife,PE,2018-05-19
8630,Customer #8630,Indaiatuba,SP,2018-05-24
8631,Customer #8631,Rio Verde,GO,2018-06-22
8632,Customer #8632,Alem Paraiba,MG,2018-07-16
8633,Customer #8633,Teixeira De Freitas,BA,2017-12-04
8634,Customer #8634,Rio Das Ostras,RJ,2017-11-20
8635,Customer #8635,Sao Paulo,SP,2018-07-23
8636,Customer #8636,Mirassol,SP,2018-02-02
8637,Customer #8637,Sao Paulo,SP,2017-07-26
8638,Customer #8638,Florianopolis,SC,2017-11-25
8639,Customer #8639,Januaria,MG,2017-06-23
8640,Customer #8640,Belford Roxo,RJ,2018-07-20
8641,Customer #8641,Novo Hamburgo,RS,2017-10-16
8642,Customer #8642,Chapeco,SC,2017-06-16
8643,Customer #8643,Piuma,ES,2018-06-23
8644,Customer #8644,Brasilia,DF,2017-07-08
8645,Customer #8645,Rio De Janeiro,RJ,2017-11-28
8646,Customer #8646,Sao Paulo,SP,2018-08-15
8647,Customer #8647,Sao Paulo,SP,2017-07-16
8648,Customer #8648,Sao Paulo,SP,2017-10-31
8649,Customer #8649,Sao Paulo,SP,2018-02-02
8650,Customer #8650,Valinhos,SP,2017-04-10
8651,Customer #8651,Belem,PA,2017-10-05
8652,Customer #8652,Sao Jose Do Cerrito,SC,2017-07-12
8653,Customer #8653,Ilha Solteira,SP,2018-04-25
8654,Customer #8654,Manaus,AM,2017-04-16
8655,Customer #8655,Tremembe,SP,2018-07-28
8656,Customer #8656,Niquelandia,GO,2018-06-05
8657,Customer #8657,Carapicuiba,SP,2017-06-08
8658,Customer #8658,Embu,SP,2017-06-01
8659,Customer #8659,Rio De Janeiro,RJ,2017-11-09
8660,Customer #8660,Campinas,SP,2018-07-16
8661,Customer #8661,Sao Paulo,SP,2018-02-22
8662,Customer #8662,Varzea Grande,MT,2017-11-22
8663,Customer #8663,Goiania,GO,2018-08-08
8664,Customer #8664,Sorocaba,SP,2018-08-05
8665,Customer #8665,Itauna,MG,2017-08-31
8666,Customer #8666,Rio De Janeiro,RJ,2018-03-13
8667,Customer #8667,Fortaleza,CE,2018-01-07
8668,Customer #8668,Pelotas,RS,2018-08-10
8669,Customer #8669,Belo Horizonte,MG,2018-02-28
8670,Customer #8670,Hortolandia,SP,2018-02-06
8671,Customer #8671,Belo Horizonte,MG,2017-10-04
8672,Customer #8672,Sao Bernardo Do Campo,SP,2017-10-03
8673,Customer #8673,Osasco,SP,2018-05-10
8674,Customer #8674,Belo Horizonte,MG,2018-02-14
8675,Customer #8675,Ribeirao Preto,SP,2018-06-27
8676,Customer #8676,Lagarto,SE,2017-03-08
8677,Customer #8677,Manaus,AM,2018-07-23
8678,Customer #8678,Barueri,SP,2018-06-02
8679,Customer #8679,Ribeirao Preto,SP,2018-06-15
8680,Customer #8680,Rio De Janeiro,RJ,2018-01-10
8681,Customer #8681,Rio De Janeiro,RJ,2017-11-01
8682,Customer #8682,Goiania,GO,2017-09-12
8683,Customer #8683,Nova Iguacu,RJ,2017-07-03
8684,Customer #8684,Porto Alegre,RS,2018-02-28
8685,Customer #8685,Americana,SP,2017-12-12
8686,Customer #8686,Indaiatuba,SP,2017-10-27
8687,Customer #8687,Sao Sebastiao,SP,2017-10-18
8688,Customer #8688,Sao Paulo,SP,2018-07-17
8689,Customer #8689,Santo Andre,SP,2017-08-28
8690,Customer #8690,Recife,PE,2017-07-11
8691,Customer #8691,Sao Paulo,SP,2018-07-23
8692,Customer #8692,Barueri,SP,2018-08-15
8693,Customer #8693,Bauru,SP,2018-02-14
8694,Customer #8694,Itatiba,SP,2018-01-02
8695,Customer #8695,Sao Paulo,SP,2017-03-11
8696,Customer #8696,Sao Bernardo Do Campo,SP,2018-02-11
8697,Customer #8697,Carapicuiba,SP,2018-05-09
8698,Customer #8698,Paulista,PE,2018-05-07
8699,Customer #8699,Rio De Janeiro,RJ,2018-05-12
8700,Customer #8700,Sao Paulo,SP,2018-08-10
8701,Customer #8701,Diadema,SP,2017-09-12
8702,Customer #8702,Camocim,CE,2017-05-22
8703,Customer #8703,Bertioga,SP,2018-04-14
8704,Customer #8704,Sao Paulo,SP,2018-01-21
8705,Customer #8705,Viamao,RS,2018-06-28
8706,Customer #8706,Cruzeiro,SP,2018-04-09
8707,Customer #8707,Quissama,RJ,2018-04-02
8708,Customer #8708,Fernandopolis,SP,2018-05-09
8709,Customer #8709,Rio De Janeiro,RJ,2017-10-15
8710,Customer #8710,Itabira,MG,2018-06-19
8711,Customer #8711,Sao Paulo,SP,2018-07-21
8712,Customer #8712,Indaiatuba,SP,2017-07-25
8713,Customer #8713,Sorocaba,SP,2017-07-21
8714,Customer #8714,Palmeira,SC,2018-03-11
8715,Customer #8715,Canela,RS,2017-09-19
8716,Customer #8716,Sao Paulo,SP,2018-05-01
8717,Customer #8717,Belem,PA,2017-07-26
8718,Customer #8718,Pedra Do Indaia,MG,2018-03-14
8719,Customer #8719,Curitiba,PR,2017-04-22
8720,Customer #8720,Jales,SP,2017-07-16
8721,Customer #8721,Araguari,MG,2018-01-08
8722,Customer #8722,Itapecerica Da Serra,SP,2017-08-07
8723,Customer #8723,Paulistana,PI,2018-03-29
8724,Customer #8724,Curitiba,PR,2018-04-18
8725,Customer #8725,Sao Luis,MA,2018-07-11
8726,Customer #8726,Santa Maria,RS,2018-04-02
8727,Customer #8727,Sao Paulo,SP,2017-12-12
8728,Customer #8728,Cachoeirinha,RS,2017-07-20
8729,Customer #8729,Camacan,BA,2017-11-09
8730,Customer #8730,Ferraz De Vasconcelos,SP,2018-08-21
8731,Customer #8731,Sao Paulo,SP,2018-03-23
8732,Customer #8732,Rio De Janeiro,RJ,2018-05-13
8733,Customer #8733,Rio De Janeiro,RJ,2017-11-28
8734,Customer #8734,Mambore,PR,2017-12-10
8735,Customer #8735,Sao Paulo,SP,2017-03-09
8736,Customer #8736,Sao Paulo,SP,2017-11-26
8737,Customer #8737,Botucatu,SP,2017-10-24
8738,Customer #8738,Rio De Janeiro,RJ,2018-06-14
8739,Customer #8739,Guarapari,ES,2018-07-29
8740,Customer #8740,Belo Horizonte,MG,2018-01-13
8741,Customer #8741,Itapecerica Da Serra,SP,2018-03-22
8742,Customer #8742,Sao Bernardo Do Campo,SP,2018-07-21
8743,Customer #8743,Pederneiras,SP,2017-04-03
8744,Customer #8744,Limeira,SP,2017-07-23
8745,Customer #8745,Vicosa,MG,2018-07-03
8746,Customer #8746,Monte Santo De Minas,MG,2017-02-07
8747,Customer #8747,Sao Paulo,SP,2018-02-09
8748,Customer #8748,Nova Granada,SP,2018-03-27
8749,Customer #8749,Rio De Janeiro,RJ,2018-05-11
8750,Customer #8750,Lencois Paulista,SP,2018-08-22
8751,Customer #8751,Campinas,SP,2018-06-07
8752,Customer #8752,Itaqui,RS,2017-07-07
8753,Customer #8753,Santa Cruz Do Rio Pardo,SP,2017-07-24
8754,Customer #8754,Sao Paulo,SP,2017-05-04
8755,Customer #8755,Belo Horizonte,MG,2018-07-23
8756,Customer #8756,Sao Paulo,SP,2018-07-06
8757,Customer #8757,Sao Borja,RS,2018-01-15
8758,Customer #8758,Araruama,RJ,2017-09-08
8759,Customer #8759,Macae,RJ,2017-02-24
8760,Customer #8760,Sao Paulo,SP,2018-02-22
8761,Customer #8761,Sao Paulo,SP,2018-01-27
8762,Customer #8762,Recife,PE,2017-03-20
8763,Customer #8763,Goias,GO,2018-05-15
8764,Customer #8764,Curitiba,PR,2018-04-28
8765,Customer #8765,Sao Vicente,SP,2018-06-21
8766,Customer #8766,Brasilia,DF,2017-07-20
8767,Customer #8767,Divinopolis,MG,2017-11-24
8768,Customer #8768,Sao Caetano Do Sul,SP,2018-05-17
8769,Customer #8769,Sao Paulo,SP,2017-11-07
8770,Customer #8770,Lajeado,RS,2018-07-30
8771,Customer #8771,Barueri,SP,2017-07-19
8772,Customer #8772,Campos Dos Goytacazes,RJ,2018-03-12
8773,Customer #8773,Sao Paulo,SP,2017-09-01
8774,Customer #8774,Porto Alegre,RS,2017-11-30
8775,Customer #8775,Sao Paulo,SP,2018-04-01
8776,Customer #8776,Sao Paulo,SP,2018-07-03
8777,Customer #8777,Belo Horizonte,MG,2018-02-27
8778,Customer #8778,Volta Redonda,RJ,2018-06-28
8779,Customer #8779,Cordeiro,RJ,2017-11-17
8780,Customer #8780,Barueri,SP,2018-03-23
8781,Customer #8781,Araras,SP,2018-05-04
8782,Customer #8782,Itaquaquecetuba,SP,2018-03-02
8783,Customer #8783,Sao Paulo,SP,2017-03-12
8784,Customer #8784,Cabo De Santo Agostinho,PE,2017-07-19
8785,Customer #8785,Uberaba,MG,2018-08-16
8786,Customer #8786,Guaratingueta,SP,2017-08-12
8787,Customer #8787,Santos,SP,2018-06-07
8788,Customer #8788,Sape,PB,2017-10-03
8789,Customer #8789,Sao Bernardo Do Campo,SP,2017-11-03
8790,Customer #8790,Toledo,PR,2018-07-03
8791,Customer #8791,Sao Paulo,SP,2017-07-07
8792,Customer #8792,Paulinia,SP,2018-07-30
8793,Customer #8793,Nova Prata Do Iguacu,PR,2018-08-19
8794,Customer #8794,Jaboticabal,SP,2017-11-23
8795,Customer #8795,Antonina,PR,2017-09-11
8796,Customer #8796,Belo Horizonte,MG,2018-05-04
8797,Customer #8797,Rio De Janeiro,RJ,2017-07-08
8798,Customer #8798,Leme,SP,2018-03-20
8799,Customer #8799,Belo Horizonte,MG,2017-09-30
8800,Customer #8800,Hortolandia,SP,2017-06-28
8801,Customer #8801,Florianopolis,SC,2018-01-12
8802,Customer #8802,Joao Pessoa,PB,2018-07-21
8803,Customer #8803,Limeira,SP,2018-06-27
8804,Customer #8804,Sao Paulo,SP,2017-11-11
8805,Customer #8805,Joaquim Tavora,PR,2018-06-17
8806,Customer #8806,Bauru,SP,2018-03-14
8807,Customer #8807,Indaiatuba,SP,2018-05-06
8808,Customer #8808,Pinhais,PR,2018-08-18
8809,Customer #8809,Sao Bernardo Do Campo,SP,2017-11-13
8810,Customer #8810,Sao Sebastiao Da Boa Vista,PA,2018-03-09
8811,Customer #8811,Coronel Fabriciano,MG,2018-05-08
8812,Customer #8812,Sao Paulo,SP,2018-06-11
8813,Customer #8813,Sao Paulo,SP,2018-07-26
8814,Customer #8814,Piata,BA,2017-10-01
8815,Customer #8815,Sao Paulo,SP,2018-07-25
8816,Customer #8816,Brasilia,DF,2017-12-03
8817,Customer #8817,Sao Paulo,SP,2017-12-13
8818,Customer #8818,Alfredo Marcondes,SP,2018-03-04
8819,Customer #8819,Vitoria Da Conquista,BA,2017-12-03
8820,Customer #8820,Ananindeua,PA,2017-10-05
8821,Customer #8821,Embu Das Artes,SP,2017-07-17
8822,Customer #8822,Itupeva,SP,2017-11-03
8823,Customer #8823,Nova Iguacu,RJ,2018-04-25
8824,Customer #8824,Sao Paulo,SP,2017-11-24
8825,Customer #8825,Novo Hamburgo,RS,2018-03-02
8826,Customer #8826,Sao Paulo,SP,2017-11-26
8827,Customer #8827,Salvador,BA,2017-09-01
8828,Customer #8828,Sao Paulo,SP,2017-08-05
8829,Customer #8829,Aguai,SP,2018-01-25
8830,Customer #8830,Belo Horizonte,MG,2018-05-01
8831,Customer #8831,Wanderley,BA,2017-12-02
8832,Customer #8832,Santos Dumont,MG,2018-07-19
8833,Customer #8833,Vargem Grande Paulista,SP,2018-04-29
8834,Customer #8834,Santo Andre,SP,2018-06-29
8835,Customer #8835,Sao Paulo,SP,2018-06-25
8836,Customer #8836,Sao Paulo,SP,2017-10-18
8837,Customer #8837,Viamao,RS,2018-05-06
8838,Customer #8838,Santos,SP,2017-08-24
8839,Customer #8839,Apucarana,PR,2017-03-11
8840,Customer #8840,Rio De Janeiro,RJ,2017-05-24
8841,Customer #8841,Sao Paulo,SP,2018-06-24
8842,Customer #8842,Sao Bento Do Sul,SC,2017-03-24
8843,Customer #8843,Itabera,SP,2018-01-11
8844,Customer #8844,Campinas,SP,2018-05-20
8845,Customer #8845,Vila Velha,ES,2018-04-25
8846,Customer #8846,Teutonia,RS,2018-05-20
8847,Customer #8847,Salvador,BA,2018-07-09
8848,Customer #8848,Betim,MG,2018-02-02
8849,Customer #8849,Rio De Janeiro,RJ,2018-01-02
8850,Customer #8850,Lajeado,RS,2018-01-04
8851,Customer #8851,Volta Redonda,RJ,2017-07-19
8852,Customer #8852,Cachoeirinha,RS,2017-11-19
8853,Customer #8853,Tiete,SP,2017-11-02
8854,Customer #8854,Sao Paulo,SP,2018-08-13
8855,Customer #8855,Salvador,BA,2018-04-02
8856,Customer #8856,Sao Paulo,SP,2018-02-06
8857,Customer #8857,Porto Alegre,RS,2018-07-25
8858,Customer #8858,Contagem,MG,2017-09-12
8859,Customer #8859,Sete Lagoas,MG,2017-08-09
8860,Customer #8860,Londrina,PR,2018-01-07
8861,Customer #8861,Goiania,GO,2017-09-03
8862,Customer #8862,Inhumas,GO,2017-06-05
8863,Customer #8863,Umuarama,PR,2018-01-13
8864,Customer #8864,Sao Paulo,SP,2017-09-08
8865,Customer #8865,Rio De Janeiro,RJ,2017-10-26
8866,Customer #8866,Sao Jose Do Rio Preto,SP,2018-03-13
8867,Customer #8867,Porto Alegre,RS,2018-06-23
8868,Customer #8868,Itu,SP,2018-04-16
8869,Customer #8869,Hortolandia,SP,2018-03-09
8870,Customer #8870,Rio De Janeiro,RJ,2017-03-13
8871,Customer #8871,Sao Paulo,SP,2018-05-03
8872,Customer #8872,Curitiba,PR,2018-02-22
8873,Customer #8873,Sao Jose,SC,2017-12-11
8874,Customer #8874,Sao Paulo,SP,2018-06-25
8875,Customer #8875,Sao Paulo,SP,2018-04-15
8876,Customer #8876,Salvador,BA,2017-12-01
8877,Customer #8877,Braganca Paulista,SP,2017-02-09
8878,Customer #8878,Sao Lourenco,MG,2017-12-15
8879,Customer #8879,Joinville,SC,2017-09-23
8880,Customer #8880,Sao Paulo,SP,2018-05-31
8881,Customer #8881,Boquim,SE,2018-06-18
8882,Customer #8882,Bebedouro,SP,2018-06-22
8883,Customer #8883,Brasilia,DF,2018-08-22
8884,Customer #8884,Itatiaiucu,MG,2018-01-25
8885,Customer #8885,Suzano,SP,2018-07-31
8886,Customer #8886,Medianeira,PR,2018-07-23
8887,Customer #8887,Ilha De Itamaraca,PE,2018-05-08
8888,Customer #8888,Igarassu,PE,2017-10-24
8889,Customer #8889,Sao Paulo,SP,2018-08-21
8890,Customer #8890,Sao Jose Dos Campos,SP,2018-01-18
8891,Customer #8891,Jatai,GO,2017-05-30
8892,Customer #8892,Parapua,SP,2018-08-18
8893,Customer #8893,Pedro Osorio,RS,2018-08-18
8894,Customer #8894,Santo Antonio De Posse,SP,2018-07-21
8895,Customer #8895,Tiete,SP,2018-01-30
8896,Customer #8896,Ipatinga,MG,2017-05-08
8897,Customer #8897,Carapicuiba,SP,2018-02-27
8898,Customer #8898,Rio De Janeiro,RJ,2018-06-03
8899,Customer #8899,Piracicaba,SP,2017-07-12
8900,Customer #8900,Rio De Janeiro,RJ,2018-03-13
8901,Customer #8901,Sao Paulo,SP,2018-07-17
8902,Customer #8902,Rio Branco,AC,2018-01-11
8903,Customer #8903,Lagoa Santa,MG,2017-08-28
8904,Customer #8904,Rio De Janeiro,RJ,2018-08-12
8905,Customer #8905,Sao Paulo,SP,2018-07-15
8906,Customer #8906,Salvador,BA,2018-01-26
8907,Customer #8907,Sumare,SP,2017-09-14
8908,Customer #8908,Rio De Janeiro,RJ,2018-07-03
8909,Customer #8909,Guarulhos,SP,2017-08-28
8910,Customer #8910,Cangucu,RS,2018-01-27
8911,Customer #8911,Sao Paulo,SP,2018-01-21
8912,Customer #8912,Sao Paulo,SP,2017-02-05
8913,Customer #8913,Curitiba,PR,2018-08-25
8914,Customer #8914,Parnamirim,RN,2018-04-02
8915,Customer #8915,Palmeira,SC,2018-08-01
8916,Customer #8916,Joinville,SC,2017-04-16
8917,Customer #8917,Rio De Janeiro,RJ,2018-06-22
8918,Customer #8918,Mogi Das Cruzes,SP,2018-08-02
8919,Customer #8919,Sao Paulo,SP,2018-02-26
8920,Customer #8920,Sao Paulo,SP,2018-06-26
8921,Customer #8921,Ribeirao Preto,SP,2018-07-18
8922,Customer #8922,Salvador,BA,2018-08-07
8923,Customer #8923,Sao Paulo,SP,2018-07-18
8924,Customer #8924,Praia Grande,SP,2018-06-28
8925,Customer #8925,Uberlandia,MG,2017-03-15
8926,Customer #8926,Rio De Janeiro,RJ,2018-03-29
8927,Customer #8927,Lajedo,PE,2018-01-16
8928,Customer #8928,Sao Paulo,SP,2018-05-28
8929,Customer #8929,Iracemapolis,SP,2018-06-06
8930,Customer #8930,Sao Paulo,SP,2017-04-27
8931,Customer #8931,Pindamonhangaba,SP,2018-07-17
8932,Customer #8932,Sao Paulo,SP,2018-01-22
8933,Customer #8933,Novo Hamburgo,RS,2018-02-04
8934,Customer #8934,Campinas,SP,2017-07-29
8935,Customer #8935,Niteroi,RJ,2018-02-18
8936,Customer #8936,Camanducaia,MG,2017-10-07
8937,Customer #8937,Curitiba,PR,2017-04-25
8938,Customer #8938,Sao Joao Da Boa Vista,SP,2018-04-12
8939,Customer #8939,Santo Andre,SP,2017-05-16
8940,Customer #8940,Praia Grande,SP,2017-12-13
8941,Customer #8941,Brasilia,DF,2017-08-21
8942,Customer #8942,Palmas,TO,2018-02-27
8943,Customer #8943,Santos,SP,2018-04-10
8944,Customer #8944,Porto Alegre,RS,2017-11-16
8945,Customer #8945,Anapolis,GO,2017-10-06
8946,Customer #8946,Sao Paulo,SP,2017-08-16
8947,Customer #8947,Comendador Levy Gasparian,RJ,2017-05-06
8948,Customer #8948,Jau,SP,2017-12-12
8949,Customer #8949,Aguas Lindas De Goias,GO,2017-03-31
8950,Customer #8950,Nova Iguacu,RJ,2017-11-24
8951,Customer #8951,Santos,SP,2018-03-19
8952,Customer #8952,Sao Miguel Arcanjo,SP,2018-03-11
8953,Customer #8953,Porto Alegre,RS,2017-09-10
8954,Customer #8954,Rio Das Ostras,RJ,2017-03-21
8955,Customer #8955,Guarulhos,SP,2018-08-14
8956,Customer #8956,Sao Paulo,SP,2018-01-16
8957,Customer #8957,Franco Da Rocha,SP,2017-10-05
8958,Customer #8958,Sao Paulo,SP,2017-11-25
8959,Customer #8959,Dourado,SP,2018-08-07
8960,Customer #8960,Guanambi,BA,2018-03-22
8961,Customer #8961,Rio De Janeiro,RJ,2017-08-24
8962,Customer #8962,Pedra Azul,MG,2018-07-30
8963,Customer #8963,Sao Paulo,SP,2018-01-15
8964,Customer #8964,Diadema,SP,2018-05-16
8965,Customer #8965,Tres Coracoes,MG,2018-04-29
8966,Customer #8966,Sao Paulo,SP,2018-07-27
8967,Customer #8967,Rio De Janeiro,RJ,2017-07-31
8968,Customer #8968,Sao Paulo,SP,2017-11-27
8969,Customer #8969,Guarulhos,SP,2018-08-15
8970,Customer #8970,Xanxere,SC,2018-03-20
8971,Customer #8971,Rio De Janeiro,RJ,2017-12-12
8972,Customer #8972,Sao Paulo,SP,2017-08-18
8973,Customer #8973,Avare,SP,2017-11-11
8974,Customer #8974,Diadema,SP,2017-12-20
8975,Customer #8975,Vargem Grande Paulista,SP,2017-09-09
8976,Customer #8976,Sao Paulo,SP,2018-02-09
8977,Customer #8977,Itaborai,RJ,2018-03-09
8978,Customer #8978,Brumadinho,MG,2017-12-08
8979,Customer #8979,Fernandopolis,SP,2017-06-26
8980,Customer #8980,Franco Da Rocha,SP,2018-07-22
8981,Customer #8981,Brasilia,DF,2018-05-07
8982,Customer #8982,Campinas,SP,2018-07-16
8983,Customer #8983,Sao Paulo,SP,2018-03-26
8984,Customer #8984,Varginha,MG,2017-03-14
8985,Customer #8985,Sao Leopoldo,RS,2017-11-24
8986,Customer #8986,Serra,ES,2017-05-07
8987,Customer #8987,Sao Paulo,SP,2018-07-06
8988,Customer #8988,Guarulhos,SP,2018-04-18
8989,Customer #8989,Atibaia,SP,2018-05-22
8990,Customer #8990,Belo Horizonte,MG,2018-06-11
8991,Customer #8991,Nazario,GO,2018-04-23
8992,Customer #8992,Miraguai,RS,2017-10-27
8993,Customer #8993,Nova Lima,MG,2017-08-24
8994,Customer #8994,Canoas,RS,2017-04-16
8995,Customer #8995,Rio De Janeiro,RJ,2018-08-09
8996,Customer #8996,Itabira,MG,2018-02-28
8997,Customer #8997,Joinville,SC,2018-01-11
8998,Customer #8998,Navegantes,SC,2017-02-05
8999,Customer #8999,Santo Andre,SP,2018-01-29
9000,Customer #9000,Porto Alegre,RS,2017-09-06
9001,Customer #9001,Ubatuba,SP,2017-03-03
9002,Customer #9002,Guarulhos,SP,2018-03-22
9003,Customer #9003,Jeremoabo,BA,2018-02-27
9004,Customer #9004,Cotia,SP,2017-03-22
9005,Customer #9005,Caieiras,SP,2017-03-08
9006,Customer #9006,Recife,PE,2018-08-16
9007,Customer #9007,Itu,SP,2017-03-19
9008,Customer #9008,Fortaleza,CE,2018-07-17
9009,Customer #9009,Curitiba,PR,2018-02-24
9010,Customer #9010,Belem,PA,2018-03-04
9011,Customer #9011,Bom Jardim,RJ,2017-07-24
9012,Customer #9012,Uniao Dos Palmares,AL,2017-12-10
9013,Customer #9013,Salvador,BA,2018-01-09
9014,Customer #9014,Jundiai,SP,2018-05-07
9015,Customer #9015,Belo Horizonte,MG,2018-06-06
9016,Customer #9016,Sales,SP,2018-01-13
9017,Customer #9017,Londrina,PR,2017-11-10
9018,Customer #9018,Sao Paulo,SP,2017-12-21
9019,Customer #9019,Araraquara,SP,2018-06-22
9020,Customer #9020,Sao Jose Do Rio Preto,SP,2018-01-12
9021,Customer #9021,Rio De Janeiro,RJ,2018-03-19
9022,Customer #9022,Dourados,MS,2017-09-26
9023,Customer #9023,Brasilia,DF,2018-08-15
9024,Customer #9024,Osasco,SP,2017-07-25
9025,Customer #9025,Niteroi,RJ,2018-04-30
9026,Customer #9026,Guarulhos,SP,2018-08-12
9027,Customer #9027,Bom Jardim De Minas,MG,2017-03-24
9028,Customer #9028,Brasilia,DF,2018-04-04
9029,Customer #9029,Guarulhos,SP,2018-05-31
9030,Customer #9030,Presidente Prudente,SP,2017-05-11
9031,Customer #9031,Ibate,SP,2018-01-02
9032,Customer #9032,Sao Jose,SC,2017-05-05
9033,Customer #9033,Assis,SP,2018-08-18
9034,Customer #9034,Sao Paulo,SP,2018-08-01
9035,Customer #9035,Macae,RJ,2018-02-21
9036,Customer #9036,Porto Alegre,RS,2017-03-27
9037,Customer #9037,Sao Caetano Do Sul,SP,2017-05-29
9038,Customer #9038,Belo Horizonte,MG,2017-12-03
9039,Customer #9039,Cordeiro,RJ,2017-05-09
9040,Customer #9040,Uberlandia,MG,2018-03-11
9041,Customer #9041,Novo Hamburgo,RS,2018-07-20
9042,Customer #9042,Tiete,SP,2017-05-22
9043,Customer #9043,Brasilia,DF,2018-06-01
9044,Customer #9044,Rio De Janeiro,RJ,2017-07-24
9045,Customer #9045,Barra Da Estiva,BA,2017-09-13
9046,Customer #9046,Rio Das Ostras,RJ,2017-11-24
9047,Customer #9047,Itaguai,RJ,2018-01-18
9048,Customer #9048,Aracatuba,SP,2017-03-01
9049,Customer #9049,Sao Goncalo,RJ,2018-01-20
9050,Customer #9050,Itapolis,SP,2018-01-25
9051,Customer #9051,Belem,PA,2018-07-23
9052,Customer #9052,Vespasiano,MG,2017-06-15
9053,Customer #9053,Rio De Janeiro,RJ,2017-11-15
9054,Customer #9054,Salvador,BA,2018-04-18
9055,Customer #9055,Novo Planalto,GO,2018-06-16
9056,Customer #9056,Nova Friburgo,RJ,2017-04-06
9057,Customer #9057,Itu,SP,2018-04-28
9058,Customer #9058,Blumenau,SC,2017-08-29
9059,Customer #9059,California Da Barra,RJ,2017-12-04
9060,Customer #9060,Rio De Janeiro,RJ,2017-08-04
9061,Customer #9061,Cariacica,ES,2017-12-12
9062,Customer #9062,Sao Jose Do Rio Pardo,SP,2017-06-29
9063,Customer #9063,Manaus,AM,2017-09-15
9064,Customer #9064,Itaquaquecetuba,SP,2017-10-16
9065,Customer #9065,Campos Do Jordao,SP,2018-02-01
9066,Customer #9066,Francisco Beltrao,PR,2017-08-27
9067,Customer #9067,Sao Paulo,SP,2018-02-13
9068,Customer #9068,Itaquaquecetuba,SP,2018-05-15
9069,Customer #9069,Mairipora,SP,2018-03-03
9070,Customer #9070,Rio De Janeiro,RJ,2018-07-13
9071,Customer #9071,Itabuna,BA,2017-07-30
9072,Customer #9072,Brasilia,DF,2018-04-01
9073,Customer #9073,Bambui,MG,2018-08-02
9074,Customer #9074,Uruguaiana,RS,2017-11-29
9075,Customer #9075,Sao Jose Dos Campos,SP,2018-07-25
9076,Customer #9076,Aracaju,SE,2018-02-18
9077,Customer #9077,Sao Paulo,SP,2018-01-07
9078,Customer #9078,Santos,SP,2017-12-12
9079,Customer #9079,Sao Paulo,SP,2018-05-01
9080,Customer #9080,Canoas,RS,2018-02-15
9081,Customer #9081,Senador Canedo,GO,2018-02-06
9082,Customer #9082,Curitiba,PR,2018-05-21
9083,Customer #9083,Belo Horizonte,MG,2018-04-23
9084,Customer #9084,Sao Paulo,SP,2017-05-16
9085,Customer #9085,Porto Alegre,RS,2018-07-23
9086,Customer #9086,Niteroi,RJ,2018-01-11
9087,Customer #9087,Sao Jose Dos Campos,SP,2017-06-06
9088,Customer #9088,Cascavel,PR,2018-04-30
9089,Customer #9089,Curitiba,PR,2018-04-20
9090,Customer #9090,Ribeirao Pires,SP,2018-01-15
9091,Customer #9091,Serra,ES,2017-10-20
9092,Customer #9092,Espera Feliz,MG,2017-07-12
9093,Customer #9093,Curitiba,PR,2017-07-01
9094,Customer #9094,Rio De Janeiro,RJ,2018-05-07
9095,Customer #9095,Salvador,BA,2017-12-10
9096,Customer #9096,Jacarei,SP,2017-06-24
9097,Customer #9097,Rio De Janeiro,RJ,2017-12-17
9098,Customer #9098,Rio De Janeiro,RJ,2018-02-28
9099,Customer #9099,Lages,SC,2018-07-30
9100,Customer #9100,Tres Marias,MG,2018-06-28
9101,Customer #9101,Sao Paulo,SP,2018-02-01
9102,Customer #9102,Vitoria,ES,2018-01-24
9103,Customer #9103,Rio De Janeiro,RJ,2018-08-11
9104,Customer #9104,Sao Paulo,SP,2018-08-09
9105,Customer #9105,Campinas,SP,2018-07-03
9106,Customer #9106,Feira De Santana,BA,2017-07-17
9107,Customer #9107,Rio De Janeiro,RJ,2017-07-12
9108,Customer #9108,Tremembe,SP,2018-08-06
9109,Customer #9109,Curitiba,PR,2018-08-05
9110,Customer #9110,Itajobi,SP,2017-11-25
9111,Customer #9111,Sao Paulo,SP,2018-07-02
9112,Customer #9112,Santos,SP,2017-02-25
9113,Customer #9113,Guarapuava,PR,2017-04-26
9114,Customer #9114,Sarandi,PR,2017-07-18
9115,Customer #9115,Sao Paulo,SP,2018-06-02
9116,Customer #9116,Brasilia,DF,2018-03-18
9117,Customer #9117,Aurora Do Para,PA,2018-07-21
9118,Customer #9118,Cordeiro,RJ,2018-07-14
9119,Customer #9119,Sertao Santana,RS,2018-03-07
9120,Customer #9120,Sao Paulo,SP,2018-04-19
9121,Customer #9121,Ipatinga,MG,2018-01-04
9122,Customer #9122,Mage,RJ,2018-04-13
9123,Customer #9123,Tubarao,SC,2018-03-18
9124,Customer #9124,Salvador,BA,2018-08-14
9125,Customer #9125,Franca,SP,2017-09-09
9126,Customer #9126,Sao Mateus,ES,2017-07-11
9127,Customer #9127,Valparaiso De Goias,GO,2017-06-29
9128,Customer #9128,Torres,RS,2017-08-14
9129,Customer #9129,Betim,MG,2017-03-09
9130,Customer #9130,Sao Paulo,SP,2018-02-28
9131,Customer #9131,Sao Paulo,SP,2018-07-20
9132,Customer #9132,Limeira,SP,2018-01-05
9133,Customer #9133,Sao Paulo,SP,2018-07-01
9134,Customer #9134,Nova Iguacu,RJ,2018-03-09
9135,Customer #9135,Sao Paulo,SP,2017-08-03
9136,Customer #9136,Tutoia,MA,2018-01-16
9137,Customer #9137,Rio De Janeiro,RJ,2018-06-01
9138,Customer #9138,Conselheiro Lafaiete,MG,2018-08-16
9139,Customer #9139,Santo Andre,SP,2018-08-03
9140,Customer #9140,Santos,SP,2018-06-01
9141,Customer #9141,Sao Goncalo,RJ,2018-04-02
9142,Customer #9142,Rio De Janeiro,RJ,2018-03-16
9143,Customer #9143,Campinas,SP,2018-08-05
9144,Customer #9144,Lauro De Freitas,BA,2017-11-12
9145,Customer #9145,Votuporanga,SP,2018-05-18
9146,Customer #9146,Belo Horizonte,MG,2018-07-22
9147,Customer #9147,Brasilia,DF,2018-01-24
9148,Customer #9148,Marmeleiro,PR,2018-01-09
9149,Customer #9149,Belo Horizonte,MG,2017-12-01
9150,Customer #9150,Ervalia,MG,2018-04-29
9151,Customer #9151,Londrina,PR,2017-08-10
9152,Customer #9152,Curitiba,PR,2018-07-29
9153,Customer #9153,Sao Paulo,SP,2018-03-21
9154,Customer #9154,Cocal,PI,2018-04-13
9155,Customer #9155,Porto Alegre,RS,2017-06-13
9156,Customer #9156,Jandira,SP,2018-02-25
9157,Customer #9157,Santa Rosa,RS,2017-08-04
9158,Customer #9158,Atibaia,SP,2018-07-28
9159,Customer #9159,Sao Jose Do Rio Preto,SP,2018-02-19
9160,Customer #9160,Jacobina,BA,2018-06-13
9161,Customer #9161,Aparecida De Goiania,GO,2017-03-06
9162,Customer #9162,Tucano,BA,2017-01-28
9163,Customer #9163,Rio De Janeiro,RJ,2018-02-21
9164,Customer #9164,Venda Nova Do Imigrante,ES,2018-02-18
9165,Customer #9165,Sao Paulo,SP,2018-07-23
9166,Customer #9166,Sao Paulo,SP,2018-08-13
9167,Customer #9167,Braganca Paulista,SP,2018-03-22
9168,Customer #9168,Sao Paulo,SP,2017-09-08
9169,Customer #9169,Santos,SP,2018-05-27
9170,Customer #9170,Angra Dos Reis,RJ,2017-12-03
9171,Customer #9171,Paraiba Do Sul,RJ,2017-04-19
9172,Customer #9172,Rio De Janeiro,RJ,2018-06-09
9173,Customer #9173,Antonio Prado De Minas,MG,2018-04-26
9174,Customer #9174,Brasilia,DF,2018-01-28
9175,Customer #9175,Sao Paulo,SP,2018-07-18
9176,Customer #9176,Sao Paulo,SP,2017-09-18
9177,Customer #9177,Sao Paulo,SP,2017-06-21
9178,Customer #9178,Mogi-Guacu,SP,2018-05-03
9179,Customer #9179,Sao Paulo,SP,2017-07-10
9180,Customer #9180,Guaruja,SP,2017-01-21
9181,Customer #9181,Nova Iguacu,RJ,2017-11-14
9182,Customer #9182,Campinas,SP,2018-01-28
9183,Customer #9183,Goiania,GO,2017-12-10
9184,Customer #9184,Damianopolis,GO,2018-01-19
9185,Customer #9185,Redentora,RS,2018-01-30
9186,Customer #9186,Rio De Janeiro,RJ,2017-06-18
9187,Customer #9187,Sao Paulo,SP,2017-08-09
9188,Customer #9188,Belo Horizonte,MG,2017-12-28
9189,Customer #9189,Nilopolis,RJ,2017-05-31
9190,Customer #9190,Pouso Alegre,MG,2018-03-12
9191,Customer #9191,Cacoal,RO,2018-05-03
9192,Customer #9192,Americana,SP,2018-03-05
9193,Customer #9193,Rio De Janeiro,RJ,2018-01-21
9194,Customer #9194,Belo Horizonte,MG,2018-01-22
9195,Customer #9195,Caldas Novas,GO,2018-01-04
9196,Customer #9196,Arealva,SP,2018-02-12
9197,Customer #9197,Batatais,SP,2017-07-11
9198,Customer #9198,Ponta Grossa,PR,2018-04-11
9199,Customer #9199,Pindamonhangaba,SP,2017-12-08
9200,Customer #9200,Sao Paulo,SP,2017-06-24
9201,Customer #9201,Itupiranga,PA,2018-08-01
9202,Customer #9202,Maringa,PR,2018-05-08
9203,Customer #9203,Cotia,SP,2017-05-24
9204,Customer #9204,Santana Do Livramento,RS,2017-02-05
9205,Customer #9205,Itapecerica Da Serra,SP,2017-11-29
9206,Customer #9206,Sao Paulo,SP,2018-08-19
9207,Customer #9207,Gramado,RS,2017-10-16
9208,Customer #9208,Maua,SP,2018-05-07
9209,Customer #9209,Ouro Fino,MG,2018-05-21
9210,Customer #9210,Sao Paulo,SP,2017-06-11
9211,Customer #9211,Sao Lourenco,MG,2017-06-16
9212,Customer #9212,Sao Jose Dos Campos,SP,2018-03-03
9213,Customer #9213,Sao Lourenco,MG,2018-02-21
9214,Customer #9214,Guaratingueta,SP,2018-05-27
9215,Customer #9215,Abelardo Luz,SC,2017-09-29
9216,Customer #9216,Sao Paulo,SP,2017-12-19
9217,Customer #9217,Curitiba,PR,2018-07-19
9218,Customer #9218,Sao Paulo,SP,2017-04-04
9219,Customer #9219,Joaquim Nabuco,PE,2017-07-09
9220,Customer #9220,Rio De Janeiro,RJ,2018-02-17
9221,Customer #9221,Cascavel,PR,2018-03-01
9222,Customer #9222,Sao Paulo,SP,2018-03-18
9223,Customer #9223,Santo Andre,SP,2017-06-20
9224,Customer #9224,Sao Mateus,ES,2018-03-01
9225,Customer #9225,Jundiai,SP,2018-07-03
9226,Customer #9226,Encantado,RS,2017-02-22
9227,Customer #9227,Campinas,SP,2018-04-15
9228,Customer #9228,Pirenopolis,GO,2018-02-24
9229,Customer #9229,Florianopolis,SC,2018-04-25
9230,Customer #9230,Fortaleza,CE,2017-11-25
9231,Customer #9231,Dias D'Avila,BA,2018-06-16
9232,Customer #9232,Vera,MT,2018-02-26
9233,Customer #9233,Sao Paulo,SP,2018-06-10
9234,Customer #9234,Sao Paulo,SP,2017-08-21
9235,Customer #9235,Macae,RJ,2018-04-04
9236,Customer #9236,Betim,MG,2018-03-14
9237,Customer #9237,Sao Paulo,SP,2017-10-23
9238,Customer #9238,Comendador Levy Gasparian,RJ,2017-06-11
9239,Customer #9239,Itapecerica,MG,2018-01-22
9240,Customer #9240,Rio De Janeiro,RJ,2017-09-19
9241,Customer #9241,Canoas,RS,2018-06-03
9242,Customer #9242,Itacare,BA,2017-11-24
9243,Customer #9243,Caucaia,CE,2017-05-11
9244,Customer #9244,Belo Horizonte,MG,2017-09-11
9245,Customer #9245,Mundo Novo,GO,2018-01-07
9246,Customer #9246,Rio De Janeiro,RJ,2017-04-23
9247,Customer #9247,Maringa,PR,2017-08-08
9248,Customer #9248,Sao Jose Dos Campos,SP,2018-03-08
9249,Customer #9249,Deodapolis,MS,2018-03-06
9250,Customer #9250,Sao Paulo,SP,2018-01-07
9251,Customer #9251,Sao Paulo,SP,2018-02-25
9252,Customer #9252,Oriente,SP,2018-03-14
9253,Customer #9253,Curitiba,PR,2018-06-15
9254,Customer #9254,Linhares,ES,2018-08-24
9255,Customer #9255,Foz Do Iguacu,PR,2017-12-03
9256,Customer #9256,Rio Grande,RS,2018-07-18
9257,Customer #9257,Peruibe,SP,2018-03-24
9258,Customer #9258,Sao Paulo,SP,2017-08-16
9259,Customer #9259,Tiete,SP,2017-11-22
9260,Customer #9260,Vinhedo,SP,2017-09-04
9261,Customer #9261,Cabedelo,PB,2018-07-17
9262,Customer #9262,Barra Mansa,RJ,2018-04-04
9263,Customer #9263,Novo Hamburgo,RS,2017-05-17
9264,Customer #9264,Jaragua Do Sul,SC,2018-03-07
9265,Customer #9265,Diadema,SP,2018-06-07
9266,Customer #9266,Belo Horizonte,MG,2017-07-28
9267,Customer #9267,Palmas,TO,2017-08-30
9268,Customer #9268,Teresopolis,RJ,2018-07-23
9269,Customer #9269,Rio De Janeiro,RJ,2018-03-22
9270,Customer #9270,Indaiatuba,SP,2017-05-17
9271,Customer #9271,Niteroi,RJ,2017-03-28
9272,Customer #9272,Sao Paulo,SP,2017-10-08
9273,Customer #9273,Guarulhos,SP,2018-06-05
9274,Customer #9274,Gravatai,RS,2017-08-17
9275,Customer #9275,Agudos,SP,2017-11-05
9276,Customer #9276,Vitoria,ES,2018-02-18
9277,Customer #9277,Sao Paulo,SP,2017-08-07
9278,Customer #9278,Itaquaquecetuba,SP,2018-05-13
9279,Customer #9279,Mangaratiba,RJ,2018-08-23
9280,Customer #9280,Santo Andre,SP,2017-06-19
9281,Customer #9281,Meleiro,SC,2018-02-10
9282,Customer #9282,Belo Horizonte,MG,2017-03-08
9283,Customer #9283,Mogi Das Cruzes,SP,2017-12-05
9284,Customer #9284,Sao Paulo,SP,2018-03-05
9285,Customer #9285,Recife,PE,2018-04-03
9286,Customer #9286,Campinas,SP,2017-10-10
9287,Customer #9287,Petrolina,PE,2017-06-26
9288,Customer #9288,Itaguaje,PR,2017-08-12
9289,Customer #9289,Sao Paulo,SP,2017-12-02
9290,Customer #9290,Rio De Janeiro,RJ,2018-04-24
9291,Customer #9291,Aruja,SP,2018-08-13
9292,Customer #9292,Belo Horizonte,MG,2017-12-09
9293,Customer #9293,Rio De Janeiro,RJ,2018-03-06
9294,Customer #9294,Campos Dos Goytacazes,RJ,2017-11-29
9295,Customer #9295,Contagem,MG,2017-03-06
9296,Customer #9296,Gravatai,RS,2018-04-14
9297,Customer #9297,Patos De Minas,MG,2018-08-11
9298,Customer #9298,Petropolis,RJ,2018-02-04
9299,Customer #9299,Monte Alto,SP,2017-02-01
9300,Customer #9300,Paraiso,SP,2017-09-02
9301,Customer #9301,Lavinia,SP,2018-03-15
9302,Customer #9302,Recife,PE,2017-04-06
9303,Customer #9303,Chaveslandia,MG,2017-07-18
9304,Customer #9304,Indaiatuba,SP,2017-04-10
9305,Customer #9305,Iguaba Grande,RJ,2018-07-03
9306,Customer #9306,Sao Paulo,SP,2018-08-03
9307,Customer #9307,Santos,SP,2018-07-21
9308,Customer #9308,Sao Paulo,SP,2018-08-05
9309,Customer #9309,Sao Bernardo Do Campo,SP,2018-01-02
9310,Customer #9310,Brasilia,DF,2017-09-13
9311,Customer #9311,Nova Iguacu,RJ,2017-06-12
9312,Customer #9312,Rio De Janeiro,RJ,2018-02-14
9313,Customer #9313,Belo Horizonte,MG,2018-02-23
9314,Customer #9314,Goiania,GO,2017-11-13
9315,Customer #9315,Rio De Janeiro,RJ,2017-11-24
9316,Customer #9316,Curitibanos,SC,2018-01-04
9317,Customer #9317,Palmitinho,RS,2017-07-26
9318,Customer #9318,Guarapuava,PR,2017-11-27
9319,Customer #9319,Guanambi,BA,2018-05-14
9320,Customer #9320,Florianopolis,SC,2018-03-05
9321,Customer #9321,Guaxupe,MG,2018-07-16
9322,Customer #9322,Cacapava,SP,2018-05-02
9323,Customer #9323,Salvador,BA,2017-12-14
9324,Customer #9324,Natal,RN,2018-08-20
9325,Customer #9325,Vitoria,ES,2018-01-13
9326,Customer #9326,Porto Alegre,RS,2017-09-12
9327,Customer #9327,Pirai,RJ,2017-08-20
9328,Customer #9328,Diadema,SP,2017-12-09
9329,Customer #9329,Viradouro,SP,2018-08-03
9330,Customer #9330,Machadinho,RS,2017-10-17
9331,Customer #9331,Nova Xavantina,MT,2018-01-21
9332,Customer #9332,Americana,SP,2017-11-09
9333,Customer #9333,Fortaleza,CE,2017-12-14
9334,Customer #9334,Praia Grande,SP,2018-06-11
9335,Customer #9335,Sao Paulo,SP,2017-02-09
9336,Customer #9336,Barao De Cocais,MG,2018-03-09
9337,Customer #9337,Campo Mourao,PR,2017-11-16
9338,Customer #9338,Belo Horizonte,MG,2018-05-15
9339,Customer #9339,Goiania,GO,2018-01-18
9340,Customer #9340,Uberlandia,MG,2018-08-09
9341,Customer #9341,Rio De Janeiro,RJ,2017-11-15
9342,Customer #9342,Engenheiro Balduino,SP,2017-09-12
9343,Customer #9343,Bambui,MG,2017-10-22
9344,Customer #9344,Abdon Batista,SC,2017-04-18
9345,Customer #9345,Campo Limpo Paulista,SP,2018-06-21
9346,Customer #9346,Sao Luis,MA,2017-04-12
9347,Customer #9347,Ribeirao Preto,SP,2017-11-25
9348,Customer #9348,Farroupilha,RS,2018-04-12
9349,Customer #9349,Rio De Janeiro,RJ,2018-08-16
9350,Customer #9350,Brasilia,DF,2018-06-25
9351,Customer #9351,Cantagalo,RJ,2018-02-16
9352,Customer #9352,Vitoria,ES,2018-07-15
9353,Customer #9353,Sao Paulo,SP,2018-08-04
9354,Customer #9354,Fortaleza,CE,2018-06-03
9355,Customer #9355,Campinas,SP,2018-08-19
9356,Customer #9356,Colatina,ES,2017-06-01
9357,Customer #9357,Sao Paulo,SP,2018-08-14
9358,Customer #9358,Marilia,SP,2018-06-14
9359,Customer #9359,Curitiba,PR,2017-08-31
9360,Customer #9360,Lauro De Freitas,BA,2017-11-18
9361,Customer #9361,Piracicaba,SP,2018-06-06
9362,Customer #9362,Brasilia,DF,2017-02-10
9363,Customer #9363,Pelotas,RS,2018-04-26
9364,Customer #9364,Santo Amaro Da Imperatriz,SC,2018-01-05
9365,Customer #9365,Brasilia,DF,2018-04-15
9366,Customer #9366,Sao Bernardo Do Campo,SP,2018-01-29
9367,Customer #9367,Belo Horizonte,MG,2018-01-05
9368,Customer #9368,Regente Feijo,SP,2018-04-20
9369,Customer #9369,Salvador,BA,2017-04-13
9370,Customer #9370,Vila Velha,ES,2018-02-09
9371,Customer #9371,Rio De Janeiro,RJ,2017-07-29
9372,Customer #9372,Osasco,SP,2018-04-03
9373,Customer #9373,Sao Paulo,SP,2018-01-27
9374,Customer #9374,Jaguariuna,SP,2017-06-20
9375,Customer #9375,Campinas,SP,2018-07-27
9376,Customer #9376,Dois Irmaos,RS,2018-07-29
9377,Customer #9377,Santa Barbara D'Oeste,SP,2017-11-03
9378,Customer #9378,Campinas,SP,2017-05-17
9379,Customer #9379,Campinas,SP,2018-01-13
9380,Customer #9380,Passo Fundo,RS,2018-01-22
9381,Customer #9381,Teresina,PI,2018-03-11
9382,Customer #9382,Santa Rosa,RS,2018-04-15
9383,Customer #9383,Porto Alegre,RS,2018-01-04
9384,Customer #9384,Mogi Das Cruzes,SP,2018-01-18
9385,Customer #9385,Sao Fidelis,RJ,2017-12-12
9386,Customer #9386,Rio De Janeiro,RJ,2018-05-05
9387,Customer #9387,Sao Paulo,SP,2018-07-11
9388,Customer #9388,Sao Paulo,SP,2018-06-15
9389,Customer #9389,Sao Carlos,SP,2018-08-02
9390,Customer #9390,Florianopolis,SC,2017-03-31
9391,Customer #9391,Joao Pessoa,PB,2018-07-27
9392,Customer #9392,Caratinga,MG,2018-03-04
9393,Customer #9393,Sao Paulo,SP,2018-04-02
9394,Customer #9394,Sao Paulo,SP,2017-11-29
9395,Customer #9395,Bertopolis,MG,2017-11-14
9396,Customer #9396,Joao Pessoa,PB,2017-06-05
9397,Customer #9397,Cerqueira Cesar,SP,2018-01-29
9398,Customer #9398,Iacanga,SP,2017-12-21
9399,Customer #9399,Itaguai,RJ,2017-10-02
9400,Customer #9400,Chapeco,SC,2018-06-01
9401,Customer #9401,Brasilia,DF,2018-01-08
9402,Customer #9402,Sao Paulo,SP,2017-02-23
9403,Customer #9403,Santo Andre,SP,2017-12-17
9404,Customer #9404,Sao Gabriel Da Palha,ES,2018-06-12
9405,Customer #9405,Sao Paulo,SP,2018-06-16
9406,Customer #9406,Santa Isabel Do Para,PA,2018-06-06
9407,Customer #9407,Sao Joaquim,SC,2018-01-10
9408,Customer #9408,Rio De Janeiro,RJ,2018-01-21
9409,Customer #9409,Sao Paulo,SP,2018-07-25
9410,Customer #9410,Juiz De Fora,MG,2018-04-04
9411,Customer #9411,Volta Redonda,RJ,2017-08-30
9412,Customer #9412,Lindoia,SP,2017-02-27
9413,Customer #9413,Londrina,PR,2018-01-06
9414,Customer #9414,Sao Goncalo,RJ,2017-07-11
9415,Customer #9415,Natal,RN,2017-11-05
9416,Customer #9416,Campinas,SP,2017-08-19
9417,Customer #9417,Sao Paulo,SP,2018-07-04
9418,Customer #9418,Niteroi,RJ,2017-10-26
9419,Customer #9419,Sao Paulo,SP,2018-03-03
9420,Customer #9420,Brasilia,DF,2018-06-08
9421,Customer #9421,Campinas,SP,2018-02-17
9422,Customer #9422,Sao Paulo,SP,2017-06-09
9423,Customer #9423,Santana De Parnaiba,SP,2017-02-16
9424,Customer #9424,Brasilia,DF,2017-11-14
9425,Customer #9425,Irape,SP,2017-08-10
9426,Customer #9426,Jaboatao Dos Guararapes,PE,2018-02-22
9427,Customer #9427,Pedreira,SP,2018-01-09
9428,Customer #9428,Sao Paulo,SP,2017-07-06
9429,Customer #9429,Sao Paulo,SP,2017-09-12
9430,Customer #9430,Niteroi,RJ,2017-08-20
9431,Customer #9431,Santa Barbara D'Oeste,SP,2018-05-07
9432,Customer #9432,Novo Oriente Do Piaui,PI,2018-08-12
9433,Customer #9433,Guarapari,ES,2017-08-17
9434,Customer #9434,Piracicaba,SP,2018-08-05
9435,Customer #9435,Criciuma,SC,2017-07-09
9436,Customer #9436,Belo Horizonte,MG,2018-05-02
9437,Customer #9437,Rio De Janeiro,RJ,2018-07-26
9438,Customer #9438,Santa Barbara D'Oeste,SP,2018-05-11
9439,Customer #9439,Wanderley,BA,2017-12-07
9440,Customer #9440,Carmo Da Mata,MG,2018-06-25
9441,Customer #9441,Sao Paulo,SP,2017-11-16
9442,Customer #9442,Agudos,SP,2017-11-19
9443,Customer #9443,Santos,SP,2018-05-17
9444,Customer #9444,Sao Paulo,SP,2018-06-11
9445,Customer #9445,Bertioga,SP,2017-08-28
9446,Customer #9446,Santana De Parnaiba,SP,2018-03-18
9447,Customer #9447,Sao Paulo,SP,2017-12-29
9448,Customer #9448,Uniao Da Vitoria,PR,2017-02-02
9449,Customer #9449,Rio De Janeiro,RJ,2017-11-24
9450,Customer #9450,Alvorada,RS,2017-07-26
9451,Customer #9451,Medianeira,PR,2018-04-01
9452,Customer #9452,Taubate,SP,2018-06-14
9453,Customer #9453,Pouso Alegre,MG,2017-11-14
9454,Customer #9454,Brasilia,DF,2018-05-30
9455,Customer #9455,Sao Jose Do Rio Preto,SP,2017-02-17
9456,Customer #9456,Sorocaba,SP,2017-02-20
9457,Customer #9457,Cruzeiro,SP,2018-06-07
9458,Customer #9458,Sao Paulo,SP,2017-12-25
9459,Customer #9459,Vitoria,ES,2018-04-06
9460,Customer #9460,Mage,RJ,2017-02-11
9461,Customer #9461,Guaxupe,MG,2018-06-20
9462,Customer #9462,Sao Paulo,SP,2018-06-26
9463,Customer #9463,Fortaleza,CE,2017-11-24
9464,Customer #9464,Bandeirantes,PR,2017-11-23
9465,Customer #9465,Brasilia,DF,2017-03-05
9466,Customer #9466,Manaus,AM,2018-07-11
9467,Customer #9467,Sao Goncalo,RJ,2017-07-27
9468,Customer #9468,Lauro Muller,SC,2018-08-23
9469,Customer #9469,Sao Paulo,SP,2017-08-14
9470,Customer #9470,Sete Lagoas,MG,2017-01-29
9471,Customer #9471,Cariacica,ES,2018-05-08
9472,Customer #9472,Sao Jose Dos Campos,SP,2018-01-29
9473,Customer #9473,Recife,PE,2017-07-09
9474,Customer #9474,Sao Paulo,SP,2018-03-05
9475,Customer #9475,Ananindeua,PA,2018-08-05
9476,Customer #9476,Sao Paulo,SP,2018-05-14
9477,Customer #9477,Santo Andre,SP,2018-05-11
9478,Customer #9478,Rio De Janeiro,RJ,2018-01-19
9479,Customer #9479,Ribeirao Vermelho,MG,2017-08-21
9480,Customer #9480,Paragominas,PA,2017-12-09
9481,Customer #9481,Sao Paulo,SP,2017-05-01
9482,Customer #9482,Sao Paulo,SP,2018-03-07
9483,Customer #9483,Volta Redonda,RJ,2017-10-23
9484,Customer #9484,Rio De Janeiro,RJ,2017-06-07
9485,Customer #9485,Tiete,SP,2018-06-25
9486,Customer #9486,Campos Dos Goytacazes,RJ,2017-07-11
9487,Customer #9487,Belo Horizonte,MG,2018-01-13
9488,Customer #9488,Sumare,SP,2017-11-07
9489,Customer #9489,Juiz De Fora,MG,2017-10-13
9490,Customer #9490,Sao Paulo,SP,2018-07-27
9491,Customer #9491,Itapetinga,BA,2018-01-25
9492,Customer #9492,Vitoria,ES,2017-07-30
9493,Customer #9493,Rio De Janeiro,RJ,2017-09-08
9494,Customer #9494,Sao Paulo,SP,2018-07-24
9495,Customer #9495,Sao Paulo,SP,2017-05-02
9496,Customer #9496,Sao Paulo,SP,2018-04-04
9497,Customer #9497,Abadia Dos Dourados,MG,2018-07-02
9498,Customer #9498,Sao Paulo,SP,2018-05-08
9499,Customer #9499,Brasilia,DF,2018-04-02
9500,Customer #9500,Arapiraca,AL,2018-06-10
9501,Customer #9501,Rio De Janeiro,RJ,2017-07-04
9502,Customer #9502,Guarulhos,SP,2017-08-09
9503,Customer #9503,Araucaria,PR,2018-08-25
9504,Customer #9504,Belo Horizonte,MG,2018-06-10
9505,Customer #9505,Sumare,SP,2018-08-13
9506,Customer #9506,Posse,GO,2018-01-12
9507,Customer #9507,Iracemapolis,SP,2018-07-18
9508,Customer #9508,Salvador,BA,2018-07-05
9509,Customer #9509,Santos,SP,2017-08-25
9510,Customer #9510,Bertioga,SP,2018-03-28
9511,Customer #9511,Praia Grande,SP,2017-12-07
9512,Customer #9512,Gravatai,RS,2017-06-13
9513,Customer #9513,Hortolandia,SP,2018-04-16
9514,Customer #9514,Niteroi,RJ,2018-04-06
9515,Customer #9515,Curitiba,PR,2018-01-20
9516,Customer #9516,Cruz Das Almas,BA,2017-09-16
9517,Customer #9517,Sorocaba,SP,2018-01-20
9518,Customer #9518,Joao Pessoa,PB,2017-08-26
9519,Customer #9519,Sao Paulo,SP,2017-09-20
9520,Customer #9520,Brasilia,DF,2017-08-03
9521,Customer #9521,Jundiai,SP,2018-07-04
9522,Customer #9522,Rio De Janeiro,RJ,2017-09-30
9523,Customer #9523,Ribeirao Preto,SP,2017-10-31
9524,Customer #9524,Sao Paulo,SP,2017-09-25
9525,Customer #9525,Florianopolis,SC,2018-05-14
9526,Customer #9526,Sao Paulo,SP,2017-07-11
9527,Customer #9527,Rio Claro,SP,2018-04-19
9528,Customer #9528,Cotia,SP,2017-04-27
9529,Customer #9529,Sao Paulo,SP,2017-08-30
9530,Customer #9530,Sao Paulo,SP,2017-12-26
9531,Customer #9531,Sao Mateus,ES,2018-04-03
9532,Customer #9532,Taquaritinga Do Norte,PE,2017-09-22
9533,Customer #9533,Sao Paulo,SP,2018-06-28
9534,Customer #9534,Cotia,SP,2017-03-01
9535,Customer #9535,Campinas,SP,2018-07-23
9536,Customer #9536,Belo Horizonte,MG,2018-06-05
9537,Customer #9537,Cabedelo,PB,2018-06-08
9538,Customer #9538,Belo Horizonte,MG,2018-03-10
9539,Customer #9539,Santos,SP,2018-02-06
9540,Customer #9540,Sao Paulo,SP,2017-03-28
9541,Customer #9541,Praia Grande,SP,2018-06-19
9542,Customer #9542,Joanopolis,SP,2018-01-10
9543,Customer #9543,Brasilia,DF,2017-03-30
9544,Customer #9544,Cotia,SP,2017-11-24
9545,Customer #9545,Sao Paulo,SP,2017-03-01
9546,Customer #9546,Sao Paulo,SP,2017-03-09
9547,Customer #9547,Maquine,RS,2018-06-10
9548,Customer #9548,Viana,ES,2018-03-03
9549,Customer #9549,Atibaia,SP,2018-03-22
9550,Customer #9550,Rio De Janeiro,RJ,2018-04-21
9551,Customer #9551,Sao Luis,MA,2018-01-16
9552,Customer #9552,Itajuba,MG,2017-11-23
9553,Customer #9553,Campo Grande,MS,2017-05-02
9554,Customer #9554,Imbe,RS,2017-09-28
9555,Customer #9555,Taubate,SP,2017-07-31
9556,Customer #9556,Sao Caetano Do Sul,SP,2018-02-15
9557,Customer #9557,Belo Horizonte,MG,2018-08-09
9558,Customer #9558,Rio De Janeiro,RJ,2017-02-09
9559,Customer #9559,Guaratingueta,SP,2018-05-05
9560,Customer #9560,Pirapora,MG,2018-07-30
9561,Customer #9561,Salvador,BA,2017-12-08
9562,Customer #9562,Barretos,SP,2018-08-02
9563,Customer #9563,Ipatinga,MG,2017-12-17
9564,Customer #9564,Sao Paulo,SP,2017-02-06
9565,Customer #9565,Canoas,RS,2017-02-02
9566,Customer #9566,Sao Jose Do Rio Preto,SP,2018-01-20
9567,Customer #9567,Rio De Janeiro,RJ,2017-12-07
9568,Customer #9568,Canoas,RS,2018-07-10
9569,Customer #9569,Divinopolis,MG,2018-04-29
9570,Customer #9570,Belo Horizonte,MG,2018-06-02
9571,Customer #9571,Campo Largo,PR,2017-11-28
9572,Customer #9572,Rio De Janeiro,RJ,2017-11-25
9573,Customer #9573,Araras,SP,2018-05-16
9574,Customer #9574,Sao Paulo,SP,2018-03-22
9575,Customer #9575,Guaruja,SP,2018-04-16
9576,Customer #9576,Itajai,SC,2018-04-03
9577,Customer #9577,Rio De Janeiro,RJ,2017-09-07
9578,Customer #9578,Sao Paulo,SP,2018-03-24
9579,Customer #9579,Sao Paulo,SP,2018-06-28
9580,Customer #9580,Caraguatatuba,SP,2018-04-13
9581,Customer #9581,Sao Paulo,SP,2018-01-25
9582,Customer #9582,Rio De Janeiro,RJ,2018-04-25
9583,Customer #9583,Campo Verde,MT,2017-11-20
9584,Customer #9584,Sao Paulo,SP,2018-04-16
9585,Customer #9585,Rio De Janeiro,RJ,2018-01-10
9586,Customer #9586,Nova Friburgo,RJ,2017-02-11
9587,Customer #9587,Apiuna,SC,2017-04-25
9588,Customer #9588,Bonito,MS,2018-04-10
9589,Customer #9589,Ribeirao Preto,SP,2018-01-22
9590,Customer #9590,Embu Das Artes,SP,2018-04-29
9591,Customer #9591,Goiania,GO,2017-11-18
9592,Customer #9592,Sorocaba,SP,2017-08-16
9593,Customer #9593,Cubatao,SP,2018-02-13
9594,Customer #9594,Guarulhos,SP,2018-03-03
9595,Customer #9595,Ouro Fino,MG,2018-02-22
9596,Customer #9596,Cianorte,PR,2017-09-11
9597,Customer #9597,Sao Paulo,SP,2018-06-02
9598,Customer #9598,Niteroi,RJ,2017-06-05
9599,Customer #9599,Sao Jose,SC,2017-11-15
9600,Customer #9600,Caxias Do Sul,RS,2018-01-28
9601,Customer #9601,Vila Velha,ES,2018-06-14
9602,Customer #9602,Sao Paulo,SP,2018-01-29
9603,Customer #9603,Buritizeiro,MG,2017-04-02
9604,Customer #9604,Trindade,GO,2018-06-08
9605,Customer #9605,Sao Paulo,SP,2018-01-15
9606,Customer #9606,Patrocinio,MG,2018-02-22
9607,Customer #9607,Porto Alegre,RS,2018-01-31
9608,Customer #9608,Curitiba,PR,2017-12-03
9609,Customer #9609,Santo Antonio Da Platina,PR,2018-02-20
9610,Customer #9610,Belem,PA,2018-05-30
9611,Customer #9611,Sao Jose Dos Campos,SP,2018-03-14
9612,Customer #9612,Jundiai,SP,2018-04-15
9613,Customer #9613,Brusque,SC,2018-05-17
9614,Customer #9614,Sao Jose Dos Campos,SP,2018-06-06
9615,Customer #9615,Cuiaba,MT,2017-02-02
9616,Customer #9616,Angra Dos Reis,RJ,2017-08-22
9617,Customer #9617,Aracatuba,SP,2017-10-26
9618,Customer #9618,Sao Paulo,SP,2017-04-22
9619,Customer #9619,Sao Paulo,SP,2018-01-31
9620,Customer #9620,Terra Roxa,SP,2017-12-20
9621,Customer #9621,Cravinhos,SP,2018-04-23
9622,Customer #9622,Porto Alegre,RS,2018-01-02
9623,Customer #9623,Sao Carlos,SP,2018-03-29
9624,Customer #9624,Gravata,PE,2017-08-06
9625,Customer #9625,Nilopolis,RJ,2017-10-21
9626,Customer #9626,Niteroi,RJ,2017-10-30
9627,Customer #9627,Sao Paulo,SP,2018-07-28
9628,Customer #9628,Barra Mansa,RJ,2017-09-06
9629,Customer #9629,Belo Horizonte,MG,2018-08-01
9630,Customer #9630,Rio De Janeiro,RJ,2018-01-12
9631,Customer #9631,Escada,PE,2018-07-25
9632,Customer #9632,Brasilia,DF,2017-10-09
9633,Customer #9633,Porto Ferreira,SP,2017-06-07
9634,Customer #9634,Nova Friburgo,RJ,2017-11-24
9635,Customer #9635,Mozarlandia,GO,2018-05-06
9636,Customer #9636,Brasilia,DF,2018-06-24
9637,Customer #9637,Rio De Janeiro,RJ,2017-07-14
9638,Customer #9638,Osasco,SP,2017-11-24
9639,Customer #9639,Vitoria,ES,2018-01-29
9640,Customer #9640,Agua Nova,RN,2017-08-24
9641,Customer #9641,Sao Paulo,SP,2017-02-05
9642,Customer #9642,Nova Prata,RS,2017-09-03
9643,Customer #9643,Sao Carlos,SP,2018-03-01
9644,Customer #9644,Itapura,SP,2017-11-03
9645,Customer #9645,Varzea Da Palma,MG,2017-08-30
9646,Customer #9646,Brasilia,DF,2018-05-12
9647,Customer #9647,Sao Paulo,SP,2018-06-26
9648,Customer #9648,Maringa,PR,2018-01-19
9649,Customer #9649,Indaiatuba,SP,2017-09-11
9650,Customer #9650,Rio De Janeiro,RJ,2018-01-15
9651,Customer #9651,Pirajui,SP,2018-04-29
9652,Customer #9652,Taquarituba,SP,2017-08-14
9653,Customer #9653,Florianopolis,SC,2017-04-26
9654,Customer #9654,Campinas,SP,2018-06-05
9655,Customer #9655,Campinas,SP,2018-01-05
9656,Customer #9656,Sao Paulo,SP,2018-01-27
9657,Customer #9657,Mogi Mirim,SP,2017-05-18
9658,Customer #9658,Sorocaba,SP,2018-05-22
9659,Customer #9659,Rio De Janeiro,RJ,2017-11-20
9660,Customer #9660,Campina Grande,PB,2018-08-21
9661,Customer #9661,Ribeirao Das Neves,MG,2017-11-22
9662,Customer #9662,Belem,PA,2018-04-05
9663,Customer #9663,Macae,RJ,2018-02-03
9664,Customer #9664,Curitiba,PR,2018-07-24
9665,Customer #9665,Sao Paulo,SP,2017-03-26
9666,Customer #9666,Rio Negrinho,SC,2018-02-01
9667,Customer #9667,Sao Paulo,SP,2018-04-15
9668,Customer #9668,Curitiba,PR,2018-02-13
9669,Customer #9669,Bom Despacho,MG,2018-05-25
9670,Customer #9670,Araraquara,SP,2017-10-12
9671,Customer #9671,Japuiba,RJ,2018-01-08
