order_id,customer_id,order_date,order_status
1,1,2017-07-09,Delivered
2,2,2017-04-11,Invoiced
3,3,2017-07-13,Delivered
4,4,2018-04-16,Delivered
5,5,2018-08-04,Delivered
6,6,2018-07-29,Delivered
7,7,2017-12-15,Delivered
8,8,2017-11-30,Delivered
9,9,2017-08-09,Delivered
10,10,2017-05-09,Delivered
11,11,2017-07-01,Delivered
12,12,2018-07-06,Delivered
13,13,2017-11-21,Delivered
14,14,2018-05-30,Delivered
15,15,2017-09-26,Delivered
16,16,2018-07-27,Delivered
17,17,2018-08-01,Delivered
18,18,2018-02-03,Delivered
19,19,2018-08-08,Delivered
20,20,2017-01-05,Delivered
21,21,2018-02-01,Delivered
22,22,2018-03-07,Delivered
23,23,2017-02-08,Delivered
24,24,2017-11-24,Delivered
25,25,2018-01-22,Delivered
26,26,2018-04-10,Delivered
27,27,2017-01-21,Delivered
28,28,2017-06-27,Delivered
29,29,2017-12-08,Delivered
30,30,2018-08-21,Delivered
31,31,2018-01-02,Delivered
32,32,2018-03-17,Shipped
33,33,2018-08-09,Delivered
34,34,2018-08-16,Delivered
35,35,2018-07-01,Delivered
36,36,2018-07-22,Delivered
37,37,2018-07-06,Delivered
38,38,2018-06-12,Delivered
39,39,2018-05-24,Delivered
40,40,2017-08-28,Delivered
41,41,2017-11-27,Delivered
42,42,2018-08-01,Delivered
43,43,2018-03-08,Delivered
44,44,2017-06-13,Delivered
45,45,2017-04-29,Delivered
46,46,2017-12-06,Delivered
47,47,2018-08-01,Delivered
48,48,2017-12-23,Delivered
49,49,2018-05-10,Delivered
50,50,2018-03-07,Delivered
51,51,2018-06-24,Delivered
52,52,2017-09-03,Delivered
53,53,2018-07-11,Delivered
54,54,2017-12-09,Delivered
55,55,2018-08-01,Delivered
56,56,2017-05-19,Delivered
57,57,2017-11-28,Delivered
58,58,2018-06-28,Delivered
59,59,2017-12-20,Delivered
60,60,2017-03-06,Delivered
61,61,2017-05-11,Delivered
62,62,2017-09-11,Delivered
63,63,2018-04-28,Delivered
64,64,2017-12-15,Delivered
65,65,2018-02-19,Delivered
66,66,2018-06-27,Delivered
67,67,2018-03-21,Delivered
68,68,2017-12-08,Delivered
69,69,2017-06-05,Delivered
70,70,2018-01-26,Delivered
71,71,2018-02-25,Delivered
72,72,2018-01-29,Delivered
73,73,2017-03-05,Delivered
74,74,2018-08-14,Delivered
75,75,2017-11-28,Delivered
76,76,2017-04-30,Delivered
77,77,2018-07-18,Delivered
78,78,2018-01-10,Delivered
79,79,2017-11-24,Delivered
80,80,2018-04-23,Delivered
81,81,2017-04-18,Delivered
82,82,2018-05-12,Delivered
83,83,2017-07-29,Delivered
84,84,2018-04-20,Delivered
85,85,2017-12-01,Delivered
86,86,2018-01-21,Delivered
87,87,2017-11-28,Delivered
88,88,2018-08-14,Delivered
89,89,2017-08-26,Delivered
90,90,2018-04-29,Delivered
91,91,2017-10-27,Delivered
92,92,2017-11-29,Delivered
93,93,2018-05-01,Delivered
94,94,2017-09-12,Delivered
95,95,2017-05-05,Delivered
96,96,2018-05-23,Delivered
97,97,2018-02-03,Delivered
98,98,2017-12-09,Delivered
99,99,2017-03-21,Delivered
100,100,2018-06-12,Delivered
101,101,2017-11-24,Delivered
102,102,2018-03-11,Delivered
103,103,2017-09-26,Delivered
104,104,2018-02-19,Delivered
105,105,2017-10-20,Delivered
106,106,2018-01-13,Delivered
107,107,2017-06-06,Delivered
108,108,2017-04-08,Delivered
109,109,2017-11-29,Delivered
110,110,2018-08-28,Canceled
111,111,2018-08-03,Delivered
112,112,2018-06-20,Delivered
113,113,2018-03-25,Delivered
114,114,2017-08-16,Delivered
115,115,2017-07-06,Delivered
116,116,2018-05-11,Delivered
117,117,2018-08-17,Delivered
118,118,2017-09-25,Delivered
119,119,2018-01-31,Delivered
120,120,2018-04-12,Delivered
121,121,2017-10-13,Delivered
122,122,2018-04-27,Delivered
123,123,2018-05-12,Delivered
124,124,2018-02-18,Delivered
125,125,2018-06-06,Delivered
126,126,2018-02-17,Delivered
127,127,2018-03-09,Delivered
128,128,2018-01-20,Delivered
129,129,2017-07-05,Delivered
130,130,2017-10-15,Delivered
131,131,2018-05-06,Delivered
132,132,2017-02-13,Delivered
133,133,2017-12-16,Delivered
134,134,2018-05-20,Delivered
135,135,2017-10-06,Delivered
136,136,2018-07-13,Delivered
137,137,2017-10-20,Delivered
138,138,2017-09-28,Delivered
139,139,2018-07-18,Delivered
140,140,2017-09-23,Delivered
141,141,2017-10-26,Delivered
142,142,2018-06-05,Delivered
143,143,2017-05-01,Delivered
144,144,2017-12-18,Delivered
145,145,2018-07-24,Delivered
146,146,2018-06-14,Delivered
147,147,2018-01-31,Delivered
148,148,2018-05-03,Delivered
149,149,2017-08-24,Delivered
150,150,2018-04-10,Delivered
151,151,2018-08-10,Delivered
152,152,2017-07-10,Delivered
153,153,2017-11-23,Delivered
154,154,2018-07-18,Delivered
155,155,2018-06-16,Delivered
156,156,2017-11-15,Delivered
157,157,2018-02-03,Delivered
158,158,2017-12-02,Delivered
159,159,2017-12-27,Delivered
160,160,2017-08-29,Delivered
161,161,2018-02-14,Delivered
162,162,2017-08-13,Delivered
163,163,2017-06-23,Delivered
164,164,2018-02-28,Delivered
165,165,2018-08-26,Delivered
166,166,2018-08-13,Delivered
167,167,2018-03-16,Delivered
168,168,2017-06-01,Delivered
169,169,2018-01-07,Delivered
170,170,2017-11-21,Processing
171,171,2017-11-14,Delivered
172,172,2018-02-12,Delivered
173,173,2017-08-31,Delivered
174,174,2018-01-22,Delivered
175,175,2017-12-02,Delivered
176,176,2018-08-22,Delivered
177,177,2017-06-12,Delivered
178,178,2018-03-15,Delivered
179,179,2018-04-11,Delivered
180,180,2018-02-19,Delivered
181,181,2017-09-09,Delivered
182,182,2017-05-22,Delivered
183,183,2017-06-06,Delivered
184,184,2017-05-29,Delivered
185,185,2018-01-07,Delivered
186,186,2018-03-11,Delivered
187,187,2018-06-19,Delivered
188,188,2017-08-17,Delivered
189,189,2017-11-22,Delivered
190,190,2017-10-07,Delivered
191,191,2017-11-11,Delivered
192,192,2018-01-22,Delivered
193,193,2018-03-12,Delivered
194,194,2017-11-12,Delivered
195,195,2017-12-07,Delivered
196,196,2018-07-26,Delivered
197,197,2018-05-20,Delivered
198,198,2018-03-25,Delivered
199,199,2018-02-19,Delivered
200,200,2017-12-27,Delivered
201,201,2018-07-24,Delivered
202,202,2018-06-21,Delivered
203,203,2017-02-27,Delivered
204,204,2018-07-25,Delivered
205,205,2018-02-01,Delivered
206,206,2018-08-14,Delivered
207,207,2017-11-27,Delivered
208,208,2018-04-14,Delivered
209,209,2017-06-08,Delivered
210,210,2018-04-12,Delivered
211,211,2018-01-05,Delivered
212,212,2018-01-16,Delivered
213,213,2017-10-04,Delivered
214,214,2017-07-28,Delivered
215,215,2017-03-22,Delivered
216,216,2018-02-13,Delivered
217,217,2017-11-26,Delivered
218,218,2018-08-20,Delivered
219,219,2018-03-15,Delivered
220,220,2017-06-22,Delivered
221,221,2017-11-27,Delivered
222,222,2018-03-30,Delivered
223,223,2018-08-10,Delivered
224,224,2017-08-09,Delivered
225,225,2017-11-23,Delivered
226,226,2017-11-18,Delivered
227,227,2017-06-14,Delivered
228,228,2017-12-09,Delivered
229,229,2018-01-23,Delivered
230,230,2018-01-14,Delivered
231,231,2017-07-03,Delivered
232,232,2017-12-26,Delivered
233,233,2018-06-25,Delivered
234,234,2018-05-29,Delivered
235,235,2017-11-29,Delivered
236,236,2018-06-07,Delivered
237,237,2017-12-13,Delivered
238,238,2018-04-22,Delivered
239,239,2017-09-21,Delivered
240,240,2018-07-01,Delivered
241,241,2018-04-27,Delivered
242,242,2017-05-17,Delivered
243,243,2017-04-26,Delivered
244,244,2018-04-03,Delivered
245,245,2017-02-08,Shipped
246,246,2017-11-25,Delivered
247,247,2017-08-11,Delivered
248,248,2017-05-15,Delivered
249,249,2018-04-06,Delivered
250,250,2018-04-12,Delivered
251,251,2018-04-17,Shipped
252,252,2018-08-24,Delivered
253,253,2018-06-10,Delivered
254,254,2018-04-03,Delivered
255,255,2018-01-05,Delivered
256,256,2017-08-01,Delivered
257,257,2018-02-06,Delivered
258,258,2017-09-14,Delivered
259,259,2018-05-20,Delivered
260,260,2017-11-07,Delivered
261,261,2018-05-31,Delivered
262,262,2017-12-24,Delivered
263,263,2017-06-01,Delivered
264,264,2017-03-16,Delivered
265,265,2018-01-14,Delivered
266,266,2018-08-06,Delivered
267,267,2018-06-09,Shipped
268,268,2017-04-04,Delivered
269,269,2018-05-23,Delivered
270,270,2017-06-28,Delivered
271,271,2018-05-03,Delivered
272,272,2017-10-03,Delivered
273,273,2017-06-21,Delivered
274,274,2017-04-09,Delivered
275,275,2018-01-18,Delivered
276,276,2017-09-20,Delivered
277,277,2018-01-10,Delivered
278,278,2017-05-19,Delivered
279,279,2017-09-21,Delivered
280,280,2017-12-11,Delivered
281,281,2018-07-30,Delivered
282,282,2018-08-15,Delivered
283,283,2018-07-18,Delivered
284,284,2018-03-26,Delivered
285,285,2017-09-10,Delivered
286,286,2018-02-09,Delivered
287,287,2018-06-16,Delivered
288,288,2018-07-26,Delivered
289,289,2017-03-16,Delivered
290,290,2018-07-30,Delivered
291,291,2018-01-02,Delivered
292,292,2018-05-01,Delivered
293,293,2017-08-03,Delivered
294,294,2017-08-03,Delivered
295,295,2017-08-25,Delivered
296,296,2017-03-08,Processing
297,297,2018-02-17,Delivered
298,298,2017-11-21,Delivered
299,299,2018-03-02,Delivered
300,300,2018-03-04,Delivered
301,301,2018-04-08,Delivered
302,302,2017-06-16,Delivered
303,303,2018-03-12,Delivered
304,304,2018-03-01,Delivered
305,305,2017-11-23,Invoiced
306,306,2017-09-23,Delivered
307,307,2017-05-29,Delivered
308,308,2017-10-21,Delivered
309,309,2018-07-02,Delivered
310,310,2018-06-07,Delivered
311,311,2017-04-30,Delivered
312,312,2017-12-18,Delivered
313,313,2018-01-07,Delivered
314,314,2017-04-06,Delivered
315,315,2018-04-01,Delivered
316,316,2018-07-23,Delivered
317,317,2018-04-01,Delivered
318,318,2017-06-10,Delivered
319,319,2018-04-25,Delivered
320,320,2017-12-01,Delivered
321,321,2017-03-19,Delivered
322,322,2017-11-10,Delivered
323,323,2018-07-08,Delivered
324,324,2018-06-16,Delivered
325,325,2018-04-19,Delivered
326,326,2018-01-22,Delivered
327,327,2018-01-20,Delivered
328,328,2017-11-22,Delivered
329,329,2018-03-03,Delivered
330,330,2018-06-03,Delivered
331,331,2017-06-15,Delivered
332,332,2018-07-11,Delivered
333,333,2018-01-14,Delivered
334,334,2017-09-05,Delivered
335,335,2018-05-08,Delivered
336,336,2018-04-26,Delivered
337,337,2017-10-07,Delivered
338,338,2017-10-03,Delivered
339,339,2017-12-23,Delivered
340,340,2018-08-05,Delivered
341,341,2018-05-16,Delivered
342,342,2018-04-25,Delivered
343,343,2018-06-12,Delivered
344,344,2018-06-11,Delivered
345,345,2017-12-31,Delivered
346,346,2018-08-06,Delivered
347,347,2018-01-08,Delivered
348,348,2017-05-09,Delivered
349,349,2017-12-19,Delivered
350,350,2018-01-19,Delivered
351,351,2018-01-12,Delivered
352,352,2017-11-11,Delivered
353,353,2018-07-26,Delivered
354,354,2018-03-21,Delivered
355,355,2017-05-22,Delivered
356,356,2018-07-23,Delivered
357,357,2017-11-24,Delivered
358,358,2018-07-06,Delivered
359,359,2017-12-04,Delivered
360,360,2018-08-27,Delivered
361,361,2017-07-28,Delivered
362,362,2017-03-31,Delivered
363,363,2018-04-18,Delivered
364,364,2017-12-01,Delivered
365,365,2017-04-19,Delivered
366,366,2018-07-09,Delivered
367,367,2018-06-12,Delivered
368,368,2017-11-21,Delivered
369,369,2017-09-13,Delivered
370,370,2017-03-29,Delivered
371,371,2018-07-27,Delivered
372,372,2018-08-16,Delivered
373,373,2017-12-25,Delivered
374,374,2018-03-27,Delivered
375,375,2017-11-16,Delivered
376,376,2018-02-28,Delivered
377,377,2017-06-14,Delivered
378,378,2017-07-27,Delivered
379,379,2018-02-11,Delivered
380,380,2017-05-10,Delivered
381,381,2018-03-16,Delivered
382,382,2018-02-02,Delivered
383,383,2018-02-14,Delivered
384,384,2018-05-07,Delivered
385,385,2018-04-26,Delivered
386,386,2018-05-11,Delivered
387,387,2018-06-25,Delivered
388,388,2017-08-25,Delivered
389,389,2017-08-14,Delivered
390,390,2017-07-23,Delivered
391,391,2017-08-04,Delivered
392,392,2018-06-04,Delivered
393,393,2017-10-06,Delivered
394,394,2017-09-01,Delivered
395,395,2018-03-25,Delivered
396,396,2018-06-11,Delivered
397,397,2018-01-17,Delivered
398,398,2017-12-11,Delivered
399,399,2017-09-04,Delivered
400,400,2017-09-28,Delivered
401,401,2017-03-23,Delivered
402,402,2017-08-13,Delivered
403,403,2018-06-04,Delivered
404,404,2017-03-10,Delivered
405,405,2017-02-05,Delivered
406,406,2017-12-08,Delivered
407,407,2018-01-17,Delivered
408,408,2017-05-14,Delivered
409,409,2017-10-04,Delivered
410,410,2017-11-22,Delivered
411,411,2018-01-16,Delivered
412,412,2017-08-15,Delivered
413,413,2018-06-28,Delivered
414,414,2018-02-23,Delivered
415,415,2017-05-26,Delivered
416,416,2018-08-14,Delivered
417,417,2017-08-21,Delivered
418,418,2018-07-21,Delivered
419,419,2018-02-24,Delivered
420,420,2017-11-28,Delivered
421,421,2018-01-31,Delivered
422,422,2017-12-06,Delivered
423,423,2018-08-01,Delivered
424,424,2017-10-22,Delivered
425,425,2018-04-10,Delivered
426,426,2018-03-21,Delivered
427,427,2018-03-28,Delivered
428,428,2018-08-01,Delivered
429,429,2018-04-16,Delivered
430,430,2018-02-12,Delivered
431,431,2018-08-18,Delivered
432,432,2017-09-16,Delivered
433,433,2018-03-21,Delivered
434,434,2017-05-27,Delivered
435,435,2018-03-03,Delivered
436,436,2018-02-01,Delivered
437,437,2018-07-01,Delivered
438,438,2017-07-15,Delivered
439,439,2017-11-24,Delivered
440,440,2018-01-02,Unavailable
441,441,2018-07-25,Delivered
442,442,2018-03-18,Delivered
443,443,2018-05-02,Delivered
444,444,2018-01-26,Delivered
445,445,2017-08-29,Delivered
446,446,2017-11-18,Delivered
447,447,2018-08-09,Delivered
448,448,2018-01-25,Delivered
449,449,2018-03-13,Processing
450,450,2017-04-07,Delivered
451,451,2018-03-29,Delivered
452,452,2018-06-28,Delivered
453,453,2017-03-30,Delivered
454,454,2018-08-12,Delivered
455,455,2018-06-03,Delivered
456,456,2018-07-28,Delivered
457,457,2018-05-01,Delivered
458,458,2017-01-31,Delivered
459,459,2017-06-09,Delivered
460,460,2018-08-05,Delivered
461,461,2018-08-05,Delivered
462,462,2018-08-03,Delivered
463,463,2018-08-06,Delivered
464,464,2018-01-11,Delivered
465,465,2017-05-28,Delivered
466,466,2017-08-18,Delivered
467,467,2017-12-07,Delivered
468,468,2018-05-29,Delivered
469,469,2018-03-17,Delivered
470,470,2017-08-31,Delivered
471,471,2018-02-01,Delivered
472,472,2018-08-09,Canceled
473,473,2018-03-02,Delivered
474,474,2017-11-11,Delivered
475,475,2017-06-16,Delivered
476,476,2018-07-29,Delivered
477,477,2017-07-04,Delivered
478,478,2018-08-07,Delivered
479,479,2018-06-21,Delivered
480,480,2017-05-18,Delivered
481,481,2017-09-10,Delivered
482,482,2017-07-15,Delivered
483,483,2018-08-16,Delivered
484,484,2017-08-14,Delivered
485,485,2018-02-28,Delivered
486,486,2018-03-02,Delivered
487,487,2017-11-10,Delivered
488,488,2018-06-07,Delivered
489,489,2018-07-20,Delivered
490,490,2018-03-21,Delivered
491,491,2018-08-11,Delivered
492,492,2017-08-23,Delivered
493,493,2017-10-29,Delivered
494,494,2017-09-20,Delivered
495,495,2018-02-01,Delivered
496,496,2018-01-29,Delivered
497,497,2017-09-16,Delivered
498,498,2018-05-11,Delivered
499,499,2018-07-04,Delivered
500,500,2018-04-27,Delivered
501,501,2018-04-19,Delivered
502,502,2017-08-05,Delivered
503,503,2017-11-15,Delivered
504,504,2018-04-23,Delivered
505,505,2017-06-13,Delivered
506,506,2018-01-07,Delivered
507,507,2018-01-01,Delivered
508,508,2018-07-03,Delivered
509,509,2018-01-31,Delivered
510,510,2018-02-11,Processing
511,511,2017-11-01,Delivered
512,512,2018-05-15,Delivered
513,513,2018-03-07,Delivered
514,514,2018-05-21,Delivered
515,515,2017-08-21,Delivered
516,516,2018-03-24,Delivered
517,517,2018-03-02,Delivered
518,518,2018-06-04,Delivered
519,519,2017-03-18,Delivered
520,520,2018-02-08,Delivered
521,521,2017-02-04,Delivered
522,522,2017-11-21,Delivered
523,523,2018-03-13,Delivered
524,524,2018-04-24,Delivered
525,525,2018-07-23,Delivered
526,526,2018-08-21,Delivered
527,527,2017-02-15,Delivered
528,528,2017-12-18,Delivered
529,529,2018-08-19,Delivered
530,530,2018-03-16,Delivered
531,531,2018-02-05,Delivered
532,532,2017-08-31,Delivered
533,533,2017-09-29,Delivered
534,534,2018-03-22,Delivered
535,535,2018-02-20,Delivered
536,536,2018-01-13,Delivered
537,537,2017-08-16,Delivered
538,538,2018-07-11,Delivered
539,539,2017-11-19,Delivered
540,540,2017-12-09,Delivered
541,541,2017-12-12,Delivered
542,542,2017-05-28,Delivered
543,543,2017-11-23,Delivered
544,544,2018-08-15,Delivered
545,545,2018-02-14,Delivered
546,546,2018-08-06,Delivered
547,547,2017-07-15,Delivered
548,548,2018-03-14,Delivered
549,549,2018-07-31,Delivered
550,550,2018-03-23,Delivered
551,551,2017-12-24,Delivered
552,552,2018-03-20,Delivered
553,553,2017-06-11,Delivered
554,554,2018-05-14,Delivered
555,555,2017-10-13,Delivered
556,556,2017-02-24,Delivered
557,557,2018-08-14,Delivered
558,558,2017-04-23,Delivered
559,559,2018-01-08,Delivered
560,560,2018-04-06,Delivered
561,561,2018-05-07,Delivered
562,562,2017-12-03,Delivered
563,563,2017-05-31,Delivered
564,564,2018-01-31,Delivered
565,565,2018-07-07,Delivered
566,566,2018-01-15,Delivered
567,567,2017-07-06,Delivered
568,568,2018-06-20,Delivered
569,569,2018-06-12,Delivered
570,570,2017-07-25,Delivered
571,571,2018-05-17,Delivered
572,572,2018-04-08,Delivered
573,573,2018-05-11,Delivered
574,574,2018-08-03,Delivered
575,575,2017-05-26,Delivered
576,576,2018-02-24,Delivered
577,577,2017-10-02,Delivered
578,578,2018-03-17,Delivered
579,579,2018-04-23,Delivered
580,580,2017-11-24,Delivered
581,581,2018-01-27,Delivered
582,582,2018-08-01,Delivered
583,583,2017-08-03,Delivered
584,584,2018-01-08,Delivered
585,585,2018-03-16,Delivered
586,586,2018-06-22,Delivered
587,587,2018-07-07,Delivered
588,588,2018-01-05,Delivered
589,589,2017-08-05,Delivered
590,590,2017-06-11,Delivered
591,591,2018-04-18,Delivered
592,592,2017-11-13,Delivered
593,593,2018-05-21,Delivered
594,594,2017-07-19,Delivered
595,595,2017-08-30,Delivered
596,596,2017-07-16,Delivered
597,597,2017-10-17,Delivered
598,598,2018-01-09,Delivered
599,599,2017-12-07,Delivered
600,600,2018-06-21,Delivered
601,601,2017-09-08,Delivered
602,602,2017-08-15,Delivered
603,603,2018-07-30,Delivered
604,604,2018-07-31,Delivered
605,605,2017-11-10,Delivered
606,606,2018-06-25,Delivered
607,607,2017-05-07,Delivered
608,608,2017-02-22,Delivered
609,609,2018-06-11,Delivered
610,610,2018-02-05,Delivered
611,611,2017-09-04,Delivered
612,612,2017-05-02,Delivered
613,613,2017-12-07,Delivered
614,614,2018-07-18,Delivered
615,615,2018-08-04,Delivered
616,616,2018-04-16,Delivered
617,617,2018-08-08,Delivered
618,618,2017-10-04,Delivered
619,619,2018-06-22,Delivered
620,620,2017-06-30,Delivered
621,621,2018-07-26,Delivered
622,622,2017-07-05,Delivered
623,623,2018-08-12,Delivered
624,624,2018-02-06,Delivered
625,625,2018-08-09,Delivered
626,626,2018-06-19,Delivered
627,627,2018-04-10,Delivered
628,628,2017-11-23,Delivered
629,629,2018-08-23,Delivered
630,630,2018-03-01,Delivered
631,631,2017-12-06,Delivered
632,632,2018-07-13,Delivered
633,633,2018-04-10,Delivered
634,634,2018-04-28,Delivered
635,635,2017-12-16,Processing
636,636,2018-06-23,Delivered
637,637,2018-05-18,Delivered
638,638,2018-03-23,Delivered
639,639,2017-08-06,Delivered
640,640,2017-09-14,Delivered
641,641,2018-03-29,Delivered
642,642,2017-02-24,Delivered
643,643,2017-10-17,Delivered
644,644,2017-10-23,Delivered
645,645,2017-09-19,Delivered
646,646,2017-11-24,Delivered
647,647,2017-12-30,Delivered
648,648,2017-04-24,Delivered
649,649,2018-07-04,Delivered
650,650,2018-02-07,Delivered
651,651,2017-06-13,Delivered
652,652,2018-02-07,Delivered
653,653,2017-05-18,Delivered
654,654,2017-02-02,Delivered
655,655,2018-02-17,Delivered
656,656,2018-04-09,Delivered
657,657,2018-04-24,Delivered
658,658,2017-09-19,Delivered
659,659,2018-07-01,Delivered
660,660,2018-04-01,Delivered
661,661,2018-02-25,Delivered
662,662,2018-08-03,Delivered
663,663,2017-12-01,Delivered
664,664,2017-10-18,Delivered
665,665,2017-11-24,Delivered
666,666,2017-05-04,Delivered
667,667,2017-11-24,Delivered
668,668,2017-11-24,Delivered
669,669,2017-07-27,Delivered
670,670,2017-03-28,Delivered
671,671,2017-12-27,Delivered
672,672,2018-05-01,Delivered
673,673,2018-03-19,Delivered
674,674,2018-08-10,Delivered
675,675,2018-01-18,Delivered
676,676,2018-08-06,Invoiced
677,677,2018-04-17,Delivered
678,678,2017-02-13,Delivered
679,679,2017-09-09,Delivered
680,680,2017-09-11,Delivered
681,681,2017-11-28,Delivered
682,682,2017-11-22,Delivered
683,683,2018-01-05,Delivered
684,684,2018-04-19,Delivered
685,685,2017-07-27,Delivered
686,686,2018-08-02,Delivered
687,687,2018-02-14,Delivered
688,688,2017-09-22,Delivered
689,689,2017-11-15,Delivered
690,690,2018-06-19,Delivered
691,691,2018-05-13,Delivered
692,692,2017-12-09,Delivered
693,693,2018-03-11,Delivered
694,694,2018-08-08,Delivered
695,695,2018-02-16,Delivered
696,696,2017-06-09,Delivered
697,697,2017-05-29,Delivered
698,698,2018-04-24,Delivered
699,699,2017-11-28,Delivered
700,700,2018-02-03,Delivered
701,701,2018-04-07,Delivered
702,702,2017-12-10,Delivered
703,703,2017-02-11,Delivered
704,704,2018-06-05,Delivered
705,705,2017-10-18,Delivered
706,706,2017-02-13,Delivered
707,707,2017-12-27,Unavailable
708,708,2017-01-23,Delivered
709,709,2018-03-25,Delivered
710,710,2017-06-07,Delivered
711,711,2017-12-12,Delivered
712,712,2017-06-29,Delivered
713,713,2017-08-26,Delivered
714,714,2017-02-27,Delivered
715,715,2018-07-09,Delivered
716,716,2017-12-11,Delivered
717,717,2017-11-24,Delivered
718,718,2018-04-12,Delivered
719,719,2018-07-28,Delivered
720,720,2018-08-04,Delivered
721,721,2017-11-25,Delivered
722,722,2018-04-27,Delivered
723,723,2017-03-08,Delivered
724,724,2018-07-27,Delivered
725,725,2018-02-05,Delivered
726,726,2017-09-02,Delivered
727,727,2018-07-12,Delivered
728,728,2018-02-25,Delivered
729,729,2018-08-25,Delivered
730,730,2017-12-05,Delivered
731,731,2018-02-11,Delivered
732,732,2017-08-23,Delivered
733,733,2018-07-27,Delivered
734,734,2017-09-04,Delivered
735,735,2017-09-12,Delivered
736,736,2018-04-09,Delivered
737,737,2018-04-26,Delivered
738,738,2018-07-08,Delivered
739,739,2017-12-04,Delivered
740,740,2018-04-21,Delivered
741,741,2017-12-02,Delivered
742,742,2018-04-26,Delivered
743,743,2017-12-13,Delivered
744,744,2018-08-09,Delivered
745,745,2017-08-09,Delivered
746,746,2018-06-08,Delivered
747,747,2018-03-26,Delivered
748,748,2018-04-15,Delivered
749,749,2018-05-02,Delivered
750,750,2018-06-27,Delivered
751,751,2018-06-22,Delivered
752,752,2017-08-24,Delivered
753,753,2017-12-05,Delivered
754,754,2017-05-17,Delivered
755,755,2017-07-19,Delivered
756,756,2017-06-24,Delivered
757,757,2018-07-12,Delivered
758,758,2017-06-24,Delivered
759,759,2018-04-02,Delivered
760,760,2017-09-10,Delivered
761,761,2017-11-28,Delivered
762,762,2017-06-25,Delivered
763,763,2018-03-03,Delivered
764,764,2017-06-04,Shipped
765,765,2018-02-23,Delivered
766,766,2018-07-03,Delivered
767,767,2017-03-28,Delivered
768,768,2017-03-15,Delivered
769,769,2018-03-15,Delivered
770,770,2017-07-14,Delivered
771,771,2018-06-12,Delivered
772,772,2017-11-26,Delivered
773,773,2018-06-29,Delivered
774,774,2018-01-08,Delivered
775,775,2018-07-22,Delivered
776,776,2018-06-07,Delivered
777,777,2017-10-17,Delivered
778,778,2017-12-03,Delivered
779,779,2018-07-27,Delivered
780,780,2017-03-10,Delivered
781,781,2018-06-11,Delivered
782,782,2017-09-12,Delivered
783,783,2017-12-08,Delivered
784,784,2018-05-07,Delivered
785,785,2017-05-21,Delivered
786,786,2017-09-04,Delivered
787,787,2018-01-14,Delivered
788,788,2018-04-08,Delivered
789,789,2017-12-23,Delivered
790,790,2018-08-14,Delivered
791,791,2017-05-20,Delivered
792,541,2017-11-25,Delivered
793,792,2018-08-20,Delivered
794,793,2018-08-10,Delivered
795,794,2018-04-10,Delivered
796,795,2017-04-07,Delivered
797,796,2017-10-01,Delivered
798,797,2017-04-20,Delivered
799,798,2017-11-24,Delivered
800,799,2018-08-18,Delivered
801,800,2018-01-25,Delivered
802,801,2018-03-12,Delivered
803,802,2018-03-22,Delivered
804,803,2018-03-15,Delivered
805,804,2017-10-27,Delivered
806,805,2018-05-01,Delivered
807,806,2018-04-11,Delivered
808,807,2017-09-14,Delivered
809,808,2018-04-29,Delivered
810,809,2018-01-13,Delivered
811,810,2018-02-07,Delivered
812,811,2017-10-13,Delivered
813,812,2017-12-30,Delivered
814,813,2018-04-16,Delivered
815,814,2017-09-03,Delivered
816,815,2017-05-21,Delivered
817,816,2018-03-16,Shipped
818,817,2018-03-31,Delivered
819,818,2017-10-12,Delivered
820,819,2017-07-17,Delivered
821,820,2018-03-16,Delivered
822,821,2017-02-05,Delivered
823,822,2018-07-29,Delivered
824,823,2018-06-27,Delivered
825,824,2017-07-18,Delivered
826,825,2018-03-13,Delivered
827,826,2017-10-24,Delivered
828,827,2018-01-11,Delivered
829,828,2018-01-04,Delivered
830,829,2017-02-18,Delivered
831,830,2017-10-09,Delivered
832,504,2017-10-30,Delivered
833,831,2017-12-15,Delivered
834,832,2017-10-27,Delivered
835,833,2017-11-24,Delivered
836,834,2018-01-27,Delivered
837,835,2018-06-29,Delivered
838,836,2017-09-07,Delivered
839,837,2017-08-21,Delivered
840,838,2017-07-18,Delivered
841,839,2017-09-09,Delivered
842,840,2018-06-20,Delivered
843,841,2017-11-23,Delivered
844,842,2018-06-18,Delivered
845,843,2018-04-15,Delivered
846,844,2018-06-28,Delivered
847,845,2018-06-27,Delivered
848,846,2018-08-13,Delivered
849,847,2018-07-27,Delivered
850,848,2018-01-12,Delivered
851,849,2017-08-01,Delivered
852,850,2018-05-18,Delivered
853,851,2018-03-12,Delivered
854,852,2017-07-07,Delivered
855,853,2018-05-22,Delivered
856,854,2018-07-03,Delivered
857,855,2017-04-07,Delivered
858,856,2018-02-26,Delivered
859,857,2018-02-09,Delivered
860,858,2017-05-21,Delivered
861,859,2017-03-28,Delivered
862,860,2018-08-05,Delivered
863,861,2017-07-11,Delivered
864,862,2018-07-10,Delivered
865,863,2018-05-12,Delivered
866,864,2018-08-08,Delivered
867,865,2018-02-26,Delivered
868,866,2017-08-21,Delivered
869,867,2017-11-24,Delivered
870,868,2018-03-27,Delivered
871,869,2017-06-20,Delivered
872,870,2018-06-25,Delivered
873,871,2018-06-21,Delivered
874,872,2018-05-23,Delivered
875,873,2017-12-15,Delivered
876,874,2017-10-06,Delivered
877,875,2017-07-13,Delivered
878,876,2018-08-02,Delivered
879,877,2018-03-03,Delivered
880,878,2018-08-01,Delivered
881,879,2018-08-09,Delivered
882,880,2018-04-11,Delivered
883,881,2018-07-17,Delivered
884,882,2018-03-08,Delivered
885,883,2018-04-04,Delivered
886,884,2018-06-24,Delivered
887,885,2018-06-13,Delivered
888,886,2017-09-05,Delivered
889,887,2017-05-26,Delivered
890,888,2018-02-20,Delivered
891,889,2017-12-04,Delivered
892,890,2018-04-25,Delivered
893,891,2017-11-24,Delivered
894,892,2018-03-09,Delivered
895,893,2018-08-21,Delivered
896,894,2018-04-24,Delivered
897,895,2018-01-18,Delivered
898,896,2018-03-30,Delivered
899,897,2018-01-26,Delivered
900,898,2018-05-04,Delivered
901,899,2017-05-21,Delivered
902,900,2018-04-29,Delivered
903,901,2017-12-07,Processing
904,902,2017-07-14,Delivered
905,903,2017-09-01,Delivered
906,904,2017-11-27,Delivered
907,905,2018-07-29,Delivered
908,906,2018-01-08,Delivered
909,907,2018-01-02,Delivered
910,908,2018-04-12,Delivered
911,909,2018-01-19,Delivered
912,910,2018-01-20,Delivered
913,911,2018-04-13,Delivered
914,912,2018-08-23,Delivered
915,913,2017-09-18,Delivered
916,914,2018-01-20,Delivered
917,915,2018-02-18,Delivered
918,916,2018-03-09,Shipped
919,917,2017-08-13,Delivered
920,918,2017-09-05,Delivered
921,919,2017-02-22,Delivered
922,920,2017-09-26,Delivered
923,921,2017-06-19,Delivered
924,922,2018-02-20,Delivered
925,923,2018-08-07,Delivered
926,924,2017-05-18,Delivered
927,925,2018-03-31,Delivered
928,926,2017-10-10,Delivered
929,927,2018-08-10,Delivered
930,928,2017-05-04,Delivered
931,929,2017-04-28,Delivered
932,930,2018-01-21,Delivered
933,931,2018-07-24,Delivered
934,932,2018-03-13,Delivered
935,933,2018-04-03,Shipped
936,934,2018-08-17,Delivered
937,935,2017-03-21,Unavailable
938,936,2017-11-21,Delivered
939,937,2017-01-15,Delivered
940,938,2017-08-03,Delivered
941,939,2017-07-27,Delivered
942,940,2018-05-08,Delivered
943,941,2018-05-13,Delivered
944,942,2018-06-12,Delivered
945,943,2018-05-13,Delivered
946,944,2018-02-27,Delivered
947,945,2017-11-28,Delivered
948,946,2018-03-07,Delivered
949,947,2018-01-31,Delivered
950,948,2017-08-03,Delivered
951,949,2017-12-17,Delivered
952,950,2017-06-22,Delivered
953,951,2018-07-20,Delivered
954,952,2018-05-11,Delivered
955,953,2017-07-28,Delivered
956,954,2018-05-07,Delivered
957,955,2018-08-21,Delivered
958,956,2018-04-06,Delivered
959,957,2018-01-08,Delivered
960,958,2018-01-31,Delivered
961,959,2018-02-13,Delivered
962,960,2017-06-04,Delivered
963,961,2018-03-16,Delivered
964,962,2017-02-16,Delivered
965,963,2017-08-29,Delivered
966,964,2017-09-15,Delivered
967,965,2018-04-30,Delivered
968,966,2018-05-21,Delivered
969,967,2017-12-03,Delivered
970,968,2017-12-16,Delivered
971,969,2018-01-05,Delivered
972,970,2018-07-04,Delivered
973,971,2018-03-03,Delivered
974,972,2017-11-26,Delivered
975,973,2018-02-21,Delivered
976,974,2018-07-22,Delivered
977,975,2018-07-18,Delivered
978,976,2017-10-10,Invoiced
979,977,2018-05-19,Delivered
980,978,2018-08-06,Delivered
981,979,2018-03-23,Delivered
982,980,2018-07-27,Delivered
983,981,2017-11-10,Delivered
984,982,2017-09-14,Delivered
985,983,2017-12-14,Delivered
986,984,2018-01-17,Delivered
987,985,2018-08-03,Delivered
988,986,2018-01-04,Delivered
989,987,2018-01-17,Delivered
990,988,2017-10-06,Delivered
991,989,2017-08-20,Delivered
992,990,2018-07-20,Delivered
993,991,2017-04-09,Delivered
994,992,2018-02-01,Delivered
995,993,2017-03-31,Delivered
996,994,2017-08-28,Delivered
997,995,2018-02-26,Delivered
998,996,2017-05-17,Delivered
999,997,2018-05-14,Delivered
1000,998,2017-08-11,Delivered
1001,999,2017-03-20,Delivered
1002,1000,2017-04-03,Delivered
1003,1001,2017-08-20,Delivered
1004,1002,2018-04-02,Delivered
1005,1003,2018-04-09,Delivered
1006,1004,2017-04-22,Delivered
1007,1005,2018-02-03,Delivered
1008,1006,2018-08-04,Delivered
1009,1007,2018-05-08,Delivered
1010,1008,2017-06-07,Delivered
1011,1009,2018-01-22,Delivered
1012,1010,2018-05-14,Delivered
1013,1011,2017-12-15,Delivered
1014,630,2018-06-19,Delivered
1015,1012,2018-05-24,Delivered
1016,1013,2017-06-16,Delivered
1017,1014,2017-08-10,Delivered
1018,1015,2018-03-25,Delivered
1019,1016,2018-06-14,Delivered
1020,1017,2018-03-17,Delivered
1021,1018,2018-06-06,Delivered
1022,1019,2018-04-14,Delivered
1023,1020,2018-08-04,Delivered
1024,1021,2018-03-25,Delivered
1025,1022,2017-07-16,Delivered
1026,1023,2017-09-11,Delivered
1027,1024,2018-03-23,Delivered
1028,1025,2017-08-03,Delivered
1029,1026,2018-05-26,Delivered
1030,1027,2018-02-26,Delivered
1031,1028,2018-02-05,Delivered
1032,1029,2018-07-22,Delivered
1033,1030,2017-10-09,Delivered
1034,1031,2018-03-06,Delivered
1035,1032,2017-06-30,Delivered
1036,1033,2018-06-11,Delivered
1037,1034,2017-05-25,Delivered
1038,1035,2018-04-10,Delivered
1039,1036,2017-09-25,Delivered
1040,1037,2017-12-10,Delivered
1041,1038,2017-12-20,Delivered
1042,1039,2018-02-10,Delivered
1043,1040,2017-11-12,Delivered
1044,1041,2017-08-25,Delivered
1045,1042,2018-06-12,Delivered
1046,1043,2017-12-29,Delivered
1047,1044,2018-01-14,Delivered
1048,1045,2018-04-16,Delivered
1049,1046,2017-06-26,Delivered
1050,1047,2017-12-14,Delivered
1051,1048,2017-07-26,Delivered
1052,1049,2018-05-30,Delivered
1053,1050,2017-08-23,Delivered
1054,1051,2017-12-26,Delivered
1055,1052,2018-05-09,Delivered
1056,1053,2017-11-18,Delivered
1057,1054,2018-08-20,Delivered
1058,1055,2017-06-15,Delivered
1059,1056,2017-12-17,Delivered
1060,1057,2018-07-26,Delivered
1061,1058,2018-03-05,Delivered
1062,1059,2017-12-21,Delivered
1063,1060,2017-09-07,Delivered
1064,1061,2017-10-24,Delivered
1065,1062,2017-07-31,Delivered
1066,1063,2018-01-04,Delivered
1067,1064,2018-04-06,Delivered
1068,1065,2018-07-09,Delivered
1069,1066,2018-02-27,Delivered
1070,1067,2018-03-01,Delivered
1071,1068,2018-07-31,Canceled
1072,1069,2018-01-26,Delivered
1073,1070,2017-05-01,Delivered
1074,1071,2018-02-11,Delivered
1075,1072,2018-03-28,Delivered
1076,1073,2017-11-27,Delivered
1077,1074,2018-07-18,Delivered
1078,1075,2017-09-12,Delivered
1079,1076,2018-05-08,Delivered
1080,1077,2018-06-02,Delivered
1081,1078,2017-10-24,Delivered
1082,1079,2017-11-25,Delivered
1083,1080,2018-03-08,Delivered
1084,1081,2018-02-06,Delivered
1085,1082,2018-08-26,Delivered
1086,1083,2018-03-13,Delivered
1087,1084,2017-05-06,Delivered
1088,1085,2018-08-16,Delivered
1089,1086,2017-08-16,Delivered
1090,1087,2017-08-07,Delivered
1091,1088,2018-02-28,Delivered
1092,1089,2017-09-20,Delivered
1093,1090,2017-06-02,Delivered
1094,1091,2018-05-31,Delivered
1095,1092,2017-12-03,Delivered
1096,1093,2018-02-27,Delivered
1097,1094,2018-05-18,Invoiced
1098,1095,2017-12-28,Delivered
1099,1096,2018-01-29,Delivered
1100,1097,2018-01-11,Delivered
1101,1098,2018-08-13,Delivered
1102,1099,2018-08-03,Delivered
1103,1100,2017-03-19,Delivered
1104,1101,2018-03-26,Delivered
1105,1102,2017-02-23,Delivered
1106,1103,2017-04-26,Delivered
1107,1104,2018-01-31,Delivered
1108,1105,2018-03-06,Delivered
1109,1106,2018-05-09,Delivered
1110,1107,2017-07-31,Delivered
1111,1108,2017-05-15,Delivered
1112,1109,2018-02-05,Delivered
1113,1110,2018-04-09,Delivered
1114,1111,2017-07-17,Delivered
1115,1112,2018-06-21,Delivered
1116,1113,2018-06-06,Delivered
1117,1114,2018-05-19,Delivered
1118,1115,2017-11-24,Delivered
1119,1116,2017-12-30,Delivered
1120,1117,2017-03-27,Delivered
1121,1118,2017-08-12,Delivered
1122,1119,2017-08-15,Delivered
1123,1120,2017-08-07,Delivered
1124,1121,2017-05-08,Delivered
1125,1122,2018-02-22,Delivered
1126,1123,2017-08-08,Delivered
1127,1124,2018-01-22,Delivered
1128,1125,2017-10-23,Delivered
1129,1126,2018-01-06,Delivered
1130,1127,2017-09-30,Delivered
1131,1128,2017-03-29,Delivered
1132,949,2017-12-17,Delivered
1133,1129,2018-07-31,Delivered
1134,1130,2018-05-27,Delivered
1135,1131,2017-08-08,Delivered
1136,1132,2018-04-16,Delivered
1137,1133,2017-08-03,Delivered
1138,1134,2017-08-08,Delivered
1139,1135,2018-06-17,Delivered
1140,1136,2018-01-10,Delivered
1141,1137,2017-03-24,Delivered
1142,1138,2017-07-12,Delivered
1143,1139,2017-03-27,Delivered
1144,1140,2018-05-24,Delivered
1145,1141,2018-04-05,Delivered
1146,1142,2017-07-18,Delivered
1147,1143,2018-03-27,Delivered
1148,1144,2018-07-19,Delivered
1149,1145,2017-07-10,Delivered
1150,1146,2017-12-01,Delivered
1151,1147,2018-03-11,Delivered
1152,1148,2017-09-23,Delivered
1153,1149,2018-01-03,Delivered
1154,1150,2018-07-18,Delivered
1155,1151,2018-05-03,Delivered
1156,1152,2017-04-16,Delivered
1157,1153,2018-02-06,Delivered
1158,1154,2017-07-06,Delivered
1159,1155,2017-11-11,Delivered
1160,1156,2017-05-10,Delivered
1161,1157,2017-11-03,Delivered
1162,1158,2018-07-18,Delivered
1163,1159,2017-05-21,Delivered
1164,1160,2018-04-18,Delivered
1165,1161,2017-06-01,Delivered
1166,1162,2018-02-14,Delivered
1167,1163,2018-04-12,Delivered
1168,1164,2018-02-21,Delivered
1169,1165,2018-05-14,Delivered
1170,1166,2017-11-15,Delivered
1171,1167,2018-03-12,Delivered
1172,1168,2017-12-01,Delivered
1173,1169,2018-07-31,Delivered
1174,1170,2018-05-08,Delivered
1175,1171,2018-03-04,Delivered
1176,1172,2018-03-28,Delivered
1177,1173,2017-08-18,Delivered
1178,1174,2018-04-05,Delivered
1179,1175,2017-08-29,Delivered
1180,1176,2018-07-31,Delivered
1181,1177,2017-12-21,Delivered
1182,1178,2017-09-11,Delivered
1183,1179,2018-01-02,Delivered
1184,1180,2017-11-16,Delivered
1185,1181,2018-01-07,Delivered
1186,1182,2018-04-25,Delivered
1187,1183,2018-02-13,Delivered
1188,1184,2018-06-13,Delivered
1189,1185,2017-08-29,Delivered
1190,1186,2018-05-06,Delivered
1191,1187,2017-08-26,Delivered
1192,1188,2017-12-10,Delivered
1193,1189,2018-04-21,Delivered
1194,1190,2018-03-01,Unavailable
1195,1191,2018-08-20,Delivered
1196,1192,2018-03-08,Delivered
1197,1193,2018-05-02,Delivered
1198,1194,2017-06-18,Delivered
1199,1195,2017-07-23,Delivered
1200,1196,2017-08-30,Delivered
1201,1197,2017-08-28,Delivered
1202,1198,2018-08-03,Delivered
1203,1199,2017-09-02,Delivered
1204,1200,2018-03-05,Delivered
1205,1201,2017-08-19,Delivered
1206,1202,2017-08-04,Delivered
1207,1203,2018-06-15,Delivered
1208,1204,2017-09-11,Delivered
1209,1205,2017-07-07,Delivered
1210,1206,2018-01-16,Delivered
1211,1207,2017-12-13,Delivered
1212,1208,2018-03-04,Delivered
1213,1209,2018-06-13,Delivered
1214,1210,2017-05-22,Delivered
1215,1211,2017-09-05,Delivered
1216,1212,2017-04-09,Delivered
1217,1213,2018-07-09,Delivered
1218,1214,2018-03-09,Delivered
1219,1215,2018-02-04,Delivered
1220,1216,2017-10-01,Delivered
1221,1217,2017-10-17,Delivered
1222,1218,2018-04-05,Delivered
1223,1219,2018-07-28,Delivered
1224,1220,2017-04-27,Delivered
1225,1221,2018-08-04,Delivered
1226,1222,2017-09-01,Delivered
1227,1223,2017-02-07,Unavailable
1228,1224,2018-01-21,Delivered
1229,1225,2018-08-14,Delivered
1230,1226,2018-03-27,Delivered
1231,1227,2017-06-13,Delivered
1232,1228,2017-11-07,Delivered
1233,1229,2018-05-23,Delivered
1234,1230,2018-03-12,Delivered
1235,1231,2018-04-18,Delivered
1236,1232,2017-09-19,Delivered
1237,1233,2017-07-04,Delivered
1238,1234,2018-06-20,Delivered
1239,1235,2017-10-09,Delivered
1240,1236,2017-03-15,Delivered
1241,1237,2017-10-09,Delivered
1242,1238,2018-04-30,Delivered
1243,1239,2018-03-07,Delivered
1244,1240,2017-11-16,Delivered
1245,1241,2017-11-09,Delivered
1246,1242,2018-03-12,Delivered
1247,1243,2018-07-31,Delivered
1248,1244,2018-01-31,Delivered
1249,1245,2018-01-26,Delivered
1250,1246,2017-05-08,Delivered
1251,1247,2017-01-24,Delivered
1252,1248,2017-10-22,Delivered
1253,1249,2018-08-17,Delivered
1254,1250,2017-11-24,Delivered
1255,1251,2018-07-15,Delivered
1256,1252,2018-05-31,Delivered
1257,1253,2018-08-02,Delivered
1258,1254,2017-11-07,Delivered
1259,1255,2017-11-15,Delivered
1260,1256,2018-06-14,Delivered
1261,1257,2017-08-21,Delivered
1262,1258,2018-01-09,Delivered
1263,1259,2017-11-15,Unavailable
1264,1260,2018-04-17,Delivered
1265,1261,2017-07-15,Delivered
1266,1262,2017-10-15,Delivered
1267,1263,2017-05-02,Delivered
1268,1264,2017-09-14,Shipped
1269,1265,2017-10-02,Delivered
1270,1266,2017-08-11,Processing
1271,1267,2018-08-02,Delivered
1272,1268,2018-08-19,Delivered
1273,1269,2018-01-14,Delivered
1274,1270,2018-01-18,Delivered
1275,1271,2017-11-14,Delivered
1276,1272,2017-11-20,Delivered
1277,1273,2018-01-28,Delivered
1278,1274,2017-07-28,Delivered
1279,1275,2018-02-15,Delivered
1280,1276,2018-07-21,Delivered
1281,1277,2018-04-27,Delivered
1282,1278,2017-10-13,Delivered
1283,1279,2018-08-12,Delivered
1284,1280,2018-07-26,Delivered
1285,1281,2018-03-07,Delivered
1286,1282,2017-08-16,Delivered
1287,1283,2017-09-19,Delivered
1288,1284,2018-01-01,Delivered
1289,1285,2017-07-11,Delivered
1290,1286,2018-01-07,Delivered
1291,1287,2017-05-22,Delivered
1292,171,2017-08-15,Delivered
1293,1288,2018-02-10,Delivered
1294,1289,2018-01-10,Delivered
1295,1290,2018-08-25,Delivered
1296,1291,2018-02-19,Delivered
1297,1292,2018-06-25,Delivered
1298,1293,2017-12-04,Delivered
1299,1294,2017-09-03,Delivered
1300,1295,2017-07-14,Delivered
1301,1296,2018-02-06,Delivered
1302,1297,2018-07-22,Delivered
1303,1298,2018-05-21,Delivered
1304,1299,2018-04-14,Delivered
1305,1300,2017-05-01,Delivered
1306,1301,2017-07-21,Delivered
1307,1302,2017-10-21,Delivered
1308,1303,2017-11-24,Delivered
1309,1304,2017-11-24,Delivered
1310,1305,2017-12-11,Delivered
1311,1306,2018-03-29,Shipped
1312,1307,2018-03-23,Delivered
1313,1308,2018-07-22,Delivered
1314,1309,2018-04-22,Delivered
1315,1310,2017-06-03,Delivered
1316,1311,2017-03-28,Delivered
1317,1312,2018-02-02,Delivered
1318,1313,2018-02-06,Delivered
1319,1314,2017-11-23,Delivered
1320,1315,2018-06-26,Delivered
1321,1316,2017-11-25,Delivered
1322,1317,2017-09-25,Unavailable
1323,1318,2017-05-29,Delivered
1324,1319,2018-06-22,Delivered
1325,1320,2018-08-06,Delivered
1326,1321,2017-10-30,Processing
1327,1322,2018-08-05,Delivered
1328,1323,2018-03-11,Delivered
1329,1324,2018-01-01,Delivered
1330,1325,2017-08-10,Delivered
1331,1326,2018-08-06,Delivered
1332,1327,2017-03-13,Delivered
1333,1328,2018-02-26,Delivered
1334,1329,2018-02-06,Delivered
1335,1330,2017-02-04,Delivered
1336,1331,2017-08-25,Processing
1337,1332,2017-05-16,Delivered
1338,1333,2017-08-07,Delivered
1339,1334,2018-02-22,Delivered
1340,1335,2018-07-26,Delivered
1341,1336,2018-07-25,Delivered
1342,1337,2018-04-29,Delivered
1343,1338,2017-05-21,Delivered
1344,1339,2017-06-11,Delivered
1345,1340,2018-08-09,Delivered
1346,1341,2017-03-13,Delivered
1347,1342,2018-06-27,Delivered
1348,1343,2018-02-18,Delivered
1349,1344,2018-02-16,Delivered
1350,1345,2018-02-15,Delivered
1351,1346,2018-04-21,Delivered
1352,1347,2018-06-12,Delivered
1353,1348,2018-01-26,Delivered
1354,1349,2018-07-13,Delivered
1355,1350,2017-12-12,Delivered
1356,1351,2018-08-10,Delivered
1357,1352,2018-03-03,Delivered
1358,1353,2018-06-01,Delivered
1359,1354,2017-08-22,Delivered
1360,1355,2018-08-01,Delivered
1361,1356,2017-11-26,Delivered
1362,1357,2018-04-14,Delivered
1363,1358,2017-11-06,Delivered
1364,1359,2018-08-13,Delivered
1365,1360,2017-08-17,Delivered
1366,1361,2017-06-12,Delivered
1367,1362,2017-08-25,Delivered
1368,1274,2017-12-12,Delivered
1369,1363,2017-07-26,Delivered
1370,1364,2018-04-05,Delivered
1371,1365,2018-03-03,Delivered
1372,1366,2018-05-26,Delivered
1373,1367,2018-03-20,Delivered
1374,1368,2018-03-07,Delivered
1375,1369,2017-02-15,Delivered
1376,1370,2018-08-12,Delivered
1377,1371,2018-06-25,Canceled
1378,1372,2018-07-04,Delivered
1379,1373,2018-01-04,Delivered
1380,1374,2017-05-08,Unavailable
1381,1375,2018-05-29,Delivered
1382,1376,2017-02-26,Delivered
1383,1377,2017-12-23,Delivered
1384,1378,2018-03-12,Delivered
1385,1379,2017-08-28,Delivered
1386,1380,2018-05-14,Delivered
1387,1381,2017-11-17,Delivered
1388,1382,2017-07-10,Delivered
1389,1383,2018-03-21,Delivered
1390,1384,2018-03-23,Delivered
1391,1385,2017-11-05,Delivered
1392,1386,2018-01-12,Delivered
1393,1387,2017-05-30,Canceled
1394,1388,2018-06-12,Delivered
1395,1389,2018-03-29,Delivered
1396,1390,2017-02-14,Delivered
1397,1391,2017-05-06,Delivered
1398,1392,2018-01-23,Delivered
1399,1393,2017-06-23,Delivered
1400,1394,2018-08-16,Delivered
1401,1395,2018-06-07,Delivered
1402,1396,2017-12-04,Delivered
1403,1397,2017-11-03,Delivered
1404,1398,2017-08-28,Delivered
1405,1399,2017-11-26,Delivered
1406,1400,2018-07-25,Delivered
1407,1401,2018-01-26,Delivered
1408,1402,2017-11-28,Invoiced
1409,1403,2018-07-03,Delivered
1410,1404,2017-12-22,Delivered
1411,1405,2018-01-09,Delivered
1412,1406,2018-05-12,Delivered
1413,1407,2018-03-23,Delivered
1414,1408,2017-02-18,Delivered
1415,1409,2018-06-11,Delivered
1416,254,2018-01-29,Delivered
1417,1410,2018-04-04,Delivered
1418,1411,2018-01-25,Delivered
1419,1412,2017-12-29,Delivered
1420,1413,2018-02-28,Delivered
1421,1414,2018-05-13,Delivered
1422,1415,2017-10-06,Delivered
1423,1416,2018-06-27,Delivered
1424,1417,2017-06-14,Delivered
1425,1418,2017-10-05,Delivered
1426,1419,2018-06-04,Shipped
1427,1420,2017-10-17,Delivered
1428,1421,2017-12-06,Delivered
1429,1422,2018-02-22,Delivered
1430,1423,2018-07-18,Delivered
1431,1424,2018-06-02,Delivered
1432,1425,2018-04-19,Delivered
1433,1426,2017-10-27,Delivered
1434,1427,2017-12-27,Delivered
1435,1428,2018-02-07,Delivered
1436,1429,2018-01-13,Delivered
1437,1430,2017-03-22,Delivered
1438,1431,2018-04-30,Delivered
1439,1432,2018-07-02,Delivered
1440,1433,2018-04-03,Delivered
1441,1434,2018-08-10,Delivered
1442,1435,2017-04-08,Delivered
1443,1436,2017-04-11,Delivered
1444,1437,2018-08-05,Delivered
1445,56,2017-11-09,Delivered
1446,1438,2018-06-28,Delivered
1447,1439,2018-02-04,Delivered
1448,1440,2018-01-04,Delivered
1449,1441,2018-04-13,Delivered
1450,1442,2017-08-04,Delivered
1451,1443,2017-11-05,Delivered
1452,1444,2017-05-22,Delivered
1453,1445,2018-08-11,Delivered
1454,1446,2018-01-19,Delivered
1455,1447,2017-04-03,Delivered
1456,1448,2018-05-04,Delivered
1457,1449,2017-10-04,Delivered
1458,1450,2018-05-24,Delivered
1459,1451,2017-07-22,Delivered
1460,1452,2017-03-17,Delivered
1461,1453,2017-04-27,Delivered
1462,1454,2018-07-04,Delivered
1463,1455,2018-08-14,Canceled
1464,1456,2017-08-04,Delivered
1465,1457,2017-06-07,Delivered
1466,1458,2018-08-16,Delivered
1467,1459,2018-05-06,Delivered
1468,1460,2018-06-11,Delivered
1469,1461,2017-12-07,Delivered
1470,1462,2017-10-16,Delivered
1471,1463,2017-12-04,Delivered
1472,1464,2018-01-18,Delivered
1473,1465,2017-03-22,Delivered
1474,1466,2018-07-31,Delivered
1475,1467,2017-12-18,Delivered
1476,1468,2018-06-08,Delivered
1477,1469,2017-12-27,Delivered
1478,1470,2018-01-24,Delivered
1479,1471,2017-11-24,Delivered
1480,1472,2018-07-24,Delivered
1481,1473,2018-06-26,Delivered
1482,1474,2018-02-06,Delivered
1483,1475,2017-04-04,Delivered
1484,1476,2017-10-10,Delivered
1485,1477,2018-01-25,Delivered
1486,1478,2017-12-14,Delivered
1487,1479,2018-02-08,Delivered
1488,1480,2018-06-16,Delivered
1489,1481,2018-03-25,Delivered
1490,1482,2018-06-02,Delivered
1491,1483,2017-06-28,Delivered
1492,1484,2017-07-09,Delivered
1493,1485,2017-09-04,Delivered
1494,1486,2017-02-26,Delivered
1495,1487,2017-11-28,Delivered
1496,1488,2017-11-24,Delivered
1497,1489,2017-06-28,Delivered
1498,1490,2018-08-06,Delivered
1499,1491,2017-11-06,Delivered
1500,1492,2017-11-09,Delivered
1501,1493,2018-03-15,Delivered
1502,1494,2017-10-25,Delivered
1503,1495,2018-08-20,Delivered
1504,1496,2018-03-06,Delivered
1505,1497,2018-08-06,Delivered
1506,1498,2017-05-21,Delivered
1507,1499,2018-05-14,Delivered
1508,1500,2017-10-14,Delivered
1509,1501,2018-03-27,Delivered
1510,1502,2018-08-01,Delivered
1511,1503,2018-02-28,Delivered
1512,1504,2018-07-30,Delivered
1513,1505,2017-12-27,Delivered
1514,1506,2017-12-20,Delivered
1515,1507,2018-03-08,Shipped
1516,1508,2018-04-17,Delivered
1517,1509,2018-07-20,Delivered
1518,1510,2018-03-29,Delivered
1519,1511,2018-03-16,Delivered
1520,1512,2018-02-21,Delivered
1521,1513,2017-12-14,Delivered
1522,1514,2017-08-28,Delivered
1523,1515,2017-08-13,Delivered
1524,1516,2017-11-24,Delivered
1525,1517,2018-01-19,Delivered
1526,1518,2017-11-13,Delivered
1527,1519,2018-01-17,Delivered
1528,1520,2018-07-26,Delivered
1529,1185,2017-12-29,Delivered
1530,1521,2017-08-20,Delivered
1531,1522,2018-08-18,Delivered
1532,1523,2018-04-27,Delivered
1533,1524,2018-03-08,Delivered
1534,1525,2018-04-11,Delivered
1535,1526,2018-01-28,Delivered
1536,1527,2017-11-24,Delivered
1537,1528,2018-08-02,Delivered
1538,1529,2018-07-06,Delivered
1539,1530,2018-03-26,Delivered
1540,1531,2017-10-20,Delivered
1541,1532,2018-04-29,Delivered
1542,1533,2018-04-07,Delivered
1543,1534,2017-08-06,Delivered
1544,1535,2017-10-03,Delivered
1545,1536,2018-07-05,Delivered
1546,1537,2018-03-04,Delivered
1547,1538,2018-08-26,Delivered
1548,1539,2017-01-26,Delivered
1549,1540,2017-05-22,Delivered
1550,1541,2017-12-02,Delivered
1551,1542,2017-10-02,Delivered
1552,1041,2017-08-25,Delivered
1553,1543,2017-12-12,Processing
1554,1544,2017-05-09,Delivered
1555,1545,2018-05-29,Delivered
1556,1546,2018-07-21,Delivered
1557,1547,2017-05-29,Delivered
1558,1548,2017-05-28,Delivered
1559,1549,2017-11-27,Delivered
1560,1550,2017-12-30,Delivered
1561,1551,2018-07-08,Delivered
1562,1552,2018-03-11,Delivered
1563,1553,2018-01-19,Delivered
1564,1554,2017-12-21,Delivered
1565,1555,2017-11-16,Delivered
1566,1556,2017-03-11,Delivered
1567,1557,2018-07-12,Delivered
1568,1558,2018-07-24,Delivered
1569,1559,2017-09-10,Delivered
1570,1560,2017-04-10,Delivered
1571,1561,2017-12-26,Delivered
1572,1562,2018-04-20,Delivered
1573,1563,2018-08-01,Delivered
1574,1564,2018-01-13,Delivered
1575,1565,2017-12-03,Delivered
1576,1566,2018-07-16,Delivered
1577,1567,2017-09-26,Delivered
1578,1568,2018-05-17,Delivered
1579,1569,2018-05-02,Delivered
1580,1570,2017-09-17,Delivered
1581,1571,2017-03-11,Delivered
1582,1572,2018-06-11,Delivered
1583,1573,2017-11-27,Delivered
1584,1574,2018-02-27,Delivered
1585,1575,2017-12-30,Delivered
1586,1576,2018-06-19,Delivered
1587,1577,2018-03-01,Delivered
1588,1578,2017-08-07,Delivered
1589,1579,2018-06-12,Delivered
1590,1580,2018-08-12,Delivered
1591,1581,2017-11-24,Delivered
1592,1582,2018-03-14,Delivered
1593,1583,2018-07-13,Delivered
1594,1584,2018-07-23,Delivered
1595,1585,2017-08-28,Delivered
1596,1586,2017-12-01,Delivered
1597,1587,2018-07-26,Delivered
1598,1588,2018-06-05,Delivered
1599,1589,2017-07-05,Delivered
1600,1590,2017-11-06,Delivered
1601,1591,2018-07-23,Delivered
1602,1592,2017-01-29,Delivered
1603,1593,2017-10-14,Delivered
1604,1594,2018-06-09,Delivered
1605,1595,2017-11-13,Delivered
1606,1596,2018-08-07,Delivered
1607,1597,2017-05-12,Delivered
1608,1598,2018-08-20,Delivered
1609,1599,2018-08-14,Delivered
1610,1600,2017-03-26,Delivered
1611,1601,2018-08-07,Delivered
1612,1602,2017-11-16,Delivered
1613,1603,2018-05-09,Delivered
1614,1604,2018-05-14,Delivered
1615,1605,2018-02-27,Delivered
1616,1606,2017-10-29,Delivered
1617,1607,2018-02-15,Delivered
1618,1608,2018-02-27,Delivered
1619,1609,2017-06-08,Delivered
1620,1610,2018-01-30,Delivered
1621,1611,2018-03-29,Delivered
1622,1612,2018-06-30,Delivered
1623,1613,2017-10-07,Delivered
1624,1614,2018-07-04,Delivered
1625,1615,2017-05-02,Delivered
1626,1616,2017-09-19,Delivered
1627,1617,2018-06-11,Delivered
1628,1618,2017-12-19,Delivered
1629,1619,2018-04-05,Delivered
1630,1620,2017-06-23,Delivered
1631,1621,2017-02-06,Delivered
1632,1622,2018-03-04,Delivered
1633,1623,2018-01-08,Delivered
1634,1624,2017-11-16,Delivered
1635,1625,2017-05-14,Delivered
1636,1626,2018-07-26,Delivered
1637,1627,2018-04-22,Delivered
1638,1628,2017-04-14,Delivered
1639,975,2018-06-01,Delivered
1640,1629,2018-05-15,Delivered
1641,1630,2017-07-22,Delivered
1642,1631,2018-03-26,Delivered
1643,1632,2018-07-22,Delivered
1644,1633,2017-10-03,Invoiced
1645,1634,2018-05-02,Delivered
1646,1635,2017-12-04,Delivered
1647,1636,2018-04-09,Delivered
1648,1637,2017-09-19,Delivered
1649,1638,2017-12-25,Delivered
1650,1639,2017-11-28,Delivered
1651,1640,2017-12-01,Delivered
1652,1641,2018-08-07,Delivered
1653,1642,2018-02-09,Delivered
1654,1643,2018-01-30,Delivered
1655,1644,2017-03-22,Delivered
1656,1645,2018-02-06,Delivered
1657,1646,2018-01-12,Delivered
1658,1647,2017-03-02,Delivered
1659,1648,2018-03-26,Delivered
1660,1649,2017-03-21,Delivered
1661,1650,2018-06-28,Delivered
1662,1651,2018-01-11,Delivered
1663,1652,2017-05-20,Delivered
1664,1653,2018-05-12,Unavailable
1665,1654,2018-03-13,Delivered
1666,1655,2018-02-12,Delivered
1667,1656,2017-11-22,Delivered
1668,1657,2018-07-04,Delivered
1669,1658,2018-03-25,Delivered
1670,1659,2017-10-30,Delivered
1671,1660,2018-02-26,Delivered
1672,1661,2018-07-23,Delivered
1673,1662,2017-07-01,Delivered
1674,1663,2017-11-26,Delivered
1675,1664,2018-01-03,Delivered
1676,1665,2018-05-02,Delivered
1677,1666,2018-02-27,Invoiced
1678,1667,2018-02-01,Delivered
1679,1668,2018-06-24,Delivered
1680,1669,2017-11-22,Delivered
1681,1670,2018-03-20,Delivered
1682,1671,2017-10-24,Delivered
1683,1672,2018-08-06,Delivered
1684,1673,2017-10-16,Delivered
1685,1674,2017-04-18,Delivered
1686,1675,2017-07-28,Delivered
1687,1676,2017-06-24,Delivered
1688,1677,2018-03-26,Delivered
1689,1678,2018-06-14,Delivered
1690,1679,2017-06-06,Delivered
1691,1680,2018-04-23,Delivered
1692,1681,2017-11-24,Delivered
1693,1682,2018-08-19,Delivered
1694,1683,2017-12-15,Delivered
1695,1684,2017-07-11,Delivered
1696,1685,2018-06-10,Delivered
1697,1686,2018-05-16,Delivered
1698,1687,2017-12-04,Delivered
1699,1688,2018-04-18,Shipped
1700,1689,2017-11-28,Delivered
1701,1690,2018-01-10,Delivered
1702,1691,2018-07-08,Delivered
1703,1692,2018-06-21,Delivered
1704,1693,2017-04-23,Delivered
1705,1694,2018-01-22,Delivered
1706,1695,2018-06-14,Delivered
1707,1696,2018-04-05,Delivered
1708,1697,2018-05-06,Delivered
1709,1698,2018-03-12,Delivered
1710,1699,2018-02-25,Delivered
1711,1700,2018-04-10,Delivered
1712,1701,2017-11-19,Delivered
1713,1702,2017-12-06,Delivered
1714,1703,2017-03-02,Delivered
1715,1704,2017-06-28,Delivered
1716,1705,2018-04-17,Delivered
1717,1706,2017-07-05,Delivered
1718,1707,2018-03-29,Delivered
1719,1708,2017-10-15,Delivered
1720,1709,2018-01-24,Delivered
1721,1710,2017-11-25,Delivered
1722,1711,2018-02-06,Delivered
1723,1712,2017-06-14,Delivered
1724,1713,2017-06-27,Delivered
1725,1714,2018-07-31,Delivered
1726,1715,2017-12-25,Delivered
1727,1716,2018-06-11,Delivered
1728,1717,2018-07-20,Delivered
1729,1718,2018-03-18,Delivered
1730,1719,2018-02-22,Delivered
1731,1720,2017-08-29,Delivered
1732,1721,2017-09-17,Delivered
1733,1722,2017-07-02,Delivered
1734,1723,2018-01-28,Delivered
1735,1724,2018-01-20,Delivered
1736,1725,2017-10-18,Delivered
1737,1726,2018-01-08,Delivered
1738,1727,2018-07-13,Delivered
1739,1728,2018-05-10,Delivered
1740,1729,2018-08-10,Delivered
1741,1730,2017-11-27,Delivered
1742,1731,2018-04-18,Delivered
1743,1732,2017-09-13,Delivered
1744,1733,2018-07-03,Delivered
1745,1734,2018-03-25,Delivered
1746,1735,2018-02-12,Delivered
1747,1736,2017-07-10,Delivered
1748,1737,2017-12-27,Delivered
1749,1738,2017-03-02,Unavailable
1750,1739,2017-09-18,Delivered
1751,1740,2018-01-25,Delivered
1752,1741,2017-12-03,Delivered
1753,1742,2017-12-08,Delivered
1754,1743,2018-06-26,Delivered
1755,1744,2018-07-30,Delivered
1756,1745,2017-11-24,Delivered
1757,1746,2017-11-11,Delivered
1758,1747,2018-05-22,Delivered
1759,1748,2017-05-16,Unavailable
1760,1749,2018-04-05,Shipped
1761,1750,2018-06-08,Delivered
1762,1751,2018-04-03,Delivered
1763,1752,2018-04-29,Delivered
1764,1753,2018-07-04,Delivered
1765,1754,2017-09-30,Delivered
1766,1755,2017-07-08,Delivered
1767,1756,2018-04-22,Delivered
1768,1757,2018-08-14,Delivered
1769,1758,2018-05-08,Canceled
1770,1759,2017-07-09,Delivered
1771,1760,2018-03-20,Delivered
1772,1761,2018-03-19,Delivered
1773,1762,2018-03-02,Delivered
1774,1763,2018-08-23,Delivered
1775,1764,2018-08-13,Delivered
1776,1765,2018-08-19,Delivered
1777,1766,2018-08-12,Delivered
1778,1767,2017-05-22,Delivered
1779,1768,2018-06-23,Delivered
1780,1769,2017-05-11,Delivered
1781,1770,2017-11-27,Delivered
1782,1771,2018-05-06,Delivered
1783,1772,2017-09-27,Delivered
1784,1773,2018-02-04,Delivered
1785,1774,2017-02-19,Delivered
1786,1775,2018-02-21,Delivered
1787,1776,2017-05-04,Delivered
1788,1777,2018-08-15,Delivered
1789,1778,2018-07-26,Delivered
1790,1779,2017-12-14,Delivered
1791,1780,2017-04-21,Delivered
1792,1781,2018-05-08,Delivered
1793,334,2017-09-04,Delivered
1794,1782,2017-09-02,Delivered
1795,1783,2017-11-12,Delivered
1796,1784,2018-07-27,Delivered
1797,1785,2018-01-23,Delivered
1798,1786,2018-06-19,Delivered
1799,1787,2018-01-31,Delivered
1800,1788,2018-07-25,Delivered
1801,1789,2017-05-15,Delivered
1802,1790,2017-01-26,Delivered
1803,1791,2017-12-12,Delivered
1804,1792,2018-08-07,Delivered
1805,1793,2017-02-23,Delivered
1806,1794,2017-04-05,Delivered
1807,1795,2018-02-14,Delivered
1808,1796,2017-12-15,Delivered
1809,1797,2017-09-05,Delivered
1810,1798,2018-02-21,Delivered
1811,1799,2017-07-19,Delivered
1812,1800,2017-06-12,Delivered
1813,1801,2018-06-01,Delivered
1814,1802,2018-07-12,Delivered
1815,1803,2017-02-22,Delivered
1816,1804,2018-04-20,Delivered
1817,1805,2017-09-12,Delivered
1818,1806,2018-07-26,Delivered
1819,1807,2018-06-07,Delivered
1820,1808,2017-05-19,Delivered
1821,1809,2018-06-13,Delivered
1822,1810,2017-11-21,Delivered
1823,1811,2017-11-24,Delivered
1824,1812,2017-05-25,Delivered
1825,1813,2017-07-23,Delivered
1826,1814,2017-12-04,Delivered
1827,1815,2017-06-26,Delivered
1828,1816,2017-08-28,Delivered
1829,1817,2017-10-19,Delivered
1830,1818,2018-03-23,Delivered
1831,1819,2017-07-14,Delivered
1832,1820,2018-08-17,Delivered
1833,1821,2017-05-18,Delivered
1834,1822,2017-07-06,Delivered
1835,1823,2017-05-03,Delivered
1836,1824,2018-02-25,Delivered
1837,1825,2018-01-26,Delivered
1838,1826,2017-11-19,Delivered
1839,1827,2017-08-03,Delivered
1840,1828,2018-03-05,Delivered
1841,1829,2017-10-29,Delivered
1842,1533,2018-03-04,Delivered
1843,1830,2018-06-04,Delivered
1844,1831,2018-08-20,Delivered
1845,1832,2018-01-18,Delivered
1846,1833,2017-10-18,Delivered
1847,1834,2017-08-30,Delivered
1848,1835,2018-08-08,Delivered
1849,1836,2018-06-04,Delivered
1850,1837,2018-06-27,Delivered
1851,1838,2018-05-07,Delivered
1852,1839,2017-11-06,Delivered
1853,1840,2018-06-12,Delivered
1854,1841,2017-12-01,Delivered
1855,1842,2018-08-06,Delivered
1856,1843,2017-07-13,Delivered
1857,1844,2017-07-17,Delivered
1858,1845,2017-10-02,Delivered
1859,1846,2017-05-15,Delivered
1860,1847,2018-04-20,Delivered
1861,1848,2017-07-31,Delivered
1862,1849,2017-08-17,Delivered
1863,1850,2018-03-03,Delivered
1864,1851,2018-02-28,Delivered
1865,1852,2017-12-18,Delivered
1866,1853,2017-06-22,Delivered
1867,1854,2018-05-13,Delivered
1868,1855,2017-06-05,Delivered
1869,1856,2018-08-11,Delivered
1870,1857,2017-05-23,Delivered
1871,1858,2018-08-15,Delivered
1872,1859,2018-03-19,Delivered
1873,1860,2017-10-19,Delivered
1874,1861,2018-05-22,Delivered
1875,1862,2017-10-22,Delivered
1876,1863,2017-04-22,Delivered
1877,1864,2017-08-30,Delivered
1878,1865,2018-08-13,Delivered
1879,1866,2018-07-21,Delivered
1880,1867,2017-10-31,Delivered
1881,1868,2017-02-23,Delivered
1882,1869,2017-12-28,Delivered
1883,1870,2017-12-09,Delivered
1884,1871,2017-08-29,Delivered
1885,1872,2018-06-19,Delivered
1886,1873,2018-08-07,Shipped
1887,1874,2017-10-03,Delivered
1888,1875,2017-11-24,Delivered
1889,1876,2017-07-30,Delivered
1890,1877,2017-09-21,Delivered
1891,1878,2017-12-06,Delivered
1892,1879,2018-03-12,Delivered
1893,1880,2018-05-15,Delivered
1894,1881,2017-07-17,Delivered
1895,1882,2018-01-13,Delivered
1896,1883,2017-07-11,Delivered
1897,1884,2017-09-21,Delivered
1898,1885,2018-03-28,Delivered
1899,1886,2017-12-02,Delivered
1900,1887,2018-07-22,Delivered
1901,1888,2017-06-07,Delivered
1902,1889,2018-06-20,Delivered
1903,1890,2018-04-13,Delivered
1904,1891,2017-07-10,Delivered
1905,1892,2017-11-28,Delivered
1906,1893,2018-03-05,Delivered
1907,1894,2018-07-23,Delivered
1908,1895,2018-03-26,Delivered
1909,1896,2018-02-26,Delivered
1910,1897,2018-08-08,Delivered
1911,1898,2017-06-22,Delivered
1912,1899,2018-01-31,Delivered
1913,1900,2018-06-05,Delivered
1914,1901,2017-02-07,Delivered
1915,1902,2017-07-14,Delivered
1916,1903,2017-11-24,Delivered
1917,1904,2017-07-05,Delivered
1918,1905,2018-08-17,Delivered
1919,1906,2018-03-19,Delivered
1920,1907,2018-02-05,Delivered
1921,1908,2017-02-10,Delivered
1922,1909,2018-07-07,Delivered
1923,1910,2018-02-14,Delivered
1924,1911,2018-04-25,Delivered
1925,1912,2018-07-03,Delivered
1926,1913,2017-05-24,Delivered
1927,1914,2017-12-11,Delivered
1928,1915,2017-04-14,Delivered
1929,1916,2018-01-30,Delivered
1930,1917,2018-05-07,Delivered
1931,1918,2018-03-22,Delivered
1932,1919,2017-11-26,Delivered
1933,1920,2018-04-12,Delivered
1934,1921,2017-04-23,Delivered
1935,1922,2017-12-21,Delivered
1936,1923,2017-09-13,Delivered
1937,1924,2018-05-28,Delivered
1938,1925,2018-02-07,Delivered
1939,1926,2017-08-20,Delivered
1940,1927,2017-07-06,Delivered
1941,1928,2018-02-08,Delivered
1942,1929,2018-03-09,Delivered
1943,1930,2018-06-14,Delivered
1944,1931,2017-04-09,Delivered
1945,1932,2018-08-20,Delivered
1946,1933,2017-11-09,Delivered
1947,1934,2018-04-15,Delivered
1948,1935,2017-08-23,Delivered
1949,1936,2017-11-24,Delivered
1950,1937,2018-02-14,Delivered
1951,1938,2017-03-26,Delivered
1952,1939,2018-03-05,Delivered
1953,1940,2017-05-02,Delivered
1954,1941,2018-05-21,Delivered
1955,1942,2018-02-21,Delivered
1956,1943,2018-03-25,Delivered
1957,1944,2017-11-25,Delivered
1958,1945,2018-01-04,Delivered
1959,1946,2018-07-22,Delivered
1960,1947,2017-03-20,Delivered
1961,1948,2017-11-25,Delivered
1962,1949,2018-05-10,Delivered
1963,1950,2018-01-17,Delivered
1964,1951,2018-08-18,Delivered
1965,1952,2017-08-01,Delivered
1966,1953,2018-05-24,Delivered
1967,1954,2018-06-02,Delivered
1968,1955,2017-07-04,Delivered
1969,1956,2017-01-30,Delivered
1970,1957,2018-05-23,Delivered
1971,1958,2017-02-08,Delivered
1972,1959,2017-03-21,Delivered
1973,1960,2017-10-03,Delivered
1974,1961,2017-12-09,Delivered
1975,1962,2017-06-13,Delivered
1976,1963,2017-11-20,Delivered
1977,1964,2018-05-19,Delivered
1978,1965,2017-04-28,Delivered
1979,1966,2018-03-16,Delivered
1980,1967,2018-01-24,Delivered
1981,1968,2017-08-16,Delivered
1982,1969,2018-01-11,Delivered
1983,1970,2018-03-08,Canceled
1984,1971,2017-03-13,Delivered
1985,1972,2018-02-14,Delivered
1986,1973,2017-12-05,Delivered
1987,1974,2017-02-21,Delivered
1988,1975,2018-06-03,Delivered
1989,1976,2018-05-10,Delivered
1990,1977,2018-05-24,Delivered
1991,1978,2017-07-31,Delivered
1992,1979,2017-04-07,Delivered
1993,1980,2017-06-04,Delivered
1994,1981,2018-01-13,Delivered
1995,1982,2017-03-30,Delivered
1996,1983,2018-04-16,Delivered
1997,133,2017-05-18,Delivered
1998,1984,2018-01-15,Delivered
1999,1985,2017-09-27,Delivered
2000,1986,2017-07-05,Delivered
2001,1987,2018-02-23,Delivered
2002,1988,2017-11-03,Delivered
2003,1989,2017-03-25,Delivered
2004,1990,2017-10-15,Delivered
2005,1991,2017-04-03,Shipped
2006,1992,2018-05-01,Delivered
2007,1993,2018-04-09,Delivered
2008,1994,2017-08-19,Delivered
2009,1995,2017-07-18,Delivered
2010,1996,2018-01-22,Delivered
2011,1997,2018-03-07,Delivered
2012,1998,2017-09-26,Delivered
2013,1999,2018-07-20,Delivered
2014,2000,2017-11-30,Delivered
2015,2001,2017-12-30,Delivered
2016,2002,2017-08-19,Delivered
2017,2003,2017-09-08,Delivered
2018,2004,2017-12-03,Delivered
2019,2005,2018-07-23,Delivered
2020,2006,2018-01-17,Delivered
2021,2007,2018-01-16,Delivered
2022,2008,2018-05-09,Delivered
2023,2009,2018-03-14,Delivered
2024,2010,2017-11-21,Delivered
2025,2011,2018-05-14,Delivered
2026,2012,2018-05-20,Delivered
2027,2013,2017-11-24,Delivered
2028,2014,2017-12-16,Delivered
2029,2015,2017-05-01,Delivered
2030,2016,2018-04-18,Delivered
2031,2017,2017-10-07,Delivered
2032,2018,2017-03-16,Delivered
2033,2019,2018-05-27,Delivered
2034,2020,2018-03-10,Delivered
2035,2021,2017-12-07,Delivered
2036,2022,2017-05-10,Delivered
2037,2023,2018-05-27,Delivered
2038,2024,2018-02-28,Delivered
2039,2025,2018-05-25,Delivered
2040,2026,2017-12-28,Delivered
2041,2027,2018-08-25,Delivered
2042,2028,2017-12-18,Delivered
2043,2029,2017-04-15,Delivered
2044,2030,2018-03-22,Delivered
2045,2031,2017-12-16,Delivered
2046,2032,2017-04-28,Delivered
2047,2033,2018-05-09,Delivered
2048,1423,2018-07-18,Delivered
2049,2034,2018-05-16,Delivered
2050,1981,2018-01-08,Delivered
2051,2035,2018-05-07,Delivered
2052,2036,2018-04-06,Delivered
2053,2037,2018-02-03,Delivered
2054,2038,2018-04-06,Delivered
2055,2039,2017-12-04,Delivered
2056,2040,2017-10-23,Delivered
2057,2041,2017-12-27,Delivered
2058,2042,2017-06-25,Delivered
2059,2043,2018-04-16,Delivered
2060,1628,2017-06-18,Delivered
2061,2044,2017-06-17,Delivered
2062,2045,2017-07-20,Delivered
2063,2046,2018-04-14,Delivered
2064,2047,2018-08-23,Delivered
2065,2048,2017-11-15,Delivered
2066,2049,2018-04-23,Delivered
2067,2050,2018-04-13,Delivered
2068,2051,2017-06-12,Delivered
2069,2052,2018-06-30,Delivered
2070,2053,2018-02-05,Delivered
2071,2054,2018-06-17,Delivered
2072,2055,2017-08-15,Delivered
2073,2056,2018-07-09,Delivered
2074,2057,2018-08-19,Delivered
2075,2058,2017-06-12,Delivered
2076,2059,2018-03-23,Delivered
2077,2060,2018-06-30,Delivered
2078,2061,2018-06-22,Delivered
2079,2062,2017-11-08,Delivered
2080,2063,2018-06-08,Delivered
2081,2064,2017-10-23,Delivered
2082,2065,2017-04-19,Delivered
2083,2066,2018-08-07,Delivered
2084,2067,2017-12-01,Delivered
2085,2068,2018-01-27,Delivered
2086,2069,2018-01-16,Delivered
2087,2070,2017-03-15,Delivered
2088,2071,2017-10-29,Delivered
2089,2072,2018-08-05,Delivered
2090,2073,2017-11-09,Delivered
2091,2074,2017-11-14,Delivered
2092,2075,2017-03-21,Delivered
2093,2076,2018-03-28,Shipped
2094,2077,2018-06-25,Delivered
2095,2078,2017-08-29,Delivered
2096,2079,2018-03-11,Delivered
2097,2080,2018-08-21,Delivered
2098,2081,2018-01-14,Delivered
2099,2082,2018-08-10,Delivered
2100,2083,2018-01-25,Delivered
2101,2084,2017-06-28,Delivered
2102,2085,2018-06-25,Delivered
2103,2086,2017-09-08,Delivered
2104,2087,2018-08-22,Delivered
2105,2088,2018-04-07,Delivered
2106,2089,2018-08-10,Delivered
2107,2090,2018-03-06,Delivered
2108,2091,2018-01-29,Delivered
2109,2092,2018-08-24,Delivered
2110,2093,2018-05-05,Delivered
2111,2094,2017-09-15,Delivered
2112,2095,2018-02-26,Delivered
2113,2096,2018-07-21,Delivered
2114,2097,2018-05-04,Delivered
2115,2098,2018-04-16,Delivered
2116,2099,2017-03-24,Delivered
2117,2100,2017-10-25,Delivered
2118,2101,2017-08-24,Delivered
2119,2102,2017-12-07,Delivered
2120,2103,2018-05-12,Delivered
2121,2104,2017-08-29,Delivered
2122,2105,2017-09-17,Delivered
2123,2106,2018-07-13,Delivered
2124,2107,2017-11-30,Delivered
2125,2108,2017-05-03,Delivered
2126,2109,2018-06-28,Delivered
2127,2110,2018-06-16,Delivered
2128,2111,2018-07-08,Delivered
2129,2112,2017-10-15,Delivered
2130,2113,2017-10-16,Delivered
2131,2114,2018-02-14,Delivered
2132,2115,2018-01-22,Delivered
2133,2116,2018-05-03,Delivered
2134,2117,2018-01-19,Delivered
2135,2118,2017-07-25,Shipped
2136,2119,2018-02-06,Delivered
2137,2120,2018-03-22,Delivered
2138,2121,2017-08-30,Delivered
2139,2122,2017-12-05,Delivered
2140,2123,2017-12-04,Delivered
2141,2124,2017-10-12,Unavailable
2142,2125,2017-11-17,Delivered
2143,2126,2017-03-20,Delivered
2144,2127,2017-10-16,Delivered
2145,2128,2018-02-25,Delivered
2146,2129,2017-11-04,Delivered
2147,2130,2018-08-09,Delivered
2148,2131,2017-03-24,Delivered
2149,2132,2018-01-24,Delivered
2150,2133,2017-08-29,Delivered
2151,2134,2018-08-03,Delivered
2152,2135,2017-05-16,Delivered
2153,2136,2018-04-11,Delivered
2154,2137,2018-05-27,Delivered
2155,2138,2017-08-13,Delivered
2156,2139,2017-07-13,Delivered
2157,2140,2017-09-04,Delivered
2158,2141,2018-07-13,Delivered
2159,2142,2017-12-05,Delivered
2160,2143,2018-08-04,Delivered
2161,2144,2017-11-13,Delivered
2162,2145,2018-04-03,Delivered
2163,2146,2017-09-15,Delivered
2164,2147,2018-01-06,Delivered
2165,2148,2018-08-22,Delivered
2166,2149,2017-07-21,Delivered
2167,2150,2017-08-26,Delivered
2168,2151,2018-02-15,Delivered
2169,2152,2018-08-14,Delivered
2170,2153,2018-01-16,Delivered
2171,2154,2017-08-21,Delivered
2172,2155,2018-07-28,Delivered
2173,2156,2017-10-22,Delivered
2174,2157,2018-06-28,Delivered
2175,2158,2018-02-18,Delivered
2176,2159,2018-08-22,Delivered
2177,2160,2018-02-22,Delivered
2178,2161,2017-02-06,Delivered
2179,2162,2018-07-25,Delivered
2180,2163,2017-08-05,Delivered
2181,2164,2017-03-18,Delivered
2182,2165,2018-02-02,Delivered
2183,2166,2017-08-14,Delivered
2184,2167,2018-04-29,Delivered
2185,2168,2018-05-16,Delivered
2186,2169,2017-10-23,Delivered
2187,2170,2017-10-31,Delivered
2188,2171,2018-01-16,Delivered
2189,2172,2018-01-31,Delivered
2190,2173,2017-05-17,Delivered
2191,2174,2017-07-13,Delivered
2192,2175,2018-02-19,Delivered
2193,2176,2017-05-16,Delivered
2194,2177,2017-03-25,Delivered
2195,2178,2018-04-05,Delivered
2196,2179,2018-02-28,Delivered
2197,2180,2017-05-18,Delivered
2198,2181,2017-12-02,Delivered
2199,2182,2018-08-04,Delivered
2200,2183,2017-09-22,Delivered
2201,2184,2018-03-05,Delivered
2202,2185,2017-08-05,Delivered
2203,2186,2018-01-09,Delivered
2204,2187,2018-06-01,Delivered
2205,2188,2017-09-14,Delivered
2206,2189,2017-03-04,Delivered
2207,2190,2018-01-24,Delivered
2208,2191,2018-02-08,Delivered
2209,2192,2017-12-04,Delivered
2210,2193,2017-11-13,Delivered
2211,256,2017-06-12,Delivered
2212,2194,2018-06-18,Delivered
2213,2195,2018-03-16,Delivered
2214,2196,2018-04-19,Delivered
2215,2197,2017-12-01,Delivered
2216,2198,2018-05-20,Delivered
2217,2199,2018-01-24,Delivered
2218,2200,2018-06-30,Delivered
2219,2201,2017-04-16,Delivered
2220,2202,2017-06-13,Delivered
2221,2203,2017-09-07,Unavailable
2222,2204,2017-12-01,Delivered
2223,2205,2018-07-19,Delivered
2224,2206,2017-01-20,Delivered
2225,2207,2017-10-04,Delivered
2226,2208,2018-07-15,Delivered
2227,2209,2018-07-27,Delivered
2228,2210,2017-10-02,Delivered
2229,2211,2018-06-03,Delivered
2230,2212,2017-07-18,Delivered
2231,2213,2018-06-18,Delivered
2232,2214,2018-02-02,Delivered
2233,2215,2018-07-03,Delivered
2234,2216,2018-08-02,Delivered
2235,2217,2017-05-24,Delivered
2236,2218,2018-08-16,Delivered
2237,2219,2018-08-05,Delivered
2238,2220,2017-10-03,Delivered
2239,2221,2018-08-10,Delivered
2240,2222,2018-08-10,Delivered
2241,2223,2018-01-15,Delivered
2242,2224,2017-08-22,Unavailable
2243,2225,2017-01-24,Delivered
2244,2226,2018-06-01,Delivered
2245,2227,2017-12-03,Delivered
2246,2228,2017-06-16,Delivered
2247,2229,2018-04-14,Delivered
2248,2230,2018-06-25,Delivered
2249,2231,2018-01-19,Delivered
2250,2232,2018-05-04,Delivered
2251,2233,2018-04-05,Delivered
2252,2234,2018-02-03,Delivered
2253,2235,2017-10-30,Delivered
2254,2236,2017-12-02,Delivered
2255,2237,2017-07-21,Delivered
2256,2238,2018-04-18,Delivered
2257,2239,2017-11-15,Delivered
2258,2240,2018-01-07,Delivered
2259,2241,2018-08-03,Delivered
2260,2242,2018-03-25,Delivered
2261,2243,2018-04-21,Delivered
2262,2244,2018-04-18,Delivered
2263,2245,2018-05-08,Delivered
2264,2246,2017-11-23,Delivered
2265,2247,2018-05-26,Delivered
2266,2248,2017-06-20,Delivered
2267,2249,2018-08-21,Delivered
2268,2250,2018-02-16,Delivered
2269,2251,2017-05-18,Delivered
2270,2252,2017-06-28,Delivered
2271,2253,2017-10-02,Delivered
2272,2254,2017-12-09,Delivered
2273,2255,2018-06-28,Delivered
2274,2256,2017-03-03,Delivered
2275,2257,2018-08-10,Delivered
2276,2258,2017-12-08,Delivered
2277,2219,2017-03-05,Shipped
2278,2259,2018-04-09,Delivered
2279,2260,2017-03-03,Delivered
2280,2261,2018-03-17,Delivered
2281,2262,2018-06-04,Delivered
2282,2263,2017-03-06,Delivered
2283,1709,2017-08-22,Delivered
2284,2264,2017-12-30,Delivered
2285,2265,2017-08-15,Delivered
2286,2266,2017-12-15,Delivered
2287,1709,2017-08-07,Delivered
2288,2267,2017-12-21,Delivered
2289,2268,2018-03-01,Delivered
2290,2269,2017-11-22,Delivered
2291,2270,2017-11-13,Delivered
2292,2271,2017-10-12,Delivered
2293,2272,2018-03-18,Delivered
2294,2273,2017-05-24,Delivered
2295,2274,2018-01-10,Delivered
2296,2275,2018-01-20,Delivered
2297,2276,2017-11-24,Delivered
2298,2277,2017-11-24,Shipped
2299,2278,2018-03-30,Delivered
2300,2279,2017-08-12,Delivered
2301,2280,2018-02-19,Delivered
2302,2281,2017-10-27,Delivered
2303,2282,2017-10-22,Canceled
2304,2283,2018-01-04,Delivered
2305,2284,2017-12-13,Delivered
2306,2285,2017-12-19,Delivered
2307,2286,2018-07-12,Unavailable
2308,2287,2017-06-08,Delivered
2309,2288,2017-11-17,Delivered
2310,2289,2017-12-13,Delivered
2311,2290,2018-07-22,Delivered
2312,2291,2017-09-01,Delivered
2313,2292,2018-05-14,Shipped
2314,2293,2018-08-10,Delivered
2315,2294,2017-08-10,Delivered
2316,2295,2018-08-23,Delivered
2317,2296,2018-02-04,Delivered
2318,2297,2017-05-29,Delivered
2319,2298,2018-01-29,Delivered
2320,2299,2018-04-09,Delivered
2321,2300,2018-03-27,Delivered
2322,2301,2018-05-04,Delivered
2323,2302,2018-06-11,Delivered
2324,2303,2018-06-02,Delivered
2325,2304,2017-09-08,Delivered
2326,2305,2018-04-26,Delivered
2327,2306,2017-09-10,Delivered
2328,2307,2018-04-24,Delivered
2329,2308,2017-06-04,Delivered
2330,2309,2017-04-10,Delivered
2331,2310,2018-07-15,Delivered
2332,2311,2017-12-13,Delivered
2333,2312,2018-08-14,Delivered
2334,2313,2017-08-11,Delivered
2335,2314,2018-05-08,Delivered
2336,2315,2018-07-21,Delivered
2337,2316,2017-05-16,Delivered
2338,2317,2018-07-10,Delivered
2339,2318,2018-02-05,Delivered
2340,2319,2017-08-09,Delivered
2341,2320,2017-05-22,Delivered
2342,682,2017-03-04,Processing
2343,2321,2018-04-28,Delivered
2344,2322,2017-06-18,Delivered
2345,2323,2017-12-29,Delivered
2346,2324,2017-06-19,Delivered
2347,2325,2018-02-13,Delivered
2348,2326,2017-05-06,Delivered
2349,2327,2018-07-01,Delivered
2350,2328,2018-08-23,Delivered
2351,2329,2017-06-25,Delivered
2352,2330,2017-12-07,Delivered
2353,2331,2017-10-08,Delivered
2354,2332,2017-03-21,Delivered
2355,2333,2018-07-23,Delivered
2356,2334,2018-01-04,Delivered
2357,2335,2018-03-31,Delivered
2358,2336,2018-05-18,Delivered
2359,2337,2017-12-08,Delivered
2360,580,2017-11-24,Delivered
2361,2338,2017-06-04,Delivered
2362,2339,2017-10-31,Delivered
2363,2340,2017-04-01,Delivered
2364,2341,2018-01-02,Delivered
2365,2342,2018-01-08,Delivered
2366,2343,2017-12-22,Delivered
2367,2344,2017-08-31,Delivered
2368,2345,2018-04-17,Delivered
2369,2346,2018-05-07,Delivered
2370,2347,2018-04-13,Delivered
2371,2348,2018-04-20,Delivered
2372,2349,2017-06-03,Delivered
2373,2350,2018-03-01,Delivered
2374,2351,2017-12-09,Delivered
2375,2352,2018-02-15,Delivered
2376,2353,2017-03-10,Delivered
2377,2354,2017-04-25,Delivered
2378,2355,2018-03-23,Delivered
2379,2356,2017-07-25,Delivered
2380,2357,2018-03-24,Delivered
2381,2358,2018-03-01,Delivered
2382,2359,2017-02-13,Delivered
2383,282,2017-03-22,Delivered
2384,2360,2017-04-20,Delivered
2385,2361,2018-07-14,Delivered
2386,2362,2017-10-12,Delivered
2387,2363,2018-08-20,Delivered
2388,2364,2017-09-01,Delivered
2389,2365,2018-08-09,Delivered
2390,2366,2017-07-06,Delivered
2391,2367,2017-05-01,Delivered
2392,2368,2017-08-17,Delivered
2393,2369,2018-06-04,Delivered
2394,2370,2017-08-28,Delivered
2395,2371,2017-05-09,Processing
2396,2372,2017-10-20,Shipped
2397,2373,2017-11-14,Delivered
2398,2374,2018-03-26,Delivered
2399,2375,2018-01-15,Delivered
2400,2376,2018-06-15,Delivered
2401,2377,2017-11-04,Delivered
2402,2378,2017-09-08,Delivered
2403,2379,2017-05-02,Delivered
2404,2380,2018-05-14,Delivered
2405,527,2017-05-22,Delivered
2406,2381,2018-05-21,Delivered
2407,2382,2018-07-23,Delivered
2408,2383,2017-09-19,Delivered
2409,2384,2017-04-14,Delivered
2410,2385,2017-08-03,Delivered
2411,2386,2018-08-19,Delivered
2412,2387,2017-07-07,Shipped
2413,2388,2017-12-13,Delivered
2414,2389,2017-08-21,Delivered
2415,2390,2018-07-02,Delivered
2416,2391,2017-08-02,Delivered
2417,2392,2017-04-10,Delivered
2418,2393,2017-10-15,Delivered
2419,2394,2018-03-10,Delivered
2420,2395,2018-06-22,Delivered
2421,2396,2017-11-24,Delivered
2422,2397,2018-05-13,Delivered
2423,2398,2017-07-29,Delivered
2424,2399,2017-12-27,Delivered
2425,2400,2018-01-31,Delivered
2426,2401,2018-05-20,Delivered
2427,2402,2017-06-09,Delivered
2428,2403,2018-06-13,Delivered
2429,2404,2018-07-13,Delivered
2430,2405,2018-02-12,Delivered
2431,2406,2018-07-25,Delivered
2432,2407,2018-04-18,Delivered
2433,2408,2018-01-21,Delivered
2434,2409,2017-12-18,Delivered
2435,2410,2018-04-03,Delivered
2436,2411,2018-06-15,Delivered
2437,2412,2017-05-09,Delivered
2438,2413,2018-08-02,Delivered
2439,1275,2017-08-22,Delivered
2440,2414,2017-08-15,Delivered
2441,275,2018-01-18,Delivered
2442,2415,2017-07-12,Delivered
2443,2416,2017-02-03,Delivered
2444,2417,2018-07-30,Delivered
2445,2418,2017-05-21,Delivered
2446,2419,2018-08-27,Delivered
2447,2420,2018-01-30,Delivered
2448,2421,2017-10-05,Delivered
2449,2422,2018-03-21,Delivered
2450,2423,2018-02-25,Delivered
2451,2424,2017-02-19,Processing
2452,2425,2017-08-20,Delivered
2453,2426,2017-09-22,Delivered
2454,2427,2017-08-22,Delivered
2455,2428,2018-05-13,Delivered
2456,2429,2018-01-30,Delivered
2457,2430,2017-11-20,Delivered
2458,2431,2017-11-18,Delivered
2459,2432,2018-04-14,Delivered
2460,2433,2018-05-02,Delivered
2461,2434,2018-07-18,Delivered
2462,2435,2018-07-10,Delivered
2463,2436,2017-11-24,Delivered
2464,2437,2018-08-27,Delivered
2465,2438,2018-06-12,Delivered
2466,2439,2018-07-24,Delivered
2467,2440,2017-10-15,Delivered
2468,2441,2018-01-19,Delivered
2469,2442,2017-09-09,Delivered
2470,2443,2017-12-12,Delivered
2471,2444,2017-05-29,Delivered
2472,2445,2018-06-07,Delivered
2473,2446,2018-03-17,Delivered
2474,2447,2018-01-17,Delivered
2475,2448,2017-10-29,Delivered
2476,2449,2018-03-26,Delivered
2477,2450,2018-04-22,Delivered
2478,2451,2018-02-20,Delivered
2479,2452,2018-03-04,Delivered
2480,2453,2018-05-17,Delivered
2481,1898,2018-05-22,Delivered
2482,2454,2018-04-15,Delivered
2483,2455,2018-01-22,Delivered
2484,2456,2017-02-26,Shipped
2485,2457,2018-08-10,Delivered
2486,2458,2018-02-12,Delivered
2487,2459,2018-02-15,Delivered
2488,2460,2017-06-04,Delivered
2489,2461,2017-11-06,Delivered
2490,2462,2018-07-14,Delivered
2491,2463,2018-01-09,Delivered
2492,767,2017-03-28,Delivered
2493,2464,2018-02-04,Delivered
2494,2465,2018-08-16,Delivered
2495,2466,2017-11-03,Delivered
2496,2467,2017-09-21,Delivered
2497,2468,2017-12-14,Delivered
2498,2469,2018-02-19,Delivered
2499,2470,2018-04-04,Delivered
2500,2471,2017-04-27,Delivered
2501,2472,2017-07-25,Canceled
2502,2473,2018-07-08,Delivered
2503,2474,2018-04-30,Delivered
2504,2475,2017-07-24,Delivered
2505,2476,2017-08-15,Delivered
2506,2477,2018-04-11,Delivered
2507,2478,2017-09-22,Delivered
2508,2479,2018-08-09,Delivered
2509,2480,2017-05-20,Delivered
2510,2481,2017-11-24,Delivered
2511,2482,2017-08-21,Delivered
2512,2483,2017-05-13,Delivered
2513,2484,2018-07-11,Delivered
2514,2485,2017-12-12,Delivered
2515,2486,2017-10-29,Delivered
2516,2487,2018-01-08,Delivered
2517,2488,2017-05-29,Delivered
2518,2489,2017-11-27,Delivered
2519,2490,2018-05-05,Delivered
2520,2491,2018-01-06,Delivered
2521,2492,2017-11-24,Delivered
2522,610,2018-02-05,Delivered
2523,2493,2017-11-24,Delivered
2524,2494,2018-07-26,Delivered
2525,2495,2018-06-15,Delivered
2526,2496,2018-08-14,Delivered
2527,2497,2017-08-25,Delivered
2528,2498,2017-09-30,Delivered
2529,2499,2017-09-25,Delivered
2530,2500,2017-11-27,Delivered
2531,2501,2018-08-08,Delivered
2532,2502,2018-05-12,Delivered
2533,2503,2018-04-12,Delivered
2534,2504,2017-06-13,Delivered
2535,2505,2017-11-29,Delivered
2536,2506,2018-03-21,Delivered
2537,2507,2018-07-23,Delivered
2538,2508,2017-10-06,Delivered
2539,2509,2018-04-29,Delivered
2540,2510,2018-06-10,Delivered
2541,2511,2018-02-25,Delivered
2542,2512,2017-09-27,Delivered
2543,2513,2017-11-30,Delivered
2544,2514,2018-01-18,Delivered
2545,2515,2017-07-12,Delivered
2546,2516,2017-06-04,Delivered
2547,2517,2017-12-11,Delivered
2548,2518,2018-02-21,Delivered
2549,2519,2017-11-29,Delivered
2550,2520,2017-11-12,Delivered
2551,2521,2017-12-19,Delivered
2552,2522,2017-12-05,Delivered
2553,2523,2017-12-04,Delivered
2554,2524,2017-11-13,Delivered
2555,2525,2018-04-10,Delivered
2556,2526,2018-05-16,Delivered
2557,2527,2017-05-21,Delivered
2558,2528,2017-09-15,Delivered
2559,2529,2018-07-03,Delivered
2560,2530,2018-04-02,Delivered
2561,2531,2018-07-29,Delivered
2562,2532,2018-03-20,Delivered
2563,2533,2018-05-17,Delivered
2564,2534,2018-06-05,Canceled
2565,2535,2018-08-19,Delivered
2566,2536,2018-01-07,Delivered
2567,2537,2018-02-27,Delivered
2568,2538,2017-03-12,Delivered
2569,2539,2018-08-18,Delivered
2570,2540,2018-02-19,Delivered
2571,2541,2017-11-04,Delivered
2572,2542,2018-05-28,Delivered
2573,2543,2018-05-22,Delivered
2574,2544,2018-07-08,Delivered
2575,2545,2018-08-06,Delivered
2576,2546,2018-05-02,Delivered
2577,2547,2018-08-05,Delivered
2578,2548,2018-04-04,Delivered
2579,2549,2018-03-10,Delivered
2580,2550,2018-07-25,Delivered
2581,2551,2017-09-30,Delivered
2582,2552,2018-07-17,Delivered
2583,2553,2018-08-14,Delivered
2584,2554,2018-05-28,Delivered
2585,2555,2018-06-26,Delivered
2586,2556,2017-12-02,Delivered
2587,2557,2017-05-11,Delivered
2588,2558,2018-06-26,Delivered
2589,2559,2018-06-26,Delivered
2590,2560,2018-01-22,Delivered
2591,2561,2018-04-24,Delivered
2592,2562,2017-02-10,Delivered
2593,2563,2018-06-01,Delivered
2594,2564,2018-08-04,Delivered
2595,2565,2017-11-24,Delivered
2596,2566,2018-08-03,Delivered
2597,2567,2018-04-27,Delivered
2598,2568,2018-08-22,Shipped
2599,2569,2017-11-21,Delivered
2600,2570,2018-01-24,Delivered
2601,2571,2018-08-02,Delivered
2602,2572,2018-05-01,Delivered
2603,2573,2018-02-23,Delivered
2604,2574,2017-05-09,Delivered
2605,2575,2017-12-26,Processing
2606,2576,2017-11-15,Delivered
2607,2577,2017-09-19,Delivered
2608,2578,2017-06-16,Delivered
2609,2579,2017-11-24,Delivered
2610,2580,2017-07-01,Delivered
2611,2581,2018-06-13,Delivered
2612,2582,2018-08-21,Delivered
2613,2583,2017-02-04,Delivered
2614,2584,2017-11-04,Invoiced
2615,2585,2018-07-01,Delivered
2616,2586,2017-11-18,Delivered
2617,2587,2018-07-09,Delivered
2618,2588,2017-09-29,Delivered
2619,2589,2017-03-21,Delivered
2620,2590,2018-02-11,Delivered
2621,2591,2017-09-09,Delivered
2622,2592,2018-04-25,Delivered
2623,2593,2018-03-21,Delivered
2624,2594,2018-03-28,Delivered
2625,2595,2018-05-11,Delivered
2626,2596,2017-12-30,Delivered
2627,2597,2018-05-07,Delivered
2628,2598,2017-05-11,Delivered
2629,2599,2018-03-17,Delivered
2630,2600,2018-08-20,Delivered
2631,2601,2018-01-31,Delivered
2632,2602,2017-10-29,Delivered
2633,2603,2018-01-10,Delivered
2634,2604,2017-11-14,Delivered
2635,2605,2017-08-08,Delivered
2636,2606,2018-01-11,Delivered
2637,2607,2018-07-05,Delivered
2638,2608,2017-06-25,Delivered
2639,2609,2018-08-01,Delivered
2640,2610,2018-01-24,Delivered
2641,2611,2018-08-05,Delivered
2642,2612,2018-03-22,Delivered
2643,2613,2018-07-20,Delivered
2644,2614,2018-07-17,Delivered
2645,2615,2017-09-18,Delivered
2646,2616,2018-04-17,Delivered
2647,2617,2018-03-16,Delivered
2648,2618,2018-08-24,Delivered
2649,2619,2017-11-28,Delivered
2650,2620,2018-03-28,Delivered
2651,2621,2018-01-19,Delivered
2652,2622,2018-01-26,Delivered
2653,2623,2018-05-14,Delivered
2654,2624,2017-11-19,Delivered
2655,2625,2018-08-15,Delivered
2656,2626,2018-03-11,Delivered
2657,2627,2017-11-24,Delivered
2658,1325,2017-08-10,Delivered
2659,2628,2017-09-01,Delivered
2660,2629,2017-06-13,Delivered
2661,2630,2017-03-04,Delivered
2662,2631,2017-06-16,Delivered
2663,2632,2018-03-29,Delivered
2664,2633,2017-06-23,Delivered
2665,2634,2017-12-06,Delivered
2666,2635,2017-12-27,Delivered
2667,2636,2018-01-04,Delivered
2668,2637,2017-12-06,Delivered
2669,2638,2017-07-25,Delivered
2670,2639,2018-01-25,Delivered
2671,2640,2018-08-01,Delivered
2672,2641,2017-10-16,Delivered
2673,2642,2018-03-14,Delivered
2674,2643,2017-12-04,Delivered
2675,2644,2018-06-06,Delivered
2676,2645,2017-07-02,Delivered
2677,2646,2017-11-16,Delivered
2678,2647,2017-09-04,Delivered
2679,2648,2017-11-24,Delivered
2680,2649,2018-06-12,Delivered
2681,2650,2017-07-02,Canceled
2682,2651,2017-10-24,Delivered
2683,2652,2018-05-13,Delivered
2684,2653,2018-02-15,Delivered
2685,2654,2017-06-06,Delivered
2686,2655,2017-07-24,Delivered
2687,2656,2017-07-04,Delivered
2688,2657,2017-12-26,Delivered
2689,2658,2017-12-05,Delivered
2690,2659,2018-08-08,Delivered
2691,2660,2018-08-12,Shipped
2692,2661,2018-08-09,Delivered
2693,2662,2018-04-30,Delivered
2694,2663,2017-09-14,Delivered
2695,2664,2017-11-18,Delivered
2696,2665,2017-07-08,Delivered
2697,2666,2017-09-26,Delivered
2698,2667,2017-11-15,Shipped
2699,2668,2018-07-23,Delivered
2700,2669,2017-06-08,Delivered
2701,2670,2017-10-09,Delivered
2702,2671,2017-11-24,Delivered
2703,2672,2017-12-06,Delivered
2704,2673,2017-07-18,Delivered
2705,2674,2017-05-29,Delivered
2706,2675,2018-04-01,Delivered
2707,2676,2017-08-02,Delivered
2708,2677,2017-12-13,Delivered
2709,2678,2018-03-08,Delivered
2710,2679,2017-12-27,Delivered
2711,2680,2018-07-03,Delivered
2712,2681,2018-07-16,Delivered
2713,2682,2017-08-11,Delivered
2714,2683,2018-03-11,Delivered
2715,2684,2018-03-28,Delivered
2716,2685,2018-01-08,Delivered
2717,2686,2017-05-26,Delivered
2718,2687,2018-04-29,Delivered
2719,2688,2017-07-18,Delivered
2720,2689,2017-11-27,Delivered
2721,2690,2017-04-27,Delivered
2722,2691,2017-11-20,Delivered
2723,2692,2018-02-27,Delivered
2724,2693,2017-03-09,Delivered
2725,2694,2018-01-14,Delivered
2726,2695,2018-06-13,Delivered
2727,2696,2017-11-10,Delivered
2728,2697,2017-08-01,Delivered
2729,2698,2018-02-06,Delivered
2730,2699,2018-01-10,Delivered
2731,2700,2018-08-01,Delivered
2732,2701,2018-02-05,Delivered
2733,2702,2017-09-24,Delivered
2734,2703,2018-07-04,Delivered
2735,2704,2017-03-07,Delivered
2736,2705,2018-06-04,Delivered
2737,2706,2018-01-05,Delivered
2738,2707,2018-02-07,Delivered
2739,2708,2017-09-21,Delivered
2740,2709,2018-01-15,Delivered
2741,2710,2017-05-16,Delivered
2742,2711,2017-09-22,Unavailable
2743,2712,2018-05-22,Delivered
2744,2713,2018-02-11,Delivered
2745,2714,2018-06-21,Delivered
2746,2715,2017-04-17,Delivered
2747,2716,2018-03-04,Delivered
2748,2717,2017-09-21,Delivered
2749,2718,2018-08-05,Delivered
2750,2719,2018-04-27,Delivered
2751,2720,2018-05-29,Delivered
2752,2721,2017-12-11,Delivered
2753,2722,2018-08-08,Delivered
2754,2723,2017-12-11,Delivered
2755,2724,2017-05-23,Delivered
2756,2725,2018-01-25,Delivered
2757,2726,2017-12-27,Delivered
2758,2727,2018-03-18,Delivered
2759,2728,2018-06-11,Delivered
2760,2729,2018-02-14,Delivered
2761,2730,2018-07-26,Delivered
2762,2731,2018-07-24,Delivered
2763,2732,2017-06-19,Delivered
2764,2733,2018-06-08,Delivered
2765,2734,2017-12-19,Delivered
2766,2735,2017-11-29,Delivered
2767,2736,2017-10-09,Delivered
2768,2737,2018-08-25,Delivered
2769,2738,2018-04-11,Delivered
2770,2739,2017-10-04,Delivered
2771,2740,2017-11-25,Delivered
2772,2741,2018-01-12,Delivered
2773,2742,2018-05-14,Delivered
2774,2743,2018-04-02,Delivered
2775,2744,2018-01-14,Delivered
2776,2745,2018-03-05,Delivered
2777,2746,2017-07-02,Delivered
2778,2747,2017-11-28,Delivered
2779,2748,2018-07-18,Delivered
2780,2749,2018-01-19,Delivered
2781,2750,2017-04-25,Delivered
2782,2751,2018-05-11,Delivered
2783,2752,2018-01-20,Delivered
2784,2753,2018-01-20,Delivered
2785,2754,2018-05-17,Delivered
2786,2755,2018-08-17,Delivered
2787,342,2018-05-10,Delivered
2788,1987,2018-02-23,Delivered
2789,2756,2017-05-25,Delivered
2790,2757,2017-03-27,Delivered
2791,2758,2017-11-04,Delivered
2792,2759,2018-01-15,Delivered
2793,2760,2018-04-04,Delivered
2794,2761,2017-09-05,Delivered
2795,2762,2017-07-24,Delivered
2796,2763,2017-06-18,Delivered
2797,2764,2017-05-02,Delivered
2798,2765,2018-02-22,Delivered
2799,2766,2017-06-27,Delivered
2800,2767,2018-04-17,Delivered
2801,2768,2018-05-21,Delivered
2802,2769,2018-06-29,Delivered
2803,2770,2017-07-24,Delivered
2804,2771,2018-05-16,Delivered
2805,2772,2018-05-19,Delivered
2806,2773,2017-11-05,Delivered
2807,2774,2017-07-11,Delivered
2808,2775,2018-07-02,Delivered
2809,2776,2018-04-09,Delivered
2810,2777,2017-11-02,Delivered
2811,2778,2018-07-30,Delivered
2812,1766,2018-06-25,Delivered
2813,2779,2018-06-14,Delivered
2814,2780,2018-04-01,Delivered
2815,2781,2018-05-25,Delivered
2816,2782,2017-07-31,Delivered
2817,2783,2018-01-14,Delivered
2818,2784,2017-06-23,Delivered
2819,2785,2018-04-22,Delivered
2820,2786,2017-04-18,Delivered
2821,2787,2017-12-29,Delivered
2822,2788,2018-02-20,Delivered
2823,2789,2017-11-10,Delivered
2824,2790,2017-05-05,Delivered
2825,2791,2017-09-15,Delivered
2826,2792,2018-08-16,Delivered
2827,2793,2017-11-24,Delivered
2828,2794,2018-02-21,Delivered
2829,2795,2018-01-25,Delivered
2830,2796,2017-04-28,Delivered
2831,2797,2017-10-16,Delivered
2832,2798,2017-12-02,Delivered
2833,2799,2018-05-12,Delivered
2834,2800,2018-02-11,Delivered
2835,2801,2017-12-06,Delivered
2836,2802,2018-04-20,Delivered
2837,2803,2018-06-04,Delivered
2838,2804,2018-05-16,Delivered
2839,2805,2017-11-22,Delivered
2840,2806,2017-11-18,Delivered
2841,2807,2017-06-17,Delivered
2842,2808,2017-11-27,Delivered
2843,2809,2018-08-16,Delivered
2844,2810,2018-06-17,Delivered
2845,2811,2017-07-27,Delivered
2846,2812,2018-02-16,Delivered
2847,2813,2018-01-24,Delivered
2848,2814,2017-11-24,Delivered
2849,2815,2018-03-06,Delivered
2850,2816,2018-04-24,Delivered
2851,2817,2017-10-12,Delivered
2852,2818,2017-11-09,Delivered
2853,2819,2017-07-14,Delivered
2854,2820,2017-09-28,Delivered
2855,2821,2017-10-19,Delivered
2856,2822,2018-07-13,Delivered
2857,2823,2017-11-28,Delivered
2858,2824,2017-10-16,Delivered
2859,2825,2017-12-11,Delivered
2860,2826,2018-01-23,Delivered
2861,2827,2018-08-03,Delivered
2862,2828,2018-01-18,Delivered
2863,2829,2017-05-25,Delivered
2864,2830,2018-01-11,Delivered
2865,2831,2017-11-29,Delivered
2866,2832,2017-11-18,Delivered
2867,2833,2017-12-21,Delivered
2868,2834,2018-02-03,Delivered
2869,2835,2017-10-24,Delivered
2870,2836,2017-11-30,Delivered
2871,2837,2018-01-31,Delivered
2872,2838,2018-06-08,Delivered
2873,2839,2018-07-23,Delivered
2874,2840,2018-01-25,Delivered
2875,2841,2018-03-05,Delivered
2876,2842,2018-02-05,Delivered
2877,2843,2018-04-06,Delivered
2878,2844,2018-04-18,Delivered
2879,2845,2018-05-22,Delivered
2880,2846,2018-03-30,Delivered
2881,2847,2018-02-15,Delivered
2882,2848,2017-12-05,Delivered
2883,2849,2018-06-14,Delivered
2884,2850,2018-03-27,Delivered
2885,2851,2017-11-09,Delivered
2886,2852,2018-08-06,Delivered
2887,2853,2018-05-14,Delivered
2888,2854,2017-05-03,Delivered
2889,2855,2018-04-18,Delivered
2890,2856,2017-03-31,Delivered
2891,2857,2018-04-28,Delivered
2892,2858,2018-08-06,Delivered
2893,2859,2017-01-27,Delivered
2894,2860,2018-03-15,Delivered
2895,2861,2018-01-28,Delivered
2896,2862,2018-04-19,Delivered
2897,2863,2018-03-26,Delivered
2898,2864,2018-02-21,Delivered
2899,2865,2017-03-09,Delivered
2900,2866,2017-01-20,Delivered
2901,2867,2018-01-25,Delivered
2902,2868,2018-02-18,Delivered
2903,2869,2018-03-07,Delivered
2904,2870,2017-10-19,Delivered
2905,2871,2017-10-17,Delivered
2906,2872,2017-04-14,Delivered
2907,2873,2017-11-26,Delivered
2908,2874,2017-10-29,Delivered
2909,2875,2017-09-30,Delivered
2910,2876,2018-01-26,Delivered
2911,2877,2017-10-06,Delivered
2912,2878,2018-01-30,Delivered
2913,2879,2018-03-11,Delivered
2914,2880,2017-08-05,Delivered
2915,2881,2018-05-07,Delivered
2916,2882,2017-12-25,Invoiced
2917,2883,2017-11-01,Delivered
2918,2884,2018-02-01,Delivered
2919,2885,2017-12-06,Delivered
2920,2886,2018-02-14,Delivered
2921,2887,2018-08-05,Delivered
2922,2888,2018-05-07,Delivered
2923,2889,2017-05-21,Delivered
2924,2890,2018-08-21,Delivered
2925,2891,2018-04-14,Delivered
2926,2892,2018-03-04,Delivered
2927,2893,2018-06-30,Delivered
2928,2894,2017-04-23,Delivered
2929,2895,2017-07-19,Delivered
2930,2896,2018-06-12,Delivered
2931,2897,2018-05-02,Delivered
2932,2898,2018-04-30,Delivered
2933,2899,2018-01-21,Delivered
2934,2900,2017-03-14,Delivered
2935,2901,2017-09-26,Delivered
2936,2902,2017-02-22,Delivered
2937,2903,2018-01-25,Delivered
2938,2904,2017-09-13,Delivered
2939,2905,2017-12-28,Delivered
2940,2906,2017-10-30,Delivered
2941,2907,2018-03-25,Delivered
2942,2908,2018-05-07,Delivered
2943,2909,2017-02-28,Delivered
2944,2910,2017-11-13,Delivered
2945,2911,2018-05-02,Delivered
2946,2912,2018-02-18,Delivered
2947,2913,2017-05-11,Delivered
2948,2914,2018-03-24,Delivered
2949,2915,2018-08-11,Delivered
2950,2916,2017-12-01,Delivered
2951,2917,2018-07-02,Delivered
2952,2918,2017-10-29,Delivered
2953,2919,2017-09-30,Delivered
2954,2920,2017-12-04,Delivered
2955,2921,2017-06-23,Delivered
2956,2922,2018-06-02,Delivered
2957,2923,2017-07-10,Delivered
2958,2924,2018-03-29,Delivered
2959,2925,2017-03-09,Delivered
2960,2926,2018-03-30,Delivered
2961,2927,2018-02-21,Delivered
2962,2928,2018-03-17,Delivered
2963,2929,2018-04-03,Delivered
2964,2930,2017-08-30,Delivered
2965,2931,2018-01-29,Delivered
2966,2932,2017-11-21,Delivered
2967,2933,2017-08-30,Delivered
2968,2934,2017-08-06,Delivered
2969,2935,2018-03-08,Delivered
2970,2936,2018-03-02,Delivered
2971,2937,2017-09-21,Delivered
2972,2938,2017-08-25,Delivered
2973,2939,2017-08-14,Delivered
2974,2940,2018-01-03,Delivered
2975,2941,2017-11-06,Delivered
2976,2942,2018-07-30,Delivered
2977,2943,2018-05-03,Delivered
2978,2944,2018-05-08,Delivered
2979,2945,2018-01-09,Delivered
2980,2946,2017-03-24,Delivered
2981,2947,2017-09-27,Delivered
2982,2948,2018-05-28,Delivered
2983,2949,2017-11-30,Delivered
2984,2950,2018-07-22,Delivered
2985,2951,2017-06-28,Delivered
2986,2952,2017-05-30,Unavailable
2987,2953,2018-03-19,Delivered
2988,2954,2017-01-29,Delivered
2989,2955,2018-08-14,Delivered
2990,2956,2018-05-18,Delivered
2991,2957,2018-01-18,Delivered
2992,2958,2017-07-17,Delivered
2993,2959,2018-03-09,Delivered
2994,2960,2017-11-07,Delivered
2995,2961,2018-08-21,Delivered
2996,2962,2017-08-02,Delivered
2997,2963,2017-10-27,Shipped
2998,2964,2018-05-22,Delivered
2999,2965,2018-05-14,Delivered
3000,2966,2018-01-06,Delivered
3001,2967,2018-08-03,Delivered
3002,2968,2017-11-01,Delivered
3003,2969,2017-05-19,Delivered
3004,2970,2017-11-24,Delivered
3005,2971,2017-07-17,Delivered
3006,2972,2017-11-09,Delivered
3007,2973,2018-05-22,Delivered
3008,2974,2018-03-09,Delivered
3009,2975,2017-05-10,Delivered
3010,2976,2018-05-26,Delivered
3011,2977,2018-02-08,Delivered
3012,2978,2018-08-24,Delivered
3013,2979,2017-02-17,Delivered
3014,2980,2017-08-07,Delivered
3015,2981,2018-05-19,Delivered
3016,2982,2017-11-25,Delivered
3017,2983,2018-06-20,Delivered
3018,2984,2017-10-31,Delivered
3019,2985,2017-08-31,Delivered
3020,2986,2017-10-15,Delivered
3021,2987,2018-07-30,Delivered
3022,2988,2017-04-19,Delivered
3023,2989,2017-08-18,Delivered
3024,2990,2017-06-02,Delivered
3025,2991,2018-02-22,Delivered
3026,2992,2018-02-14,Delivered
3027,2993,2017-10-30,Delivered
3028,2994,2018-06-29,Delivered
3029,2995,2018-04-04,Delivered
3030,2996,2017-05-03,Delivered
3031,2997,2018-04-01,Delivered
3032,2998,2018-02-16,Delivered
3033,2999,2017-09-10,Delivered
3034,3000,2018-03-27,Delivered
3035,3001,2017-08-07,Delivered
3036,3002,2018-02-20,Delivered
3037,3003,2018-01-24,Delivered
3038,3004,2018-04-24,Delivered
3039,3005,2018-06-19,Delivered
3040,3006,2018-05-04,Delivered
3041,3007,2018-02-22,Delivered
3042,3008,2018-03-12,Delivered
3043,3009,2018-04-16,Delivered
3044,3010,2017-12-19,Delivered
3045,3011,2018-01-23,Delivered
3046,3012,2018-03-09,Delivered
3047,3013,2018-01-13,Delivered
3048,3014,2018-01-20,Delivered
3049,3015,2017-10-03,Delivered
3050,3016,2018-04-18,Delivered
3051,3017,2017-10-06,Delivered
3052,3018,2018-08-03,Delivered
3053,3019,2018-03-22,Delivered
3054,3020,2018-07-05,Delivered
3055,3021,2017-07-14,Delivered
3056,3022,2017-05-14,Delivered
3057,3023,2017-12-09,Delivered
3058,3024,2018-01-29,Delivered
3059,3025,2018-08-20,Shipped
3060,3026,2017-05-19,Delivered
3061,3027,2018-02-11,Delivered
3062,3028,2018-08-10,Delivered
3063,3029,2017-09-07,Delivered
3064,3030,2018-03-13,Delivered
3065,3031,2017-02-27,Delivered
3066,3032,2017-12-02,Delivered
3067,3033,2017-07-18,Delivered
3068,3034,2018-01-22,Shipped
3069,3035,2017-04-05,Delivered
3070,3036,2017-12-31,Delivered
3071,1826,2018-03-18,Delivered
3072,3037,2018-06-13,Delivered
3073,3038,2018-03-12,Delivered
3074,3039,2017-06-25,Delivered
3075,3040,2017-10-21,Delivered
3076,3041,2017-12-07,Delivered
3077,3042,2018-05-14,Delivered
3078,3043,2017-11-17,Delivered
3079,3044,2018-03-11,Delivered
3080,3045,2017-07-28,Delivered
3081,3046,2017-03-13,Delivered
3082,3047,2017-11-26,Delivered
3083,3048,2018-05-15,Delivered
3084,3049,2018-07-14,Delivered
3085,3050,2017-05-08,Delivered
3086,3051,2018-06-05,Delivered
3087,3052,2017-10-09,Delivered
3088,3053,2017-12-07,Delivered
3089,3054,2017-05-05,Delivered
3090,3055,2018-03-30,Delivered
3091,3056,2018-01-25,Delivered
3092,3057,2018-01-06,Delivered
3093,3058,2018-06-18,Delivered
3094,3059,2017-07-26,Delivered
3095,3060,2018-07-18,Delivered
3096,3061,2018-07-21,Delivered
3097,3062,2017-08-12,Delivered
3098,3063,2018-02-10,Delivered
3099,3064,2017-09-23,Delivered
3100,3065,2018-02-26,Delivered
3101,3066,2018-05-09,Delivered
3102,1559,2017-07-09,Delivered
3103,3067,2017-06-22,Delivered
3104,3068,2018-02-20,Delivered
3105,3069,2017-11-16,Delivered
3106,3070,2018-04-26,Delivered
3107,3071,2018-06-17,Delivered
3108,3072,2017-06-07,Delivered
3109,3073,2018-01-11,Delivered
3110,3074,2018-08-08,Delivered
3111,3075,2018-06-28,Delivered
3112,3076,2018-03-23,Delivered
3113,3077,2017-05-08,Delivered
3114,3078,2017-09-18,Delivered
3115,3079,2017-05-17,Delivered
3116,3080,2017-07-24,Delivered
3117,3081,2018-01-30,Delivered
3118,3082,2017-09-01,Delivered
3119,3083,2018-01-27,Delivered
3120,3084,2017-12-12,Delivered
3121,3085,2017-05-29,Delivered
3122,3086,2017-10-18,Delivered
3123,3087,2017-12-28,Delivered
3124,3088,2017-01-23,Delivered
3125,3089,2017-11-20,Delivered
3126,3090,2017-04-24,Delivered
3127,3091,2018-08-09,Delivered
3128,3092,2018-01-26,Delivered
3129,3093,2018-07-20,Delivered
3130,3094,2018-02-07,Delivered
3131,3095,2017-11-01,Delivered
3132,3096,2017-11-26,Delivered
3133,3097,2018-06-04,Delivered
3134,3098,2017-09-25,Delivered
3135,3099,2018-05-15,Delivered
3136,3100,2017-11-23,Delivered
3137,3101,2018-07-31,Delivered
3138,3102,2018-03-18,Delivered
3139,3103,2017-11-28,Delivered
3140,3104,2017-04-28,Delivered
3141,3105,2018-06-22,Delivered
3142,3106,2018-07-17,Delivered
3143,3107,2017-12-27,Delivered
3144,3108,2018-03-12,Delivered
3145,2821,2017-09-15,Delivered
3146,3109,2018-01-07,Delivered
3147,3110,2018-05-05,Delivered
3148,3111,2017-04-22,Delivered
3149,3112,2018-05-11,Delivered
3150,3113,2017-11-09,Delivered
3151,3114,2018-06-27,Delivered
3152,3115,2017-09-24,Delivered
3153,3116,2017-11-28,Delivered
3154,3117,2017-11-07,Delivered
3155,3118,2017-06-05,Delivered
3156,3119,2018-05-18,Delivered
3157,3120,2017-09-19,Delivered
3158,3121,2017-07-15,Delivered
3159,3122,2018-07-31,Delivered
3160,3123,2017-11-20,Delivered
3161,3124,2017-04-03,Delivered
3162,3125,2017-09-21,Delivered
3163,3126,2017-09-15,Delivered
3164,3127,2017-12-09,Delivered
3165,3128,2018-06-21,Delivered
3166,3129,2018-02-15,Delivered
3167,3130,2018-03-06,Delivered
3168,3131,2018-06-01,Delivered
3169,3132,2017-04-19,Delivered
3170,3133,2017-05-17,Delivered
3171,3134,2018-01-03,Delivered
3172,3135,2018-07-01,Delivered
3173,3136,2018-03-02,Delivered
3174,3137,2018-08-15,Delivered
3175,3138,2017-09-18,Delivered
3176,3139,2017-12-16,Delivered
3177,3140,2018-06-09,Delivered
3178,3141,2017-06-14,Delivered
3179,3142,2017-11-30,Delivered
3180,3143,2018-06-02,Delivered
3181,3144,2017-08-24,Delivered
3182,3145,2017-08-03,Delivered
3183,3146,2017-02-10,Delivered
3184,3147,2018-06-25,Delivered
3185,3148,2017-05-29,Delivered
3186,3149,2018-08-10,Delivered
3187,3150,2018-02-24,Delivered
3188,3151,2017-11-26,Delivered
3189,3152,2018-05-04,Delivered
3190,3153,2018-05-02,Delivered
3191,3154,2018-07-02,Delivered
3192,3155,2018-05-12,Delivered
3193,3156,2018-07-18,Delivered
3194,3157,2018-02-17,Unavailable
3195,3158,2017-11-30,Delivered
3196,2775,2018-06-23,Delivered
3197,3159,2018-01-21,Delivered
3198,3160,2017-11-24,Delivered
3199,3161,2018-01-04,Processing
3200,3162,2018-01-29,Delivered
3201,3163,2017-06-30,Delivered
3202,3164,2017-09-15,Delivered
3203,3165,2018-01-13,Delivered
3204,3166,2017-05-02,Delivered
3205,3167,2018-03-04,Delivered
3206,3168,2017-11-22,Delivered
3207,3169,2018-02-28,Delivered
3208,3170,2018-08-16,Delivered
3209,3171,2017-10-17,Delivered
3210,3172,2017-02-20,Delivered
3211,3173,2017-10-23,Delivered
3212,3174,2018-03-05,Delivered
3213,3175,2018-07-21,Delivered
3214,3176,2017-12-11,Delivered
3215,3177,2018-03-14,Delivered
3216,3178,2018-07-14,Delivered
3217,3179,2018-08-06,Delivered
3218,3180,2018-05-05,Delivered
3219,3181,2018-02-22,Delivered
3220,3182,2017-09-12,Delivered
3221,3183,2018-01-04,Delivered
3222,3184,2017-06-12,Delivered
3223,3185,2017-10-18,Delivered
3224,1215,2018-01-23,Delivered
3225,3186,2017-10-09,Delivered
3226,3187,2018-07-12,Delivered
3227,3188,2018-08-18,Delivered
3228,3189,2018-06-23,Delivered
3229,3190,2018-08-13,Delivered
3230,3191,2017-11-28,Delivered
3231,3192,2017-12-12,Delivered
3232,3193,2018-02-25,Delivered
3233,3194,2018-02-01,Delivered
3234,3195,2018-08-19,Delivered
3235,3196,2017-10-03,Delivered
3236,3197,2017-12-11,Delivered
3237,3198,2017-05-13,Shipped
3238,3199,2017-10-16,Delivered
3239,3200,2017-10-24,Delivered
3240,3201,2018-08-19,Delivered
3241,3202,2017-12-21,Delivered
3242,3203,2018-07-04,Delivered
3243,3204,2017-05-10,Delivered
3244,3205,2018-04-10,Delivered
3245,3206,2018-04-28,Delivered
3246,3207,2017-09-14,Delivered
3247,3208,2018-04-03,Delivered
3248,3209,2017-12-06,Delivered
3249,3210,2018-08-08,Delivered
3250,3211,2018-01-29,Canceled
3251,3212,2018-01-23,Delivered
3252,3213,2017-12-04,Delivered
3253,3214,2017-05-12,Delivered
3254,3215,2018-02-20,Delivered
3255,3216,2017-12-07,Delivered
3256,3217,2018-07-28,Delivered
3257,3218,2018-08-18,Delivered
3258,3219,2018-03-06,Delivered
3259,1109,2018-06-18,Delivered
3260,3220,2017-10-17,Delivered
3261,3221,2018-02-04,Delivered
3262,3222,2017-09-12,Delivered
3263,3223,2017-07-24,Delivered
3264,3224,2018-05-29,Delivered
3265,3225,2018-02-07,Delivered
3266,3226,2018-01-25,Delivered
3267,3227,2017-07-19,Delivered
3268,3228,2018-08-12,Delivered
3269,3229,2017-11-24,Delivered
3270,3230,2018-05-11,Delivered
3271,3231,2017-07-18,Delivered
3272,3232,2018-02-19,Delivered
3273,3233,2017-09-19,Delivered
3274,3234,2018-04-25,Delivered
3275,3235,2018-06-03,Delivered
3276,3236,2018-06-28,Delivered
3277,3237,2017-11-24,Delivered
3278,3238,2017-02-10,Delivered
3279,3239,2017-07-06,Delivered
3280,3240,2017-06-15,Delivered
3281,3241,2017-12-11,Delivered
3282,3242,2017-11-25,Delivered
3283,3243,2018-08-07,Delivered
3284,3244,2018-04-10,Delivered
3285,3245,2018-05-30,Delivered
3286,3246,2017-11-30,Delivered
3287,3247,2018-08-01,Delivered
3288,3248,2018-04-11,Delivered
3289,3249,2017-04-04,Delivered
3290,3250,2017-12-05,Delivered
3291,3251,2017-10-29,Delivered
3292,3252,2018-06-09,Delivered
3293,3253,2018-06-09,Delivered
3294,3254,2018-03-06,Delivered
3295,3255,2018-01-31,Delivered
3296,3256,2018-08-12,Delivered
3297,3257,2017-12-19,Delivered
3298,3258,2017-10-26,Delivered
3299,3259,2017-04-03,Delivered
3300,3260,2017-09-04,Delivered
3301,3261,2018-02-20,Delivered
3302,3262,2018-02-27,Delivered
3303,3263,2017-08-05,Delivered
3304,3264,2017-09-01,Delivered
3305,3265,2017-05-12,Delivered
3306,3266,2017-07-03,Delivered
3307,3267,2018-01-19,Delivered
3308,3268,2018-07-14,Delivered
3309,3269,2018-02-03,Delivered
3310,3270,2017-05-22,Delivered
3311,3271,2017-04-29,Delivered
3312,3272,2018-07-15,Delivered
3313,3273,2018-02-18,Delivered
3314,3274,2017-03-11,Delivered
3315,3275,2017-08-14,Unavailable
3316,3276,2018-01-10,Delivered
3317,3277,2018-01-07,Delivered
3318,3278,2018-03-07,Delivered
3319,3279,2018-08-08,Delivered
3320,3280,2018-08-18,Delivered
3321,3281,2018-04-25,Delivered
3322,3282,2017-06-13,Delivered
3323,3283,2018-05-09,Delivered
3324,3284,2017-07-24,Delivered
3325,3285,2018-07-19,Delivered
3326,3286,2017-08-28,Delivered
3327,3287,2018-02-22,Delivered
3328,3288,2018-03-02,Delivered
3329,3289,2017-01-18,Delivered
3330,3290,2018-02-17,Delivered
3331,3291,2017-10-14,Delivered
3332,3292,2018-04-04,Delivered
3333,3293,2018-03-25,Delivered
3334,3294,2018-03-15,Delivered
3335,3295,2018-07-16,Delivered
3336,3296,2017-10-31,Delivered
3337,3297,2017-10-21,Delivered
3338,3298,2018-04-24,Delivered
3339,3299,2018-08-13,Delivered
3340,3300,2018-07-26,Delivered
3341,3301,2017-04-27,Delivered
3342,3302,2017-05-19,Delivered
3343,3303,2018-02-05,Delivered
3344,3304,2017-01-20,Delivered
3345,3305,2018-07-23,Delivered
3346,3306,2018-05-18,Delivered
3347,3307,2018-04-10,Delivered
3348,3308,2017-09-21,Delivered
3349,3309,2017-01-27,Delivered
3350,282,2018-01-14,Delivered
3351,3310,2017-03-16,Delivered
3352,3311,2017-03-16,Shipped
3353,3312,2018-01-04,Delivered
3354,3313,2017-05-29,Delivered
3355,3314,2017-05-09,Delivered
3356,3315,2017-09-27,Delivered
3357,3316,2017-10-12,Delivered
3358,3317,2017-07-17,Delivered
3359,3318,2017-09-06,Delivered
3360,3319,2017-07-31,Delivered
3361,3320,2017-05-24,Delivered
3362,3321,2018-03-18,Delivered
3363,3322,2017-08-11,Delivered
3364,3323,2018-02-06,Delivered
3365,3324,2018-06-05,Delivered
3366,3325,2017-11-20,Delivered
3367,3326,2017-07-13,Delivered
3368,1878,2017-12-08,Delivered
3369,3327,2018-04-17,Delivered
3370,3328,2018-05-25,Delivered
3371,3329,2017-09-16,Delivered
3372,3330,2018-06-14,Delivered
3373,3331,2017-02-06,Delivered
3374,3332,2017-11-28,Delivered
3375,3333,2018-07-31,Delivered
3376,3334,2017-11-06,Delivered
3377,3335,2018-08-09,Delivered
3378,3336,2018-02-24,Delivered
3379,3337,2017-05-15,Delivered
3380,3338,2017-04-03,Delivered
3381,3339,2018-08-05,Delivered
3382,3340,2018-02-26,Delivered
3383,3341,2017-11-27,Delivered
3384,3342,2017-07-26,Delivered
3385,3343,2017-09-19,Delivered
3386,3344,2017-05-01,Shipped
3387,3345,2017-11-13,Delivered
3388,3116,2017-11-28,Delivered
3389,3346,2018-04-28,Shipped
3390,3347,2017-02-19,Delivered
3391,3348,2018-01-18,Shipped
3392,3349,2017-11-22,Delivered
3393,3350,2018-02-20,Delivered
3394,3351,2018-05-22,Delivered
3395,3352,2018-02-13,Delivered
3396,3353,2017-11-16,Delivered
3397,3354,2017-08-07,Delivered
3398,3355,2018-06-07,Delivered
3399,3356,2018-07-17,Delivered
3400,3357,2018-08-16,Delivered
3401,3358,2018-07-04,Delivered
3402,3359,2018-04-04,Delivered
3403,3021,2018-06-12,Delivered
3404,3252,2018-06-19,Delivered
3405,3360,2017-12-04,Delivered
3406,3361,2018-08-01,Delivered
3407,2254,2017-12-09,Delivered
3408,3362,2018-06-15,Delivered
3409,3363,2018-07-16,Delivered
3410,3364,2018-07-31,Delivered
3411,3365,2017-06-12,Delivered
3412,3366,2018-05-31,Delivered
3413,3367,2018-04-01,Delivered
3414,3368,2018-05-03,Delivered
3415,3369,2018-08-21,Delivered
3416,1710,2017-11-13,Delivered
3417,3370,2017-11-17,Delivered
3418,3371,2018-05-16,Delivered
3419,3372,2017-04-04,Delivered
3420,3373,2017-06-22,Delivered
3421,3374,2018-06-02,Delivered
3422,3375,2017-11-18,Delivered
3423,3376,2018-04-16,Delivered
3424,3377,2018-07-05,Delivered
3425,3378,2018-06-25,Delivered
3426,3379,2018-03-07,Delivered
3427,3380,2018-04-02,Delivered
3428,3381,2017-04-04,Delivered
3429,3382,2018-03-30,Delivered
3430,3383,2018-01-06,Delivered
3431,3384,2018-08-22,Delivered
3432,3385,2017-04-20,Delivered
3433,3386,2017-09-14,Delivered
3434,3387,2018-03-25,Delivered
3435,3388,2017-11-24,Delivered
3436,3389,2017-11-06,Delivered
3437,3390,2018-07-22,Delivered
3438,3391,2018-02-20,Delivered
3439,3392,2018-04-11,Delivered
3440,3393,2017-07-15,Delivered
3441,3394,2018-06-06,Delivered
3442,3395,2017-10-26,Delivered
3443,3396,2018-03-31,Delivered
3444,3397,2018-05-14,Delivered
3445,3398,2017-05-07,Delivered
3446,3399,2018-05-15,Delivered
3447,3400,2018-01-04,Delivered
3448,3401,2017-12-09,Delivered
3449,3402,2018-02-10,Delivered
3450,3403,2017-03-11,Delivered
3451,3404,2018-01-15,Delivered
3452,3405,2017-11-07,Delivered
3453,3406,2017-09-18,Delivered
3454,3407,2017-11-10,Delivered
3455,3408,2018-08-23,Delivered
3456,3409,2018-02-14,Delivered
3457,3410,2017-03-12,Delivered
3458,3411,2017-07-02,Delivered
3459,3412,2017-09-28,Delivered
3460,3413,2017-06-08,Delivered
3461,3414,2017-09-22,Processing
3462,3415,2018-01-09,Delivered
3463,3416,2018-08-16,Delivered
3464,3417,2018-08-07,Delivered
3465,3418,2018-08-02,Delivered
3466,3419,2018-05-15,Delivered
3467,3420,2017-03-12,Delivered
3468,3421,2018-05-07,Delivered
3469,3422,2017-11-21,Delivered
3470,3423,2018-04-06,Delivered
3471,3424,2017-02-22,Delivered
3472,3425,2017-11-21,Delivered
3473,3426,2018-05-02,Delivered
3474,3427,2017-06-23,Delivered
3475,3428,2017-12-13,Delivered
3476,3429,2018-03-28,Delivered
3477,3430,2018-01-21,Delivered
3478,3431,2018-06-21,Delivered
3479,3432,2018-02-25,Delivered
3480,3433,2017-02-02,Delivered
3481,3434,2018-03-09,Delivered
3482,3435,2017-04-30,Delivered
3483,3436,2017-11-21,Delivered
3484,3437,2018-07-05,Delivered
3485,3438,2017-09-20,Delivered
3486,3439,2017-10-15,Delivered
3487,3440,2017-10-10,Delivered
3488,3441,2017-04-20,Delivered
3489,3442,2018-05-07,Delivered
3490,3443,2018-08-12,Delivered
3491,3444,2017-10-10,Delivered
3492,3445,2018-08-16,Delivered
3493,3446,2018-04-22,Delivered
3494,589,2017-08-05,Delivered
3495,3447,2017-10-10,Delivered
3496,3448,2017-08-15,Delivered
3497,3449,2017-12-02,Delivered
3498,3450,2017-09-10,Delivered
3499,3451,2018-01-31,Delivered
3500,3452,2017-11-14,Delivered
3501,3453,2018-02-22,Delivered
3502,3454,2018-01-10,Delivered
3503,3455,2018-05-23,Delivered
3504,3456,2018-01-18,Delivered
3505,3457,2018-05-17,Delivered
3506,3458,2018-06-18,Delivered
3507,3459,2017-10-06,Delivered
3508,3460,2018-03-06,Delivered
3509,3461,2017-07-22,Delivered
3510,3462,2018-08-02,Delivered
3511,3463,2018-03-25,Delivered
3512,3464,2018-05-14,Delivered
3513,3465,2017-09-24,Delivered
3514,3466,2018-04-04,Delivered
3515,3467,2017-11-04,Shipped
3516,3468,2018-02-15,Delivered
3517,3469,2017-10-20,Delivered
3518,3470,2017-05-06,Delivered
3519,3471,2018-01-26,Delivered
3520,3122,2017-09-12,Delivered
3521,3472,2017-05-11,Delivered
3522,3473,2018-02-19,Delivered
3523,3474,2018-02-23,Delivered
3524,3475,2017-03-07,Delivered
3525,3476,2017-07-05,Delivered
3526,3477,2018-05-12,Canceled
3527,3478,2017-12-16,Delivered
3528,3479,2017-07-17,Delivered
3529,3480,2017-07-27,Delivered
3530,3481,2018-08-16,Delivered
3531,3482,2018-01-12,Shipped
3532,3483,2017-08-10,Delivered
3533,3484,2017-11-11,Delivered
3534,3485,2017-02-16,Delivered
3535,3486,2018-03-11,Delivered
3536,3487,2018-07-17,Shipped
3537,3488,2017-11-24,Delivered
3538,3489,2017-09-11,Delivered
3539,3490,2017-06-28,Delivered
3540,3491,2017-12-04,Delivered
3541,3492,2017-11-21,Delivered
3542,3493,2017-12-18,Delivered
3543,3494,2018-08-20,Delivered
3544,3495,2017-10-18,Delivered
3545,3496,2018-06-17,Delivered
3546,3497,2018-02-05,Delivered
3547,3498,2017-05-09,Delivered
3548,3499,2017-09-19,Delivered
3549,3500,2018-06-20,Delivered
3550,3501,2017-05-20,Delivered
3551,3502,2017-11-14,Delivered
3552,3503,2018-03-30,Delivered
3553,3504,2017-11-25,Delivered
3554,3505,2017-09-27,Delivered
3555,3506,2017-10-10,Delivered
3556,3507,2018-07-20,Delivered
3557,3508,2017-05-22,Delivered
3558,3509,2017-10-03,Delivered
3559,3510,2018-05-07,Delivered
3560,3511,2017-07-24,Delivered
3561,3512,2018-04-18,Delivered
3562,3513,2017-06-16,Delivered
3563,3514,2018-03-11,Delivered
3564,3515,2018-05-15,Delivered
3565,3516,2018-03-05,Delivered
3566,3517,2018-05-01,Delivered
3567,3518,2017-08-17,Delivered
3568,3519,2018-04-09,Delivered
3569,3520,2017-10-19,Delivered
3570,3521,2018-08-18,Delivered
3571,3522,2018-06-04,Delivered
3572,3523,2017-12-31,Delivered
3573,3524,2017-05-31,Delivered
3574,3525,2018-05-09,Delivered
3575,3526,2017-06-09,Delivered
3576,3527,2018-07-09,Delivered
3577,3528,2017-07-19,Delivered
3578,3529,2018-08-04,Delivered
3579,3530,2017-07-12,Delivered
3580,3531,2017-06-08,Delivered
3581,3532,2018-01-12,Delivered
3582,3533,2017-04-20,Delivered
3583,3534,2017-03-02,Delivered
3584,3535,2017-10-10,Delivered
3585,3536,2017-11-28,Delivered
3586,3537,2017-11-06,Delivered
3587,3538,2018-03-31,Delivered
3588,3539,2018-01-08,Delivered
3589,3540,2018-07-16,Delivered
3590,3541,2017-03-04,Delivered
3591,3542,2017-06-13,Delivered
3592,3543,2017-12-16,Delivered
3593,3544,2017-05-31,Delivered
3594,3545,2018-05-02,Delivered
3595,3546,2017-11-25,Delivered
3596,3012,2018-03-21,Delivered
3597,3547,2017-12-08,Delivered
3598,3548,2017-11-05,Delivered
3599,3549,2018-02-10,Delivered
3600,3550,2017-11-11,Delivered
3601,3551,2017-11-29,Delivered
3602,3207,2017-08-23,Delivered
3603,3552,2018-07-28,Delivered
3604,3553,2017-02-08,Delivered
3605,3554,2017-11-28,Delivered
3606,3555,2017-05-24,Shipped
3607,3556,2018-05-18,Delivered
3608,3557,2017-09-29,Delivered
3609,3558,2018-05-14,Delivered
3610,3559,2017-12-03,Delivered
3611,3560,2018-08-06,Delivered
3612,3561,2018-01-15,Delivered
3613,3562,2018-01-30,Delivered
3614,3563,2017-06-27,Delivered
3615,3564,2018-03-03,Delivered
3616,3565,2018-01-06,Delivered
3617,3566,2018-08-07,Delivered
3618,3567,2018-05-10,Delivered
3619,3568,2018-01-31,Delivered
3620,3569,2018-01-24,Delivered
3621,3570,2018-08-14,Delivered
3622,3571,2017-07-11,Delivered
3623,3572,2017-04-12,Delivered
3624,3573,2018-02-09,Delivered
3625,3574,2017-06-25,Delivered
3626,3575,2017-04-01,Delivered
3627,3576,2017-05-08,Delivered
3628,3577,2017-12-11,Delivered
3629,3578,2018-02-14,Delivered
3630,3579,2018-05-10,Delivered
3631,3580,2018-07-20,Delivered
3632,3581,2018-02-20,Delivered
3633,3582,2018-02-19,Delivered
3634,3583,2017-11-28,Delivered
3635,3584,2017-08-16,Canceled
3636,3585,2018-07-18,Delivered
3637,3586,2017-05-06,Delivered
3638,3587,2017-12-16,Delivered
3639,435,2018-03-28,Delivered
3640,3588,2018-01-26,Delivered
3641,3589,2018-06-24,Delivered
3642,3590,2017-12-14,Delivered
3643,3591,2017-12-11,Delivered
3644,3592,2018-05-01,Delivered
3645,3593,2017-12-26,Delivered
3646,3594,2018-01-20,Delivered
3647,3595,2018-07-05,Delivered
3648,3596,2017-02-19,Delivered
3649,3597,2018-08-08,Delivered
3650,3598,2018-06-19,Delivered
3651,3599,2018-06-30,Delivered
3652,3600,2017-09-28,Delivered
3653,3601,2018-03-04,Delivered
3654,3602,2018-05-04,Delivered
3655,3603,2017-10-19,Delivered
3656,3604,2018-03-25,Delivered
3657,3605,2017-08-13,Delivered
3658,3606,2017-11-28,Delivered
3659,3607,2017-05-25,Delivered
3660,3608,2018-04-20,Delivered
3661,3609,2018-07-22,Delivered
3662,3610,2018-03-11,Delivered
3663,3611,2018-05-01,Delivered
3664,3612,2018-02-25,Delivered
3665,3613,2018-01-14,Delivered
3666,3614,2018-07-02,Delivered
3667,3615,2018-03-27,Delivered
3668,3616,2018-01-14,Delivered
3669,3617,2017-08-14,Delivered
3670,3618,2018-07-14,Delivered
3671,3619,2017-12-05,Delivered
3672,3620,2018-06-11,Delivered
3673,3621,2017-12-04,Delivered
3674,3622,2017-07-26,Delivered
3675,3623,2017-10-27,Delivered
3676,3624,2017-09-23,Delivered
3677,3625,2018-01-15,Delivered
3678,3626,2017-04-28,Delivered
3679,3627,2018-04-03,Delivered
3680,3628,2017-11-06,Delivered
3681,3629,2018-01-09,Delivered
3682,3630,2018-06-26,Delivered
3683,3631,2018-06-21,Delivered
3684,3632,2017-04-05,Delivered
3685,3633,2017-09-08,Delivered
3686,3634,2018-01-21,Delivered
3687,3635,2018-08-17,Delivered
3688,3636,2018-01-26,Delivered
3689,3637,2017-12-07,Delivered
3690,3638,2017-01-26,Canceled
3691,3639,2018-07-30,Delivered
3692,3640,2017-11-16,Delivered
3693,3641,2018-06-21,Delivered
3694,3642,2018-02-13,Delivered
3695,3643,2018-01-14,Delivered
3696,3644,2018-05-01,Delivered
3697,3645,2017-03-25,Delivered
3698,3646,2017-06-30,Delivered
3699,899,2017-05-21,Delivered
3700,3647,2018-06-26,Delivered
3701,3648,2017-07-25,Unavailable
3702,3649,2017-12-22,Delivered
3703,3650,2018-03-23,Delivered
3704,3651,2017-07-18,Delivered
3705,3652,2018-08-01,Delivered
3706,3653,2017-09-05,Delivered
3707,3654,2018-02-21,Delivered
3708,3655,2017-02-21,Delivered
3709,3656,2017-12-13,Delivered
3710,3657,2017-11-24,Delivered
3711,3658,2018-08-16,Delivered
3712,3659,2018-08-11,Delivered
3713,3660,2018-06-18,Delivered
3714,3661,2018-07-04,Delivered
3715,3662,2018-03-29,Delivered
3716,3663,2018-01-03,Delivered
3717,3664,2018-01-25,Delivered
3718,3665,2018-08-03,Delivered
3719,3666,2018-05-22,Delivered
3720,3667,2018-01-03,Delivered
3721,3668,2018-02-20,Delivered
3722,3669,2017-07-30,Delivered
3723,3670,2017-09-21,Delivered
3724,3671,2018-07-16,Delivered
3725,3672,2018-05-22,Delivered
3726,3673,2017-10-22,Delivered
3727,3674,2018-04-19,Delivered
3728,3675,2018-06-10,Delivered
3729,3676,2017-05-21,Delivered
3730,3677,2018-03-23,Delivered
3731,3678,2017-10-02,Delivered
3732,3679,2017-11-03,Delivered
3733,3680,2018-01-23,Delivered
3734,3681,2017-11-13,Delivered
3735,3682,2017-11-29,Delivered
3736,3683,2018-07-06,Delivered
3737,3684,2018-04-27,Delivered
3738,3685,2018-08-12,Delivered
3739,3686,2017-05-11,Shipped
3740,3687,2017-11-16,Delivered
3741,3688,2017-08-12,Delivered
3742,3689,2018-03-16,Delivered
3743,3690,2017-02-07,Delivered
3744,3691,2017-06-06,Delivered
3745,3692,2017-12-06,Delivered
3746,3693,2018-04-05,Delivered
3747,3694,2018-03-03,Delivered
3748,3695,2017-05-10,Delivered
3749,3696,2018-02-21,Delivered
3750,3697,2018-02-15,Delivered
3751,3698,2018-07-01,Delivered
3752,3699,2017-12-04,Delivered
3753,3700,2018-08-08,Delivered
3754,3701,2018-08-16,Delivered
3755,3702,2018-02-14,Delivered
3756,3703,2018-04-25,Delivered
3757,3704,2017-11-30,Delivered
3758,3705,2017-09-07,Delivered
3759,3706,2017-10-17,Delivered
3760,3707,2017-06-02,Delivered
3761,3708,2018-04-05,Delivered
3762,3709,2018-01-16,Delivered
3763,3710,2017-11-30,Delivered
3764,3711,2017-07-04,Delivered
3765,3712,2018-07-04,Canceled
3766,3713,2017-11-21,Delivered
3767,3714,2018-04-06,Delivered
3768,3715,2018-08-23,Delivered
3769,3716,2018-04-07,Delivered
3770,3717,2017-11-29,Delivered
3771,3718,2018-08-09,Delivered
3772,3719,2018-02-18,Delivered
3773,3720,2018-06-09,Delivered
3774,3721,2018-02-19,Delivered
3775,3722,2018-05-12,Delivered
3776,3723,2018-03-17,Delivered
3777,3724,2018-03-21,Delivered
3778,3725,2017-09-03,Delivered
3779,3726,2017-02-14,Delivered
3780,3727,2017-12-15,Delivered
3781,3728,2017-12-06,Delivered
3782,3729,2017-08-31,Delivered
3783,3730,2017-06-01,Delivered
3784,3731,2018-05-30,Delivered
3785,208,2018-04-14,Delivered
3786,3732,2017-09-18,Delivered
3787,3733,2018-05-14,Delivered
3788,3734,2018-02-01,Delivered
3789,3735,2017-08-18,Shipped
3790,3736,2018-02-20,Delivered
3791,3737,2018-03-25,Delivered
3792,3738,2018-07-09,Delivered
3793,3739,2017-05-26,Delivered
3794,3740,2017-01-31,Delivered
3795,3741,2018-03-26,Delivered
3796,3742,2018-04-27,Delivered
3797,3743,2017-11-02,Delivered
3798,3744,2017-12-30,Delivered
3799,3745,2018-01-02,Delivered
3800,3746,2018-05-16,Delivered
3801,3747,2017-10-26,Delivered
3802,3748,2018-06-20,Delivered
3803,3749,2018-07-12,Delivered
3804,3750,2017-06-16,Delivered
3805,3751,2018-06-12,Delivered
3806,3752,2018-07-29,Delivered
3807,3753,2017-11-23,Delivered
3808,3754,2017-09-19,Delivered
3809,3755,2017-09-04,Delivered
3810,3756,2018-05-29,Delivered
3811,3757,2018-08-11,Delivered
3812,3758,2018-01-03,Delivered
3813,3759,2018-08-01,Delivered
3814,3760,2018-06-26,Delivered
3815,3761,2017-11-29,Delivered
3816,3762,2018-06-27,Delivered
3817,3763,2017-03-21,Delivered
3818,3764,2018-04-03,Delivered
3819,3765,2018-08-16,Delivered
3820,3766,2017-05-18,Delivered
3821,3767,2018-06-29,Delivered
3822,3768,2018-08-19,Delivered
3823,3769,2018-03-27,Delivered
3824,3770,2017-07-22,Delivered
3825,3771,2017-07-12,Delivered
3826,3772,2017-11-03,Delivered
3827,3773,2018-04-15,Delivered
3828,3774,2018-08-12,Delivered
3829,3775,2017-12-30,Delivered
3830,3776,2018-03-31,Delivered
3831,3777,2018-07-18,Delivered
3832,3778,2018-03-23,Delivered
3833,3779,2018-05-16,Delivered
3834,3780,2017-04-22,Delivered
3835,3781,2018-02-07,Delivered
3836,3782,2017-11-21,Delivered
3837,3783,2018-01-17,Processing
3838,3784,2018-07-23,Delivered
3839,3785,2017-11-24,Delivered
3840,3786,2018-04-20,Delivered
3841,3787,2018-01-08,Delivered
3842,3788,2017-05-04,Delivered
3843,3789,2018-05-01,Delivered
3844,3790,2018-06-29,Delivered
3845,3791,2017-05-09,Delivered
3846,3792,2018-02-13,Delivered
3847,3793,2018-04-19,Delivered
3848,3794,2018-07-14,Delivered
3849,3795,2018-04-13,Delivered
3850,3796,2018-04-12,Delivered
3851,3797,2018-03-20,Delivered
3852,3798,2018-07-31,Unavailable
3853,1630,2018-05-07,Delivered
3854,3799,2017-04-23,Delivered
3855,3800,2017-05-24,Delivered
3856,3801,2017-03-10,Delivered
3857,3802,2018-03-02,Delivered
3858,3803,2018-02-21,Delivered
3859,3203,2018-07-14,Delivered
3860,3804,2018-08-05,Invoiced
3861,3805,2018-04-16,Delivered
3862,3806,2018-07-16,Delivered
3863,3807,2017-03-03,Delivered
3864,3808,2017-09-17,Delivered
3865,3809,2017-04-05,Delivered
3866,3810,2018-07-25,Delivered
3867,3811,2017-07-10,Delivered
3868,3812,2018-06-01,Delivered
3869,3813,2018-06-08,Delivered
3870,3814,2017-05-19,Delivered
3871,3815,2018-07-17,Delivered
3872,3816,2018-05-16,Delivered
3873,2270,2018-04-17,Delivered
3874,3817,2018-06-13,Delivered
3875,3818,2017-12-08,Delivered
3876,3819,2018-01-02,Delivered
3877,3820,2018-06-01,Delivered
3878,3821,2017-10-12,Delivered
3879,3822,2018-04-12,Delivered
3880,3823,2018-04-11,Delivered
3881,3824,2018-04-07,Delivered
3882,3825,2018-05-17,Delivered
3883,3826,2017-11-24,Delivered
3884,3827,2017-10-12,Delivered
3885,3828,2017-12-21,Delivered
3886,3829,2018-04-26,Delivered
3887,3830,2017-04-21,Delivered
3888,3831,2018-04-23,Delivered
3889,3832,2018-06-11,Delivered
3890,3833,2017-12-21,Delivered
3891,3834,2018-03-11,Delivered
3892,3835,2017-12-07,Delivered
3893,3836,2017-07-11,Delivered
3894,3837,2018-06-08,Delivered
3895,3838,2018-04-26,Delivered
3896,3839,2017-08-29,Delivered
3897,3840,2017-11-28,Delivered
3898,3841,2018-06-17,Delivered
3899,3842,2018-05-10,Delivered
3900,3843,2017-10-22,Delivered
3901,3844,2018-03-12,Delivered
3902,3845,2017-02-02,Delivered
3903,3846,2018-06-01,Delivered
3904,3847,2017-10-16,Delivered
3905,3848,2017-09-03,Delivered
3906,3849,2017-11-05,Delivered
3907,3850,2017-08-14,Delivered
3908,3851,2017-10-17,Delivered
3909,3852,2018-07-28,Delivered
3910,3853,2018-02-24,Delivered
3911,3854,2018-06-12,Delivered
3912,3855,2018-08-06,Delivered
3913,3856,2018-08-12,Delivered
3914,3857,2017-09-10,Delivered
3915,3858,2017-06-23,Delivered
3916,3859,2018-01-26,Delivered
3917,3860,2017-06-24,Delivered
3918,3861,2017-02-05,Delivered
3919,3862,2017-10-03,Delivered
3920,3863,2018-04-10,Delivered
3921,3864,2018-03-23,Delivered
3922,3865,2017-01-27,Delivered
3923,3866,2017-12-20,Delivered
3924,3867,2017-01-29,Delivered
3925,3868,2017-10-27,Delivered
3926,3869,2017-06-06,Delivered
3927,3870,2017-12-24,Delivered
3928,3871,2018-03-21,Delivered
3929,3872,2017-09-18,Delivered
3930,3873,2018-04-02,Delivered
3931,3874,2018-08-06,Delivered
3932,3875,2017-08-08,Delivered
3933,3876,2017-10-02,Delivered
3934,3877,2018-02-17,Delivered
3935,3878,2017-10-25,Delivered
3936,3879,2018-05-07,Delivered
3937,3880,2018-04-26,Delivered
3938,3881,2018-05-11,Delivered
3939,3882,2017-11-12,Delivered
3940,3883,2017-05-16,Delivered
3941,3884,2017-10-11,Delivered
3942,3885,2017-05-12,Delivered
3943,3886,2018-04-12,Delivered
3944,3887,2018-07-05,Delivered
3945,3888,2017-03-29,Delivered
3946,3889,2017-07-10,Delivered
3947,3890,2017-11-25,Delivered
3948,3891,2018-07-26,Delivered
3949,3892,2017-11-27,Delivered
3950,3893,2017-05-24,Delivered
3951,3894,2017-08-21,Delivered
3952,3895,2018-07-20,Delivered
3953,3896,2017-08-01,Shipped
3954,3897,2017-08-19,Delivered
3955,3898,2017-10-19,Delivered
3956,2177,2017-05-02,Delivered
3957,3899,2018-01-14,Delivered
3958,3900,2018-04-27,Delivered
3959,3901,2017-10-26,Delivered
3960,3902,2018-01-17,Delivered
3961,3903,2018-01-18,Delivered
3962,3904,2018-03-18,Delivered
3963,3905,2018-03-24,Delivered
3964,3906,2017-01-30,Delivered
3965,3907,2018-08-08,Delivered
3966,3908,2018-06-20,Delivered
3967,3909,2017-05-20,Delivered
3968,3910,2018-01-25,Delivered
3969,3911,2018-07-21,Delivered
3970,3912,2018-01-15,Delivered
3971,3913,2017-10-29,Delivered
3972,3914,2018-04-22,Delivered
3973,3915,2017-11-26,Delivered
3974,3916,2018-04-03,Delivered
3975,3917,2018-06-09,Delivered
3976,3918,2018-06-30,Delivered
3977,3919,2017-05-15,Delivered
3978,3920,2018-08-11,Delivered
3979,3921,2017-05-05,Delivered
3980,3922,2018-03-19,Delivered
3981,3923,2018-02-19,Delivered
3982,3924,2018-08-05,Delivered
3983,3925,2017-10-09,Delivered
3984,3926,2018-01-10,Delivered
3985,3927,2018-03-17,Delivered
3986,3928,2018-01-14,Delivered
3987,3929,2017-02-13,Delivered
3988,72,2018-01-29,Delivered
3989,3930,2017-02-23,Delivered
3990,3931,2017-06-07,Delivered
3991,3932,2018-01-29,Delivered
3992,3933,2017-11-16,Delivered
3993,3934,2017-11-20,Delivered
3994,3935,2018-04-25,Delivered
3995,3936,2018-03-14,Delivered
3996,3937,2017-09-03,Delivered
3997,3938,2018-03-31,Delivered
3998,3939,2018-07-17,Delivered
3999,3940,2018-07-26,Delivered
4000,3941,2018-04-13,Delivered
4001,3942,2017-02-01,Delivered
4002,3943,2018-08-05,Delivered
4003,3944,2017-08-29,Delivered
4004,3945,2018-05-15,Delivered
4005,3946,2018-04-22,Delivered
4006,3947,2018-04-07,Delivered
4007,3948,2018-05-04,Delivered
4008,3949,2017-03-17,Delivered
4009,3950,2018-05-01,Delivered
4010,3951,2017-07-23,Delivered
4011,3952,2018-06-21,Delivered
4012,3953,2018-08-04,Delivered
4013,3954,2017-11-17,Delivered
4014,3955,2018-07-29,Delivered
4015,3956,2017-05-12,Delivered
4016,3957,2017-05-04,Delivered
4017,3958,2018-07-08,Delivered
4018,3959,2017-06-19,Delivered
4019,3960,2018-01-24,Delivered
4020,3961,2017-08-08,Delivered
4021,3962,2018-03-11,Delivered
4022,3963,2018-02-21,Delivered
4023,3964,2017-07-11,Delivered
4024,3965,2018-06-01,Delivered
4025,3966,2017-11-24,Delivered
4026,3967,2017-11-16,Delivered
4027,3968,2017-11-15,Delivered
4028,3969,2017-04-18,Delivered
4029,3970,2017-11-13,Delivered
4030,3971,2018-01-18,Delivered
4031,3972,2017-04-15,Delivered
4032,3973,2018-02-10,Delivered
4033,3974,2018-01-23,Delivered
4034,3975,2018-05-22,Delivered
4035,3976,2018-08-26,Delivered
4036,3977,2017-06-29,Delivered
4037,3978,2017-04-16,Delivered
4038,3979,2017-06-07,Delivered
4039,3980,2018-03-22,Shipped
4040,3981,2017-02-10,Delivered
4041,3982,2018-04-09,Delivered
4042,3983,2018-03-15,Delivered
4043,1958,2017-08-18,Delivered
4044,3984,2018-01-14,Delivered
4045,3985,2018-01-08,Delivered
4046,3986,2018-04-27,Delivered
4047,3987,2017-09-17,Delivered
4048,3988,2018-02-19,Delivered
4049,3989,2017-02-13,Delivered
4050,3990,2018-07-25,Invoiced
4051,3991,2018-08-01,Delivered
4052,3992,2018-07-02,Delivered
4053,3993,2017-04-30,Delivered
4054,3994,2017-07-07,Delivered
4055,3995,2017-05-05,Delivered
4056,3996,2018-04-18,Delivered
4057,3997,2018-03-28,Delivered
4058,3998,2017-07-27,Delivered
4059,3999,2017-09-19,Delivered
4060,3855,2017-10-27,Delivered
4061,4000,2017-06-05,Delivered
4062,4001,2018-01-27,Delivered
4063,4002,2018-01-22,Delivered
4064,4003,2018-07-28,Delivered
4065,4004,2018-06-20,Delivered
4066,4005,2018-03-21,Delivered
4067,4006,2018-01-16,Delivered
4068,4007,2018-02-28,Delivered
4069,4008,2018-05-20,Delivered
4070,4009,2018-06-02,Delivered
4071,4010,2017-11-15,Delivered
4072,4011,2017-09-30,Delivered
4073,4012,2018-02-16,Delivered
4074,4013,2017-06-15,Delivered
4075,4014,2017-07-16,Delivered
4076,4015,2018-04-03,Delivered
4077,4016,2017-11-30,Delivered
4078,4017,2018-03-23,Delivered
4079,4018,2018-02-03,Delivered
4080,4019,2017-05-23,Delivered
4081,4020,2018-02-10,Delivered
4082,4021,2018-08-02,Delivered
4083,4022,2018-05-22,Delivered
4084,4023,2018-08-16,Delivered
4085,4024,2017-09-13,Delivered
4086,4025,2018-01-18,Delivered
4087,4026,2018-08-23,Delivered
4088,4027,2017-11-05,Processing
4089,4028,2018-07-12,Delivered
4090,4029,2018-08-13,Delivered
4091,4030,2017-07-30,Delivered
4092,4031,2017-10-31,Delivered
4093,4032,2017-04-05,Delivered
4094,4033,2017-11-18,Delivered
4095,4034,2017-04-29,Delivered
4096,4035,2017-09-01,Delivered
4097,4036,2017-04-06,Delivered
4098,4037,2017-09-27,Delivered
4099,4038,2018-07-15,Delivered
4100,4039,2018-03-10,Delivered
4101,4040,2017-03-21,Canceled
4102,4041,2018-05-10,Delivered
4103,4042,2018-04-02,Delivered
4104,4043,2018-02-28,Delivered
4105,4044,2018-04-17,Delivered
4106,4045,2018-01-23,Delivered
4107,4046,2018-02-24,Delivered
4108,4047,2018-05-29,Delivered
4109,4048,2017-03-06,Delivered
4110,4049,2017-08-15,Delivered
4111,4050,2017-11-29,Delivered
4112,4051,2017-10-26,Delivered
4113,4052,2018-04-01,Delivered
4114,4053,2018-05-16,Delivered
4115,4054,2018-04-09,Delivered
4116,4055,2017-05-05,Delivered
4117,4056,2018-06-10,Delivered
4118,4057,2018-01-18,Delivered
4119,4058,2017-06-18,Delivered
4120,4059,2018-06-22,Delivered
4121,4060,2018-05-12,Delivered
4122,4061,2018-06-28,Delivered
4123,4032,2017-04-05,Delivered
4124,4062,2017-05-15,Canceled
4125,4063,2018-03-18,Delivered
4126,4064,2017-09-26,Delivered
4127,4065,2018-05-16,Delivered
4128,4066,2018-02-07,Delivered
4129,4067,2018-06-24,Delivered
4130,1805,2017-05-11,Delivered
4131,4068,2017-10-18,Delivered
4132,4069,2017-11-26,Delivered
4133,4070,2017-08-10,Delivered
4134,4071,2018-01-13,Delivered
4135,4072,2017-02-10,Delivered
4136,1709,2017-09-27,Delivered
4137,4073,2018-02-13,Delivered
4138,4074,2018-04-06,Delivered
4139,4075,2017-04-21,Delivered
4140,4076,2018-03-07,Delivered
4141,4077,2018-08-08,Delivered
4142,4078,2018-04-30,Delivered
4143,4079,2017-10-04,Delivered
4144,4080,2018-02-05,Delivered
4145,4081,2018-02-06,Delivered
4146,4082,2017-03-27,Delivered
4147,4083,2017-10-17,Delivered
4148,4084,2017-11-13,Delivered
4149,4085,2018-02-08,Delivered
4150,4086,2018-04-27,Delivered
4151,4087,2017-09-21,Delivered
4152,4088,2017-08-15,Delivered
4153,4089,2017-08-29,Delivered
4154,4090,2017-12-14,Delivered
4155,4091,2017-10-12,Delivered
4156,4092,2018-02-01,Delivered
4157,4093,2018-04-07,Delivered
4158,4094,2017-07-22,Delivered
4159,4095,2018-04-19,Delivered
4160,4096,2018-07-13,Delivered
4161,4097,2017-03-17,Delivered
4162,4098,2017-10-10,Delivered
4163,4099,2017-11-17,Delivered
4164,4100,2017-12-15,Delivered
4165,4101,2017-09-18,Delivered
4166,4102,2017-10-22,Delivered
4167,4103,2018-01-06,Delivered
4168,4104,2017-07-10,Delivered
4169,4105,2018-07-14,Delivered
4170,4106,2017-11-19,Delivered
4171,1160,2017-06-26,Delivered
4172,4107,2018-08-02,Invoiced
4173,4108,2018-02-11,Delivered
4174,4109,2018-01-23,Delivered
4175,4110,2018-08-05,Delivered
4176,4111,2018-02-27,Delivered
4177,4112,2018-06-18,Delivered
4178,4113,2018-05-16,Delivered
4179,4114,2017-12-29,Delivered
4180,4115,2017-07-21,Delivered
4181,4116,2018-01-22,Delivered
4182,4117,2018-06-25,Delivered
4183,4118,2018-08-04,Delivered
4184,4119,2017-12-05,Shipped
4185,1974,2017-02-16,Delivered
4186,1627,2017-08-23,Delivered
4187,4120,2017-08-30,Delivered
4188,4121,2017-07-20,Delivered
4189,4122,2018-08-01,Delivered
4190,4123,2018-05-18,Delivered
4191,4124,2017-10-14,Delivered
4192,4125,2018-01-06,Delivered
4193,4126,2018-08-06,Delivered
4194,4127,2018-01-31,Delivered
4195,4128,2017-04-21,Delivered
4196,4129,2017-08-08,Delivered
4197,4130,2018-04-18,Delivered
4198,4131,2018-02-26,Delivered
4199,4132,2018-06-13,Delivered
4200,4133,2018-05-11,Delivered
4201,4134,2017-04-06,Delivered
4202,4135,2018-06-09,Delivered
4203,4136,2017-05-29,Delivered
4204,4137,2018-01-10,Delivered
4205,4138,2018-07-12,Canceled
4206,4139,2017-11-28,Delivered
4207,4140,2018-04-08,Delivered
4208,4141,2017-07-09,Delivered
4209,4142,2018-06-30,Delivered
4210,2387,2017-07-25,Delivered
4211,4143,2018-03-13,Delivered
4212,4144,2017-02-06,Delivered
4213,4145,2018-01-28,Delivered
4214,4146,2017-11-17,Delivered
4215,4147,2018-05-24,Delivered
4216,4148,2018-06-26,Delivered
4217,4149,2018-06-24,Delivered
4218,4150,2017-07-11,Delivered
4219,4151,2017-07-27,Delivered
4220,4152,2017-05-24,Delivered
4221,4153,2018-03-24,Delivered
4222,4154,2017-05-30,Delivered
4223,4155,2017-12-28,Delivered
4224,3285,2018-07-19,Delivered
4225,4156,2018-07-10,Delivered
4226,4157,2018-02-26,Delivered
4227,4158,2017-07-03,Delivered
4228,4159,2018-02-14,Delivered
4229,4160,2018-05-03,Delivered
4230,4161,2018-08-11,Delivered
4231,4162,2018-05-07,Delivered
4232,4163,2017-05-23,Delivered
4233,4164,2018-06-24,Delivered
4234,4165,2018-02-22,Delivered
4235,4166,2017-11-24,Delivered
4236,4167,2018-05-21,Delivered
4237,4168,2018-03-14,Delivered
4238,4169,2017-11-26,Delivered
4239,4170,2017-11-24,Delivered
4240,4171,2018-08-06,Delivered
4241,4172,2018-07-18,Delivered
4242,4173,2018-03-13,Delivered
4243,4174,2018-03-15,Delivered
4244,4175,2018-06-21,Delivered
4245,4176,2018-03-18,Delivered
4246,4177,2017-07-11,Delivered
4247,4178,2017-11-01,Delivered
4248,4179,2018-07-19,Delivered
4249,4180,2018-01-21,Delivered
4250,4181,2017-08-22,Delivered
4251,4182,2017-12-18,Delivered
4252,2177,2017-03-25,Delivered
4253,4183,2018-05-01,Delivered
4254,4184,2018-04-21,Delivered
4255,4185,2018-04-26,Delivered
4256,4186,2018-01-10,Delivered
4257,4187,2018-01-02,Delivered
4258,4188,2018-03-09,Delivered
4259,4189,2017-10-04,Delivered
4260,4190,2017-04-08,Shipped
4261,4191,2017-07-23,Delivered
4262,4192,2018-01-28,Delivered
4263,4193,2018-06-12,Delivered
4264,4194,2017-02-05,Processing
4265,4195,2017-10-09,Delivered
4266,20,2017-01-05,Delivered
4267,4196,2017-11-30,Delivered
4268,4197,2018-06-24,Delivered
4269,4198,2017-11-18,Delivered
4270,4199,2017-05-31,Delivered
4271,4200,2017-06-24,Delivered
4272,4201,2018-08-21,Delivered
4273,4202,2018-02-25,Delivered
4274,4203,2018-07-06,Delivered
4275,4204,2018-01-04,Delivered
4276,4205,2018-01-10,Delivered
4277,4206,2017-03-15,Shipped
4278,4207,2018-01-24,Delivered
4279,4208,2017-03-04,Delivered
4280,4209,2018-06-14,Delivered
4281,4210,2017-05-05,Delivered
4282,4211,2017-12-04,Delivered
4283,4212,2017-06-02,Delivered
4284,4213,2018-07-27,Delivered
4285,4214,2017-08-31,Delivered
4286,4215,2018-01-30,Delivered
4287,4216,2017-12-16,Delivered
4288,4217,2018-02-07,Delivered
4289,4218,2018-02-12,Delivered
4290,4219,2018-02-26,Delivered
4291,4220,2018-08-18,Delivered
4292,4221,2018-02-17,Delivered
4293,3564,2018-03-03,Delivered
4294,4222,2017-07-19,Delivered
4295,4223,2017-11-26,Delivered
4296,4224,2018-06-07,Delivered
4297,4225,2017-09-10,Delivered
4298,4226,2017-04-05,Delivered
4299,4227,2018-07-31,Delivered
4300,4228,2017-09-13,Delivered
4301,4229,2017-07-12,Unavailable
4302,4230,2018-08-12,Delivered
4303,4231,2018-04-30,Delivered
4304,4232,2017-03-14,Delivered
4305,4233,2018-06-28,Delivered
4306,448,2017-09-16,Delivered
4307,4234,2017-11-11,Delivered
4308,4235,2017-11-27,Delivered
4309,4236,2018-01-25,Delivered
4310,4237,2017-06-25,Delivered
4311,4238,2017-07-25,Canceled
4312,4239,2018-05-16,Delivered
4313,4240,2017-11-28,Delivered
4314,4241,2018-01-24,Delivered
4315,4242,2017-12-05,Delivered
4316,4243,2017-03-05,Delivered
4317,1985,2018-01-11,Delivered
4318,4244,2018-07-24,Delivered
4319,4245,2018-04-22,Delivered
4320,4246,2017-06-28,Delivered
4321,4247,2018-08-02,Delivered
4322,4248,2018-07-16,Delivered
4323,4249,2017-11-23,Unavailable
4324,4250,2018-07-22,Delivered
4325,4251,2018-03-31,Delivered
4326,4252,2017-12-14,Delivered
4327,4253,2018-07-17,Delivered
4328,4254,2018-05-07,Delivered
4329,4255,2018-06-20,Delivered
4330,4256,2017-06-14,Delivered
4331,4257,2017-01-17,Delivered
4332,4258,2018-06-21,Delivered
4333,4259,2018-07-15,Delivered
4334,4260,2018-03-20,Delivered
4335,4261,2017-09-26,Delivered
4336,4262,2018-03-16,Delivered
4337,1503,2018-02-28,Delivered
4338,4263,2017-05-28,Delivered
4339,4264,2017-05-25,Delivered
4340,4265,2017-07-12,Delivered
4341,4266,2018-06-08,Delivered
4342,4267,2018-08-19,Delivered
4343,4268,2017-10-04,Delivered
4344,4269,2017-07-01,Delivered
4345,4270,2017-01-18,Delivered
4346,4271,2018-02-02,Delivered
4347,4272,2018-01-17,Delivered
4348,4273,2017-08-07,Delivered
4349,4274,2018-03-31,Delivered
4350,4275,2018-05-04,Delivered
4351,4276,2018-01-23,Delivered
4352,4277,2018-04-11,Delivered
4353,4278,2018-04-21,Delivered
4354,4279,2018-01-26,Delivered
4355,4280,2018-08-23,Delivered
4356,4281,2018-01-20,Delivered
4357,4282,2018-07-05,Delivered
4358,4283,2018-02-13,Delivered
4359,4284,2017-04-28,Delivered
4360,4285,2017-06-15,Delivered
4361,4286,2018-02-04,Delivered
4362,4287,2018-05-16,Delivered
4363,4288,2018-07-31,Delivered
4364,4289,2018-03-08,Delivered
4365,4290,2017-11-24,Delivered
4366,4291,2018-07-25,Delivered
4367,4292,2017-04-27,Delivered
4368,4293,2017-06-02,Delivered
4369,4294,2018-02-26,Delivered
4370,4295,2017-08-15,Delivered
4371,4296,2017-07-29,Delivered
4372,4297,2017-09-12,Delivered
4373,4298,2017-12-05,Delivered
4374,4299,2017-04-05,Delivered
4375,4300,2018-07-28,Delivered
4376,4301,2018-05-16,Delivered
4377,4302,2017-12-13,Delivered
4378,4303,2018-06-29,Delivered
4379,4304,2017-03-27,Delivered
4380,4305,2017-12-09,Delivered
4381,4306,2017-02-03,Delivered
4382,4307,2018-03-23,Delivered
4383,4308,2018-08-21,Delivered
4384,4309,2018-05-16,Delivered
4385,4310,2017-04-04,Delivered
4386,4311,2018-02-08,Delivered
4387,4312,2018-08-07,Delivered
4388,4313,2018-04-30,Delivered
4389,4314,2018-03-15,Delivered
4390,4315,2017-08-21,Delivered
4391,4316,2018-01-10,Delivered
4392,4317,2017-10-22,Delivered
4393,4318,2018-04-28,Delivered
4394,4319,2017-07-14,Delivered
4395,4320,2018-01-07,Delivered
4396,4321,2018-03-08,Delivered
4397,4322,2018-08-08,Delivered
4398,4323,2017-09-07,Delivered
4399,4324,2017-05-15,Delivered
4400,4325,2018-01-19,Delivered
4401,4326,2018-08-09,Delivered
4402,4327,2017-02-05,Delivered
4403,4328,2017-07-04,Delivered
4404,4329,2018-06-13,Delivered
4405,4330,2018-05-12,Delivered
4406,4331,2018-07-16,Delivered
4407,4332,2017-12-05,Delivered
4408,4333,2018-01-08,Delivered
4409,4334,2018-05-13,Delivered
4410,4335,2018-07-20,Delivered
4411,4336,2017-08-05,Delivered
4412,4337,2017-03-28,Delivered
4413,4338,2018-07-26,Delivered
4414,4339,2018-03-04,Delivered
4415,4340,2018-01-18,Delivered
4416,4341,2017-06-08,Delivered
4417,4342,2018-02-26,Delivered
4418,4343,2017-06-29,Delivered
4419,4344,2017-11-28,Delivered
4420,4345,2017-06-10,Delivered
4421,4346,2018-01-26,Delivered
4422,4347,2018-06-26,Delivered
4423,4348,2018-07-08,Delivered
4424,4349,2018-06-08,Delivered
4425,4350,2018-03-15,Delivered
4426,4351,2017-07-16,Delivered
4427,4352,2017-07-15,Delivered
4428,4353,2018-04-19,Delivered
4429,254,2017-08-28,Delivered
4430,4354,2017-11-13,Delivered
4431,4355,2018-07-30,Delivered
4432,4356,2018-05-16,Delivered
4433,4357,2017-10-19,Delivered
4434,4358,2017-04-26,Delivered
4435,4359,2017-10-13,Delivered
4436,4360,2018-05-08,Delivered
4437,4361,2017-07-27,Delivered
4438,4362,2018-03-25,Delivered
4439,4363,2018-05-08,Delivered
4440,4364,2018-03-01,Canceled
4441,4365,2018-07-04,Delivered
4442,4366,2017-12-16,Delivered
4443,4367,2017-10-18,Delivered
4444,4368,2018-01-18,Delivered
4445,4369,2017-05-14,Delivered
4446,4370,2018-06-14,Delivered
4447,4371,2018-06-14,Delivered
4448,4372,2018-03-20,Canceled
4449,4373,2018-01-24,Delivered
4450,4374,2017-09-30,Delivered
4451,4375,2018-04-09,Delivered
4452,4376,2017-12-03,Delivered
4453,4377,2018-05-15,Delivered
4454,4378,2018-08-10,Delivered
4455,4379,2018-03-02,Delivered
4456,4380,2018-04-27,Delivered
4457,4381,2017-12-29,Delivered
4458,4382,2018-04-13,Delivered
4459,4383,2017-06-29,Delivered
4460,4384,2017-11-13,Delivered
4461,4385,2018-01-17,Delivered
4462,4386,2017-09-06,Delivered
4463,4387,2018-04-03,Delivered
4464,4388,2017-03-13,Delivered
4465,4389,2017-11-26,Delivered
4466,4390,2018-08-25,Delivered
4467,4391,2017-04-10,Shipped
4468,4392,2018-04-26,Delivered
4469,4393,2018-07-05,Delivered
4470,4394,2017-01-07,Delivered
4471,4395,2018-05-22,Delivered
4472,4396,2018-08-07,Delivered
4473,4397,2017-11-24,Delivered
4474,4398,2018-01-16,Delivered
4475,4399,2018-05-02,Delivered
4476,4400,2017-04-17,Delivered
4477,4401,2018-07-03,Canceled
4478,4402,2017-11-24,Delivered
4479,4403,2018-01-31,Delivered
4480,4404,2017-08-22,Delivered
4481,4405,2018-02-20,Delivered
4482,4406,2018-03-18,Delivered
4483,4407,2017-12-11,Delivered
4484,4408,2018-08-13,Delivered
4485,4409,2017-12-05,Delivered
4486,4410,2018-01-18,Delivered
4487,4411,2018-05-15,Delivered
4488,4412,2018-03-21,Delivered
4489,4413,2017-07-02,Delivered
4490,4414,2017-12-30,Delivered
4491,4415,2017-12-12,Delivered
4492,4416,2017-09-19,Delivered
4493,4417,2017-12-26,Delivered
4494,4418,2017-10-17,Delivered
4495,4419,2017-04-20,Delivered
4496,4420,2018-07-14,Delivered
4497,4421,2018-02-26,Delivered
4498,4422,2017-11-23,Delivered
4499,4423,2018-05-15,Delivered
4500,4424,2018-05-04,Delivered
4501,4425,2017-12-10,Delivered
4502,4426,2018-01-11,Delivered
4503,4427,2018-08-17,Delivered
4504,4428,2018-03-15,Shipped
4505,4429,2017-11-28,Delivered
4506,4430,2017-02-03,Delivered
4507,4431,2018-03-21,Delivered
4508,4432,2017-09-11,Delivered
4509,4433,2017-05-18,Delivered
4510,4434,2017-12-24,Delivered
4511,4435,2017-08-31,Delivered
4512,4436,2018-05-04,Delivered
4513,4437,2018-06-29,Delivered
4514,4438,2017-09-24,Delivered
4515,4439,2018-07-26,Delivered
4516,4440,2017-11-24,Delivered
4517,4441,2018-01-24,Delivered
4518,4442,2018-03-19,Delivered
4519,4443,2017-07-19,Delivered
4520,4444,2017-03-23,Delivered
4521,4445,2017-11-06,Delivered
4522,4446,2017-09-30,Delivered
4523,4447,2017-11-17,Delivered
4524,4448,2017-02-07,Delivered
4525,4449,2018-04-25,Delivered
4526,4450,2017-11-16,Delivered
4527,4451,2017-06-09,Delivered
4528,4452,2018-01-05,Delivered
4529,4453,2018-04-16,Delivered
4530,4454,2017-11-20,Shipped
4531,4455,2018-05-09,Delivered
4532,4456,2017-11-21,Delivered
4533,4457,2018-02-14,Delivered
4534,4458,2017-04-17,Delivered
4535,4459,2017-08-16,Delivered
4536,4460,2017-08-21,Delivered
4537,4461,2018-08-17,Delivered
4538,4462,2018-02-26,Delivered
4539,4463,2017-12-04,Delivered
4540,4464,2017-09-28,Delivered
4541,4465,2018-06-09,Delivered
4542,4466,2018-08-11,Delivered
4543,4467,2017-08-12,Delivered
4544,4468,2018-08-03,Delivered
4545,4469,2018-05-14,Delivered
4546,4470,2017-12-09,Delivered
4547,4471,2017-09-27,Delivered
4548,4472,2017-12-21,Delivered
4549,4473,2018-06-24,Delivered
4550,4474,2018-05-16,Delivered
4551,4475,2018-02-25,Delivered
4552,4476,2017-12-26,Delivered
4553,4477,2018-03-29,Delivered
4554,4478,2017-06-19,Delivered
4555,4479,2017-10-12,Delivered
4556,231,2017-07-17,Delivered
4557,4480,2017-04-23,Delivered
4558,4481,2018-03-05,Delivered
4559,4482,2018-04-23,Delivered
4560,4483,2018-03-15,Delivered
4561,4484,2017-09-06,Delivered
4562,4485,2018-01-18,Delivered
4563,4486,2017-04-23,Delivered
4564,4487,2018-04-27,Delivered
4565,4488,2018-06-09,Delivered
4566,4489,2017-07-12,Shipped
4567,4490,2017-10-10,Delivered
4568,4491,2017-05-16,Delivered
4569,4492,2018-07-03,Delivered
4570,4493,2017-12-01,Delivered
4571,4494,2017-10-16,Delivered
4572,4495,2017-11-14,Delivered
4573,4496,2017-03-24,Delivered
4574,4497,2017-05-16,Delivered
4575,4498,2018-03-25,Delivered
4576,4499,2018-07-10,Delivered
4577,4500,2018-01-09,Delivered
4578,4501,2017-11-24,Delivered
4579,4502,2018-05-04,Delivered
4580,4503,2018-02-18,Delivered
4581,4504,2017-12-04,Delivered
4582,4505,2017-08-13,Delivered
4583,4506,2018-04-05,Delivered
4584,4507,2017-03-27,Delivered
4585,4508,2017-10-23,Delivered
4586,4509,2017-08-29,Delivered
4587,4510,2017-06-14,Delivered
4588,4511,2017-07-02,Delivered
4589,4512,2018-03-14,Delivered
4590,4513,2017-10-20,Delivered
4591,4514,2017-08-09,Delivered
4592,4515,2018-03-25,Delivered
4593,4516,2017-10-14,Delivered
4594,4517,2017-05-30,Delivered
4595,4518,2017-05-01,Delivered
4596,4519,2018-07-20,Delivered
4597,4520,2018-04-19,Delivered
4598,4521,2017-11-16,Delivered
4599,4522,2018-07-11,Delivered
4600,4523,2018-03-24,Delivered
4601,4524,2017-05-22,Delivered
4602,4525,2018-05-14,Shipped
4603,4526,2017-12-12,Delivered
4604,4527,2018-08-14,Delivered
4605,1046,2017-06-26,Delivered
4606,4528,2017-11-04,Delivered
4607,4529,2017-06-15,Delivered
4608,4530,2018-01-14,Delivered
4609,4531,2017-07-25,Delivered
4610,4532,2018-07-18,Delivered
4611,4533,2017-02-11,Delivered
4612,4534,2018-05-15,Delivered
4613,4535,2018-04-12,Delivered
4614,4536,2017-08-07,Delivered
4615,988,2017-11-14,Delivered
4616,4537,2017-08-24,Delivered
4617,4538,2018-05-16,Delivered
4618,4539,2017-06-22,Canceled
4619,4540,2017-03-06,Unavailable
4620,4541,2017-03-05,Delivered
4621,4542,2018-07-21,Delivered
4622,4543,2017-10-14,Delivered
4623,4544,2017-10-01,Delivered
4624,3963,2018-02-21,Delivered
4625,4545,2017-09-13,Delivered
4626,4546,2018-05-07,Delivered
4627,4547,2017-08-17,Delivered
4628,4548,2017-11-30,Delivered
4629,4549,2017-04-19,Delivered
4630,4550,2018-06-28,Delivered
4631,4551,2018-05-16,Delivered
4632,4552,2018-05-15,Delivered
4633,4553,2018-04-01,Delivered
4634,4554,2018-04-04,Delivered
4635,4555,2017-12-17,Delivered
4636,4556,2017-11-23,Delivered
4637,4557,2018-02-20,Delivered
4638,4558,2018-02-12,Delivered
4639,4559,2017-11-22,Delivered
4640,4560,2018-03-23,Delivered
4641,4561,2017-02-01,Delivered
4642,4562,2018-02-02,Delivered
4643,4563,2017-03-22,Delivered
4644,4564,2018-07-22,Delivered
4645,4565,2017-05-19,Delivered
4646,4566,2018-06-04,Delivered
4647,4567,2018-06-03,Delivered
4648,4568,2017-06-14,Delivered
4649,4569,2018-07-29,Delivered
4650,4570,2017-12-29,Delivered
4651,4571,2017-09-11,Delivered
4652,4572,2017-11-29,Delivered
4653,4573,2018-08-09,Delivered
4654,4574,2018-07-31,Delivered
4655,4575,2018-03-22,Delivered
4656,4576,2018-04-02,Delivered
4657,4577,2018-01-23,Delivered
4658,4578,2017-12-08,Delivered
4659,4579,2018-05-01,Delivered
4660,4580,2018-03-04,Delivered
4661,4581,2017-08-22,Delivered
4662,4582,2018-07-27,Delivered
4663,4583,2018-06-13,Delivered
4664,4584,2018-04-24,Delivered
4665,4585,2018-05-11,Delivered
4666,4586,2018-02-06,Delivered
4667,4587,2018-06-11,Delivered
4668,4588,2017-11-19,Delivered
4669,4589,2018-05-02,Delivered
4670,4590,2018-03-07,Delivered
4671,4591,2017-11-29,Delivered
4672,4592,2018-04-23,Delivered
4673,4593,2017-10-06,Delivered
4674,4594,2018-02-28,Delivered
4675,4595,2018-01-13,Delivered
4676,4596,2017-07-22,Delivered
4677,4597,2018-06-26,Delivered
4678,4598,2018-03-11,Delivered
4679,4599,2017-11-17,Delivered
4680,4600,2018-08-18,Delivered
4681,4601,2017-09-14,Delivered
4682,4602,2018-05-03,Delivered
4683,4603,2017-08-11,Canceled
4684,4604,2018-05-12,Delivered
4685,4605,2018-01-22,Delivered
4686,4606,2018-03-15,Delivered
4687,4607,2017-11-24,Delivered
4688,4608,2017-11-12,Delivered
4689,4609,2018-04-24,Delivered
4690,4610,2017-03-17,Delivered
4691,4611,2018-04-04,Delivered
4692,4612,2018-02-01,Delivered
4693,4613,2018-01-19,Delivered
4694,4614,2018-02-01,Delivered
4695,4615,2017-08-28,Delivered
4696,4616,2018-08-12,Delivered
4697,4617,2018-06-12,Delivered
4698,4618,2018-05-08,Delivered
4699,4619,2018-04-18,Delivered
4700,4620,2017-08-24,Delivered
4701,4621,2018-06-06,Delivered
4702,4622,2017-08-15,Delivered
4703,386,2018-05-09,Unavailable
4704,4623,2017-04-19,Delivered
4705,4624,2017-06-28,Delivered
4706,4625,2018-02-27,Delivered
4707,4626,2017-12-14,Delivered
4708,4627,2018-07-19,Delivered
4709,1882,2017-11-29,Delivered
4710,4628,2018-05-28,Delivered
4711,4629,2018-01-08,Delivered
4712,4630,2018-08-14,Delivered
4713,4631,2017-09-19,Delivered
4714,4632,2018-05-10,Delivered
4715,4633,2017-10-07,Delivered
4716,4634,2017-11-16,Delivered
4717,4635,2017-05-29,Delivered
4718,4636,2017-12-08,Delivered
4719,4637,2017-08-07,Delivered
4720,4638,2017-11-08,Delivered
4721,4639,2018-03-14,Delivered
4722,4640,2018-05-09,Delivered
4723,4641,2017-06-07,Delivered
4724,4642,2017-09-17,Delivered
4725,4643,2017-03-13,Delivered
4726,4644,2018-01-24,Delivered
4727,4645,2018-06-12,Delivered
4728,4646,2017-08-24,Delivered
4729,4647,2017-11-02,Delivered
4730,4648,2018-04-01,Delivered
4731,4649,2018-04-23,Delivered
4732,4650,2017-08-03,Delivered
4733,4651,2017-11-27,Delivered
4734,4652,2017-07-26,Delivered
4735,4653,2018-08-23,Delivered
4736,4654,2018-01-09,Delivered
4737,4655,2017-11-22,Delivered
4738,4656,2017-08-20,Delivered
4739,4657,2018-05-03,Delivered
4740,4658,2018-08-02,Delivered
4741,4659,2017-06-07,Delivered
4742,4660,2017-11-26,Delivered
4743,4661,2018-07-29,Delivered
4744,4662,2017-12-19,Delivered
4745,4663,2017-10-22,Delivered
4746,4664,2017-10-19,Delivered
4747,4665,2018-02-25,Delivered
4748,4666,2018-06-29,Delivered
4749,4667,2017-02-05,Delivered
4750,4668,2018-07-15,Delivered
4751,4669,2018-07-17,Delivered
4752,4670,2018-01-06,Delivered
4753,4671,2018-08-10,Delivered
4754,4672,2018-06-10,Delivered
4755,4673,2017-03-18,Delivered
4756,4674,2018-03-22,Delivered
4757,4675,2017-06-01,Delivered
4758,4676,2017-09-26,Delivered
4759,4677,2017-11-25,Delivered
4760,4678,2017-04-13,Delivered
4761,4679,2018-03-26,Delivered
4762,4680,2017-12-03,Delivered
4763,4681,2017-10-09,Delivered
4764,4682,2017-08-19,Delivered
4765,862,2018-03-10,Delivered
4766,4683,2018-01-25,Delivered
4767,4684,2017-02-02,Delivered
4768,4685,2018-03-09,Delivered
4769,4686,2017-11-22,Delivered
4770,1928,2018-02-08,Delivered
4771,4687,2017-09-24,Delivered
4772,4688,2017-04-21,Delivered
4773,4689,2017-10-09,Delivered
4774,4690,2018-04-10,Delivered
4775,4691,2018-01-24,Delivered
4776,4692,2017-04-05,Delivered
4777,4693,2018-02-22,Delivered
4778,4694,2018-02-26,Delivered
4779,4695,2018-07-23,Delivered
4780,4696,2017-08-06,Delivered
4781,4697,2018-01-10,Delivered
4782,4698,2018-04-07,Delivered
4783,4699,2017-02-21,Delivered
4784,4700,2018-03-22,Delivered
4785,4701,2018-04-13,Delivered
4786,4702,2018-04-19,Delivered
4787,4703,2018-01-02,Delivered
4788,4704,2017-05-16,Delivered
4789,4705,2017-06-09,Delivered
4790,4706,2018-08-07,Delivered
4791,4707,2018-04-12,Delivered
4792,2523,2018-08-15,Delivered
4793,4708,2017-09-05,Delivered
4794,4709,2017-07-13,Delivered
4795,4710,2018-06-30,Delivered
4796,4711,2018-07-29,Delivered
4797,4712,2017-09-19,Delivered
4798,4713,2017-05-19,Delivered
4799,4714,2017-12-06,Delivered
4800,4715,2018-03-22,Delivered
4801,4716,2017-08-17,Delivered
4802,4717,2017-10-22,Delivered
4803,4718,2018-04-07,Delivered
4804,4719,2018-04-23,Delivered
4805,4720,2018-08-23,Delivered
4806,4721,2018-05-08,Delivered
4807,4722,2018-03-10,Delivered
4808,4723,2018-02-25,Delivered
4809,4724,2018-06-20,Delivered
4810,4725,2018-07-06,Delivered
4811,4726,2017-12-12,Delivered
4812,4727,2017-11-22,Delivered
4813,4728,2018-03-25,Delivered
4814,4729,2017-08-05,Delivered
4815,4730,2018-05-15,Delivered
4816,4731,2018-02-18,Delivered
4817,4732,2018-01-25,Delivered
4818,4733,2017-07-11,Delivered
4819,4734,2017-08-21,Delivered
4820,4735,2018-02-06,Delivered
4821,4736,2018-05-16,Delivered
4822,4737,2018-01-21,Delivered
4823,4738,2018-07-19,Delivered
4824,4739,2017-08-25,Delivered
4825,4740,2017-02-08,Delivered
4826,4741,2018-01-22,Delivered
4827,4742,2017-07-14,Delivered
4828,4743,2018-04-05,Delivered
4829,4744,2017-10-10,Unavailable
4830,4745,2018-08-13,Delivered
4831,4746,2018-05-23,Delivered
4832,4747,2018-04-11,Delivered
4833,4748,2018-05-08,Delivered
4834,4749,2017-03-28,Delivered
4835,4750,2017-12-06,Delivered
4836,4751,2017-07-17,Delivered
4837,4752,2018-08-26,Delivered
4838,4753,2017-07-06,Delivered
4839,4754,2018-07-16,Delivered
4840,4755,2017-04-17,Shipped
4841,4756,2017-08-01,Delivered
4842,4757,2017-08-10,Delivered
4843,4758,2017-08-02,Delivered
4844,4759,2018-07-30,Delivered
4845,4760,2018-07-03,Delivered
4846,4761,2017-11-07,Unavailable
4847,4762,2018-05-22,Delivered
4848,4763,2017-08-24,Delivered
4849,4764,2017-09-29,Delivered
4850,4765,2017-12-04,Delivered
4851,4766,2017-11-12,Delivered
4852,4767,2017-12-02,Delivered
4853,4768,2018-01-30,Canceled
4854,4769,2018-01-08,Delivered
4855,4770,2017-12-07,Delivered
4856,4771,2017-10-18,Delivered
4857,4772,2017-12-01,Delivered
4858,4773,2018-08-13,Delivered
4859,4774,2017-11-20,Delivered
4860,4775,2018-08-08,Delivered
4861,4776,2017-11-03,Delivered
4862,4777,2017-06-06,Delivered
4863,4778,2018-06-18,Delivered
4864,4779,2018-05-17,Delivered
4865,4780,2017-08-09,Delivered
4866,4781,2017-11-24,Delivered
4867,4782,2018-04-11,Delivered
4868,4782,2018-04-24,Delivered
4869,742,2018-07-10,Delivered
4870,4783,2018-05-08,Delivered
4871,4784,2018-02-13,Delivered
4872,4785,2018-02-14,Delivered
4873,4786,2018-01-08,Delivered
4874,4787,2018-02-11,Shipped
4875,4788,2017-11-29,Delivered
4876,4789,2018-04-12,Delivered
4877,4790,2018-06-11,Delivered
4878,4791,2018-06-17,Delivered
4879,4792,2017-03-24,Delivered
4880,4793,2018-02-03,Delivered
4881,4794,2018-03-19,Delivered
4882,4795,2017-11-08,Delivered
4883,546,2018-04-07,Delivered
4884,4796,2018-06-06,Delivered
4885,4797,2017-07-20,Delivered
4886,4798,2017-07-05,Delivered
4887,4799,2017-04-25,Delivered
4888,4800,2018-07-26,Delivered
4889,4801,2018-01-15,Delivered
4890,4802,2017-03-13,Delivered
4891,4803,2018-04-20,Delivered
4892,4804,2017-07-07,Delivered
4893,4805,2018-03-05,Delivered
4894,4806,2017-12-25,Delivered
4895,4807,2018-03-05,Delivered
4896,4808,2018-06-29,Delivered
4897,4809,2018-02-28,Delivered
4898,4810,2018-02-08,Delivered
4899,4811,2018-04-09,Delivered
4900,4812,2018-03-03,Delivered
4901,4813,2017-05-13,Delivered
4902,4814,2017-11-24,Delivered
4903,4815,2018-04-27,Delivered
4904,4816,2017-05-29,Delivered
4905,4817,2018-03-31,Delivered
4906,4818,2018-04-23,Delivered
4907,4819,2017-02-24,Delivered
4908,4820,2017-12-15,Delivered
4909,4821,2017-07-03,Delivered
4910,4822,2017-11-29,Delivered
4911,4823,2017-10-26,Delivered
4912,4824,2018-01-15,Delivered
4913,4825,2017-12-19,Delivered
4914,4826,2018-05-05,Delivered
4915,4827,2018-06-27,Delivered
4916,4828,2017-11-17,Delivered
4917,4829,2018-07-22,Delivered
4918,4830,2018-07-24,Delivered
4919,4831,2017-03-30,Delivered
4920,4832,2017-11-15,Delivered
4921,4833,2017-12-29,Delivered
4922,4834,2017-01-25,Delivered
4923,4835,2018-07-09,Delivered
4924,4836,2018-04-09,Delivered
4925,4837,2017-01-19,Delivered
4926,4838,2018-04-15,Delivered
4927,4839,2018-07-01,Delivered
4928,4840,2018-04-09,Delivered
4929,4841,2018-05-06,Delivered
4930,4842,2017-08-24,Delivered
4931,4843,2018-08-13,Delivered
4932,4844,2017-09-05,Delivered
4933,4845,2018-04-09,Delivered
4934,4846,2017-12-10,Delivered
4935,4847,2018-04-24,Delivered
4936,4848,2018-06-20,Delivered
4937,4849,2017-02-15,Delivered
4938,4850,2018-08-21,Delivered
4939,4851,2017-08-25,Delivered
4940,4852,2017-11-04,Delivered
4941,4853,2018-05-11,Delivered
4942,4854,2017-05-03,Delivered
4943,4855,2018-03-06,Delivered
4944,4856,2017-04-23,Delivered
4945,4857,2017-04-04,Delivered
4946,4858,2018-04-27,Delivered
4947,4859,2017-12-14,Delivered
4948,4860,2018-04-18,Delivered
4949,4861,2018-02-19,Delivered
4950,4862,2018-01-25,Delivered
4951,4863,2017-07-07,Delivered
4952,4864,2017-11-24,Delivered
4953,4865,2018-07-27,Delivered
4954,4866,2017-05-28,Delivered
4955,4867,2017-09-01,Delivered
4956,4868,2017-08-25,Delivered
4957,4869,2017-12-04,Delivered
4958,4870,2018-08-23,Delivered
4959,4871,2017-12-04,Delivered
4960,4872,2018-07-29,Delivered
4961,4873,2018-01-22,Delivered
4962,4874,2018-03-21,Delivered
4963,4875,2018-06-01,Delivered
4964,4876,2018-06-25,Delivered
4965,4877,2018-03-15,Delivered
4966,4878,2018-02-22,Delivered
4967,4879,2017-11-28,Delivered
4968,4880,2018-02-13,Delivered
4969,4881,2017-07-07,Delivered
4970,4882,2017-02-04,Delivered
4971,4883,2018-03-14,Delivered
4972,4884,2018-06-29,Delivered
4973,4885,2017-11-26,Delivered
4974,4886,2017-10-17,Delivered
4975,4887,2017-05-06,Delivered
4976,4888,2018-06-14,Delivered
4977,4889,2017-11-26,Delivered
4978,4890,2017-10-14,Delivered
4979,4891,2018-01-29,Delivered
4980,4892,2017-02-21,Delivered
4981,4893,2017-07-25,Delivered
4982,4894,2018-04-13,Delivered
4983,4895,2017-05-01,Delivered
4984,4896,2018-05-07,Delivered
4985,4897,2018-05-21,Delivered
4986,4898,2017-08-29,Delivered
4987,4899,2018-05-10,Delivered
4988,4900,2018-02-22,Delivered
4989,4901,2018-04-12,Delivered
4990,4902,2018-05-20,Delivered
4991,4903,2017-04-21,Delivered
4992,4904,2017-03-21,Delivered
4993,4905,2017-06-17,Delivered
4994,4906,2017-10-18,Delivered
4995,4907,2018-05-10,Delivered
4996,4908,2018-08-07,Delivered
4997,4909,2018-01-08,Delivered
4998,4910,2017-06-06,Delivered
4999,4911,2018-06-04,Delivered
5000,4912,2017-06-10,Delivered
5001,4913,2018-04-17,Delivered
5002,4914,2018-04-30,Delivered
5003,4915,2017-07-10,Delivered
5004,4916,2017-06-03,Delivered
5005,4917,2018-04-12,Delivered
5006,342,2018-04-25,Delivered
5007,4918,2017-06-22,Delivered
5008,4919,2017-07-19,Delivered
5009,4920,2018-06-11,Delivered
5010,4921,2018-02-08,Delivered
5011,4922,2017-12-18,Delivered
5012,4923,2018-08-09,Delivered
5013,4924,2017-09-01,Delivered
5014,4925,2018-01-26,Delivered
5015,4926,2018-08-05,Delivered
5016,4927,2017-03-21,Delivered
5017,4928,2018-04-25,Delivered
5018,4929,2017-08-07,Delivered
5019,4930,2017-11-14,Delivered
5020,4931,2017-07-10,Delivered
5021,4932,2018-07-21,Delivered
5022,4933,2017-05-20,Delivered
5023,4934,2017-04-13,Delivered
5024,4935,2018-06-29,Delivered
5025,4936,2018-03-13,Delivered
5026,4937,2017-10-04,Delivered
5027,4938,2018-07-09,Delivered
5028,4939,2017-06-16,Delivered
5029,4940,2017-06-05,Delivered
5030,4941,2017-02-10,Shipped
5031,4942,2018-06-03,Delivered
5032,4943,2017-09-07,Unavailable
5033,4944,2018-03-31,Delivered
5034,4945,2018-08-05,Delivered
5035,4946,2018-05-07,Delivered
5036,4947,2017-05-04,Delivered
5037,4948,2018-03-15,Delivered
5038,4949,2017-09-28,Delivered
5039,4950,2017-12-28,Delivered
5040,4951,2018-03-19,Delivered
5041,2014,2017-08-17,Delivered
5042,4952,2017-06-15,Delivered
5043,4953,2018-05-08,Delivered
5044,4954,2018-05-16,Delivered
5045,4955,2017-08-27,Delivered
5046,4956,2017-05-05,Delivered
5047,4957,2018-05-16,Delivered
5048,4958,2018-06-18,Delivered
5049,4959,2018-03-31,Shipped
5050,4960,2017-06-28,Delivered
5051,4961,2017-10-10,Delivered
5052,4962,2017-10-10,Delivered
5053,4963,2018-03-17,Delivered
5054,4964,2018-02-23,Delivered
5055,4965,2017-12-01,Delivered
5056,4966,2018-02-18,Delivered
5057,4967,2017-04-30,Delivered
5058,4968,2018-04-13,Delivered
5059,4969,2017-12-04,Delivered
5060,4970,2017-11-07,Delivered
5061,4971,2018-01-04,Delivered
5062,4972,2018-04-10,Delivered
5063,4973,2018-04-25,Delivered
5064,4974,2018-03-04,Delivered
5065,4975,2018-06-05,Delivered
5066,4976,2018-04-03,Delivered
5067,4977,2018-06-17,Delivered
5068,4978,2017-03-15,Shipped
5069,4979,2018-08-14,Delivered
5070,4980,2018-07-24,Delivered
5071,4981,2017-06-18,Delivered
5072,4982,2017-06-02,Delivered
5073,4983,2017-04-06,Delivered
5074,4984,2018-05-01,Delivered
5075,4985,2018-01-18,Delivered
5076,4986,2018-04-06,Delivered
5077,4987,2017-06-23,Delivered
5078,4988,2018-02-27,Delivered
5079,4989,2017-06-05,Delivered
5080,4990,2018-08-14,Delivered
5081,4991,2017-06-16,Delivered
5082,4992,2017-12-23,Processing
5083,4993,2017-11-19,Delivered
5084,4994,2017-08-30,Delivered
5085,4995,2017-04-04,Delivered
5086,4996,2017-08-05,Delivered
5087,4997,2017-05-16,Delivered
5088,4998,2017-07-11,Delivered
5089,4999,2017-06-25,Delivered
5090,5000,2017-04-28,Delivered
5091,5001,2018-02-04,Delivered
5092,5002,2018-03-13,Delivered
5093,2336,2017-07-27,Delivered
5094,5003,2018-03-07,Delivered
5095,5004,2017-12-26,Delivered
5096,5005,2017-05-19,Delivered
5097,5006,2017-04-03,Delivered
5098,5007,2017-11-05,Delivered
5099,5008,2018-08-26,Delivered
5100,5009,2017-12-05,Delivered
5101,5010,2018-08-01,Delivered
5102,5011,2018-01-17,Delivered
5103,5012,2018-04-03,Delivered
5104,5013,2018-08-05,Delivered
5105,5014,2018-06-05,Delivered
5106,5015,2017-12-17,Delivered
5107,5016,2018-07-25,Delivered
5108,5017,2017-06-19,Delivered
5109,5018,2018-02-16,Delivered
5110,5019,2018-03-02,Delivered
5111,5020,2017-12-09,Delivered
5112,5021,2017-09-08,Delivered
5113,5022,2017-03-28,Delivered
5114,5023,2018-01-06,Delivered
5115,5024,2017-12-16,Delivered
5116,5025,2018-05-17,Delivered
5117,5026,2018-06-01,Delivered
5118,5027,2017-12-13,Delivered
5119,5028,2018-07-30,Delivered
5120,5029,2018-06-26,Delivered
5121,5030,2017-01-30,Delivered
5122,5031,2017-12-13,Delivered
5123,5032,2017-08-09,Delivered
5124,5033,2017-05-19,Delivered
5125,5034,2017-12-11,Delivered
5126,5035,2017-10-16,Delivered
5127,5036,2017-07-29,Delivered
5128,5037,2018-06-19,Delivered
5129,5038,2017-11-24,Delivered
5130,5039,2018-01-13,Delivered
5131,5040,2017-11-24,Delivered
5132,5041,2018-06-21,Delivered
5133,5042,2017-11-27,Delivered
5134,5043,2018-04-15,Delivered
5135,5044,2017-03-27,Delivered
5136,5045,2017-03-03,Delivered
5137,5046,2017-11-19,Delivered
5138,5047,2017-10-18,Delivered
5139,5048,2018-05-15,Delivered
5140,5049,2018-06-25,Delivered
5141,5050,2018-04-05,Delivered
5142,5051,2018-01-13,Delivered
5143,5052,2017-11-09,Delivered
5144,5053,2017-09-04,Delivered
5145,5054,2018-06-21,Delivered
5146,5055,2017-11-24,Delivered
5147,3693,2017-06-29,Delivered
5148,5056,2018-05-16,Delivered
5149,5057,2017-01-08,Delivered
5150,599,2017-12-14,Delivered
5151,5058,2018-08-19,Delivered
5152,5059,2018-01-09,Delivered
5153,5060,2018-05-16,Delivered
5154,5061,2018-06-11,Delivered
5155,5062,2017-08-11,Delivered
5156,5063,2018-08-04,Delivered
5157,5064,2017-10-25,Delivered
5158,5065,2018-03-22,Delivered
5159,5066,2018-07-19,Delivered
5160,5067,2018-04-06,Delivered
5161,5068,2017-08-13,Delivered
5162,5069,2017-03-18,Delivered
5163,5070,2017-10-14,Delivered
5164,5071,2018-06-30,Delivered
5165,434,2017-11-28,Delivered
5166,5072,2018-06-13,Canceled
5167,5073,2018-04-13,Delivered
5168,5074,2018-05-05,Delivered
5169,5075,2017-07-18,Delivered
5170,5076,2018-06-04,Delivered
5171,5077,2018-06-24,Delivered
5172,5078,2018-02-16,Delivered
5173,5079,2017-11-01,Delivered
5174,442,2018-03-18,Delivered
5175,5080,2017-08-29,Delivered
5176,5081,2017-06-12,Delivered
5177,2408,2018-04-22,Delivered
5178,5082,2017-12-06,Delivered
5179,5083,2017-08-24,Delivered
5180,5084,2018-07-18,Delivered
5181,5085,2018-04-09,Delivered
5182,5086,2018-08-14,Delivered
5183,5087,2018-01-22,Delivered
5184,3480,2018-04-23,Delivered
5185,5088,2017-11-15,Delivered
5186,5089,2018-03-02,Delivered
5187,5090,2018-03-04,Delivered
5188,5091,2018-02-21,Delivered
5189,5092,2017-10-03,Delivered
5190,5093,2017-11-03,Delivered
5191,5094,2018-05-11,Delivered
5192,5095,2018-03-15,Delivered
5193,5096,2018-05-29,Delivered
5194,5097,2017-11-24,Processing
5195,5098,2018-03-01,Delivered
5196,5099,2018-04-28,Delivered
5197,5100,2018-05-28,Delivered
5198,5101,2017-06-27,Delivered
5199,5102,2017-11-29,Delivered
5200,5103,2017-03-20,Delivered
5201,4802,2018-04-13,Delivered
5202,5104,2017-12-28,Delivered
5203,5105,2017-10-17,Delivered
5204,5106,2018-05-29,Delivered
5205,5107,2018-02-20,Delivered
5206,5108,2018-03-08,Delivered
5207,4168,2018-01-12,Delivered
5208,5109,2017-04-19,Delivered
5209,5110,2017-12-22,Delivered
5210,5111,2017-08-10,Delivered
5211,5112,2017-03-13,Delivered
5212,5113,2018-08-13,Delivered
5213,5114,2017-08-25,Delivered
5214,2098,2018-04-17,Delivered
5215,5115,2018-07-05,Delivered
5216,5116,2017-11-24,Delivered
5217,5117,2018-04-12,Delivered
5218,5118,2018-06-28,Delivered
5219,5119,2018-04-12,Delivered
5220,5120,2018-02-20,Delivered
5221,5121,2018-06-01,Delivered
5222,5122,2017-03-07,Delivered
5223,5123,2018-04-05,Delivered
5224,5124,2018-01-12,Delivered
5225,5125,2017-02-18,Delivered
5226,5126,2018-05-14,Delivered
5227,5127,2017-12-17,Delivered
5228,5128,2018-05-02,Delivered
5229,5129,2018-07-16,Delivered
5230,3583,2017-09-17,Delivered
5231,5130,2017-11-10,Delivered
5232,5131,2018-01-10,Delivered
5233,5132,2018-08-21,Delivered
5234,5133,2017-08-22,Delivered
5235,3963,2018-02-21,Delivered
5236,5134,2018-07-22,Delivered
5237,5135,2017-10-27,Delivered
5238,5136,2017-08-16,Delivered
5239,5137,2017-08-08,Delivered
5240,5138,2017-05-24,Delivered
5241,5139,2018-04-05,Delivered
5242,5140,2017-01-26,Delivered
5243,5141,2018-05-30,Delivered
5244,5142,2018-07-28,Unavailable
5245,5143,2017-06-15,Delivered
5246,5144,2018-05-14,Delivered
5247,5145,2018-06-22,Delivered
5248,5146,2018-06-04,Delivered
5249,5015,2017-12-17,Delivered
5250,5147,2017-03-05,Delivered
5251,5148,2017-09-13,Delivered
5252,5149,2018-08-09,Delivered
5253,5150,2017-06-19,Delivered
5254,5151,2018-06-01,Delivered
5255,5152,2017-06-27,Delivered
5256,5153,2018-04-15,Delivered
5257,5154,2017-07-09,Delivered
5258,5155,2018-05-07,Delivered
5259,5156,2017-05-18,Delivered
5260,5157,2018-08-06,Delivered
5261,5158,2018-01-29,Delivered
5262,5159,2017-03-20,Delivered
5263,5160,2017-10-06,Delivered
5264,5161,2018-04-24,Delivered
5265,5162,2017-11-24,Delivered
5266,5163,2018-06-24,Delivered
5267,5164,2017-09-18,Delivered
5268,5165,2017-07-13,Delivered
5269,5166,2018-08-05,Delivered
5270,5167,2018-01-23,Delivered
5271,5168,2017-09-18,Delivered
5272,5169,2018-01-22,Delivered
5273,5170,2018-06-26,Delivered
5274,5171,2018-04-27,Delivered
5275,5172,2017-11-28,Delivered
5276,5173,2017-05-23,Delivered
5277,5174,2017-02-01,Delivered
5278,5175,2018-01-14,Delivered
5279,5176,2017-04-27,Delivered
5280,5177,2017-04-27,Delivered
5281,5178,2018-07-18,Delivered
5282,5179,2018-02-21,Delivered
5283,5180,2017-10-10,Delivered
5284,5181,2017-03-02,Delivered
5285,5182,2018-04-19,Delivered
5286,5183,2017-02-03,Delivered
5287,5184,2017-12-19,Delivered
5288,5185,2017-08-18,Delivered
5289,5186,2017-07-17,Delivered
5290,5187,2018-06-12,Delivered
5291,5188,2017-02-09,Delivered
5292,5189,2018-04-22,Delivered
5293,5190,2017-10-10,Unavailable
5294,5191,2017-07-13,Delivered
5295,5192,2018-03-13,Delivered
5296,5193,2018-05-14,Delivered
5297,5194,2017-10-17,Delivered
5298,5195,2018-03-03,Delivered
5299,5196,2018-01-19,Delivered
5300,5197,2018-02-10,Delivered
5301,5198,2018-04-02,Delivered
5302,5199,2018-01-16,Delivered
5303,5200,2017-07-14,Delivered
5304,5201,2018-08-04,Delivered
5305,5202,2018-03-15,Delivered
5306,5203,2017-03-09,Delivered
5307,5204,2017-11-14,Delivered
5308,5205,2018-04-11,Delivered
5309,5206,2017-06-30,Unavailable
5310,5207,2018-07-14,Delivered
5311,5208,2017-11-25,Delivered
5312,5209,2017-07-04,Delivered
5313,5210,2018-02-07,Delivered
5314,5211,2017-02-13,Delivered
5315,5212,2018-01-07,Delivered
5316,5213,2017-08-10,Delivered
5317,5214,2017-05-26,Delivered
5318,5215,2017-06-12,Shipped
5319,5216,2017-09-14,Delivered
5320,5217,2017-11-11,Delivered
5321,5218,2018-01-23,Delivered
5322,5219,2017-09-02,Delivered
5323,5220,2018-05-21,Delivered
5324,5221,2018-03-26,Delivered
5325,5222,2017-08-02,Delivered
5326,5223,2018-08-03,Delivered
5327,5224,2017-12-11,Delivered
5328,5225,2017-05-21,Delivered
5329,5226,2018-01-21,Delivered
5330,5227,2017-10-29,Delivered
5331,5228,2018-08-15,Delivered
5332,5229,2018-05-05,Delivered
5333,5230,2017-08-19,Delivered
5334,5231,2017-11-27,Delivered
5335,5232,2018-08-16,Delivered
5336,5233,2018-06-10,Delivered
5337,5234,2018-04-24,Delivered
5338,5235,2017-09-21,Delivered
5339,5236,2018-04-23,Delivered
5340,5237,2018-04-23,Delivered
5341,5238,2017-11-24,Delivered
5342,5239,2018-05-10,Delivered
5343,5240,2017-02-16,Delivered
5344,5241,2018-04-21,Delivered
5345,5242,2017-09-23,Delivered
5346,5243,2017-09-05,Delivered
5347,5244,2018-01-23,Delivered
5348,5245,2017-10-16,Delivered
5349,5246,2017-04-07,Delivered
5350,5247,2018-03-23,Delivered
5351,5248,2018-03-21,Delivered
5352,5249,2017-11-25,Delivered
5353,5250,2018-07-18,Delivered
5354,5251,2018-03-21,Delivered
5355,5252,2018-01-17,Delivered
5356,5253,2018-03-02,Delivered
5357,5254,2017-06-03,Delivered
5358,5255,2018-01-07,Invoiced
5359,5256,2017-05-10,Delivered
5360,5257,2018-05-31,Delivered
5361,5258,2017-03-14,Delivered
5362,5259,2018-01-23,Delivered
5363,5260,2017-12-10,Delivered
5364,5261,2017-06-16,Delivered
5365,5262,2018-03-16,Delivered
5366,5263,2017-09-22,Delivered
5367,5264,2017-07-18,Delivered
5368,5265,2017-11-08,Delivered
5369,5266,2017-11-15,Delivered
5370,5267,2017-11-30,Delivered
5371,5268,2018-04-08,Delivered
5372,5269,2018-04-17,Delivered
5373,5270,2017-11-28,Delivered
5374,5271,2017-08-03,Delivered
5375,5272,2018-08-06,Delivered
5376,2702,2017-09-24,Delivered
5377,5273,2017-11-24,Delivered
5378,5274,2017-06-14,Delivered
5379,5275,2018-05-31,Delivered
5380,5276,2018-06-03,Delivered
5381,5277,2018-05-10,Delivered
5382,5278,2018-03-09,Delivered
5383,5279,2017-06-20,Delivered
5384,5280,2018-02-15,Delivered
5385,5281,2017-03-18,Delivered
5386,5282,2018-06-21,Delivered
5387,5283,2017-08-11,Delivered
5388,5284,2017-04-27,Delivered
5389,5285,2018-01-31,Delivered
5390,5286,2017-07-30,Delivered
5391,5287,2017-04-26,Delivered
5392,5288,2017-12-06,Unavailable
5393,5289,2018-07-01,Delivered
5394,5290,2018-03-07,Delivered
5395,5291,2017-11-28,Delivered
5396,5292,2018-05-10,Delivered
5397,5293,2017-10-26,Delivered
5398,5294,2017-02-03,Delivered
5399,5295,2018-01-25,Delivered
5400,3930,2017-02-23,Delivered
5401,5296,2018-04-18,Delivered
5402,5297,2018-01-07,Delivered
5403,5298,2017-11-25,Delivered
5404,5299,2017-09-23,Delivered
5405,5300,2018-01-13,Delivered
5406,5301,2018-04-15,Delivered
5407,5302,2018-05-13,Delivered
5408,5303,2018-07-09,Delivered
5409,5304,2017-10-08,Delivered
5410,5305,2018-05-02,Delivered
5411,5306,2017-09-17,Delivered
5412,5307,2018-03-18,Delivered
5413,5308,2018-05-05,Delivered
5414,5309,2018-04-11,Delivered
5415,5310,2018-02-15,Delivered
5416,5311,2018-02-27,Delivered
5417,5312,2018-01-30,Delivered
5418,5313,2017-11-23,Delivered
5419,5314,2018-08-17,Delivered
5420,5315,2017-08-30,Delivered
5421,5316,2018-03-10,Delivered
5422,5317,2018-04-19,Delivered
5423,5318,2017-12-14,Delivered
5424,5319,2018-08-08,Delivered
5425,472,2018-08-27,Canceled
5426,5320,2018-07-09,Delivered
5427,5321,2018-04-07,Delivered
5428,5322,2018-05-03,Delivered
5429,5323,2017-12-20,Delivered
5430,5324,2017-05-06,Delivered
5431,5325,2018-04-13,Delivered
5432,5326,2017-11-21,Delivered
5433,5327,2017-11-24,Delivered
5434,5328,2018-02-03,Delivered
5435,5329,2017-10-28,Delivered
5436,5330,2018-05-09,Delivered
5437,5331,2018-02-23,Delivered
5438,5332,2017-06-15,Delivered
5439,5333,2017-07-29,Shipped
5440,5334,2018-06-05,Delivered
5441,5335,2017-04-15,Delivered
5442,5336,2017-04-29,Delivered
5443,5337,2018-02-03,Delivered
5444,5338,2017-07-13,Delivered
5445,5339,2018-04-04,Delivered
5446,5340,2017-11-24,Delivered
5447,5341,2017-11-20,Delivered
5448,5342,2018-04-12,Delivered
5449,5343,2017-11-23,Delivered
5450,5344,2017-12-06,Delivered
5451,5345,2018-08-11,Delivered
5452,5346,2017-10-09,Delivered
5453,5347,2017-03-18,Delivered
5454,5348,2018-04-29,Delivered
5455,5349,2018-06-29,Delivered
5456,5350,2018-06-05,Delivered
5457,5351,2018-04-12,Delivered
5458,5352,2018-04-23,Delivered
5459,5353,2018-04-06,Delivered
5460,5354,2017-12-08,Delivered
5461,5355,2017-11-24,Delivered
5462,5356,2018-06-05,Delivered
5463,1736,2017-07-10,Delivered
5464,5357,2017-10-22,Delivered
5465,5358,2017-05-21,Delivered
5466,5359,2018-07-02,Delivered
5467,5360,2018-05-03,Delivered
5468,5361,2018-03-06,Delivered
5469,5362,2018-01-03,Delivered
5470,5363,2017-06-02,Delivered
5471,5364,2018-06-04,Delivered
5472,5365,2017-07-06,Delivered
5473,5306,2018-03-22,Delivered
5474,5366,2017-06-25,Delivered
5475,3997,2018-05-06,Delivered
5476,5367,2017-04-16,Delivered
5477,5368,2017-12-09,Delivered
5478,5369,2018-05-14,Delivered
5479,5370,2017-08-02,Delivered
5480,4011,2017-08-18,Delivered
5481,5371,2017-09-15,Delivered
5482,5372,2017-04-28,Delivered
5483,5373,2018-06-16,Delivered
5484,5374,2018-01-05,Delivered
5485,5375,2018-03-31,Delivered
5486,5376,2017-05-18,Delivered
5487,5377,2018-04-01,Delivered
5488,5378,2017-11-26,Delivered
5489,5379,2017-06-17,Processing
5490,5380,2018-03-31,Delivered
5491,5381,2017-07-14,Delivered
5492,5382,2017-08-13,Delivered
5493,5383,2017-09-29,Delivered
5494,5384,2018-08-06,Delivered
5495,5385,2017-11-13,Delivered
5496,5386,2018-07-25,Delivered
5497,5387,2017-05-26,Delivered
5498,5388,2017-08-24,Delivered
5499,5389,2017-10-21,Delivered
5500,5390,2017-05-01,Delivered
5501,5391,2017-05-22,Delivered
5502,5392,2018-04-28,Delivered
5503,5393,2017-06-27,Delivered
5504,5394,2018-07-21,Delivered
5505,5395,2017-11-16,Invoiced
5506,5396,2017-08-28,Delivered
5507,5397,2017-06-19,Delivered
5508,5398,2018-02-17,Delivered
5509,5399,2017-07-24,Delivered
5510,5400,2018-07-18,Delivered
5511,5401,2017-09-23,Delivered
5512,5402,2017-07-19,Delivered
5513,5403,2017-12-09,Delivered
5514,5404,2018-01-11,Delivered
5515,5405,2018-03-23,Delivered
5516,5406,2017-12-18,Delivered
5517,5407,2017-11-24,Delivered
5518,5408,2018-04-05,Delivered
5519,5409,2018-04-18,Delivered
5520,5410,2017-07-12,Delivered
5521,5411,2017-08-13,Delivered
5522,5412,2018-05-17,Delivered
5523,5413,2017-10-07,Delivered
5524,5414,2017-07-26,Delivered
5525,5415,2017-11-12,Delivered
5526,5416,2017-03-15,Delivered
5527,5417,2018-03-10,Delivered
5528,5418,2017-04-29,Delivered
5529,5419,2018-04-24,Delivered
5530,5420,2017-09-14,Delivered
5531,5421,2018-01-24,Delivered
5532,5422,2018-08-20,Delivered
5533,5423,2017-03-31,Processing
5534,5424,2018-04-29,Delivered
5535,5425,2017-02-28,Delivered
5536,5426,2018-02-03,Delivered
5537,5427,2018-01-04,Delivered
5538,5428,2018-03-15,Delivered
5539,5429,2018-08-06,Delivered
5540,5430,2018-01-26,Delivered
5541,5431,2017-05-11,Delivered
5542,5432,2018-04-23,Delivered
5543,5433,2018-06-11,Delivered
5544,5434,2018-01-15,Delivered
5545,5435,2017-06-16,Delivered
5546,5436,2017-06-12,Delivered
5547,5437,2017-10-26,Delivered
5548,5438,2018-04-10,Delivered
5549,5439,2018-07-07,Delivered
5550,5440,2018-05-14,Delivered
5551,5441,2018-08-08,Delivered
5552,5442,2017-04-27,Delivered
5553,5443,2017-11-02,Delivered
5554,5444,2018-05-19,Delivered
5555,5445,2017-05-03,Delivered
5556,5446,2018-04-16,Delivered
5557,5447,2017-08-16,Delivered
5558,5448,2018-04-26,Delivered
5559,5449,2017-09-07,Delivered
5560,5450,2018-04-05,Delivered
5561,5451,2018-02-02,Delivered
5562,5452,2017-10-18,Delivered
5563,5453,2017-06-27,Delivered
5564,5454,2018-01-03,Delivered
5565,4057,2018-05-01,Delivered
5566,5455,2017-11-11,Delivered
5567,5456,2017-10-18,Delivered
5568,5457,2018-04-10,Delivered
5569,5458,2018-03-25,Delivered
5570,5459,2018-03-27,Delivered
5571,5460,2018-07-31,Delivered
5572,5461,2017-10-08,Delivered
5573,5462,2018-03-12,Delivered
5574,5463,2017-09-27,Delivered
5575,5464,2018-01-14,Delivered
5576,5465,2018-05-21,Delivered
5577,2154,2017-07-13,Delivered
5578,5466,2017-03-29,Delivered
5579,5467,2017-11-09,Delivered
5580,5468,2018-01-29,Delivered
5581,5469,2018-07-18,Delivered
5582,5470,2018-02-01,Delivered
5583,5471,2018-07-14,Delivered
5584,5472,2017-06-12,Delivered
5585,5473,2018-05-16,Delivered
5586,5474,2017-11-15,Delivered
5587,5475,2018-04-03,Delivered
5588,3418,2017-12-18,Delivered
5589,5476,2017-09-01,Delivered
5590,5477,2018-08-02,Delivered
5591,5478,2017-10-27,Delivered
5592,5479,2018-02-18,Delivered
5593,5480,2017-06-08,Delivered
5594,5481,2018-07-17,Delivered
5595,5482,2018-05-05,Delivered
5596,5483,2018-06-25,Delivered
5597,5484,2018-04-04,Delivered
5598,5485,2018-03-07,Delivered
5599,5486,2018-06-19,Delivered
5600,5487,2018-01-27,Delivered
5601,5488,2018-08-09,Delivered
5602,5489,2018-06-04,Delivered
5603,5490,2018-02-28,Delivered
5604,5491,2018-01-19,Delivered
5605,5492,2017-08-01,Delivered
5606,5493,2018-07-27,Delivered
5607,5494,2017-11-24,Delivered
5608,5495,2017-10-01,Delivered
5609,5496,2018-03-30,Delivered
5610,5497,2018-01-06,Delivered
5611,163,2017-06-23,Delivered
5612,5498,2018-03-13,Delivered
5613,5499,2018-04-10,Delivered
5614,5500,2018-04-02,Delivered
5615,5501,2017-10-06,Delivered
5616,5502,2018-03-14,Delivered
5617,1775,2018-02-21,Delivered
5618,5503,2018-01-24,Delivered
5619,5504,2017-09-13,Delivered
5620,5505,2018-05-09,Delivered
5621,5506,2018-02-08,Delivered
5622,5507,2018-02-14,Delivered
5623,5508,2017-12-14,Delivered
5624,5509,2017-01-15,Delivered
5625,5510,2018-06-02,Delivered
5626,5511,2018-05-08,Delivered
5627,5512,2018-05-15,Delivered
5628,5513,2017-10-08,Delivered
5629,5514,2017-06-17,Delivered
5630,5515,2017-11-07,Delivered
5631,5516,2018-02-15,Delivered
5632,5517,2017-02-08,Shipped
5633,5518,2018-04-19,Delivered
5634,5519,2018-03-26,Delivered
5635,5520,2018-06-20,Delivered
5636,5521,2018-02-20,Delivered
5637,5522,2017-09-26,Delivered
5638,5523,2017-08-13,Delivered
5639,5524,2018-08-03,Delivered
5640,5525,2018-06-05,Delivered
5641,5526,2018-05-04,Delivered
5642,5527,2018-04-04,Delivered
5643,5528,2017-12-04,Delivered
5644,5529,2018-06-22,Delivered
5645,5530,2017-06-20,Delivered
5646,4279,2018-01-02,Delivered
5647,5531,2017-09-26,Delivered
5648,5532,2017-10-31,Delivered
5649,5533,2017-05-17,Delivered
5650,5534,2018-03-13,Delivered
5651,5535,2018-04-16,Delivered
5652,5536,2017-04-15,Delivered
5653,5537,2018-01-14,Unavailable
5654,5538,2018-08-14,Delivered
5655,5539,2018-06-08,Delivered
5656,5540,2018-07-04,Delivered
5657,5541,2017-08-02,Delivered
5658,5542,2018-02-14,Delivered
5659,5543,2017-06-15,Delivered
5660,5544,2018-03-11,Delivered
5661,5545,2018-02-28,Delivered
5662,5546,2018-08-17,Delivered
5663,5547,2018-04-05,Delivered
5664,5548,2018-06-05,Delivered
5665,5549,2018-08-18,Delivered
5666,5550,2018-02-27,Delivered
5667,4189,2017-10-03,Delivered
5668,5551,2017-03-12,Delivered
5669,5552,2017-09-20,Delivered
5670,5553,2017-11-26,Delivered
5671,5554,2018-07-30,Delivered
5672,5555,2017-10-08,Unavailable
5673,5556,2018-05-07,Delivered
5674,5557,2017-12-25,Delivered
5675,5558,2017-08-17,Processing
5676,5559,2018-06-13,Delivered
5677,5560,2018-03-17,Delivered
5678,5561,2017-03-17,Delivered
5679,5562,2018-05-15,Delivered
5680,5563,2017-05-15,Delivered
5681,5564,2017-12-15,Delivered
5682,5565,2017-09-20,Delivered
5683,5566,2018-04-13,Delivered
5684,5567,2018-01-05,Delivered
5685,5568,2017-05-14,Shipped
5686,5569,2018-05-16,Delivered
5687,5570,2017-11-09,Delivered
5688,5571,2017-01-16,Delivered
5689,5572,2018-04-17,Delivered
5690,5573,2017-05-12,Delivered
5691,5574,2018-08-09,Delivered
5692,5004,2018-06-28,Delivered
5693,5575,2017-01-25,Delivered
5694,5576,2017-11-17,Delivered
5695,5577,2018-02-25,Delivered
5696,5578,2017-07-07,Delivered
5697,5579,2018-05-05,Delivered
5698,5580,2017-04-09,Delivered
5699,5581,2017-11-25,Delivered
5700,5582,2018-05-04,Delivered
5701,5583,2017-05-13,Delivered
5702,5584,2018-07-15,Delivered
5703,5585,2017-09-18,Delivered
5704,5586,2017-11-17,Delivered
5705,5587,2018-02-27,Delivered
5706,5588,2017-06-15,Delivered
5707,5589,2018-01-03,Delivered
5708,589,2017-10-03,Delivered
5709,5590,2017-01-26,Delivered
5710,5591,2018-01-26,Delivered
5711,5592,2017-06-01,Delivered
5712,5593,2018-05-09,Delivered
5713,5594,2017-02-25,Delivered
5714,5595,2018-01-30,Delivered
5715,5596,2018-01-07,Delivered
5716,5597,2018-06-08,Delivered
5717,5598,2017-03-20,Delivered
5718,5599,2018-07-30,Delivered
5719,5600,2018-07-24,Delivered
5720,5601,2018-01-02,Delivered
5721,5602,2017-02-26,Delivered
5722,5603,2017-09-23,Delivered
5723,5604,2017-10-22,Delivered
5724,5605,2017-12-12,Delivered
5725,5606,2017-03-01,Delivered
5726,5607,2018-03-05,Delivered
5727,5608,2017-04-30,Delivered
5728,780,2017-03-10,Delivered
5729,5609,2017-05-25,Delivered
5730,5610,2017-03-30,Delivered
5731,5611,2018-03-08,Delivered
5732,5612,2017-08-21,Delivered
5733,5613,2017-09-28,Delivered
5734,962,2017-02-10,Delivered
5735,5614,2018-04-23,Delivered
5736,995,2018-02-26,Delivered
5737,5615,2017-08-27,Delivered
5738,5616,2017-12-30,Delivered
5739,5617,2017-05-24,Delivered
5740,5618,2018-06-18,Delivered
5741,5619,2017-10-09,Delivered
5742,5620,2018-02-01,Delivered
5743,5621,2018-08-05,Delivered
5744,5622,2018-03-24,Delivered
5745,5623,2017-11-24,Delivered
5746,5624,2017-12-26,Delivered
5747,5625,2018-08-14,Delivered
5748,5626,2017-09-03,Delivered
5749,5627,2017-03-29,Delivered
5750,5628,2018-04-15,Delivered
5751,5629,2018-06-06,Delivered
5752,5630,2018-03-15,Delivered
5753,5631,2018-08-04,Delivered
5754,5632,2018-06-20,Delivered
5755,5633,2017-09-06,Delivered
5756,5634,2018-05-13,Delivered
5757,5635,2018-02-23,Delivered
5758,5636,2017-08-08,Delivered
5759,3453,2018-05-02,Delivered
5760,5637,2018-05-01,Delivered
5761,5638,2017-11-06,Delivered
5762,5639,2018-04-25,Delivered
5763,5640,2017-05-17,Delivered
5764,5641,2018-06-13,Delivered
5765,5642,2017-08-10,Delivered
5766,5643,2018-01-07,Delivered
5767,5644,2017-10-01,Delivered
5768,5645,2017-10-25,Delivered
5769,5646,2017-04-06,Delivered
5770,5647,2017-04-21,Delivered
5771,5648,2018-05-18,Delivered
5772,5649,2017-11-24,Delivered
5773,5650,2017-11-29,Delivered
5774,5651,2018-07-14,Delivered
5775,5652,2018-03-05,Delivered
5776,5653,2018-05-31,Delivered
5777,5654,2017-09-02,Delivered
5778,5655,2018-02-01,Delivered
5779,5656,2018-08-04,Delivered
5780,5657,2018-05-09,Delivered
5781,5658,2018-05-08,Delivered
5782,361,2017-07-03,Delivered
5783,5659,2017-04-02,Delivered
5784,5660,2018-07-10,Delivered
5785,5661,2017-09-30,Delivered
5786,5662,2018-03-08,Delivered
5787,1709,2017-08-07,Delivered
5788,5663,2018-01-12,Delivered
5789,458,2018-06-21,Delivered
5790,5664,2017-04-24,Delivered
5791,5665,2018-04-04,Delivered
5792,5666,2018-06-15,Delivered
5793,5667,2017-12-04,Delivered
5794,5668,2018-03-28,Delivered
5795,5669,2018-08-20,Delivered
5796,5670,2018-03-31,Delivered
5797,5671,2018-02-15,Delivered
5798,5672,2018-07-19,Delivered
5799,5673,2017-09-07,Delivered
5800,5674,2018-08-01,Delivered
5801,5675,2018-04-16,Delivered
5802,5676,2017-08-14,Delivered
5803,5677,2018-04-05,Delivered
5804,5678,2018-06-23,Delivered
5805,5679,2017-06-06,Delivered
5806,5680,2018-07-27,Delivered
5807,5681,2018-06-19,Delivered
5808,5682,2017-11-08,Delivered
5809,5683,2018-01-06,Delivered
5810,5684,2017-07-30,Delivered
5811,5685,2017-06-06,Delivered
5812,3709,2017-11-06,Delivered
5813,5686,2017-03-23,Delivered
5814,5687,2018-02-01,Delivered
5815,5688,2018-05-11,Delivered
5816,5689,2018-05-30,Delivered
5817,5690,2018-08-02,Delivered
5818,5691,2018-01-05,Delivered
5819,205,2018-01-07,Delivered
5820,5692,2018-04-03,Delivered
5821,5693,2018-05-04,Delivered
5822,5694,2017-10-13,Delivered
5823,5695,2017-09-13,Delivered
5824,5696,2018-08-01,Delivered
5825,5697,2017-11-10,Delivered
5826,5698,2018-02-02,Canceled
5827,5699,2018-05-05,Delivered
5828,5700,2017-09-20,Delivered
5829,5240,2017-12-13,Delivered
5830,5701,2017-11-25,Delivered
5831,254,2017-08-28,Delivered
5832,5702,2018-05-16,Delivered
5833,5703,2017-04-08,Delivered
5834,5704,2018-02-01,Delivered
5835,5705,2017-11-12,Delivered
5836,5706,2018-07-23,Delivered
5837,5707,2018-04-19,Delivered
5838,5708,2018-08-09,Delivered
5839,5709,2018-08-05,Delivered
5840,5710,2018-08-16,Delivered
5841,5711,2018-01-21,Delivered
5842,5712,2017-11-06,Delivered
5843,3048,2018-05-18,Delivered
5844,5713,2018-06-22,Delivered
5845,5714,2017-06-07,Delivered
5846,5715,2018-05-09,Delivered
5847,5716,2017-06-25,Delivered
5848,5717,2018-06-12,Delivered
5849,5718,2018-04-02,Shipped
5850,5719,2018-08-17,Delivered
5851,5720,2018-02-23,Delivered
5852,5721,2018-02-04,Delivered
5853,5722,2017-08-24,Delivered
5854,5723,2018-05-16,Delivered
5855,5724,2018-06-12,Delivered
5856,3008,2018-03-12,Delivered
5857,5725,2018-01-24,Delivered
5858,5726,2017-12-08,Delivered
5859,5727,2017-08-06,Delivered
5860,5728,2018-03-15,Delivered
5861,5729,2017-12-11,Delivered
5862,5730,2018-08-06,Delivered
5863,5731,2017-08-11,Unavailable
5864,5732,2017-07-14,Delivered
5865,5733,2017-12-02,Delivered
5866,5734,2018-06-14,Delivered
5867,5735,2017-09-05,Delivered
5868,5736,2017-02-11,Delivered
5869,5737,2017-08-04,Delivered
5870,527,2017-12-04,Delivered
5871,5738,2018-06-20,Delivered
5872,5739,2017-08-30,Canceled
5873,5740,2017-12-01,Delivered
5874,5741,2017-06-13,Delivered
5875,5742,2018-02-15,Delivered
5876,5743,2017-02-02,Delivered
5877,5744,2018-04-03,Delivered
5878,5745,2018-03-18,Delivered
5879,5746,2018-07-26,Delivered
5880,5747,2017-05-11,Delivered
5881,5748,2018-08-09,Delivered
5882,5749,2017-11-27,Delivered
5883,5750,2017-05-09,Delivered
5884,5751,2017-12-10,Delivered
5885,5752,2018-02-10,Delivered
5886,5753,2018-05-21,Delivered
5887,5754,2018-08-10,Delivered
5888,5755,2018-03-26,Delivered
5889,5756,2017-11-03,Delivered
5890,5757,2018-01-03,Delivered
5891,5758,2018-04-03,Delivered
5892,5759,2017-07-11,Unavailable
5893,5760,2018-04-09,Delivered
5894,5761,2017-08-25,Delivered
5895,5762,2018-07-19,Delivered
5896,5763,2017-07-17,Delivered
5897,5764,2017-05-17,Delivered
5898,5765,2017-05-08,Delivered
5899,5766,2018-07-19,Delivered
5900,5767,2017-08-22,Delivered
5901,5768,2017-06-12,Delivered
5902,5769,2018-02-20,Delivered
5903,5770,2018-06-05,Delivered
5904,5771,2018-06-27,Delivered
5905,5772,2017-12-01,Delivered
5906,102,2018-03-11,Delivered
5907,5773,2017-09-28,Delivered
5908,5774,2018-08-25,Delivered
5909,5775,2017-05-31,Delivered
5910,2154,2017-07-13,Delivered
5911,5776,2018-05-10,Delivered
5912,5777,2017-03-27,Delivered
5913,5778,2018-04-24,Delivered
5914,5779,2017-08-18,Delivered
5915,5780,2017-11-15,Canceled
5916,5781,2017-11-24,Delivered
5917,5782,2017-08-07,Delivered
5918,5783,2018-06-07,Delivered
5919,5784,2017-11-26,Delivered
5920,5785,2018-03-19,Delivered
5921,5786,2017-12-14,Delivered
5922,5787,2017-12-04,Delivered
5923,5788,2018-05-02,Delivered
5924,5789,2017-10-03,Delivered
5925,5790,2018-02-07,Delivered
5926,5791,2018-08-24,Delivered
5927,5792,2017-06-04,Delivered
5928,5793,2017-01-12,Delivered
5929,5794,2018-08-07,Delivered
5930,5795,2018-03-24,Delivered
5931,5796,2017-11-26,Delivered
5932,5797,2017-11-06,Created
5933,5798,2017-09-10,Delivered
5934,5799,2018-04-24,Delivered
5935,5800,2017-11-19,Delivered
5936,5801,2017-05-11,Delivered
5937,5802,2018-03-07,Delivered
5938,5803,2018-01-02,Delivered
5939,5804,2018-07-21,Delivered
5940,5805,2018-01-28,Delivered
5941,5806,2017-12-14,Delivered
5942,5807,2018-03-01,Delivered
5943,5808,2018-02-25,Delivered
5944,5809,2018-01-05,Delivered
5945,5810,2018-05-15,Delivered
5946,5811,2018-06-24,Delivered
5947,5812,2018-05-19,Delivered
5948,5813,2018-07-11,Invoiced
5949,5814,2017-10-01,Delivered
5950,5815,2017-10-14,Delivered
5951,5816,2017-09-07,Delivered
5952,5817,2018-06-17,Delivered
5953,5818,2018-05-15,Delivered
5954,5819,2017-08-15,Delivered
5955,5820,2018-03-02,Delivered
5956,5821,2017-12-08,Delivered
5957,5822,2018-03-29,Delivered
5958,5823,2017-04-05,Delivered
5959,5824,2017-02-06,Delivered
5960,5825,2017-07-18,Delivered
5961,5826,2018-05-26,Delivered
5962,5827,2018-04-12,Delivered
5963,5828,2018-03-03,Delivered
5964,5829,2017-07-15,Delivered
5965,5830,2017-09-21,Delivered
5966,5831,2017-10-18,Delivered
5967,5832,2017-07-28,Delivered
5968,4690,2018-04-10,Delivered
5969,5833,2017-10-06,Delivered
5970,5486,2018-07-09,Delivered
5971,5834,2018-04-25,Delivered
5972,3695,2017-05-10,Delivered
5973,5835,2018-08-09,Delivered
5974,5836,2018-01-06,Delivered
5975,5837,2018-05-06,Delivered
5976,5838,2018-02-09,Delivered
5977,5839,2017-06-12,Delivered
5978,5840,2017-01-11,Canceled
5979,5841,2017-11-03,Delivered
5980,5842,2018-08-02,Delivered
5981,5843,2018-03-29,Delivered
5982,5844,2018-04-19,Shipped
5983,5845,2017-11-30,Delivered
5984,5846,2017-12-17,Delivered
5985,5847,2018-06-23,Delivered
5986,5848,2017-03-16,Delivered
5987,5849,2018-06-01,Delivered
5988,5850,2018-03-01,Delivered
5989,5851,2018-05-04,Delivered
5990,5852,2017-12-04,Delivered
5991,5853,2017-03-01,Delivered
5992,5854,2018-07-15,Delivered
5993,5855,2017-06-16,Delivered
5994,5856,2017-07-16,Delivered
5995,5857,2018-01-12,Shipped
5996,5858,2018-03-21,Delivered
5997,5859,2017-12-05,Delivered
5998,5860,2017-07-12,Delivered
5999,5861,2017-05-31,Delivered
6000,5862,2017-12-14,Delivered
6001,5863,2017-12-09,Delivered
6002,5864,2017-11-01,Delivered
6003,5865,2018-08-23,Delivered
6004,5866,2018-01-10,Delivered
6005,5867,2018-03-26,Delivered
6006,5868,2017-10-30,Delivered
6007,5869,2018-05-18,Delivered
6008,5870,2018-06-20,Delivered
6009,5871,2017-11-10,Delivered
6010,5872,2017-11-15,Delivered
6011,5873,2018-04-10,Delivered
6012,5874,2018-04-13,Delivered
6013,5875,2017-06-25,Delivered
6014,5876,2017-08-17,Delivered
6015,5877,2018-02-21,Delivered
6016,5878,2017-05-07,Delivered
6017,5879,2017-05-31,Delivered
6018,5880,2018-06-20,Canceled
6019,3520,2017-10-19,Delivered
6020,5881,2018-04-16,Delivered
6021,5882,2018-01-13,Delivered
6022,5883,2018-08-14,Delivered
6023,5884,2018-04-10,Delivered
6024,5885,2018-08-12,Delivered
6025,5886,2017-09-13,Delivered
6026,5887,2018-05-13,Delivered
6027,5888,2017-08-28,Delivered
6028,5889,2017-11-26,Delivered
6029,5890,2018-08-14,Delivered
6030,1389,2018-07-06,Delivered
6031,5891,2017-07-07,Delivered
6032,5892,2018-06-05,Delivered
6033,5893,2017-10-18,Delivered
6034,5894,2017-11-20,Delivered
6035,5895,2017-12-12,Delivered
6036,5896,2018-06-06,Delivered
6037,5897,2017-06-07,Delivered
6038,5898,2018-02-13,Delivered
6039,5899,2017-06-01,Delivered
6040,5900,2018-08-08,Delivered
6041,5901,2018-04-23,Delivered
6042,5902,2018-08-07,Delivered
6043,5903,2018-04-02,Delivered
6044,5904,2018-08-07,Delivered
6045,5905,2018-04-11,Delivered
6046,5906,2018-08-12,Delivered
6047,5907,2018-03-05,Delivered
6048,5908,2017-11-27,Delivered
6049,5909,2017-05-16,Delivered
6050,5910,2017-06-14,Delivered
6051,5911,2018-05-06,Delivered
6052,5912,2018-06-05,Delivered
6053,5913,2018-07-28,Delivered
6054,5914,2017-03-20,Delivered
6055,5915,2018-07-27,Delivered
6056,5916,2017-07-25,Delivered
6057,5917,2017-10-01,Delivered
6058,5918,2018-01-10,Delivered
6059,5919,2017-12-17,Delivered
6060,5920,2018-06-03,Delivered
6061,5921,2018-07-01,Delivered
6062,5922,2018-03-08,Delivered
6063,5923,2018-04-22,Delivered
6064,5924,2018-06-15,Delivered
6065,5925,2017-07-05,Delivered
6066,5926,2018-06-27,Delivered
6067,5927,2017-10-24,Delivered
6068,5928,2017-10-13,Delivered
6069,5929,2018-05-30,Delivered
6070,5930,2018-07-24,Delivered
6071,5931,2017-04-22,Delivered
6072,5932,2018-02-26,Delivered
6073,5933,2017-08-31,Invoiced
6074,5934,2017-10-16,Delivered
6075,5935,2017-07-21,Delivered
6076,5936,2018-06-01,Delivered
6077,5937,2017-12-18,Delivered
6078,5938,2017-11-23,Delivered
6079,5939,2018-08-03,Delivered
6080,5940,2018-07-19,Shipped
6081,5941,2018-07-30,Delivered
6082,5942,2018-01-29,Delivered
6083,5943,2018-04-02,Delivered
6084,5944,2017-09-18,Delivered
6085,5945,2017-06-24,Delivered
6086,5946,2017-12-07,Delivered
6087,5947,2018-05-18,Delivered
6088,5948,2017-06-26,Delivered
6089,5949,2018-05-09,Delivered
6090,5950,2018-03-12,Delivered
6091,5951,2018-08-15,Shipped
6092,5952,2018-03-01,Delivered
6093,5953,2018-08-04,Delivered
6094,5954,2018-08-13,Delivered
6095,5955,2017-08-01,Delivered
6096,5956,2018-01-26,Delivered
6097,5957,2018-08-06,Delivered
6098,5958,2018-07-03,Delivered
6099,5959,2018-04-24,Delivered
6100,5960,2017-11-14,Delivered
6101,5961,2018-06-27,Delivered
6102,5962,2017-12-18,Delivered
6103,5963,2018-02-11,Delivered
6104,5964,2018-01-24,Delivered
6105,5965,2018-06-01,Delivered
6106,5966,2018-03-19,Delivered
6107,5967,2017-06-11,Delivered
6108,5968,2018-07-20,Delivered
6109,5969,2017-09-02,Delivered
6110,5970,2018-05-08,Delivered
6111,5971,2017-09-18,Delivered
6112,5972,2018-07-16,Delivered
6113,5973,2017-07-24,Canceled
6114,5974,2018-04-20,Delivered
6115,5975,2017-05-16,Delivered
6116,5976,2018-06-05,Delivered
6117,254,2017-08-28,Delivered
6118,5977,2018-01-08,Delivered
6119,5978,2018-01-24,Delivered
6120,5979,2018-08-11,Delivered
6121,5980,2018-04-25,Delivered
6122,5981,2018-02-25,Delivered
6123,5982,2018-06-08,Delivered
6124,5983,2017-12-05,Delivered
6125,5984,2018-08-22,Delivered
6126,5985,2017-07-25,Delivered
6127,5986,2017-05-02,Delivered
6128,5987,2018-04-01,Delivered
6129,5988,2018-05-04,Delivered
6130,5989,2018-02-27,Delivered
6131,5990,2017-09-04,Delivered
6132,5991,2017-01-29,Delivered
6133,5992,2018-04-24,Delivered
6134,5993,2017-12-31,Delivered
6135,5994,2017-02-13,Delivered
6136,5995,2017-08-27,Delivered
6137,5996,2018-03-04,Delivered
6138,5997,2018-05-02,Shipped
6139,5998,2017-05-25,Delivered
6140,5999,2017-09-26,Delivered
6141,6000,2017-11-24,Delivered
6142,6001,2018-06-09,Delivered
6143,6002,2018-01-18,Delivered
6144,6003,2017-07-28,Delivered
6145,6004,2017-12-29,Delivered
6146,6005,2017-03-11,Delivered
6147,6006,2017-12-17,Delivered
6148,6007,2017-11-28,Delivered
6149,6008,2018-02-12,Delivered
6150,6009,2017-10-26,Delivered
6151,6010,2018-03-15,Delivered
6152,6011,2017-09-14,Delivered
6153,6012,2018-05-09,Delivered
6154,6013,2017-12-17,Delivered
6155,6014,2018-05-09,Delivered
6156,6015,2017-06-15,Delivered
6157,6016,2018-05-15,Delivered
6158,6017,2018-04-18,Delivered
6159,6018,2017-04-25,Delivered
6160,6019,2017-07-19,Delivered
6161,6020,2017-05-14,Delivered
6162,6021,2018-02-09,Delivered
6163,6022,2017-05-23,Delivered
6164,6023,2017-04-20,Delivered
6165,6024,2017-10-14,Delivered
6166,6025,2017-09-11,Delivered
6167,6026,2017-10-10,Delivered
6168,6027,2017-07-21,Delivered
6169,6028,2018-01-19,Delivered
6170,6029,2018-06-07,Delivered
6171,6030,2017-04-25,Delivered
6172,6031,2018-02-18,Delivered
6173,6032,2017-10-17,Delivered
6174,6033,2017-03-24,Delivered
6175,6034,2017-11-06,Delivered
6176,6035,2018-03-10,Delivered
6177,6036,2018-07-29,Delivered
6178,6037,2017-08-28,Delivered
6179,6038,2017-08-28,Delivered
6180,6039,2017-04-06,Delivered
6181,6040,2017-06-03,Delivered
6182,6041,2017-12-13,Delivered
6183,6042,2017-03-20,Delivered
6184,6043,2017-11-22,Delivered
6185,6044,2017-12-11,Delivered
6186,6045,2017-09-07,Delivered
6187,6046,2018-07-10,Delivered
6188,6047,2017-06-08,Delivered
6189,6048,2017-08-06,Delivered
6190,6049,2017-07-19,Delivered
6191,6050,2017-04-14,Delivered
6192,6051,2018-07-24,Delivered
6193,6052,2017-11-07,Delivered
6194,6053,2017-11-06,Processing
6195,6054,2018-06-04,Delivered
6196,6055,2018-03-07,Delivered
6197,5276,2018-06-03,Delivered
6198,6056,2017-02-17,Delivered
6199,6057,2018-03-14,Delivered
6200,6058,2018-07-02,Delivered
6201,6059,2018-05-10,Delivered
6202,6060,2018-03-08,Delivered
6203,6061,2017-11-26,Canceled
6204,6062,2018-08-01,Delivered
6205,6063,2017-08-03,Delivered
6206,6064,2017-12-06,Delivered
6207,6065,2017-07-21,Delivered
6208,6066,2017-07-27,Delivered
6209,6067,2017-07-05,Delivered
6210,6068,2018-08-22,Delivered
6211,6069,2017-05-31,Delivered
6212,6070,2018-03-30,Delivered
6213,6071,2017-11-24,Delivered
6214,6072,2017-08-24,Delivered
6215,6073,2018-01-16,Delivered
6216,6074,2018-04-11,Delivered
6217,6075,2017-11-28,Delivered
6218,6076,2018-02-06,Delivered
6219,6077,2017-10-23,Delivered
6220,6078,2017-06-02,Delivered
6221,6079,2018-05-01,Delivered
6222,6080,2017-05-21,Delivered
6223,6081,2017-03-09,Shipped
6224,6082,2017-11-23,Delivered
6225,6083,2018-02-22,Delivered
6226,6084,2018-03-23,Delivered
6227,6085,2017-03-31,Delivered
6228,6086,2018-05-09,Delivered
6229,6087,2017-11-25,Delivered
6230,6088,2017-09-11,Delivered
6231,6089,2017-08-08,Delivered
6232,6090,2017-04-19,Delivered
6233,6091,2018-05-24,Delivered
6234,6092,2017-12-07,Delivered
6235,6093,2017-11-16,Delivered
6236,6094,2018-01-10,Delivered
6237,6095,2018-06-25,Delivered
6238,6096,2018-03-13,Delivered
6239,6097,2018-06-21,Delivered
6240,6098,2017-09-24,Delivered
6241,6099,2018-01-16,Delivered
6242,6100,2018-01-12,Delivered
6243,6101,2018-01-14,Delivered
6244,6102,2018-04-06,Delivered
6245,6103,2018-07-18,Delivered
6246,6104,2017-09-12,Invoiced
6247,6105,2018-01-24,Delivered
6248,6106,2018-02-03,Delivered
6249,6107,2018-03-18,Shipped
6250,6108,2017-05-10,Delivered
6251,6109,2018-07-01,Delivered
6252,6110,2017-05-29,Delivered
6253,6111,2017-03-23,Delivered
6254,6112,2018-08-09,Delivered
6255,6113,2017-10-18,Delivered
6256,6114,2017-12-11,Shipped
6257,6115,2018-02-08,Delivered
6258,6116,2017-07-17,Delivered
6259,6117,2017-11-13,Delivered
6260,5446,2017-09-01,Delivered
6261,6118,2017-12-12,Delivered
6262,6119,2017-11-20,Delivered
6263,4955,2017-09-16,Delivered
6264,6120,2018-01-15,Delivered
6265,6121,2018-01-01,Delivered
6266,6122,2018-08-22,Delivered
6267,6123,2017-06-23,Delivered
6268,6124,2018-03-11,Delivered
6269,6125,2017-09-20,Delivered
6270,6126,2018-08-10,Unavailable
6271,6127,2018-02-15,Delivered
6272,6128,2017-04-06,Delivered
6273,6129,2018-01-10,Delivered
6274,6130,2017-12-18,Shipped
6275,6131,2018-03-31,Delivered
6276,6132,2017-12-28,Delivered
6277,6133,2017-08-30,Delivered
6278,6134,2018-02-24,Delivered
6279,6135,2017-12-05,Delivered
6280,6136,2018-04-28,Delivered
6281,6137,2017-12-09,Delivered
6282,6138,2018-02-19,Delivered
6283,6139,2017-07-01,Delivered
6284,6140,2017-11-12,Delivered
6285,6141,2017-12-23,Delivered
6286,6142,2017-06-25,Delivered
6287,6143,2017-10-27,Delivered
6288,6144,2018-06-10,Delivered
6289,6145,2018-01-08,Delivered
6290,6146,2017-12-13,Delivered
6291,6147,2017-12-01,Delivered
6292,6148,2018-02-26,Delivered
6293,6149,2018-02-18,Delivered
6294,6150,2017-05-09,Delivered
6295,6151,2017-05-29,Delivered
6296,1861,2018-05-11,Delivered
6297,6152,2018-02-14,Delivered
6298,6153,2017-05-11,Delivered
6299,6154,2018-08-06,Delivered
6300,6155,2017-04-26,Delivered
6301,6156,2017-12-27,Delivered
6302,6157,2018-05-27,Delivered
6303,6158,2017-05-25,Delivered
6304,6159,2017-05-10,Delivered
6305,6160,2018-03-21,Delivered
6306,6161,2018-05-18,Delivered
6307,235,2018-01-02,Delivered
6308,6162,2018-02-22,Delivered
6309,6163,2018-08-07,Invoiced
6310,6164,2017-07-11,Delivered
6311,6165,2017-09-12,Delivered
6312,6166,2017-03-07,Delivered
6313,6167,2017-08-03,Delivered
6314,6168,2018-07-07,Delivered
6315,6169,2018-03-09,Delivered
6316,6170,2018-08-14,Delivered
6317,6171,2018-05-23,Delivered
6318,6172,2017-06-08,Delivered
6319,6173,2018-07-18,Delivered
6320,6174,2018-03-19,Delivered
6321,6175,2018-01-08,Delivered
6322,6176,2018-02-19,Delivered
6323,6177,2017-12-13,Delivered
6324,6178,2017-12-06,Delivered
6325,6179,2017-06-12,Delivered
6326,6020,2017-05-16,Delivered
6327,6180,2018-04-02,Delivered
6328,6181,2017-10-02,Delivered
6329,6182,2017-04-22,Delivered
6330,6183,2018-01-28,Unavailable
6331,6184,2018-05-21,Delivered
6332,3089,2017-11-20,Delivered
6333,6185,2018-07-23,Delivered
6334,6186,2018-08-04,Shipped
6335,6187,2018-01-21,Delivered
6336,6188,2017-10-26,Delivered
6337,6189,2018-03-05,Delivered
6338,6190,2017-07-12,Delivered
6339,6191,2018-06-19,Delivered
6340,6192,2017-09-28,Delivered
6341,6193,2017-07-14,Delivered
6342,6194,2017-11-15,Delivered
6343,6195,2018-03-11,Delivered
6344,6196,2018-08-07,Delivered
6345,6197,2017-09-18,Delivered
6346,6198,2017-11-01,Delivered
6347,6199,2018-06-28,Delivered
6348,6200,2017-03-03,Delivered
6349,6201,2018-07-18,Delivered
6350,6202,2017-10-29,Delivered
6351,6203,2018-06-24,Delivered
6352,6204,2017-12-03,Delivered
6353,6205,2017-09-07,Delivered
6354,6206,2018-05-02,Delivered
6355,6207,2017-10-31,Delivered
6356,6208,2017-12-28,Delivered
6357,6209,2018-05-17,Unavailable
6358,6210,2018-08-10,Delivered
6359,6211,2018-02-10,Delivered
6360,6212,2018-04-02,Delivered
6361,6213,2018-06-11,Delivered
6362,6214,2018-04-13,Delivered
6363,6215,2017-07-21,Delivered
6364,6216,2018-02-25,Delivered
6365,6217,2017-03-13,Delivered
6366,6218,2018-04-07,Delivered
6367,6219,2017-08-16,Delivered
6368,6220,2018-08-04,Delivered
6369,6221,2018-06-04,Delivered
6370,6222,2017-08-04,Delivered
6371,6223,2017-07-07,Delivered
6372,6224,2018-04-16,Delivered
6373,6225,2017-08-15,Delivered
6374,5586,2018-01-23,Delivered
6375,6226,2018-08-05,Delivered
6376,6227,2018-02-09,Delivered
6377,6228,2018-03-30,Delivered
6378,6229,2018-04-22,Delivered
6379,6230,2018-07-13,Delivered
6380,6231,2018-02-03,Delivered
6381,6232,2017-11-24,Delivered
6382,6233,2017-04-26,Delivered
6383,6234,2017-09-12,Delivered
6384,6235,2017-05-03,Delivered
6385,6236,2017-06-26,Delivered
6386,6237,2017-06-18,Delivered
6387,6238,2018-05-13,Delivered
6388,6239,2018-08-12,Delivered
6389,6240,2018-01-24,Delivered
6390,6241,2017-12-10,Delivered
6391,6242,2018-07-01,Delivered
6392,6243,2018-05-15,Delivered
6393,6244,2017-04-17,Delivered
6394,6245,2018-03-28,Delivered
6395,6246,2017-03-11,Delivered
6396,6247,2018-05-01,Delivered
6397,5481,2017-03-22,Delivered
6398,2457,2017-11-16,Delivered
6399,6248,2017-06-19,Delivered
6400,6249,2017-05-20,Delivered
6401,6250,2018-05-18,Delivered
6402,6251,2017-06-12,Delivered
6403,6252,2018-07-08,Delivered
6404,6253,2017-05-14,Delivered
6405,6254,2017-06-01,Delivered
6406,6255,2018-01-11,Delivered
6407,6256,2017-12-05,Delivered
6408,1237,2017-10-29,Delivered
6409,6257,2017-10-02,Delivered
6410,6258,2018-08-09,Delivered
6411,6259,2017-07-26,Shipped
6412,6260,2018-02-07,Delivered
6413,6261,2017-07-04,Delivered
6414,6262,2017-12-19,Delivered
6415,5035,2017-10-16,Invoiced
6416,6263,2017-12-10,Unavailable
6417,6264,2018-03-19,Delivered
6418,6265,2017-04-07,Delivered
6419,6266,2018-04-16,Delivered
6420,6267,2018-05-21,Delivered
6421,6268,2018-02-02,Delivered
6422,6269,2018-03-31,Delivered
6423,6270,2017-07-14,Delivered
6424,6271,2017-07-25,Delivered
6425,6272,2017-06-27,Delivered
6426,4372,2018-02-02,Delivered
6427,6273,2018-07-20,Delivered
6428,6274,2018-06-18,Delivered
6429,6275,2018-01-09,Delivered
6430,6276,2017-02-07,Delivered
6431,6277,2018-06-15,Delivered
6432,6278,2017-08-15,Delivered
6433,6279,2017-08-15,Delivered
6434,6280,2018-06-01,Delivered
6435,6281,2017-10-14,Delivered
6436,6282,2018-02-06,Delivered
6437,576,2018-02-24,Delivered
6438,6283,2017-06-09,Delivered
6439,6284,2018-04-30,Delivered
6440,6285,2018-06-30,Delivered
6441,6286,2018-05-08,Delivered
6442,6287,2018-08-04,Delivered
6443,6288,2017-08-23,Delivered
6444,6289,2017-11-24,Delivered
6445,6290,2018-05-15,Delivered
6446,6291,2017-11-24,Delivered
6447,6292,2018-07-27,Delivered
6448,6293,2018-05-14,Delivered
6449,6294,2018-07-12,Delivered
6450,6295,2017-07-13,Delivered
6451,6296,2017-05-08,Delivered
6452,6297,2017-12-02,Delivered
6453,988,2018-08-14,Delivered
6454,6298,2018-02-19,Delivered
6455,6299,2018-03-14,Delivered
6456,4328,2018-01-19,Delivered
6457,6300,2017-12-11,Delivered
6458,6301,2017-08-27,Delivered
6459,6302,2018-02-13,Delivered
6460,6303,2018-07-24,Delivered
6461,6304,2018-08-15,Delivered
6462,6305,2017-12-21,Delivered
6463,6306,2018-01-16,Delivered
6464,6307,2017-04-10,Delivered
6465,6308,2017-09-04,Delivered
6466,5075,2017-07-18,Delivered
6467,6309,2018-07-10,Delivered
6468,6310,2017-10-24,Delivered
6469,6311,2017-07-05,Delivered
6470,6312,2017-11-17,Delivered
6471,6313,2018-04-04,Delivered
6472,6314,2017-04-23,Delivered
6473,6315,2018-04-26,Delivered
6474,4705,2017-06-12,Delivered
6475,6316,2017-08-17,Delivered
6476,6317,2018-05-15,Delivered
6477,711,2017-08-09,Delivered
6478,6318,2018-08-22,Delivered
6479,6319,2018-07-16,Delivered
6480,6320,2018-03-07,Delivered
6481,6321,2018-01-18,Delivered
6482,6322,2018-03-15,Delivered
6483,6323,2018-02-07,Delivered
6484,1264,2017-09-14,Delivered
6485,6324,2017-07-22,Delivered
6486,6325,2018-05-03,Delivered
6487,6326,2018-05-11,Delivered
6488,6327,2018-01-10,Delivered
6489,6328,2018-08-10,Delivered
6490,6329,2017-12-26,Delivered
6491,6330,2017-06-14,Delivered
6492,6331,2017-09-23,Delivered
6493,6332,2017-11-29,Delivered
6494,6333,2017-10-21,Delivered
6495,6334,2018-05-22,Delivered
6496,6335,2018-03-21,Delivered
6497,6336,2018-02-28,Delivered
6498,6337,2017-09-05,Delivered
6499,6338,2018-02-09,Delivered
6500,6339,2018-01-28,Delivered
6501,6340,2018-04-09,Delivered
6502,6341,2018-03-23,Delivered
6503,6342,2018-08-19,Delivered
6504,6343,2018-03-20,Delivered
6505,6344,2017-10-12,Delivered
6506,6345,2017-11-13,Delivered
6507,6346,2017-07-12,Delivered
6508,6347,2018-01-16,Delivered
6509,6348,2018-04-01,Delivered
6510,6349,2017-03-11,Delivered
6511,6350,2018-05-16,Delivered
6512,6351,2018-04-03,Delivered
6513,6352,2018-01-10,Delivered
6514,6353,2017-11-14,Delivered
6515,6354,2017-06-27,Delivered
6516,6355,2018-02-03,Delivered
6517,6356,2018-03-22,Shipped
6518,6357,2018-08-06,Delivered
6519,6358,2018-08-22,Delivered
6520,6359,2017-11-25,Delivered
6521,6360,2017-11-27,Delivered
6522,6361,2018-08-01,Delivered
6523,6362,2018-05-18,Delivered
6524,6363,2017-10-09,Delivered
6525,6364,2018-03-25,Delivered
6526,6365,2018-03-29,Delivered
6527,6366,2018-01-19,Delivered
6528,6367,2018-07-29,Delivered
6529,6368,2017-07-26,Delivered
6530,6369,2017-04-11,Delivered
6531,6370,2018-06-10,Delivered
6532,6371,2017-10-17,Delivered
6533,6372,2018-08-24,Delivered
6534,6373,2018-01-15,Delivered
6535,6374,2018-05-07,Delivered
6536,6375,2018-07-25,Delivered
6537,6376,2018-04-22,Delivered
6538,6377,2018-06-17,Delivered
6539,6378,2018-08-21,Delivered
6540,6379,2018-01-22,Delivered
6541,6380,2017-04-28,Delivered
6542,6381,2018-05-09,Delivered
6543,6382,2017-10-31,Delivered
6544,6383,2018-07-19,Delivered
6545,720,2018-04-27,Delivered
6546,6384,2018-07-13,Delivered
6547,6385,2017-09-27,Delivered
6548,6386,2017-08-01,Delivered
6549,6387,2018-03-03,Delivered
6550,6388,2018-03-27,Delivered
6551,6389,2018-06-18,Delivered
6552,1964,2018-05-19,Delivered
6553,6390,2017-10-24,Delivered
6554,6391,2017-10-08,Delivered
6555,6392,2018-04-14,Delivered
6556,6393,2018-06-07,Delivered
6557,6394,2017-12-27,Delivered
6558,6395,2017-07-02,Delivered
6559,6396,2017-07-18,Delivered
6560,6397,2017-10-04,Delivered
6561,6398,2017-07-14,Delivered
6562,6399,2018-07-31,Delivered
6563,6400,2017-12-25,Delivered
6564,400,2018-02-22,Delivered
6565,6401,2017-06-15,Delivered
6566,6402,2018-04-03,Delivered
6567,6403,2017-08-05,Delivered
6568,6404,2018-01-29,Delivered
6569,6405,2018-07-16,Delivered
6570,6406,2017-05-18,Delivered
6571,6407,2017-11-05,Delivered
6572,6408,2017-12-01,Delivered
6573,6409,2018-08-14,Delivered
6574,198,2018-03-17,Delivered
6575,6410,2018-08-05,Canceled
6576,6411,2017-11-07,Delivered
6577,6412,2017-04-04,Delivered
6578,6413,2018-06-13,Delivered
6579,6414,2017-04-09,Delivered
6580,6415,2018-05-15,Delivered
6581,6416,2018-08-10,Delivered
6582,6417,2018-05-03,Delivered
6583,6418,2018-04-10,Delivered
6584,6419,2017-10-18,Delivered
6585,6420,2017-11-04,Delivered
6586,1034,2017-05-03,Delivered
6587,6421,2017-08-14,Delivered
6588,6422,2017-07-02,Delivered
6589,6423,2018-05-11,Delivered
6590,6424,2018-05-16,Delivered
6591,6425,2018-05-10,Delivered
6592,6426,2018-04-01,Delivered
6593,2927,2018-05-12,Delivered
6594,6427,2017-06-02,Delivered
6595,6428,2018-08-03,Delivered
6596,6429,2018-07-13,Delivered
6597,6430,2017-04-20,Delivered
6598,6431,2018-08-22,Delivered
6599,6432,2018-06-14,Delivered
6600,6433,2018-07-13,Delivered
6601,6434,2018-04-11,Delivered
6602,6435,2017-02-17,Delivered
6603,6436,2017-05-17,Delivered
6604,6437,2017-11-24,Delivered
6605,6438,2018-03-11,Delivered
6606,6439,2018-05-07,Delivered
6607,6440,2017-05-24,Delivered
6608,6441,2018-01-07,Delivered
6609,6442,2018-01-25,Delivered
6610,6443,2018-08-03,Delivered
6611,6444,2018-03-02,Delivered
6612,6445,2017-12-31,Delivered
6613,6446,2018-05-06,Delivered
6614,6447,2017-11-28,Delivered
6615,6448,2017-11-11,Delivered
6616,6449,2018-07-31,Delivered
6617,6450,2018-01-12,Delivered
6618,6451,2018-04-10,Delivered
6619,6452,2017-04-07,Delivered
6620,6453,2017-07-16,Delivered
6621,6454,2017-11-25,Delivered
6622,6455,2017-09-21,Delivered
6623,6456,2017-12-03,Delivered
6624,6457,2018-08-20,Delivered
6625,6458,2018-05-08,Delivered
6626,6459,2017-09-19,Delivered
6627,6460,2018-02-20,Delivered
6628,6461,2017-08-29,Delivered
6629,6462,2017-07-06,Delivered
6630,6463,2017-08-26,Delivered
6631,6464,2017-06-01,Delivered
6632,6465,2017-11-04,Delivered
6633,6466,2018-03-22,Delivered
6634,6467,2017-10-04,Delivered
6635,6468,2018-01-15,Delivered
6636,6469,2018-03-27,Delivered
6637,6470,2017-11-26,Delivered
6638,6471,2018-08-12,Delivered
6639,6472,2018-05-21,Delivered
6640,6473,2018-02-06,Delivered
6641,6474,2018-06-26,Delivered
6642,6475,2018-04-18,Delivered
6643,6476,2018-03-24,Delivered
6644,1185,2018-07-22,Delivered
6645,6477,2018-05-14,Delivered
6646,6478,2018-05-20,Delivered
6647,6479,2017-11-24,Delivered
6648,6480,2018-06-21,Delivered
6649,6481,2017-03-23,Unavailable
6650,6482,2017-11-25,Delivered
6651,6483,2017-08-08,Delivered
6652,6484,2017-05-31,Delivered
6653,6485,2018-02-17,Delivered
6654,6486,2017-07-02,Delivered
6655,6487,2017-06-11,Delivered
6656,6488,2017-08-31,Shipped
6657,6489,2018-03-12,Delivered
6658,6490,2018-06-14,Delivered
6659,3059,2017-07-26,Delivered
6660,6491,2017-12-28,Delivered
6661,6492,2018-03-19,Delivered
6662,6493,2017-12-27,Delivered
6663,6494,2018-01-16,Delivered
6664,6495,2017-03-02,Delivered
6665,6496,2017-11-30,Delivered
6666,6497,2017-08-04,Delivered
6667,2838,2017-12-11,Delivered
6668,6498,2017-06-07,Delivered
6669,6499,2018-05-02,Delivered
6670,1591,2018-06-12,Delivered
6671,6500,2018-08-12,Delivered
6672,6501,2018-03-22,Delivered
6673,6502,2017-05-31,Delivered
6674,6503,2018-01-08,Delivered
6675,6504,2017-08-13,Delivered
6676,6505,2018-07-04,Delivered
6677,6506,2018-05-07,Delivered
6678,6507,2018-08-03,Delivered
6679,6508,2017-08-22,Delivered
6680,6509,2018-07-21,Delivered
6681,6510,2018-07-21,Delivered
6682,6511,2018-03-04,Delivered
6683,6512,2018-05-16,Delivered
6684,6513,2018-05-14,Delivered
6685,6514,2018-07-18,Delivered
6686,6515,2018-05-04,Delivered
6687,6516,2018-07-03,Delivered
6688,6517,2018-03-26,Shipped
6689,6518,2017-04-26,Delivered
6690,6519,2017-12-28,Delivered
6691,6520,2017-07-21,Delivered
6692,6521,2018-05-25,Delivered
6693,6522,2017-11-23,Delivered
6694,6523,2018-04-09,Delivered
6695,6524,2017-03-04,Delivered
6696,6525,2018-06-29,Delivered
6697,6526,2018-06-19,Delivered
6698,6527,2018-07-19,Delivered
6699,6528,2018-06-08,Delivered
6700,6529,2018-05-05,Delivered
6701,6530,2017-07-04,Delivered
6702,6531,2017-12-24,Delivered
6703,6532,2017-08-19,Delivered
6704,6533,2018-08-12,Delivered
6705,6534,2017-12-11,Delivered
6706,6535,2018-06-15,Delivered
6707,6536,2018-04-15,Delivered
6708,6537,2017-05-07,Delivered
6709,6538,2018-01-31,Delivered
6710,6539,2017-07-07,Delivered
6711,6540,2017-09-06,Delivered
6712,6541,2018-08-11,Delivered
6713,6542,2018-01-23,Delivered
6714,6543,2018-05-21,Delivered
6715,6248,2018-06-01,Delivered
6716,6544,2018-03-02,Delivered
6717,6545,2018-07-15,Delivered
6718,6546,2018-08-11,Delivered
6719,6547,2018-04-24,Delivered
6720,6548,2018-03-04,Delivered
6721,6549,2017-02-18,Delivered
6722,6550,2017-08-23,Delivered
6723,6551,2017-10-22,Delivered
6724,6552,2017-05-16,Delivered
6725,6553,2017-10-17,Shipped
6726,6554,2018-03-03,Delivered
6727,6555,2017-10-17,Unavailable
6728,6556,2018-05-07,Delivered
6729,6557,2018-08-12,Delivered
6730,6558,2018-03-05,Delivered
6731,6559,2018-04-30,Delivered
6732,6560,2018-02-22,Delivered
6733,6561,2017-11-13,Delivered
6734,6562,2018-05-17,Delivered
6735,6563,2018-08-25,Delivered
6736,6564,2017-11-24,Delivered
6737,6565,2017-01-30,Delivered
6738,6566,2017-11-07,Delivered
6739,6567,2018-03-12,Delivered
6740,6568,2018-02-26,Delivered
6741,6569,2017-03-10,Delivered
6742,6570,2017-10-02,Delivered
6743,6571,2017-07-28,Delivered
6744,6572,2018-05-07,Delivered
6745,6573,2018-07-29,Delivered
6746,6574,2018-02-02,Delivered
6747,6575,2018-02-28,Delivered
6748,6576,2018-08-19,Delivered
6749,6577,2018-03-24,Delivered
6750,6578,2018-02-20,Delivered
6751,6579,2017-10-24,Delivered
6752,6580,2018-04-01,Delivered
6753,6581,2017-03-05,Delivered
6754,6582,2017-11-27,Delivered
6755,6583,2017-11-08,Delivered
6756,6584,2017-10-13,Delivered
6757,6585,2018-06-10,Delivered
6758,6586,2018-05-24,Delivered
6759,6587,2017-09-16,Delivered
6760,6588,2017-06-17,Delivered
6761,6589,2017-04-07,Delivered
6762,6590,2018-03-13,Delivered
6763,6591,2018-02-11,Delivered
6764,6592,2017-11-18,Delivered
6765,6593,2018-07-20,Delivered
6766,6594,2018-06-30,Delivered
6767,6595,2018-02-18,Delivered
6768,6596,2017-10-30,Delivered
6769,6597,2017-08-05,Delivered
6770,6598,2018-01-12,Delivered
6771,6599,2017-08-13,Unavailable
6772,6600,2017-01-21,Delivered
6773,6601,2018-06-10,Delivered
6774,6602,2017-04-07,Delivered
6775,6603,2017-05-07,Delivered
6776,6604,2017-08-05,Delivered
6777,6605,2018-04-30,Delivered
6778,6606,2017-08-02,Delivered
6779,6607,2017-12-05,Delivered
6780,6608,2018-05-16,Delivered
6781,6609,2018-06-26,Delivered
6782,810,2018-02-07,Delivered
6783,6610,2017-03-29,Delivered
6784,6611,2017-09-21,Delivered
6785,6612,2017-11-22,Shipped
6786,6613,2018-03-24,Delivered
6787,6614,2017-10-12,Delivered
6788,6615,2018-02-28,Delivered
6789,6616,2017-10-30,Delivered
6790,6617,2017-07-04,Delivered
6791,6618,2017-11-28,Delivered
6792,6619,2017-12-02,Delivered
6793,6620,2018-04-27,Delivered
6794,6621,2017-10-08,Delivered
6795,6622,2018-05-14,Delivered
6796,6623,2018-02-07,Delivered
6797,6624,2018-01-05,Delivered
6798,6625,2018-06-07,Delivered
6799,6626,2018-05-21,Delivered
6800,6627,2017-08-15,Delivered
6801,6628,2017-03-12,Delivered
6802,6629,2018-08-02,Delivered
6803,6630,2017-03-09,Delivered
6804,6631,2018-01-28,Delivered
6805,6632,2018-07-07,Delivered
6806,6633,2017-12-24,Delivered
6807,6634,2017-12-20,Delivered
6808,6635,2017-07-21,Delivered
6809,6636,2018-08-23,Delivered
6810,6637,2017-04-24,Delivered
6811,6638,2018-06-22,Delivered
6812,6639,2017-10-25,Delivered
6813,5737,2017-09-27,Delivered
6814,6640,2017-09-06,Delivered
6815,6641,2018-04-02,Delivered
6816,6642,2017-06-08,Delivered
6817,6643,2017-04-25,Delivered
6818,6644,2018-01-22,Delivered
6819,6645,2017-12-04,Delivered
6820,6646,2017-03-10,Delivered
6821,6647,2017-07-02,Delivered
6822,6648,2017-10-13,Delivered
6823,6649,2018-06-25,Delivered
6824,6650,2018-06-08,Delivered
6825,6651,2018-06-11,Delivered
6826,6652,2018-06-24,Canceled
6827,6653,2018-01-23,Delivered
6828,6654,2018-03-16,Delivered
6829,6655,2017-11-14,Delivered
6830,6656,2017-09-28,Delivered
6831,6657,2018-08-12,Delivered
6832,6658,2017-10-31,Delivered
6833,6659,2018-01-25,Delivered
6834,6660,2018-07-31,Delivered
6835,6661,2018-01-29,Delivered
6836,6662,2018-06-15,Delivered
6837,6663,2018-02-26,Delivered
6838,6664,2017-11-06,Delivered
6839,6665,2017-08-29,Delivered
6840,6666,2017-11-27,Delivered
6841,6667,2018-06-15,Delivered
6842,6668,2018-02-14,Delivered
6843,1889,2018-06-02,Delivered
6844,6669,2017-11-08,Delivered
6845,6670,2018-05-10,Delivered
6846,6671,2018-05-13,Delivered
6847,6672,2017-11-28,Delivered
6848,6673,2018-06-01,Delivered
6849,1470,2017-08-18,Delivered
6850,6674,2017-08-01,Delivered
6851,6675,2018-07-22,Delivered
6852,6676,2017-04-27,Delivered
6853,6677,2018-02-15,Delivered
6854,6678,2017-03-27,Delivered
6855,6679,2018-05-10,Delivered
6856,6680,2017-11-23,Delivered
6857,6681,2018-08-17,Delivered
6858,6682,2018-02-04,Shipped
6859,6683,2018-04-07,Delivered
6860,6684,2018-03-01,Delivered
6861,6685,2018-05-01,Delivered
6862,6686,2018-02-24,Delivered
6863,6687,2018-04-11,Delivered
6864,6688,2018-03-01,Delivered
6865,6689,2018-02-20,Delivered
6866,6690,2017-12-01,Delivered
6867,6691,2018-01-24,Delivered
6868,6692,2018-01-24,Delivered
6869,6693,2018-07-20,Delivered
6870,6694,2018-06-01,Delivered
6871,6695,2018-02-16,Delivered
6872,6696,2018-02-08,Delivered
6873,6697,2017-05-28,Delivered
6874,6698,2017-11-26,Delivered
6875,6699,2018-06-08,Delivered
6876,6700,2018-01-24,Delivered
6877,6701,2017-06-04,Delivered
6878,6702,2018-04-27,Delivered
6879,6703,2018-06-11,Delivered
6880,6704,2017-10-11,Delivered
6881,3069,2018-03-05,Delivered
6882,6705,2017-04-03,Delivered
6883,6706,2017-08-18,Delivered
6884,6707,2018-01-22,Delivered
6885,6708,2018-03-21,Delivered
6886,6709,2018-07-26,Delivered
6887,6710,2017-11-25,Delivered
6888,6711,2017-09-27,Delivered
6889,6712,2018-01-25,Delivered
6890,6713,2018-01-25,Delivered
6891,6714,2017-12-04,Delivered
6892,6715,2017-08-14,Delivered
6893,6716,2017-05-28,Delivered
6894,6717,2017-10-31,Delivered
6895,6718,2018-02-04,Delivered
6896,6719,2018-02-07,Delivered
6897,6720,2018-08-19,Delivered
6898,6721,2017-06-17,Delivered
6899,6722,2018-05-07,Delivered
6900,6723,2017-03-06,Delivered
6901,6724,2017-07-28,Delivered
6902,6725,2017-07-11,Delivered
6903,6726,2017-12-19,Delivered
6904,6727,2017-12-18,Delivered
6905,6728,2018-04-25,Delivered
6906,6729,2017-05-25,Delivered
6907,6730,2017-11-19,Delivered
6908,6731,2018-02-15,Delivered
6909,6732,2018-01-25,Delivered
6910,6733,2017-10-17,Delivered
6911,6734,2017-09-01,Delivered
6912,6735,2017-08-07,Delivered
6913,6736,2017-08-20,Delivered
6914,6737,2017-04-22,Delivered
6915,6738,2018-04-23,Delivered
6916,6739,2017-04-03,Delivered
6917,1627,2017-05-14,Delivered
6918,6740,2017-12-25,Delivered
6919,6741,2017-09-02,Delivered
6920,6742,2017-10-20,Delivered
6921,6743,2017-10-19,Unavailable
6922,6744,2017-06-09,Delivered
6923,6745,2017-02-26,Delivered
6924,6746,2018-02-11,Delivered
6925,6747,2018-01-06,Delivered
6926,6748,2018-02-27,Delivered
6927,6749,2018-08-04,Delivered
6928,6750,2018-03-01,Delivered
6929,6751,2017-07-01,Delivered
6930,6752,2018-06-02,Delivered
6931,6753,2017-05-09,Delivered
6932,6754,2017-04-04,Delivered
6933,6755,2017-09-27,Delivered
6934,6756,2018-02-27,Delivered
6935,6757,2017-05-19,Delivered
6936,6758,2017-03-09,Delivered
6937,6759,2018-01-21,Delivered
6938,6760,2017-06-22,Delivered
6939,6761,2017-09-18,Shipped
6940,1672,2018-07-31,Delivered
6941,6762,2017-07-19,Delivered
6942,6763,2017-07-07,Delivered
6943,6764,2018-02-21,Delivered
6944,6765,2018-04-13,Delivered
6945,6766,2017-12-20,Delivered
6946,6767,2018-05-12,Delivered
6947,6768,2017-12-17,Delivered
6948,6769,2018-06-11,Delivered
6949,6770,2018-07-05,Delivered
6950,6771,2018-07-30,Delivered
6951,6772,2018-03-21,Delivered
6952,6773,2018-08-03,Delivered
6953,6774,2018-08-02,Delivered
6954,6775,2017-08-13,Delivered
6955,6776,2017-06-01,Delivered
6956,6777,2018-03-18,Delivered
6957,6778,2018-02-20,Delivered
6958,6779,2017-08-21,Delivered
6959,6780,2017-09-13,Delivered
6960,6781,2018-02-14,Delivered
6961,6782,2017-04-23,Delivered
6962,6783,2018-04-12,Delivered
6963,6784,2018-08-01,Delivered
6964,6785,2018-08-04,Delivered
6965,6786,2017-09-30,Delivered
6966,6787,2017-04-14,Delivered
6967,6788,2018-07-31,Delivered
6968,6789,2017-11-13,Delivered
6969,6790,2018-06-03,Delivered
6970,6791,2017-10-11,Delivered
6971,6792,2018-04-21,Delivered
6972,6793,2017-01-14,Delivered
6973,6794,2017-11-15,Delivered
6974,6795,2017-10-24,Delivered
6975,6796,2018-03-08,Delivered
6976,6410,2018-06-03,Delivered
6977,6797,2018-08-07,Delivered
6978,6798,2017-11-09,Delivered
6979,6799,2018-01-11,Delivered
6980,6800,2017-11-24,Delivered
6981,6801,2018-07-09,Delivered
6982,6802,2017-11-28,Delivered
6983,6803,2017-10-21,Delivered
6984,6804,2018-04-19,Delivered
6985,6805,2017-12-06,Delivered
6986,6806,2017-07-05,Delivered
6987,6807,2017-09-26,Delivered
6988,6808,2017-04-22,Delivered
6989,6809,2017-09-20,Processing
6990,6810,2018-05-09,Delivered
6991,6811,2017-11-21,Delivered
6992,6812,2018-02-28,Delivered
6993,6813,2018-06-03,Delivered
6994,6814,2017-02-03,Delivered
6995,6815,2018-01-09,Delivered
6996,6816,2018-01-23,Delivered
6997,6817,2017-11-12,Delivered
6998,6818,2018-05-18,Delivered
6999,6819,2018-07-18,Delivered
7000,6820,2018-02-04,Delivered
7001,6821,2017-02-01,Unavailable
7002,6822,2017-11-01,Delivered
7003,6823,2017-10-09,Delivered
7004,6824,2018-08-04,Shipped
7005,6825,2017-10-02,Delivered
7006,6826,2017-10-15,Delivered
7007,6827,2017-10-26,Delivered
7008,6828,2017-05-22,Delivered
7009,6829,2017-11-24,Delivered
7010,6830,2017-09-07,Delivered
7011,6831,2017-12-02,Delivered
7012,6832,2018-08-19,Delivered
7013,6833,2018-07-19,Delivered
7014,6834,2018-03-23,Delivered
7015,6835,2017-10-12,Delivered
7016,6836,2017-03-17,Delivered
7017,6837,2018-01-07,Delivered
7018,6838,2018-01-07,Delivered
7019,6839,2017-12-01,Delivered
7020,6840,2018-05-05,Delivered
7021,6841,2018-01-02,Delivered
7022,6842,2017-06-19,Delivered
7023,6843,2017-08-20,Delivered
7024,6844,2017-07-28,Delivered
7025,6845,2017-04-04,Delivered
7026,6846,2017-10-17,Delivered
7027,6847,2018-06-23,Canceled
7028,6848,2017-01-31,Delivered
7029,6849,2017-11-24,Delivered
7030,6850,2018-02-27,Delivered
7031,6851,2017-12-08,Delivered
7032,1826,2018-06-24,Delivered
7033,1323,2018-01-17,Delivered
7034,6852,2018-07-09,Delivered
7035,6853,2017-08-16,Delivered
7036,6854,2018-03-10,Delivered
7037,6855,2017-08-01,Delivered
7038,6856,2017-10-04,Delivered
7039,6857,2018-06-26,Delivered
7040,6858,2017-03-09,Delivered
7041,6859,2018-06-20,Delivered
7042,6860,2018-03-13,Delivered
7043,6861,2017-10-12,Unavailable
7044,6862,2018-06-08,Delivered
7045,6863,2018-01-14,Delivered
7046,6864,2017-07-21,Delivered
7047,6865,2017-02-20,Delivered
7048,6866,2018-01-19,Delivered
7049,6867,2018-02-11,Delivered
7050,6868,2017-08-02,Delivered
7051,6869,2017-12-03,Delivered
7052,6870,2018-05-07,Delivered
7053,6871,2018-07-27,Delivered
7054,6872,2018-04-19,Delivered
7055,6873,2017-09-30,Delivered
7056,6874,2017-07-07,Delivered
7057,6875,2018-08-11,Delivered
7058,6876,2017-10-03,Delivered
7059,6877,2017-08-14,Delivered
7060,6878,2018-08-21,Delivered
7061,6879,2017-12-28,Delivered
7062,6880,2018-03-15,Delivered
7063,6881,2017-03-21,Delivered
7064,6882,2017-10-16,Delivered
7065,6883,2018-05-04,Delivered
7066,6884,2017-04-24,Delivered
7067,6885,2017-12-19,Delivered
7068,6886,2018-08-07,Delivered
7069,6887,2018-05-01,Unavailable
7070,6888,2017-03-18,Delivered
7071,6889,2017-04-07,Delivered
7072,6890,2018-03-31,Delivered
7073,6891,2018-04-06,Delivered
7074,6892,2017-10-16,Delivered
7075,6893,2017-07-25,Delivered
7076,6894,2018-07-21,Delivered
7077,6895,2018-07-29,Delivered
7078,6896,2018-02-20,Delivered
7079,6897,2018-02-09,Delivered
7080,6898,2017-06-07,Delivered
7081,6899,2018-03-20,Delivered
7082,6900,2017-11-24,Delivered
7083,6901,2017-12-23,Delivered
7084,6902,2017-05-12,Shipped
7085,1980,2017-11-25,Delivered
7086,6903,2018-02-17,Delivered
7087,6904,2018-05-19,Delivered
7088,6905,2018-08-14,Delivered
7089,6906,2018-01-02,Delivered
7090,6907,2017-05-01,Delivered
7091,6908,2018-06-12,Delivered
7092,6909,2017-03-05,Delivered
7093,6910,2017-10-13,Delivered
7094,6911,2017-12-05,Delivered
7095,6912,2018-03-19,Delivered
7096,6913,2018-01-06,Delivered
7097,6914,2018-01-03,Delivered
7098,6915,2017-10-17,Delivered
7099,6916,2017-09-07,Delivered
7100,6917,2018-04-09,Delivered
7101,6918,2018-02-03,Delivered
7102,6919,2017-11-17,Delivered
7103,6920,2017-06-03,Delivered
7104,6921,2018-01-21,Delivered
7105,6922,2017-12-11,Delivered
7106,6923,2017-09-11,Delivered
7107,6924,2017-05-03,Delivered
7108,6925,2018-04-15,Shipped
7109,6926,2017-12-03,Delivered
7110,6927,2017-08-27,Delivered
7111,6928,2018-04-28,Delivered
7112,6929,2018-05-21,Delivered
7113,6930,2018-08-20,Delivered
7114,6931,2017-07-29,Delivered
7115,6932,2018-06-22,Delivered
7116,6933,2018-01-17,Delivered
7117,6934,2018-06-29,Delivered
7118,6935,2018-08-04,Delivered
7119,6936,2018-03-14,Delivered
7120,6937,2017-10-16,Delivered
7121,6938,2018-02-27,Delivered
7122,6939,2017-12-15,Invoiced
7123,6940,2018-05-09,Delivered
7124,6941,2018-04-13,Canceled
7125,6942,2018-08-04,Delivered
7126,6943,2018-06-13,Delivered
7127,6944,2017-08-14,Delivered
7128,6945,2017-12-04,Delivered
7129,6946,2017-11-30,Delivered
7130,6947,2017-12-18,Delivered
7131,6948,2017-12-14,Delivered
7132,6949,2017-10-12,Delivered
7133,6950,2018-03-09,Delivered
7134,6951,2017-10-04,Delivered
7135,6952,2017-10-09,Delivered
7136,6953,2018-08-12,Delivered
7137,6954,2017-11-16,Delivered
7138,6955,2018-01-26,Delivered
7139,6956,2018-07-17,Delivered
7140,6957,2017-05-23,Delivered
7141,6958,2017-09-12,Delivered
7142,6959,2018-01-02,Delivered
7143,6960,2017-02-10,Delivered
7144,6961,2018-03-26,Delivered
7145,6962,2017-11-26,Delivered
7146,6963,2017-11-24,Delivered
7147,6964,2018-06-02,Delivered
7148,6965,2017-05-20,Delivered
7149,6966,2017-12-16,Delivered
7150,6967,2017-11-27,Delivered
7151,6968,2017-10-17,Delivered
7152,6969,2017-09-16,Delivered
7153,6970,2017-05-24,Delivered
7154,6971,2018-04-10,Delivered
7155,6972,2018-06-10,Delivered
7156,6973,2018-06-15,Delivered
7157,6974,2018-01-10,Delivered
7158,3326,2017-07-13,Delivered
7159,6975,2018-03-25,Delivered
7160,6976,2017-08-01,Delivered
7161,6977,2017-05-02,Delivered
7162,6978,2018-05-27,Delivered
7163,1069,2017-12-07,Delivered
7164,6979,2017-03-06,Delivered
7165,6980,2017-10-12,Delivered
7166,6981,2018-07-25,Delivered
7167,6982,2018-07-26,Delivered
7168,4895,2017-05-01,Delivered
7169,6983,2017-03-09,Delivered
7170,6984,2017-11-08,Delivered
7171,6985,2017-07-04,Delivered
7172,6986,2018-07-16,Delivered
7173,6987,2018-08-14,Delivered
7174,6988,2018-03-29,Delivered
7175,6989,2017-12-11,Delivered
7176,6990,2018-06-04,Delivered
7177,6991,2018-05-01,Delivered
7178,6992,2018-05-24,Delivered
7179,6993,2018-07-04,Delivered
7180,6994,2017-07-18,Delivered
7181,6995,2018-05-22,Delivered
7182,6996,2018-05-07,Delivered
7183,6997,2017-04-20,Delivered
7184,6998,2017-08-24,Delivered
7185,6999,2018-07-19,Delivered
7186,7000,2017-11-10,Delivered
7187,7001,2018-07-08,Delivered
7188,7002,2018-07-23,Delivered
7189,7003,2018-08-14,Delivered
7190,7004,2018-04-14,Delivered
7191,7005,2018-05-22,Delivered
7192,7006,2017-10-07,Delivered
7193,7007,2018-01-11,Delivered
7194,7008,2017-11-04,Delivered
7195,7009,2018-03-19,Delivered
7196,7010,2018-08-05,Delivered
7197,7011,2017-03-15,Delivered
7198,7012,2018-08-15,Delivered
7199,7013,2018-03-26,Delivered
7200,7014,2017-04-09,Delivered
7201,7015,2018-08-21,Delivered
7202,7016,2018-05-05,Delivered
7203,7017,2018-03-04,Delivered
7204,7018,2018-01-13,Delivered
7205,7019,2017-07-29,Delivered
7206,7020,2018-06-01,Delivered
7207,7021,2018-08-22,Delivered
7208,7022,2018-04-03,Delivered
7209,7023,2017-04-16,Delivered
7210,7024,2018-08-02,Delivered
7211,7025,2018-03-18,Delivered
7212,416,2018-08-14,Delivered
7213,7026,2018-01-03,Delivered
7214,7027,2018-08-16,Delivered
7215,7028,2017-11-07,Delivered
7216,7029,2017-05-01,Delivered
7217,7030,2018-04-11,Delivered
7218,7031,2018-08-01,Delivered
7219,7032,2018-08-07,Delivered
7220,7033,2017-11-03,Delivered
7221,7034,2017-04-11,Delivered
7222,7035,2017-11-26,Delivered
7223,7036,2017-05-18,Delivered
7224,7037,2018-03-24,Delivered
7225,7038,2017-03-10,Delivered
7226,7039,2017-04-28,Delivered
7227,7040,2018-01-02,Delivered
7228,7041,2017-06-27,Delivered
7229,7042,2018-02-26,Delivered
7230,7043,2018-04-13,Delivered
7231,7044,2017-12-23,Delivered
7232,7045,2018-04-21,Delivered
7233,7046,2018-05-15,Delivered
7234,7047,2018-01-26,Delivered
7235,7048,2017-03-25,Delivered
7236,7049,2017-12-02,Delivered
7237,7050,2018-05-16,Delivered
7238,7051,2017-04-26,Delivered
7239,7052,2018-04-24,Delivered
7240,7053,2017-07-19,Delivered
7241,7054,2018-06-23,Delivered
7242,7055,2018-06-26,Delivered
7243,7056,2017-12-07,Delivered
7244,7057,2018-05-03,Delivered
7245,7058,2017-12-15,Delivered
7246,7059,2017-11-16,Delivered
7247,7060,2017-09-28,Delivered
7248,7061,2017-11-13,Delivered
7249,7062,2018-07-31,Delivered
7250,7063,2018-07-24,Delivered
7251,7064,2018-02-03,Delivered
7252,7065,2017-07-19,Delivered
7253,7066,2018-04-24,Delivered
7254,7067,2018-04-11,Delivered
7255,7068,2018-08-16,Delivered
7256,7069,2017-05-25,Delivered
7257,7070,2017-07-10,Delivered
7258,7071,2017-06-14,Delivered
7259,7072,2017-12-13,Delivered
7260,7073,2018-03-07,Delivered
7261,7074,2017-06-26,Delivered
7262,7075,2017-02-14,Delivered
7263,7076,2018-06-19,Delivered
7264,7077,2018-02-24,Delivered
7265,7078,2018-02-14,Delivered
7266,7079,2018-02-02,Delivered
7267,7080,2017-07-28,Delivered
7268,7081,2018-08-28,Delivered
7269,7082,2018-05-03,Delivered
7270,7083,2017-09-13,Delivered
7271,7084,2018-03-22,Delivered
7272,7085,2018-02-24,Delivered
7273,7086,2018-03-13,Delivered
7274,7087,2018-02-22,Delivered
7275,7088,2017-11-26,Delivered
7276,7089,2018-03-01,Delivered
7277,7090,2017-07-15,Delivered
7278,7091,2018-02-11,Delivered
7279,7092,2017-01-27,Delivered
7280,7093,2018-04-29,Delivered
7281,7094,2017-11-12,Delivered
7282,7095,2017-11-12,Delivered
7283,7096,2018-02-26,Delivered
7284,7097,2018-06-07,Delivered
7285,7098,2017-09-09,Delivered
7286,7099,2017-11-30,Delivered
7287,7100,2018-02-10,Delivered
7288,7101,2017-10-03,Delivered
7289,7102,2017-06-26,Delivered
7290,7103,2017-11-24,Delivered
7291,7104,2017-12-26,Delivered
7292,7105,2017-05-06,Delivered
7293,7106,2017-02-01,Delivered
7294,7107,2018-07-20,Delivered
7295,7108,2018-05-18,Delivered
7296,7109,2018-02-20,Delivered
7297,7110,2018-01-09,Delivered
7298,7111,2017-12-09,Delivered
7299,7112,2018-07-22,Delivered
7300,7113,2018-03-31,Delivered
7301,7114,2018-06-26,Delivered
7302,7115,2017-04-17,Delivered
7303,7116,2018-02-17,Delivered
7304,7117,2017-05-19,Delivered
7305,7118,2018-07-05,Delivered
7306,7119,2017-09-27,Delivered
7307,7120,2018-01-03,Delivered
7308,7121,2018-06-04,Delivered
7309,7122,2018-05-26,Delivered
7310,7123,2017-05-10,Shipped
7311,7124,2018-04-18,Delivered
7312,7125,2018-05-13,Delivered
7313,7126,2017-09-27,Delivered
7314,7127,2018-03-28,Delivered
7315,7128,2018-01-25,Delivered
7316,7129,2018-08-03,Delivered
7317,7130,2018-06-25,Delivered
7318,7131,2017-02-22,Delivered
7319,7132,2018-04-20,Delivered
7320,7133,2018-01-06,Delivered
7321,7134,2018-08-10,Delivered
7322,7135,2018-04-05,Delivered
7323,7136,2018-04-07,Delivered
7324,7137,2018-04-17,Delivered
7325,7138,2018-06-10,Delivered
7326,7139,2018-08-27,Delivered
7327,7140,2017-06-19,Delivered
7328,7141,2017-10-29,Delivered
7329,7142,2017-09-19,Delivered
7330,7143,2018-06-13,Delivered
7331,7144,2017-03-23,Delivered
7332,7145,2018-01-31,Delivered
7333,7146,2017-04-07,Delivered
7334,7147,2017-01-17,Delivered
7335,7148,2017-11-02,Delivered
7336,5899,2017-06-01,Delivered
7337,7149,2017-08-14,Delivered
7338,7150,2018-07-13,Delivered
7339,7151,2017-06-10,Delivered
7340,7152,2018-06-20,Delivered
7341,7153,2017-02-17,Delivered
7342,7154,2018-07-18,Delivered
7343,7155,2017-03-04,Delivered
7344,3178,2018-08-04,Delivered
7345,7156,2018-06-26,Shipped
7346,7157,2018-07-30,Delivered
7347,7158,2017-12-22,Delivered
7348,7159,2018-02-10,Delivered
7349,7160,2018-05-17,Delivered
7350,7161,2018-08-20,Delivered
7351,7162,2017-11-24,Delivered
7352,7163,2017-02-20,Delivered
7353,7164,2018-01-15,Delivered
7354,7165,2018-06-28,Delivered
7355,3207,2017-02-22,Delivered
7356,7166,2017-09-18,Delivered
7357,7167,2018-05-02,Delivered
7358,7168,2018-01-29,Delivered
7359,7169,2017-10-11,Delivered
7360,7170,2017-02-08,Delivered
7361,7171,2018-01-07,Delivered
7362,7172,2018-04-01,Delivered
7363,7173,2018-08-13,Delivered
7364,7174,2018-08-07,Delivered
7365,7175,2018-05-14,Delivered
7366,7176,2017-09-06,Delivered
7367,3691,2017-09-25,Delivered
7368,7177,2018-05-01,Delivered
7369,7178,2018-03-26,Delivered
7370,7179,2017-11-10,Delivered
7371,7180,2017-03-26,Delivered
7372,7181,2018-08-06,Delivered
7373,7182,2017-05-15,Delivered
7374,7183,2017-12-25,Delivered
7375,7184,2018-02-12,Delivered
7376,7185,2017-06-03,Delivered
7377,7186,2017-11-28,Delivered
7378,7187,2017-08-02,Delivered
7379,7188,2018-06-12,Delivered
7380,7189,2018-07-16,Delivered
7381,7190,2018-07-03,Delivered
7382,7191,2018-03-18,Delivered
7383,7192,2018-02-02,Delivered
7384,7193,2017-09-16,Delivered
7385,7194,2017-08-13,Delivered
7386,7195,2018-08-23,Delivered
7387,7196,2018-04-24,Delivered
7388,7197,2017-12-22,Delivered
7389,7198,2017-10-11,Delivered
7390,7199,2018-04-19,Delivered
7391,7200,2018-03-18,Delivered
7392,6564,2017-11-24,Delivered
7393,7201,2018-04-06,Delivered
7394,7202,2018-06-28,Delivered
7395,7203,2017-09-27,Delivered
7396,7204,2018-04-29,Delivered
7397,7205,2018-01-12,Delivered
7398,7206,2018-05-14,Delivered
7399,7207,2018-01-17,Delivered
7400,7208,2017-12-21,Delivered
7401,7209,2017-07-09,Delivered
7402,7210,2018-05-08,Delivered
7403,7211,2017-11-08,Delivered
7404,7212,2018-06-01,Delivered
7405,7213,2017-04-04,Delivered
7406,7214,2018-06-15,Delivered
7407,7215,2017-08-19,Delivered
7408,7216,2018-07-10,Delivered
7409,7217,2017-12-19,Delivered
7410,5722,2017-11-06,Delivered
7411,7218,2018-02-10,Delivered
7412,7219,2018-02-20,Delivered
7413,1567,2017-10-03,Delivered
7414,7220,2017-11-02,Delivered
7415,7221,2018-03-19,Delivered
7416,7222,2017-12-04,Delivered
7417,7223,2018-06-28,Delivered
7418,7224,2017-07-12,Delivered
7419,7225,2017-10-18,Unavailable
7420,7226,2018-01-10,Delivered
7421,7227,2018-02-13,Delivered
7422,7228,2017-10-31,Delivered
7423,7229,2018-02-01,Canceled
7424,7230,2018-03-22,Delivered
7425,7231,2018-07-31,Delivered
7426,7232,2017-06-28,Delivered
7427,7233,2018-02-11,Delivered
7428,7234,2017-06-22,Delivered
7429,7235,2018-08-17,Delivered
7430,7236,2018-02-11,Delivered
7431,7237,2018-08-18,Delivered
7432,7238,2018-08-09,Delivered
7433,7239,2018-01-26,Delivered
7434,7240,2017-08-25,Delivered
7435,7241,2018-04-07,Delivered
7436,7242,2017-11-23,Delivered
7437,7243,2017-04-19,Delivered
7438,7244,2018-06-27,Delivered
7439,7245,2018-07-25,Delivered
7440,7246,2017-11-25,Delivered
7441,7247,2018-04-29,Delivered
7442,7248,2018-02-08,Delivered
7443,7249,2017-08-05,Delivered
7444,7250,2018-05-02,Delivered
7445,7251,2018-04-29,Delivered
7446,7252,2018-01-16,Delivered
7447,7253,2017-05-23,Delivered
7448,7254,2017-01-26,Delivered
7449,7255,2017-11-24,Delivered
7450,7256,2018-01-17,Delivered
7451,7257,2018-05-11,Delivered
7452,7258,2017-08-05,Delivered
7453,7259,2017-11-13,Delivered
7454,7260,2017-04-22,Delivered
7455,7261,2018-04-30,Delivered
7456,7262,2017-09-17,Delivered
7457,7263,2018-07-25,Delivered
7458,7264,2018-07-17,Delivered
7459,7265,2018-08-23,Delivered
7460,7266,2018-04-01,Delivered
7461,7267,2018-02-15,Delivered
7462,7268,2018-05-03,Delivered
7463,7269,2018-06-12,Delivered
7464,7270,2017-09-01,Delivered
7465,7271,2017-04-22,Delivered
7466,7272,2018-03-27,Delivered
7467,7273,2017-04-26,Delivered
7468,7274,2018-03-10,Delivered
7469,7275,2018-04-06,Delivered
7470,7276,2018-06-20,Delivered
7471,7277,2017-06-19,Delivered
7472,7278,2017-10-03,Delivered
7473,7279,2017-10-28,Delivered
7474,7280,2017-03-27,Delivered
7475,7281,2017-12-04,Delivered
7476,7282,2018-04-05,Invoiced
7477,7283,2017-10-11,Delivered
7478,7284,2017-09-02,Delivered
7479,3622,2017-01-20,Delivered
7480,7285,2018-04-19,Delivered
7481,7286,2017-09-22,Delivered
7482,7287,2017-07-10,Delivered
7483,7288,2017-05-15,Delivered
7484,7289,2018-08-07,Delivered
7485,7290,2018-03-05,Delivered
7486,7291,2018-01-21,Delivered
7487,7292,2018-01-04,Delivered
7488,7293,2018-08-02,Delivered
7489,7294,2017-05-15,Delivered
7490,7295,2018-04-14,Delivered
7491,7296,2017-11-01,Delivered
7492,7297,2018-07-16,Delivered
7493,7298,2017-05-13,Delivered
7494,7299,2018-03-24,Delivered
7495,7300,2017-07-11,Delivered
7496,7301,2018-07-05,Delivered
7497,7302,2018-08-15,Delivered
7498,7303,2018-04-02,Delivered
7499,7304,2018-08-02,Delivered
7500,7305,2018-02-06,Delivered
7501,7306,2017-09-23,Delivered
7502,7307,2017-03-05,Delivered
7503,7308,2017-11-23,Delivered
7504,7309,2017-09-14,Delivered
7505,7310,2018-06-21,Delivered
7506,7311,2018-08-13,Delivered
7507,7312,2018-05-02,Delivered
7508,7313,2017-02-07,Delivered
7509,7314,2017-08-30,Delivered
7510,7315,2018-06-03,Delivered
7511,7316,2018-05-31,Delivered
7512,7317,2017-01-12,Delivered
7513,7318,2018-03-11,Delivered
7514,7319,2018-06-26,Delivered
7515,7320,2018-01-11,Delivered
7516,7321,2018-06-28,Canceled
7517,7322,2018-08-13,Delivered
7518,7323,2017-06-06,Invoiced
7519,7324,2017-08-03,Delivered
7520,7325,2018-08-17,Delivered
7521,7326,2017-12-06,Delivered
7522,6444,2018-03-02,Delivered
7523,7327,2017-03-15,Delivered
7524,7328,2018-05-16,Delivered
7525,7329,2017-01-18,Delivered
7526,7330,2017-10-31,Delivered
7527,7331,2018-05-27,Delivered
7528,7332,2018-06-28,Delivered
7529,7333,2018-03-26,Delivered
7530,7334,2017-09-24,Delivered
7531,7335,2018-08-28,Delivered
7532,7336,2018-01-09,Delivered
7533,7337,2018-06-04,Delivered
7534,7338,2017-10-02,Delivered
7535,7339,2017-11-01,Delivered
7536,7340,2017-11-29,Delivered
7537,7341,2017-09-07,Delivered
7538,7342,2017-11-24,Delivered
7539,7343,2018-08-11,Delivered
7540,7344,2017-03-08,Delivered
7541,7345,2017-10-06,Delivered
7542,7346,2017-09-17,Delivered
7543,7347,2018-03-05,Delivered
7544,7348,2017-05-02,Delivered
7545,7349,2018-08-01,Delivered
7546,7350,2018-03-06,Delivered
7547,7351,2018-08-01,Delivered
7548,7352,2017-12-11,Delivered
7549,7353,2018-04-11,Delivered
7550,7354,2018-05-08,Delivered
7551,7355,2017-04-28,Delivered
7552,7356,2017-11-25,Delivered
7553,7357,2017-11-12,Delivered
7554,7358,2018-01-06,Delivered
7555,7359,2018-08-17,Delivered
7556,7360,2017-12-16,Delivered
7557,7361,2017-10-19,Delivered
7558,7362,2018-03-23,Delivered
7559,7363,2018-05-04,Delivered
7560,7364,2017-04-28,Delivered
7561,7365,2018-03-01,Delivered
7562,7366,2017-05-27,Delivered
7563,2501,2017-08-10,Delivered
7564,7367,2017-05-27,Delivered
7565,4051,2018-07-18,Delivered
7566,7368,2017-08-12,Delivered
7567,7369,2017-08-27,Delivered
7568,7370,2018-05-13,Delivered
7569,7371,2018-03-19,Delivered
7570,7372,2018-06-19,Delivered
7571,7373,2017-05-05,Delivered
7572,7374,2018-08-01,Delivered
7573,7375,2017-12-26,Delivered
7574,3802,2018-05-09,Delivered
7575,7376,2018-08-07,Delivered
7576,713,2017-08-15,Delivered
7577,7377,2018-02-07,Delivered
7578,7378,2018-03-24,Delivered
7579,7379,2017-09-05,Delivered
7580,7380,2017-11-02,Delivered
7581,7381,2018-02-21,Delivered
7582,7382,2017-05-31,Delivered
7583,7383,2017-11-29,Unavailable
7584,2473,2017-05-21,Delivered
7585,7384,2017-02-26,Delivered
7586,7385,2017-12-08,Delivered
7587,7386,2018-01-18,Delivered
7588,7387,2017-11-23,Delivered
7589,7388,2017-11-21,Delivered
7590,7389,2017-09-12,Delivered
7591,7390,2017-09-20,Delivered
7592,7391,2018-01-17,Delivered
7593,7392,2017-08-04,Delivered
7594,7393,2018-01-15,Delivered
7595,7394,2017-11-12,Delivered
7596,7395,2017-12-02,Delivered
7597,7396,2018-06-06,Delivered
7598,7397,2017-07-15,Delivered
7599,7398,2018-05-08,Delivered
7600,7399,2017-09-26,Delivered
7601,7400,2018-06-19,Delivered
7602,7401,2017-07-16,Delivered
7603,7402,2017-11-29,Delivered
7604,3500,2018-06-22,Delivered
7605,7403,2018-02-23,Delivered
7606,7404,2018-07-02,Delivered
7607,7405,2018-03-08,Delivered
7608,7406,2017-09-06,Delivered
7609,7407,2018-08-01,Delivered
7610,7408,2018-08-22,Delivered
7611,466,2017-08-20,Delivered
7612,7409,2018-08-22,Delivered
7613,7410,2017-11-18,Delivered
7614,7411,2018-01-12,Delivered
7615,7412,2017-12-19,Delivered
7616,7413,2017-09-16,Delivered
7617,7414,2017-09-07,Delivered
7618,7415,2018-07-03,Delivered
7619,7416,2017-12-05,Delivered
7620,7417,2017-11-01,Delivered
7621,7418,2017-10-08,Delivered
7622,7419,2017-05-23,Delivered
7623,7420,2017-11-21,Delivered
7624,7421,2018-08-02,Delivered
7625,7422,2018-03-01,Delivered
7626,7423,2018-03-22,Delivered
7627,7424,2018-01-17,Delivered
7628,7425,2018-05-07,Delivered
7629,7426,2017-10-11,Delivered
7630,7427,2018-08-10,Delivered
7631,5006,2017-12-25,Delivered
7632,7428,2018-07-31,Delivered
7633,7429,2018-01-31,Delivered
7634,7430,2018-06-16,Delivered
7635,7431,2018-04-17,Canceled
7636,7432,2018-08-21,Delivered
7637,7433,2018-07-19,Delivered
7638,7434,2018-01-11,Delivered
7639,7435,2017-07-21,Delivered
7640,7436,2017-12-28,Delivered
7641,7437,2017-10-04,Delivered
7642,7438,2017-05-04,Delivered
7643,7439,2018-08-14,Delivered
7644,7440,2018-01-08,Delivered
7645,7441,2018-06-07,Delivered
7646,7442,2017-03-19,Delivered
7647,977,2017-06-22,Delivered
7648,7443,2017-04-30,Delivered
7649,7444,2018-03-24,Delivered
7650,7445,2018-03-21,Delivered
7651,7446,2017-08-25,Delivered
7652,7447,2018-02-09,Delivered
7653,7448,2017-07-06,Delivered
7654,7449,2018-05-12,Delivered
7655,7450,2017-07-27,Delivered
7656,7451,2018-04-16,Delivered
7657,7452,2017-10-06,Delivered
7658,7453,2017-11-13,Delivered
7659,7454,2018-08-02,Delivered
7660,7455,2017-05-15,Delivered
7661,7456,2017-12-29,Delivered
7662,7457,2018-01-22,Unavailable
7663,7458,2018-08-15,Delivered
7664,7459,2017-12-02,Delivered
7665,7460,2017-11-24,Delivered
7666,7461,2018-03-05,Delivered
7667,7462,2018-03-26,Delivered
7668,7463,2017-01-31,Delivered
7669,7464,2018-08-08,Delivered
7670,7465,2017-09-25,Delivered
7671,7466,2018-08-06,Delivered
7672,7467,2018-05-18,Delivered
7673,5918,2017-12-02,Unavailable
7674,7468,2018-05-14,Delivered
7675,7469,2018-04-04,Delivered
7676,7470,2017-06-17,Delivered
7677,7471,2017-04-29,Delivered
7678,7472,2018-06-05,Delivered
7679,7473,2018-03-29,Delivered
7680,7474,2018-01-10,Delivered
7681,7475,2018-01-12,Delivered
7682,7476,2017-03-24,Delivered
7683,7477,2017-09-15,Delivered
7684,7478,2018-02-26,Delivered
7685,7479,2018-04-27,Shipped
7686,7480,2017-12-03,Delivered
7687,7481,2018-04-23,Delivered
7688,7482,2018-07-28,Delivered
7689,7483,2018-01-20,Delivered
7690,7484,2017-07-22,Delivered
7691,7485,2018-06-14,Delivered
7692,7486,2017-07-18,Delivered
7693,7487,2018-06-10,Delivered
7694,7488,2018-04-09,Delivered
7695,7489,2018-01-25,Delivered
7696,7490,2017-12-21,Delivered
7697,7491,2018-06-20,Delivered
7698,7492,2018-02-27,Delivered
7699,7493,2017-11-28,Delivered
7700,7494,2017-02-03,Delivered
7701,7495,2018-02-08,Delivered
7702,7496,2018-01-09,Delivered
7703,7497,2017-10-31,Shipped
7704,7498,2018-04-23,Delivered
7705,7499,2018-01-29,Delivered
7706,7500,2018-07-16,Delivered
7707,7501,2018-08-04,Delivered
7708,4581,2017-08-22,Delivered
7709,7502,2017-10-28,Delivered
7710,7503,2017-08-11,Delivered
7711,7504,2018-06-16,Delivered
7712,7505,2018-05-28,Delivered
7713,7452,2017-07-31,Delivered
7714,7506,2017-11-24,Delivered
7715,7507,2017-09-15,Delivered
7716,7508,2018-04-05,Delivered
7717,7509,2018-05-10,Delivered
7718,7510,2018-02-21,Delivered
7719,7511,2017-04-22,Delivered
7720,7512,2017-10-25,Delivered
7721,7513,2017-05-11,Delivered
7722,7514,2018-04-08,Delivered
7723,7515,2018-01-10,Delivered
7724,7516,2018-07-09,Delivered
7725,7517,2018-01-12,Delivered
7726,7518,2017-05-16,Delivered
7727,7519,2017-05-04,Delivered
7728,7520,2017-09-09,Delivered
7729,7521,2018-02-14,Delivered
7730,7522,2018-08-08,Delivered
7731,7523,2017-09-22,Shipped
7732,7524,2018-07-08,Delivered
7733,7525,2017-11-24,Delivered
7734,7526,2018-05-02,Delivered
7735,7527,2018-02-06,Delivered
7736,7528,2017-04-06,Delivered
7737,7529,2017-10-10,Delivered
7738,7530,2018-05-10,Delivered
7739,7531,2017-09-13,Delivered
7740,7532,2018-05-19,Delivered
7741,7533,2017-06-29,Delivered
7742,7534,2018-06-18,Delivered
7743,7535,2018-05-02,Delivered
7744,7536,2018-08-18,Delivered
7745,7537,2017-07-24,Delivered
7746,7538,2018-08-26,Delivered
7747,7539,2017-12-16,Delivered
7748,7540,2018-01-28,Delivered
7749,7541,2017-09-22,Delivered
7750,7542,2018-02-22,Delivered
7751,7543,2017-10-18,Delivered
7752,7544,2018-08-09,Delivered
7753,7545,2017-11-25,Delivered
7754,7546,2018-01-16,Delivered
7755,7547,2017-09-25,Delivered
7756,7548,2017-03-27,Delivered
7757,7549,2017-12-13,Delivered
7758,7550,2018-02-03,Delivered
7759,7551,2018-01-25,Delivered
7760,7552,2017-07-18,Delivered
7761,7553,2018-03-05,Delivered
7762,7554,2018-01-15,Delivered
7763,7555,2017-03-16,Delivered
7764,7556,2018-02-09,Delivered
7765,7557,2018-03-06,Delivered
7766,7558,2017-02-18,Delivered
7767,7559,2018-02-16,Delivered
7768,7560,2018-05-19,Delivered
7769,7561,2018-07-22,Delivered
7770,7562,2018-08-08,Delivered
7771,7563,2018-07-25,Delivered
7772,7564,2017-07-13,Delivered
7773,7565,2017-10-24,Delivered
7774,7566,2017-06-01,Delivered
7775,7567,2018-05-06,Delivered
7776,7568,2018-04-02,Delivered
7777,7569,2017-05-21,Delivered
7778,7570,2018-03-28,Delivered
7779,7571,2018-08-15,Delivered
7780,7475,2018-05-07,Delivered
7781,7572,2018-06-19,Delivered
7782,7573,2017-03-27,Delivered
7783,7574,2018-07-10,Delivered
7784,7575,2018-04-19,Delivered
7785,7576,2018-04-11,Delivered
7786,6455,2018-06-23,Delivered
7787,7577,2017-09-26,Delivered
7788,7578,2018-05-27,Delivered
7789,7579,2018-07-25,Delivered
7790,7580,2018-08-14,Delivered
7791,7581,2017-10-23,Delivered
7792,7582,2018-04-17,Delivered
7793,7583,2017-08-31,Delivered
7794,7584,2017-08-09,Delivered
7795,7585,2017-09-25,Delivered
7796,7586,2018-04-09,Delivered
7797,7587,2018-02-25,Delivered
7798,7588,2017-09-21,Delivered
7799,7589,2017-04-30,Delivered
7800,7590,2018-06-19,Delivered
7801,7591,2017-09-29,Delivered
7802,7592,2018-04-09,Delivered
7803,7593,2018-06-15,Delivered
7804,7594,2017-09-18,Delivered
7805,7595,2018-01-04,Delivered
7806,7596,2018-02-28,Delivered
7807,7597,2017-05-22,Delivered
7808,7598,2018-08-20,Delivered
7809,7599,2018-01-09,Unavailable
7810,7600,2017-03-20,Delivered
7811,7601,2018-01-21,Delivered
7812,7602,2018-02-27,Delivered
7813,7603,2018-05-01,Delivered
7814,7604,2018-02-02,Delivered
7815,4154,2017-02-05,Delivered
7816,7605,2018-03-18,Delivered
7817,7606,2017-10-13,Delivered
7818,7607,2017-11-12,Delivered
7819,7608,2017-02-12,Delivered
7820,7609,2017-09-11,Delivered
7821,7610,2018-08-13,Delivered
7822,7611,2018-07-30,Delivered
7823,7612,2018-06-06,Delivered
7824,7613,2017-12-14,Delivered
7825,7614,2017-10-04,Delivered
7826,7615,2018-08-05,Delivered
7827,7616,2017-12-05,Delivered
7828,7617,2018-07-12,Delivered
7829,7618,2017-11-10,Delivered
7830,7619,2017-05-21,Delivered
7831,5801,2017-11-17,Delivered
7832,7620,2018-04-16,Delivered
7833,7621,2018-01-22,Delivered
7834,7622,2018-07-11,Delivered
7835,7623,2018-08-20,Delivered
7836,7624,2017-05-09,Processing
7837,7625,2018-02-09,Delivered
7838,7626,2017-05-13,Delivered
7839,7627,2017-10-23,Delivered
7840,7628,2018-04-19,Delivered
7841,7629,2018-07-09,Delivered
7842,7630,2017-11-30,Delivered
7843,7631,2018-05-15,Delivered
7844,7632,2017-08-23,Delivered
7845,7633,2017-06-14,Delivered
7846,7634,2017-09-12,Delivered
7847,7635,2018-04-04,Delivered
7848,7636,2017-10-07,Delivered
7849,7637,2017-11-20,Delivered
7850,7638,2017-11-24,Delivered
7851,7639,2017-02-17,Delivered
7852,7640,2017-01-13,Shipped
7853,7641,2017-10-01,Delivered
7854,7642,2017-11-25,Delivered
7855,7643,2018-02-02,Delivered
7856,7644,2017-07-22,Delivered
7857,7645,2017-12-08,Delivered
7858,7646,2017-07-27,Delivered
7859,7647,2017-12-07,Delivered
7860,7648,2018-05-03,Delivered
7861,7649,2018-02-18,Delivered
7862,7650,2017-04-24,Delivered
7863,7651,2017-11-18,Shipped
7864,7652,2018-04-03,Delivered
7865,7653,2018-03-20,Delivered
7866,7654,2018-06-13,Delivered
7867,7655,2018-05-28,Delivered
7868,7656,2017-11-30,Delivered
7869,7657,2017-05-12,Delivered
7870,7658,2017-07-25,Delivered
7871,7659,2017-02-01,Delivered
7872,7660,2018-03-14,Delivered
7873,7661,2018-05-17,Delivered
7874,7662,2018-02-02,Delivered
7875,7663,2018-01-08,Delivered
7876,7664,2018-01-10,Delivered
7877,7665,2018-07-29,Delivered
7878,7666,2018-03-26,Delivered
7879,7667,2017-12-02,Delivered
7880,7668,2018-06-29,Delivered
7881,7669,2018-04-01,Delivered
7882,7670,2018-03-26,Delivered
7883,7671,2017-08-07,Delivered
7884,7672,2018-05-12,Delivered
7885,7673,2017-08-12,Delivered
7886,7674,2018-02-15,Delivered
7887,7675,2017-10-11,Delivered
7888,7676,2018-08-26,Delivered
7889,7677,2017-04-10,Delivered
7890,7678,2017-03-28,Delivered
7891,7679,2017-12-23,Delivered
7892,7680,2017-10-10,Delivered
7893,7681,2017-04-16,Delivered
7894,7682,2017-12-12,Delivered
7895,7683,2018-04-27,Delivered
7896,7684,2018-08-04,Delivered
7897,7685,2017-05-29,Delivered
7898,7686,2018-06-04,Delivered
7899,7687,2018-03-02,Delivered
7900,7688,2018-07-17,Delivered
7901,7689,2017-07-10,Delivered
7902,7690,2018-07-26,Delivered
7903,7691,2017-10-03,Delivered
7904,7692,2018-04-30,Delivered
7905,7693,2017-07-06,Delivered
7906,7694,2017-04-02,Delivered
7907,7695,2017-02-08,Delivered
7908,7696,2017-11-25,Delivered
7909,7697,2018-01-13,Delivered
7910,7698,2017-05-01,Delivered
7911,7699,2017-12-18,Delivered
7912,7700,2018-08-16,Delivered
7913,7701,2017-09-14,Delivered
7914,7702,2018-01-09,Delivered
7915,7703,2017-09-05,Delivered
7916,7704,2018-07-17,Delivered
7917,7705,2018-07-11,Delivered
7918,7706,2018-04-10,Delivered
7919,7707,2017-07-04,Delivered
7920,7708,2018-04-23,Delivered
7921,7709,2017-07-05,Delivered
7922,7710,2018-06-20,Delivered
7923,7711,2018-08-09,Delivered
7924,7712,2018-03-21,Delivered
7925,7713,2017-08-10,Delivered
7926,7714,2018-03-09,Delivered
7927,7715,2018-01-18,Delivered
7928,7716,2018-02-24,Delivered
7929,7717,2018-04-18,Delivered
7930,6589,2017-05-01,Delivered
7931,7718,2018-04-11,Delivered
7932,7719,2018-05-14,Delivered
7933,7720,2018-03-13,Delivered
7934,7721,2018-04-27,Delivered
7935,7722,2017-05-15,Delivered
7936,7723,2017-12-07,Delivered
7937,7724,2017-05-23,Delivered
7938,7725,2018-02-13,Shipped
7939,7726,2017-04-28,Delivered
7940,7727,2018-01-18,Delivered
7941,7728,2017-09-14,Delivered
7942,7729,2018-05-22,Delivered
7943,7730,2017-11-11,Delivered
7944,7731,2017-09-05,Delivered
7945,7732,2017-12-21,Delivered
7946,7733,2018-01-14,Delivered
7947,7734,2017-11-29,Delivered
7948,7735,2018-01-22,Delivered
7949,7736,2018-01-04,Delivered
7950,7737,2017-12-15,Delivered
7951,7738,2017-12-12,Delivered
7952,7739,2017-09-20,Delivered
7953,7740,2018-04-22,Delivered
7954,7741,2018-02-16,Delivered
7955,7742,2018-05-10,Delivered
7956,7743,2018-07-29,Delivered
7957,7744,2018-04-11,Delivered
7958,7745,2018-03-19,Delivered
7959,7746,2017-07-23,Delivered
7960,7747,2018-07-10,Delivered
7961,7748,2018-07-03,Delivered
7962,7749,2018-08-07,Delivered
7963,7750,2017-05-05,Delivered
7964,7751,2018-06-26,Delivered
7965,7752,2018-07-28,Delivered
7966,7753,2018-01-23,Delivered
7967,7754,2018-03-14,Delivered
7968,7755,2018-07-31,Delivered
7969,7756,2017-09-21,Invoiced
7970,7757,2017-09-22,Delivered
7971,4769,2018-01-08,Delivered
7972,7758,2017-12-08,Delivered
7973,7759,2018-08-01,Delivered
7974,7760,2018-04-12,Delivered
7975,7761,2017-11-08,Delivered
7976,7762,2018-03-29,Delivered
7977,7763,2017-02-06,Delivered
7978,7764,2018-06-25,Delivered
7979,7765,2018-04-06,Delivered
7980,7766,2017-02-09,Delivered
7981,7767,2017-02-13,Delivered
7982,7768,2018-04-05,Delivered
7983,7769,2017-05-05,Invoiced
7984,7770,2018-01-13,Delivered
7985,7771,2018-07-21,Delivered
7986,7772,2018-04-23,Delivered
7987,7773,2018-04-19,Delivered
7988,7774,2018-05-04,Delivered
7989,7775,2017-08-09,Delivered
7990,7776,2018-03-19,Delivered
7991,7777,2018-03-21,Delivered
7992,7778,2018-05-15,Delivered
7993,7779,2018-06-11,Delivered
7994,7780,2018-08-17,Delivered
7995,7781,2017-10-16,Delivered
7996,7782,2018-05-25,Delivered
7997,7783,2017-12-17,Delivered
7998,7784,2018-06-15,Delivered
7999,7785,2018-04-18,Delivered
8000,7786,2017-10-31,Delivered
8001,7787,2017-12-11,Delivered
8002,7788,2018-08-10,Delivered
8003,7789,2018-01-19,Delivered
8004,7790,2017-09-17,Delivered
8005,7791,2018-04-14,Delivered
8006,7792,2018-06-18,Delivered
8007,7793,2018-08-25,Delivered
8008,7794,2017-07-03,Shipped
8009,7795,2018-04-28,Delivered
8010,1709,2017-11-27,Delivered
8011,7796,2018-04-21,Delivered
8012,7797,2018-01-29,Delivered
8013,7798,2018-05-04,Delivered
8014,7799,2017-12-05,Delivered
8015,7800,2018-06-26,Delivered
8016,7801,2017-06-27,Delivered
8017,7802,2018-07-28,Delivered
8018,7803,2018-02-20,Delivered
8019,7804,2018-05-12,Delivered
8020,7805,2017-08-16,Delivered
8021,7806,2017-05-24,Delivered
8022,7807,2018-06-01,Delivered
8023,7808,2018-05-05,Delivered
8024,7809,2018-04-08,Delivered
8025,7810,2018-02-27,Delivered
8026,7811,2017-05-16,Delivered
8027,7812,2017-12-27,Delivered
8028,7813,2017-12-07,Delivered
8029,7814,2018-03-14,Delivered
8030,7815,2017-12-25,Delivered
8031,7816,2018-03-25,Delivered
8032,7817,2017-09-04,Delivered
8033,7818,2017-12-19,Delivered
8034,7819,2017-03-12,Delivered
8035,7820,2018-05-17,Delivered
8036,7204,2018-05-14,Delivered
8037,7821,2018-04-10,Delivered
8038,7822,2018-07-13,Delivered
8039,7823,2018-02-19,Delivered
8040,7824,2017-02-11,Delivered
8041,7825,2018-08-20,Delivered
8042,7826,2018-06-23,Delivered
8043,7827,2018-06-04,Delivered
8044,7828,2018-08-06,Delivered
8045,7829,2017-09-01,Delivered
8046,7830,2018-07-19,Delivered
8047,7831,2017-09-26,Shipped
8048,7832,2017-12-27,Delivered
8049,7833,2017-10-16,Delivered
8050,7834,2017-11-05,Delivered
8051,7835,2017-10-22,Delivered
8052,7836,2018-01-31,Delivered
8053,7837,2017-09-01,Delivered
8054,7838,2018-02-05,Delivered
8055,7839,2017-10-05,Delivered
8056,7840,2017-08-19,Delivered
8057,7841,2017-10-11,Delivered
8058,7842,2017-11-24,Delivered
8059,7843,2018-08-10,Delivered
8060,7844,2018-01-06,Delivered
8061,7845,2018-03-27,Delivered
8062,7846,2017-11-24,Delivered
8063,7847,2018-06-02,Delivered
8064,7848,2018-03-15,Delivered
8065,7849,2017-04-06,Delivered
8066,7850,2018-07-21,Delivered
8067,7851,2018-06-08,Delivered
8068,7852,2018-01-05,Delivered
8069,7853,2018-08-21,Delivered
8070,7854,2017-08-19,Delivered
8071,7855,2017-09-19,Delivered
8072,7856,2018-03-24,Delivered
8073,7857,2017-06-15,Delivered
8074,7858,2018-01-27,Delivered
8075,7859,2017-08-12,Delivered
8076,7860,2018-01-19,Delivered
8077,7861,2018-03-21,Delivered
8078,7862,2018-06-15,Delivered
8079,1168,2017-12-01,Canceled
8080,7863,2018-03-27,Delivered
8081,7864,2018-06-27,Delivered
8082,3036,2018-04-01,Delivered
8083,7865,2017-04-29,Unavailable
8084,7866,2017-11-06,Delivered
8085,7867,2018-05-14,Delivered
8086,7868,2017-11-12,Delivered
8087,7869,2017-04-15,Delivered
8088,7870,2017-01-18,Delivered
8089,7871,2017-05-09,Delivered
8090,7872,2018-04-22,Delivered
8091,7873,2017-10-13,Delivered
8092,7874,2018-08-16,Delivered
8093,7875,2018-05-20,Delivered
8094,7876,2018-05-02,Delivered
8095,7877,2018-06-05,Delivered
8096,7878,2017-03-18,Delivered
8097,7879,2018-02-14,Delivered
8098,7880,2017-03-06,Delivered
8099,7881,2018-08-16,Delivered
8100,7882,2017-03-13,Delivered
8101,7883,2018-04-10,Delivered
8102,7884,2017-03-12,Delivered
8103,7885,2018-07-20,Delivered
8104,7886,2018-03-06,Delivered
8105,7887,2017-12-17,Delivered
8106,7888,2017-07-25,Delivered
8107,7889,2018-07-12,Delivered
8108,7890,2018-05-12,Delivered
8109,7891,2018-02-28,Delivered
8110,7892,2018-05-02,Delivered
8111,7893,2017-05-08,Delivered
8112,7894,2017-11-25,Delivered
8113,7895,2017-11-27,Delivered
8114,7896,2017-07-17,Delivered
8115,7897,2018-07-28,Delivered
8116,7898,2018-03-28,Delivered
8117,7899,2017-04-04,Delivered
8118,7900,2017-10-08,Delivered
8119,7901,2018-04-01,Delivered
8120,7902,2017-12-22,Delivered
8121,7903,2018-08-24,Delivered
8122,7904,2017-10-30,Delivered
8123,7905,2017-12-26,Delivered
8124,7906,2018-03-27,Delivered
8125,7907,2018-03-21,Delivered
8126,7908,2018-08-08,Delivered
8127,7909,2017-02-25,Delivered
8128,7910,2017-11-17,Unavailable
8129,7911,2017-09-14,Delivered
8130,7912,2018-06-13,Delivered
8131,7913,2017-12-04,Delivered
8132,7914,2018-06-22,Delivered
8133,7915,2018-03-28,Delivered
8134,7916,2017-01-18,Delivered
8135,7917,2017-05-08,Delivered
8136,7918,2018-07-17,Delivered
8137,7919,2018-04-24,Delivered
8138,7920,2017-07-20,Delivered
8139,7921,2017-11-24,Delivered
8140,7922,2017-06-08,Delivered
8141,7923,2017-05-04,Delivered
8142,7924,2018-05-16,Delivered
8143,7925,2018-07-05,Delivered
8144,7926,2018-01-26,Delivered
8145,7927,2017-08-03,Delivered
8146,7928,2018-02-08,Delivered
8147,7929,2017-10-05,Delivered
8148,7930,2018-01-10,Delivered
8149,934,2018-08-04,Delivered
8150,7931,2018-05-03,Delivered
8151,7932,2017-08-16,Delivered
8152,7933,2018-06-04,Delivered
8153,7934,2017-11-27,Delivered
8154,7935,2018-08-01,Delivered
8155,7936,2017-12-06,Delivered
8156,4978,2017-04-13,Delivered
8157,7937,2017-11-28,Delivered
8158,7938,2018-08-10,Delivered
8159,7939,2018-06-02,Delivered
8160,7940,2018-04-08,Delivered
8161,7941,2017-06-08,Delivered
8162,7942,2018-07-12,Delivered
8163,7943,2017-12-02,Delivered
8164,7944,2017-07-21,Delivered
8165,7945,2018-07-09,Delivered
8166,5402,2017-07-19,Delivered
8167,7946,2017-06-27,Delivered
8168,7947,2017-05-03,Delivered
8169,7948,2018-02-13,Delivered
8170,7949,2018-06-20,Delivered
8171,7950,2017-08-16,Delivered
8172,7951,2017-04-22,Delivered
8173,7952,2017-12-07,Delivered
8174,7953,2018-01-14,Delivered
8175,7954,2017-11-05,Delivered
8176,7955,2017-11-07,Delivered
8177,7956,2017-04-15,Delivered
8178,7957,2017-04-13,Delivered
8179,7958,2017-11-02,Delivered
8180,7959,2018-01-25,Delivered
8181,7960,2018-01-03,Delivered
8182,7961,2018-03-28,Delivered
8183,7962,2018-03-04,Delivered
8184,7963,2017-05-14,Delivered
8185,7964,2017-06-02,Delivered
8186,7965,2018-03-15,Shipped
8187,7966,2017-12-15,Delivered
8188,7967,2017-12-17,Delivered
8189,7968,2017-02-08,Delivered
8190,7969,2017-08-11,Delivered
8191,7970,2018-01-13,Delivered
8192,7971,2017-11-06,Delivered
8193,7972,2017-11-17,Delivered
8194,7973,2017-08-19,Delivered
8195,7974,2018-08-14,Delivered
8196,7975,2017-06-02,Delivered
8197,7976,2018-01-22,Delivered
8198,7977,2017-09-27,Delivered
8199,7978,2017-12-07,Delivered
8200,7979,2017-12-12,Delivered
8201,7980,2017-12-13,Delivered
8202,7981,2018-04-27,Delivered
8203,7982,2017-10-04,Delivered
8204,7983,2018-01-08,Delivered
8205,7984,2018-03-16,Delivered
8206,7985,2018-03-30,Delivered
8207,7986,2017-09-18,Shipped
8208,7987,2017-09-04,Delivered
8209,7988,2018-05-23,Delivered
8210,7989,2018-02-24,Delivered
8211,7990,2018-05-29,Delivered
8212,7991,2018-05-18,Delivered
8213,7739,2018-01-03,Delivered
8214,7992,2017-06-06,Delivered
8215,7993,2017-08-10,Delivered
8216,7994,2018-06-11,Delivered
8217,7995,2018-07-11,Delivered
8218,7996,2017-01-31,Delivered
8219,7997,2017-12-29,Delivered
8220,7998,2017-11-21,Delivered
8221,7999,2018-03-02,Delivered
8222,8000,2018-06-04,Delivered
8223,8001,2018-07-16,Delivered
8224,8002,2017-05-11,Delivered
8225,8003,2018-06-20,Delivered
8226,8004,2018-06-22,Invoiced
8227,8005,2017-03-25,Delivered
8228,8006,2018-04-20,Delivered
8229,8007,2017-10-24,Delivered
8230,8008,2018-02-04,Delivered
8231,8009,2018-01-31,Delivered
8232,8010,2017-07-07,Delivered
8233,8011,2018-02-25,Delivered
8234,8012,2018-03-09,Delivered
8235,8013,2018-01-27,Delivered
8236,8014,2018-04-09,Delivered
8237,8015,2017-07-09,Delivered
8238,8016,2017-04-21,Delivered
8239,8017,2018-07-28,Delivered
8240,8018,2017-06-13,Delivered
8241,8019,2018-04-25,Delivered
8242,8020,2017-06-17,Delivered
8243,8021,2018-02-19,Delivered
8244,8022,2017-04-01,Delivered
8245,8023,2017-10-16,Delivered
8246,8024,2018-02-20,Delivered
8247,8025,2017-03-08,Delivered
8248,8026,2018-06-07,Delivered
8249,8027,2018-06-18,Delivered
8250,8028,2018-08-16,Delivered
8251,8029,2018-02-15,Shipped
8252,8030,2018-07-16,Delivered
8253,8031,2018-06-17,Delivered
8254,8032,2017-07-31,Delivered
8255,4864,2018-04-24,Delivered
8256,8033,2018-07-19,Delivered
8257,8034,2017-07-18,Delivered
8258,8035,2017-11-27,Delivered
8259,8036,2018-04-16,Delivered
8260,8037,2018-01-28,Delivered
8261,8038,2017-11-27,Delivered
8262,8039,2018-02-06,Delivered
8263,8040,2018-05-02,Delivered
8264,8041,2018-03-29,Delivered
8265,8042,2018-03-12,Delivered
8266,8043,2017-02-12,Delivered
8267,8044,2018-02-08,Delivered
8268,8045,2017-12-07,Delivered
8269,8046,2017-03-08,Delivered
8270,8047,2018-08-27,Delivered
8271,493,2017-10-29,Delivered
8272,8048,2018-01-09,Delivered
8273,8049,2018-06-02,Delivered
8274,8050,2017-04-23,Delivered
8275,8051,2018-05-08,Delivered
8276,8052,2018-05-06,Delivered
8277,8053,2018-01-23,Delivered
8278,8054,2018-02-03,Delivered
8279,8055,2017-09-13,Delivered
8280,8056,2017-03-15,Delivered
8281,8057,2018-02-05,Delivered
8282,8058,2017-10-21,Delivered
8283,8059,2017-02-08,Delivered
8284,8060,2017-12-21,Delivered
8285,8061,2018-05-10,Delivered
8286,8062,2017-09-03,Delivered
8287,8063,2018-06-15,Delivered
8288,8064,2017-08-08,Delivered
8289,8065,2018-05-18,Delivered
8290,8066,2017-08-07,Delivered
8291,8067,2017-07-17,Delivered
8292,8068,2018-06-26,Delivered
8293,8069,2018-04-14,Delivered
8294,8070,2017-04-29,Delivered
8295,5759,2017-10-19,Delivered
8296,8071,2018-05-07,Delivered
8297,8072,2018-02-28,Delivered
8298,8073,2018-08-16,Delivered
8299,8074,2017-07-26,Delivered
8300,8075,2017-11-30,Delivered
8301,8076,2018-05-07,Delivered
8302,8077,2018-01-15,Delivered
8303,8078,2017-11-24,Delivered
8304,8079,2017-02-15,Invoiced
8305,8080,2018-05-09,Delivered
8306,8081,2018-04-14,Delivered
8307,8082,2018-08-24,Delivered
8308,8083,2017-07-05,Delivered
8309,8084,2018-02-08,Delivered
8310,8085,2017-12-13,Delivered
8311,8086,2017-12-05,Delivered
8312,8087,2017-10-01,Canceled
8313,8088,2018-04-02,Delivered
8314,8089,2018-03-16,Delivered
8315,8090,2018-05-18,Delivered
8316,8091,2017-04-20,Delivered
8317,8092,2018-05-03,Delivered
8318,8093,2017-04-17,Delivered
8319,8094,2017-02-14,Delivered
8320,8095,2017-08-09,Delivered
8321,8096,2017-08-23,Delivered
8322,8097,2017-11-12,Delivered
8323,8098,2017-09-11,Delivered
8324,8099,2017-03-14,Delivered
8325,8100,2017-10-28,Delivered
8326,8101,2018-03-22,Delivered
8327,8102,2018-05-27,Delivered
8328,8103,2018-08-01,Delivered
8329,8104,2018-01-03,Delivered
8330,8105,2018-04-07,Delivered
8331,8106,2018-01-10,Delivered
8332,8107,2018-01-23,Delivered
8333,8108,2018-06-09,Shipped
8334,8109,2018-05-16,Delivered
8335,8110,2018-07-11,Delivered
8336,8111,2017-12-24,Delivered
8337,8112,2017-10-01,Delivered
8338,8113,2017-10-25,Delivered
8339,8114,2017-02-02,Delivered
8340,8115,2017-10-10,Delivered
8341,8116,2017-02-25,Delivered
8342,8117,2017-12-07,Delivered
8343,8118,2018-08-18,Delivered
8344,8119,2018-01-22,Delivered
8345,8120,2017-10-27,Delivered
8346,8121,2017-11-28,Delivered
8347,8122,2017-06-14,Delivered
8348,8123,2017-04-12,Delivered
8349,8124,2017-05-16,Delivered
8350,8125,2018-08-01,Delivered
8351,8126,2017-12-27,Delivered
8352,8127,2018-01-05,Delivered
8353,8128,2018-04-06,Delivered
8354,8129,2018-08-13,Delivered
8355,8130,2018-03-22,Delivered
8356,8131,2018-06-17,Delivered
8357,8132,2018-07-04,Delivered
8358,8133,2017-01-25,Delivered
8359,8134,2018-05-10,Delivered
8360,8135,2017-11-18,Delivered
8361,8136,2017-11-23,Delivered
8362,8137,2018-03-26,Delivered
8363,8138,2018-02-18,Delivered
8364,8139,2018-06-04,Delivered
8365,8140,2018-05-03,Delivered
8366,8141,2018-06-16,Delivered
8367,8142,2018-05-09,Delivered
8368,8143,2018-01-20,Delivered
8369,8144,2017-04-04,Delivered
8370,8145,2017-09-25,Delivered
8371,8146,2018-05-10,Delivered
8372,8147,2018-04-28,Delivered
8373,8148,2018-06-26,Delivered
8374,8149,2017-05-12,Delivered
8375,8150,2018-03-10,Delivered
8376,8151,2017-06-23,Delivered
8377,8152,2017-07-03,Delivered
8378,8153,2018-02-14,Delivered
8379,8154,2018-08-14,Delivered
8380,8155,2018-02-16,Delivered
8381,8156,2018-01-24,Delivered
8382,8157,2018-06-23,Delivered
8383,8158,2018-07-22,Delivered
8384,8159,2018-03-03,Delivered
8385,8160,2018-03-18,Delivered
8386,8161,2017-11-26,Delivered
8387,8162,2018-04-02,Delivered
8388,8163,2018-08-01,Delivered
8389,8164,2018-05-12,Delivered
8390,8165,2017-10-10,Delivered
8391,8166,2017-07-04,Delivered
8392,8167,2017-09-20,Delivered
8393,8168,2017-08-29,Delivered
8394,8169,2017-11-23,Delivered
8395,2140,2017-09-04,Delivered
8396,8170,2018-05-06,Delivered
8397,8171,2018-07-24,Delivered
8398,8172,2017-06-16,Shipped
8399,8173,2017-10-03,Delivered
8400,8174,2018-02-22,Delivered
8401,8175,2018-06-21,Delivered
8402,8176,2017-10-19,Delivered
8403,8177,2018-07-28,Delivered
8404,8178,2017-03-16,Delivered
8405,8179,2017-09-27,Delivered
8406,8180,2018-03-26,Delivered
8407,8181,2018-03-12,Delivered
8408,8182,2018-03-03,Delivered
8409,8183,2018-03-26,Delivered
8410,8184,2018-02-25,Delivered
8411,8185,2018-07-22,Delivered
8412,8186,2018-02-28,Delivered
8413,8187,2018-07-03,Delivered
8414,8188,2017-10-06,Delivered
8415,8189,2017-06-01,Delivered
8416,8190,2017-07-24,Delivered
8417,8191,2018-03-22,Delivered
8418,8192,2018-04-16,Delivered
8419,8193,2018-04-17,Delivered
8420,8194,2017-02-27,Delivered
8421,8195,2017-11-25,Delivered
8422,8196,2018-05-30,Delivered
8423,8197,2018-07-17,Delivered
8424,8198,2017-04-18,Delivered
8425,8199,2018-02-04,Delivered
8426,8200,2018-08-12,Delivered
8427,8201,2018-08-07,Delivered
8428,8202,2017-03-17,Delivered
8429,8203,2017-09-20,Delivered
8430,8204,2018-03-11,Delivered
8431,8205,2017-11-15,Delivered
8432,8206,2017-12-05,Delivered
8433,8207,2017-08-15,Delivered
8434,8208,2017-12-29,Delivered
8435,8209,2018-04-23,Delivered
8436,8210,2018-04-18,Delivered
8437,8211,2018-07-26,Delivered
8438,8212,2018-07-30,Unavailable
8439,8213,2018-03-12,Delivered
8440,8214,2018-06-23,Delivered
8441,8215,2018-02-12,Delivered
8442,8216,2018-08-06,Delivered
8443,8217,2017-08-16,Delivered
8444,8218,2018-01-10,Delivered
8445,8219,2017-08-29,Processing
8446,8220,2018-04-11,Delivered
8447,8221,2017-09-04,Delivered
8448,8222,2018-06-27,Delivered
8449,8223,2017-09-10,Delivered
8450,8224,2017-05-16,Delivered
8451,8225,2018-06-24,Delivered
8452,8226,2017-02-27,Delivered
8453,8227,2017-10-28,Delivered
8454,8228,2018-08-21,Delivered
8455,8229,2017-03-13,Delivered
8456,8230,2017-06-28,Delivered
8457,8231,2018-03-25,Delivered
8458,8232,2018-01-26,Delivered
8459,8233,2018-05-30,Delivered
8460,8234,2017-11-11,Delivered
8461,8235,2018-07-21,Delivered
8462,8236,2018-05-02,Delivered
8463,8237,2018-03-20,Delivered
8464,2098,2018-04-17,Delivered
8465,845,2017-08-21,Delivered
8466,8238,2018-01-14,Delivered
8467,8239,2018-01-30,Canceled
8468,8240,2018-04-18,Delivered
8469,8241,2018-07-18,Delivered
8470,8242,2017-03-04,Delivered
8471,8243,2018-07-07,Delivered
8472,8244,2018-05-09,Delivered
8473,8245,2017-10-23,Delivered
8474,8246,2018-05-14,Shipped
8475,8247,2017-07-05,Delivered
8476,8248,2018-07-25,Delivered
8477,8249,2017-12-28,Delivered
8478,8250,2018-02-20,Delivered
8479,8251,2018-01-24,Delivered
8480,8252,2018-01-07,Delivered
8481,8253,2017-11-30,Delivered
8482,8254,2017-12-02,Delivered
8483,8255,2018-01-10,Delivered
8484,8256,2017-12-03,Delivered
8485,8257,2017-12-21,Delivered
8486,8258,2017-06-27,Delivered
8487,8259,2018-02-17,Delivered
8488,8260,2017-08-08,Delivered
8489,8261,2018-07-20,Delivered
8490,8262,2017-07-14,Delivered
8491,8263,2018-05-13,Delivered
8492,8264,2018-06-06,Delivered
8493,8265,2018-06-03,Delivered
8494,8266,2018-04-05,Delivered
8495,8267,2017-11-24,Delivered
8496,8268,2017-05-15,Delivered
8497,8269,2018-03-08,Delivered
8498,8270,2018-05-29,Delivered
8499,8271,2018-03-09,Delivered
8500,8272,2017-12-03,Delivered
8501,8273,2017-10-26,Delivered
8502,8274,2017-12-01,Delivered
8503,8275,2018-08-23,Delivered
8504,8276,2018-02-07,Delivered
8505,8277,2017-09-22,Delivered
8506,8278,2017-11-01,Delivered
8507,8279,2018-05-12,Delivered
8508,8280,2018-03-29,Delivered
8509,8281,2018-03-21,Delivered
8510,8282,2017-10-10,Delivered
8511,8283,2017-12-04,Delivered
8512,8284,2018-04-12,Delivered
8513,8285,2018-05-18,Delivered
8514,8286,2017-07-19,Delivered
8515,8287,2018-01-22,Delivered
8516,8288,2017-10-30,Delivered
8517,8289,2017-03-03,Delivered
8518,8290,2017-10-17,Delivered
8519,8291,2018-08-20,Delivered
8520,8292,2017-09-11,Delivered
8521,8293,2017-08-25,Delivered
8522,8294,2017-04-26,Delivered
8523,8295,2018-01-11,Delivered
8524,8296,2017-11-24,Delivered
8525,8297,2018-03-10,Delivered
8526,8298,2018-01-26,Delivered
8527,8299,2017-02-09,Delivered
8528,8300,2018-04-15,Delivered
8529,8301,2018-01-03,Delivered
8530,8302,2018-01-11,Delivered
8531,8303,2018-03-04,Delivered
8532,8304,2018-05-01,Delivered
8533,8305,2018-05-28,Delivered
8534,8306,2017-11-30,Delivered
8535,8307,2018-08-06,Delivered
8536,8308,2017-09-15,Delivered
8537,8309,2018-02-21,Delivered
8538,8310,2017-07-06,Delivered
8539,8311,2017-10-30,Delivered
8540,8312,2017-03-16,Delivered
8541,8313,2017-06-02,Invoiced
8542,8314,2018-05-25,Delivered
8543,8315,2018-01-31,Delivered
8544,8316,2018-04-24,Delivered
8545,8317,2017-09-05,Delivered
8546,8318,2017-06-29,Delivered
8547,8319,2017-06-11,Delivered
8548,8320,2018-06-19,Delivered
8549,8321,2018-03-18,Delivered
8550,8322,2018-07-25,Delivered
8551,8323,2017-09-05,Delivered
8552,8324,2017-08-10,Delivered
8553,8325,2017-10-19,Delivered
8554,8326,2017-10-16,Delivered
8555,8327,2017-11-21,Delivered
8556,8328,2018-06-07,Delivered
8557,8329,2018-01-14,Delivered
8558,8330,2018-08-05,Delivered
8559,8331,2017-04-22,Delivered
8560,8332,2018-04-21,Delivered
8561,8333,2017-12-04,Delivered
8562,8334,2018-01-29,Delivered
8563,8335,2017-12-12,Delivered
8564,8336,2017-08-15,Delivered
8565,8337,2018-03-09,Delivered
8566,4106,2017-11-24,Delivered
8567,8338,2018-05-08,Delivered
8568,8339,2018-04-20,Delivered
8569,8340,2017-11-13,Delivered
8570,8341,2018-03-23,Delivered
8571,8342,2018-05-21,Delivered
8572,8343,2018-08-20,Delivered
8573,8344,2017-11-18,Delivered
8574,8345,2018-03-04,Delivered
8575,8346,2017-02-24,Delivered
8576,8347,2017-06-30,Delivered
8577,8348,2018-01-16,Delivered
8578,8349,2017-08-04,Delivered
8579,4893,2017-05-27,Delivered
8580,8350,2018-03-19,Shipped
8581,8351,2018-06-08,Delivered
8582,8352,2018-07-19,Delivered
8583,8353,2018-04-27,Delivered
8584,8354,2017-04-05,Delivered
8585,8355,2017-07-14,Delivered
8586,8356,2017-07-08,Delivered
8587,8357,2017-09-04,Delivered
8588,8358,2018-03-07,Delivered
8589,8359,2018-02-01,Delivered
8590,8360,2017-06-01,Delivered
8591,8361,2017-11-26,Delivered
8592,8362,2018-07-21,Delivered
8593,8363,2018-06-26,Delivered
8594,8364,2017-01-20,Delivered
8595,8365,2018-03-19,Delivered
8596,8366,2017-11-24,Delivered
8597,8367,2018-01-02,Delivered
8598,8368,2017-10-19,Delivered
8599,8369,2017-08-28,Delivered
8600,8370,2018-05-10,Delivered
8601,8371,2018-08-13,Delivered
8602,8372,2017-01-29,Delivered
8603,8373,2017-06-06,Processing
8604,8374,2017-11-26,Delivered
8605,8375,2018-03-07,Delivered
8606,8376,2017-03-14,Delivered
8607,8377,2017-10-16,Delivered
8608,8378,2018-04-28,Delivered
8609,8379,2017-08-03,Delivered
8610,8380,2017-11-23,Shipped
8611,8381,2018-06-21,Delivered
8612,8382,2018-03-05,Delivered
8613,8383,2017-05-01,Delivered
8614,8384,2018-01-08,Delivered
8615,8385,2017-08-20,Delivered
8616,8386,2017-06-30,Delivered
8617,8387,2017-05-18,Delivered
8618,8388,2017-07-13,Delivered
8619,1817,2017-07-31,Delivered
8620,8389,2017-03-13,Delivered
8621,8390,2017-10-03,Delivered
8622,8391,2018-06-15,Delivered
8623,8392,2018-04-23,Delivered
8624,8393,2017-10-15,Delivered
8625,8394,2017-08-11,Delivered
8626,6121,2017-12-03,Delivered
8627,8395,2017-04-10,Delivered
8628,8396,2017-07-12,Delivered
8629,8397,2018-04-14,Delivered
8630,8398,2017-02-07,Delivered
8631,8399,2017-07-19,Delivered
8632,8400,2017-12-17,Delivered
8633,8401,2018-08-19,Delivered
8634,8402,2018-07-02,Delivered
8635,8403,2017-04-13,Delivered
8636,8404,2018-04-21,Delivered
8637,8405,2018-01-13,Delivered
8638,8406,2018-08-16,Delivered
8639,8407,2017-10-11,Delivered
8640,8408,2017-10-15,Delivered
8641,8409,2018-01-16,Delivered
8642,8410,2018-03-28,Delivered
8643,8411,2017-05-10,Delivered
8644,5487,2018-02-04,Delivered
8645,8412,2018-01-13,Delivered
8646,8413,2018-07-26,Delivered
8647,8414,2018-01-18,Delivered
8648,8415,2018-03-02,Delivered
8649,8416,2018-01-23,Delivered
8650,8417,2018-01-30,Delivered
8651,8418,2018-04-13,Delivered
8652,8419,2017-07-01,Delivered
8653,8420,2018-08-13,Delivered
8654,8421,2017-06-25,Shipped
8655,8422,2017-11-06,Delivered
8656,3516,2018-03-05,Delivered
8657,8423,2017-11-25,Delivered
8658,8424,2018-07-11,Delivered
8659,8425,2018-06-04,Delivered
8660,5859,2018-04-05,Delivered
8661,8426,2018-03-10,Delivered
8662,8427,2018-01-07,Delivered
8663,8428,2017-03-23,Delivered
8664,8429,2018-06-05,Delivered
8665,8430,2018-02-20,Delivered
8666,8431,2017-07-25,Delivered
8667,8432,2017-05-05,Delivered
8668,8433,2017-11-26,Delivered
8669,8434,2018-07-03,Delivered
8670,8435,2018-07-25,Delivered
8671,8436,2018-03-15,Delivered
8672,8437,2017-09-09,Shipped
8673,8438,2018-08-22,Delivered
8674,8439,2017-10-23,Delivered
8675,8440,2018-08-13,Delivered
8676,8441,2017-07-22,Delivered
8677,8442,2018-07-26,Delivered
8678,8443,2018-06-18,Delivered
8679,8444,2017-10-22,Unavailable
8680,8445,2017-11-10,Delivered
8681,8446,2018-07-17,Canceled
8682,2290,2018-07-22,Delivered
8683,8447,2018-03-10,Delivered
8684,8448,2017-04-30,Delivered
8685,8449,2018-07-11,Delivered
8686,8450,2018-07-01,Delivered
8687,8451,2017-04-30,Delivered
8688,8452,2018-07-06,Delivered
8689,8453,2018-05-23,Delivered
8690,8454,2017-05-16,Delivered
8691,8455,2018-03-21,Delivered
8692,8456,2018-02-03,Delivered
8693,8457,2018-04-02,Delivered
8694,8458,2017-05-12,Delivered
8695,8459,2017-08-16,Delivered
8696,8460,2018-01-14,Delivered
8697,8461,2018-05-08,Delivered
8698,8462,2017-03-05,Delivered
8699,8463,2018-02-08,Delivered
8700,8464,2018-04-19,Delivered
8701,8465,2018-04-16,Delivered
8702,8466,2018-03-07,Delivered
8703,8467,2017-12-14,Delivered
8704,8468,2017-10-13,Delivered
8705,8469,2018-08-17,Delivered
8706,8470,2018-07-23,Delivered
8707,8471,2018-01-25,Delivered
8708,8472,2018-02-01,Delivered
8709,8473,2017-11-24,Delivered
8710,8474,2017-04-17,Delivered
8711,8475,2017-04-10,Delivered
8712,8476,2018-03-07,Delivered
8713,8477,2018-08-22,Delivered
8714,8310,2017-07-06,Delivered
8715,8478,2018-05-20,Delivered
8716,8479,2017-09-19,Delivered
8717,8480,2017-11-17,Delivered
8718,8481,2017-09-02,Delivered
8719,8482,2018-07-09,Delivered
8720,8483,2017-12-09,Delivered
8721,8484,2017-03-14,Delivered
8722,8485,2017-05-11,Delivered
8723,8486,2017-04-24,Delivered
8724,584,2018-02-26,Delivered
8725,8487,2017-12-18,Delivered
8726,8488,2017-05-14,Delivered
8727,8489,2017-04-12,Delivered
8728,8490,2017-07-08,Delivered
8729,8491,2018-02-27,Delivered
8730,8492,2017-10-10,Delivered
8731,8493,2018-01-29,Delivered
8732,8494,2018-05-14,Delivered
8733,8495,2018-02-21,Delivered
8734,8496,2017-11-21,Delivered
8735,8497,2017-08-22,Delivered
8736,8498,2017-07-18,Delivered
8737,8499,2018-03-21,Delivered
8738,8500,2017-08-26,Invoiced
8739,8501,2017-12-05,Delivered
8740,8502,2018-06-26,Delivered
8741,8503,2017-10-10,Delivered
8742,8504,2017-10-02,Delivered
8743,8505,2017-06-13,Delivered
8744,8506,2017-07-21,Delivered
8745,8507,2018-03-19,Delivered
8746,5914,2017-03-20,Delivered
8747,8508,2018-01-08,Delivered
8748,8509,2018-07-21,Delivered
8749,8510,2017-09-15,Delivered
8750,8511,2018-01-08,Delivered
8751,8512,2017-09-06,Delivered
8752,8513,2018-03-11,Delivered
8753,8514,2018-03-18,Delivered
8754,8515,2018-02-26,Delivered
8755,8516,2018-02-15,Delivered
8756,8517,2017-10-01,Delivered
8757,8518,2018-02-15,Delivered
8758,8519,2018-08-16,Delivered
8759,8520,2017-11-02,Delivered
8760,8521,2018-03-14,Delivered
8761,8522,2018-04-16,Delivered
8762,8523,2017-11-11,Delivered
8763,8524,2018-05-09,Delivered
8764,8525,2017-12-30,Delivered
8765,8526,2017-10-11,Delivered
8766,8527,2018-08-04,Delivered
8767,8528,2018-07-19,Delivered
8768,8529,2017-12-17,Delivered
8769,8530,2018-05-10,Delivered
8770,8531,2017-11-28,Delivered
8771,8532,2018-01-13,Delivered
8772,8533,2017-12-06,Delivered
8773,8534,2018-05-11,Delivered
8774,8535,2018-07-28,Delivered
8775,8536,2018-06-18,Delivered
8776,8537,2018-03-18,Delivered
8777,8538,2017-05-15,Delivered
8778,8539,2018-08-03,Delivered
8779,8540,2018-01-08,Delivered
8780,8541,2017-09-01,Delivered
8781,8542,2017-03-25,Delivered
8782,8543,2017-11-24,Delivered
8783,3021,2018-06-03,Delivered
8784,8544,2017-11-13,Delivered
8785,8545,2018-08-04,Delivered
8786,8546,2017-04-29,Delivered
8787,8547,2017-05-28,Delivered
8788,8548,2018-08-20,Delivered
8789,8549,2018-02-01,Delivered
8790,8550,2017-06-30,Delivered
8791,8551,2018-02-06,Delivered
8792,8552,2018-03-15,Delivered
8793,8553,2017-08-30,Delivered
8794,8554,2018-04-21,Delivered
8795,8555,2018-08-06,Delivered
8796,8556,2018-03-01,Delivered
8797,8557,2017-09-01,Delivered
8798,8558,2018-08-23,Delivered
8799,8559,2018-06-13,Delivered
8800,8560,2017-11-06,Delivered
8801,8561,2018-01-17,Delivered
8802,8562,2017-11-25,Delivered
8803,8563,2018-06-07,Delivered
8804,8564,2018-07-04,Delivered
8805,8565,2018-04-25,Delivered
8806,8566,2018-02-28,Delivered
8807,8567,2018-04-21,Delivered
8808,8568,2018-05-16,Delivered
8809,8569,2018-03-30,Delivered
8810,8570,2017-06-08,Delivered
8811,8571,2018-05-06,Delivered
8812,8572,2018-08-17,Delivered
8813,8573,2018-01-20,Delivered
8814,8574,2018-06-07,Delivered
8815,8575,2017-08-28,Delivered
8816,8576,2017-10-20,Delivered
8817,8577,2018-08-05,Delivered
8818,8578,2017-05-23,Delivered
8819,8579,2017-11-24,Delivered
8820,8580,2018-04-21,Delivered
8821,8581,2018-06-05,Delivered
8822,8582,2018-07-23,Delivered
8823,8583,2018-08-15,Delivered
8824,8584,2017-11-28,Delivered
8825,8585,2017-06-16,Delivered
8826,8586,2018-03-31,Delivered
8827,8587,2017-09-29,Delivered
8828,8588,2017-11-27,Delivered
8829,8589,2017-09-16,Delivered
8830,8590,2018-02-07,Delivered
8831,8591,2017-11-04,Delivered
8832,8592,2017-12-09,Delivered
8833,8593,2018-02-08,Delivered
8834,8594,2018-04-06,Delivered
8835,8595,2018-05-14,Delivered
8836,8596,2018-02-03,Delivered
8837,8597,2017-04-21,Delivered
8838,8598,2018-05-18,Delivered
8839,8599,2017-10-02,Delivered
8840,8600,2018-07-10,Delivered
8841,8601,2018-08-17,Delivered
8842,8602,2018-01-05,Delivered
8843,8603,2018-06-02,Delivered
8844,8604,2017-09-30,Delivered
8845,8605,2018-01-07,Delivered
8846,8606,2018-06-29,Delivered
8847,8607,2018-01-16,Shipped
8848,8608,2018-02-22,Delivered
8849,8609,2018-01-11,Delivered
8850,8610,2018-03-12,Delivered
8851,8611,2017-12-27,Delivered
8852,8612,2017-02-04,Delivered
8853,8613,2018-01-25,Delivered
8854,8614,2017-02-10,Delivered
8855,8615,2017-03-15,Delivered
8856,8616,2018-05-07,Invoiced
8857,8617,2018-04-30,Delivered
8858,8618,2017-04-10,Delivered
8859,8619,2018-03-21,Delivered
8860,8620,2017-11-22,Delivered
8861,8621,2017-02-03,Delivered
8862,8622,2018-08-02,Delivered
8863,8623,2018-03-27,Delivered
8864,8624,2018-01-08,Delivered
8865,8625,2017-04-05,Delivered
8866,8626,2017-07-14,Delivered
8867,8627,2018-01-24,Delivered
8868,8628,2018-03-20,Delivered
8869,8629,2018-05-19,Delivered
8870,8630,2018-05-24,Delivered
8871,8631,2018-06-22,Delivered
8872,8569,2018-05-01,Delivered
8873,8632,2018-07-16,Delivered
8874,8633,2017-12-04,Delivered
8875,8634,2017-11-20,Delivered
8876,8635,2018-07-23,Delivered
8877,8636,2018-02-02,Delivered
8878,8637,2017-07-26,Delivered
8879,8638,2017-11-25,Delivered
8880,8639,2017-06-23,Delivered
8881,8640,2018-07-20,Delivered
8882,8641,2017-10-16,Delivered
8883,8642,2017-06-16,Delivered
8884,8643,2018-06-23,Delivered
8885,689,2017-12-03,Delivered
8886,8644,2017-07-08,Delivered
8887,158,2017-12-02,Delivered
8888,8645,2017-11-28,Delivered
8889,8646,2018-08-15,Delivered
8890,8647,2017-07-16,Delivered
8891,8648,2017-10-31,Delivered
8892,8649,2018-02-02,Delivered
8893,8650,2017-04-10,Delivered
8894,8651,2017-10-05,Delivered
8895,8652,2017-07-12,Delivered
8896,8653,2018-04-25,Delivered
8897,8654,2017-04-16,Delivered
8898,8655,2018-07-28,Delivered
8899,8656,2018-06-05,Delivered
8900,8657,2017-06-08,Delivered
8901,8658,2017-06-01,Delivered
8902,8659,2017-11-09,Delivered
8903,8660,2018-07-16,Delivered
8904,8661,2018-02-22,Delivered
8905,8662,2017-11-22,Delivered
8906,8663,2018-08-08,Delivered
8907,8664,2018-08-05,Delivered
8908,8665,2017-08-31,Delivered
8909,8666,2018-03-13,Delivered
8910,8667,2018-01-07,Delivered
8911,8668,2018-08-10,Canceled
8912,8669,2018-02-28,Delivered
8913,6065,2017-07-21,Delivered
8914,8670,2018-02-06,Delivered
8915,8671,2017-10-04,Delivered
8916,8672,2017-10-03,Delivered
8917,8673,2018-05-10,Delivered
8918,8674,2018-02-14,Delivered
8919,8675,2018-06-27,Delivered
8920,8676,2017-03-08,Delivered
8921,8677,2018-07-23,Delivered
8922,8678,2018-06-02,Delivered
8923,8679,2018-06-15,Delivered
8924,8680,2018-01-10,Delivered
8925,8681,2017-11-01,Delivered
8926,8682,2017-09-12,Delivered
8927,8683,2017-07-03,Delivered
8928,8684,2018-02-28,Delivered
8929,8685,2017-12-12,Delivered
8930,8686,2017-10-27,Delivered
8931,8687,2017-10-18,Delivered
8932,8688,2018-07-17,Delivered
8933,8689,2017-08-28,Delivered
8934,614,2018-07-18,Delivered
8935,8690,2017-07-11,Delivered
8936,8691,2018-07-23,Delivered
8937,8692,2018-08-15,Delivered
8938,8693,2018-02-14,Delivered
8939,8694,2018-01-02,Delivered
8940,8695,2017-03-11,Delivered
8941,8696,2018-02-11,Delivered
8942,7633,2018-05-03,Delivered
8943,8697,2018-05-09,Delivered
8944,8698,2018-05-07,Delivered
8945,8699,2018-05-12,Delivered
8946,8700,2018-08-10,Delivered
8947,8701,2017-09-12,Delivered
8948,8702,2017-05-22,Delivered
8949,8703,2018-04-14,Delivered
8950,8704,2018-01-21,Delivered
8951,8705,2018-06-28,Delivered
8952,8706,2018-04-09,Delivered
8953,8707,2018-04-02,Delivered
8954,8708,2018-05-09,Delivered
8955,8709,2017-10-15,Delivered
8956,8710,2018-06-19,Delivered
8957,8711,2018-07-21,Delivered
8958,8712,2017-07-25,Delivered
8959,8713,2017-07-21,Delivered
8960,8714,2018-03-11,Delivered
8961,8715,2017-09-19,Delivered
8962,8716,2018-05-01,Delivered
8963,3648,2018-05-04,Delivered
8964,8717,2017-07-26,Delivered
8965,8718,2018-03-14,Delivered
8966,8719,2017-04-22,Delivered
8967,8720,2017-07-16,Delivered
8968,8721,2018-01-08,Delivered
8969,8722,2017-08-07,Delivered
8970,8723,2018-03-29,Delivered
8971,8724,2018-04-18,Delivered
8972,8725,2018-07-11,Delivered
8973,589,2018-03-31,Delivered
8974,8726,2018-04-02,Delivered
8975,8727,2017-12-12,Delivered
8976,8728,2017-07-20,Delivered
8977,8729,2017-11-09,Delivered
8978,8730,2018-08-21,Delivered
8979,8731,2018-03-23,Delivered
8980,8732,2018-05-13,Delivered
8981,8733,2017-11-28,Delivered
8982,8734,2017-12-10,Delivered
8983,8735,2017-03-09,Delivered
8984,8736,2017-11-26,Delivered
8985,1688,2018-06-04,Delivered
8986,8737,2017-10-24,Delivered
8987,8738,2018-06-14,Delivered
8988,8739,2018-07-29,Delivered
8989,8740,2018-01-13,Delivered
8990,8741,2018-03-22,Delivered
8991,8742,2018-07-21,Delivered
8992,8743,2017-04-03,Delivered
8993,8744,2017-07-23,Delivered
8994,8745,2018-07-03,Delivered
8995,8746,2017-02-07,Delivered
8996,8747,2018-02-09,Delivered
8997,8748,2018-03-27,Delivered
8998,8749,2018-05-11,Delivered
8999,8750,2018-08-22,Delivered
9000,8751,2018-06-07,Delivered
9001,8752,2017-07-07,Delivered
9002,2115,2018-01-22,Delivered
9003,8753,2017-07-24,Delivered
9004,8754,2017-05-04,Delivered
9005,8755,2018-07-23,Delivered
9006,8756,2018-07-06,Delivered
9007,8757,2018-01-15,Delivered
9008,8758,2017-09-08,Delivered
9009,8759,2017-02-24,Delivered
9010,8760,2018-02-22,Shipped
9011,8761,2018-01-27,Delivered
9012,8762,2017-03-20,Delivered
9013,8763,2018-05-15,Delivered
9014,8764,2018-04-28,Delivered
9015,8765,2018-06-21,Delivered
9016,8766,2017-07-20,Delivered
9017,8767,2017-11-24,Delivered
9018,8768,2018-05-17,Delivered
9019,8769,2017-11-07,Delivered
9020,8770,2018-07-30,Delivered
9021,8771,2017-07-19,Delivered
9022,8772,2018-03-12,Delivered
9023,8773,2017-09-01,Delivered
9024,8774,2017-11-30,Delivered
9025,8775,2018-04-01,Delivered
9026,4851,2017-08-25,Delivered
9027,8776,2018-07-03,Delivered
9028,8777,2018-02-27,Delivered
9029,8306,2017-11-30,Delivered
9030,8778,2018-06-28,Delivered
9031,8779,2017-11-17,Delivered
9032,8780,2018-03-23,Delivered
9033,8781,2018-05-04,Delivered
9034,8782,2018-03-02,Delivered
9035,8783,2017-03-12,Delivered
9036,8784,2017-07-19,Delivered
9037,8785,2018-08-16,Delivered
9038,8786,2017-08-12,Delivered
9039,8787,2018-06-07,Delivered
9040,8788,2017-10-03,Delivered
9041,8789,2017-11-03,Delivered
9042,8790,2018-07-03,Delivered
9043,8791,2017-07-07,Delivered
9044,8792,2018-07-30,Delivered
9045,8793,2018-08-19,Delivered
9046,8794,2017-11-23,Delivered
9047,8795,2017-09-11,Delivered
9048,8796,2018-05-04,Delivered
9049,8797,2017-07-08,Delivered
9050,7096,2018-02-26,Delivered
9051,8798,2018-03-20,Delivered
9052,8799,2017-09-30,Delivered
9053,8800,2017-06-28,Delivered
9054,8801,2018-01-12,Delivered
9055,8802,2018-07-21,Delivered
9056,8803,2018-06-27,Delivered
9057,8804,2017-11-11,Delivered
9058,8805,2018-06-17,Delivered
9059,8806,2018-03-14,Delivered
9060,8807,2018-05-06,Delivered
9061,8808,2018-08-18,Delivered
9062,8809,2017-11-13,Delivered
9063,8810,2018-03-09,Delivered
9064,8811,2018-05-08,Delivered
9065,8812,2018-06-11,Delivered
9066,8813,2018-07-26,Delivered
9067,8814,2017-10-01,Delivered
9068,8815,2018-07-25,Delivered
9069,8816,2017-12-03,Delivered
9070,8817,2017-12-13,Delivered
9071,8818,2018-03-04,Delivered
9072,8819,2017-12-03,Delivered
9073,8820,2017-10-05,Delivered
9074,8821,2017-07-17,Delivered
9075,8822,2017-11-03,Delivered
9076,8823,2018-04-25,Delivered
9077,8824,2017-11-24,Delivered
9078,8825,2018-03-02,Delivered
9079,8826,2017-11-26,Delivered
9080,8827,2017-09-01,Delivered
9081,8828,2017-08-05,Delivered
9082,8829,2018-01-25,Delivered
9083,8830,2018-05-01,Delivered
9084,8831,2017-12-02,Delivered
9085,8832,2018-07-19,Delivered
9086,8833,2018-04-29,Delivered
9087,8834,2018-06-29,Delivered
9088,8835,2018-06-25,Delivered
9089,8836,2017-10-18,Delivered
9090,8837,2018-05-06,Delivered
9091,8838,2017-08-24,Delivered
9092,8839,2017-03-11,Delivered
9093,8840,2017-05-24,Delivered
9094,8841,2018-06-24,Delivered
9095,8842,2017-03-24,Delivered
9096,8843,2018-01-11,Delivered
9097,8844,2018-05-20,Delivered
9098,8845,2018-04-25,Delivered
9099,8846,2018-05-20,Delivered
9100,8847,2018-07-09,Delivered
9101,8848,2018-02-02,Delivered
9102,8849,2018-01-02,Delivered
9103,8850,2018-01-04,Delivered
9104,8851,2017-07-19,Delivered
9105,8852,2017-11-19,Delivered
9106,8853,2017-11-02,Delivered
9107,8854,2018-08-13,Delivered
9108,8855,2018-04-02,Delivered
9109,8856,2018-02-06,Delivered
9110,8857,2018-07-25,Delivered
9111,8858,2017-09-12,Delivered
9112,3177,2017-07-11,Delivered
9113,8859,2017-08-09,Delivered
9114,8860,2018-01-07,Delivered
9115,8861,2017-09-03,Delivered
9116,8862,2017-06-05,Delivered
9117,8863,2018-01-13,Delivered
9118,8864,2017-09-08,Delivered
9119,8865,2017-10-26,Delivered
9120,8866,2018-03-13,Delivered
9121,8867,2018-06-23,Delivered
9122,8868,2018-04-16,Delivered
9123,8869,2018-03-09,Delivered
9124,8870,2017-03-13,Delivered
9125,8871,2018-05-03,Delivered
9126,8872,2018-02-22,Delivered
9127,8873,2017-12-11,Delivered
9128,8874,2018-06-25,Delivered
9129,8875,2018-04-15,Delivered
9130,8876,2017-12-01,Delivered
9131,8877,2017-02-09,Delivered
9132,8878,2017-12-15,Delivered
9133,8879,2017-09-23,Delivered
9134,8880,2018-05-31,Delivered
9135,8881,2018-06-18,Shipped
9136,8882,2018-06-22,Delivered
9137,8883,2018-08-22,Delivered
9138,8884,2018-01-25,Delivered
9139,8885,2018-07-31,Delivered
9140,8886,2018-07-23,Delivered
9141,2636,2018-04-11,Delivered
9142,8887,2018-05-08,Delivered
9143,8888,2017-10-24,Delivered
9144,8889,2018-08-21,Delivered
9145,8890,2018-01-18,Delivered
9146,8891,2017-05-30,Delivered
9147,8892,2018-08-18,Delivered
9148,8893,2018-08-18,Delivered
9149,8894,2018-07-21,Delivered
9150,8895,2018-01-30,Delivered
9151,8896,2017-05-08,Delivered
9152,8897,2018-02-27,Delivered
9153,8898,2018-06-03,Delivered
9154,8899,2017-07-12,Delivered
9155,8900,2018-03-13,Shipped
9156,8901,2018-07-17,Delivered
9157,8902,2018-01-11,Delivered
9158,8903,2017-08-28,Delivered
9159,8904,2018-08-12,Delivered
9160,8905,2018-07-15,Delivered
9161,8906,2018-01-26,Delivered
9162,8907,2017-09-14,Processing
9163,8908,2018-07-03,Delivered
9164,8909,2017-08-28,Delivered
9165,8910,2018-01-27,Delivered
9166,8911,2018-01-21,Delivered
9167,8912,2017-02-05,Delivered
9168,8913,2018-08-25,Delivered
9169,8914,2018-04-02,Delivered
9170,8915,2018-08-01,Delivered
9171,8916,2017-04-16,Delivered
9172,8917,2018-06-22,Delivered
9173,8918,2018-08-02,Delivered
9174,8919,2018-02-26,Delivered
9175,8920,2018-06-26,Delivered
9176,8921,2018-07-18,Delivered
9177,8922,2018-08-07,Delivered
9178,884,2018-06-14,Delivered
9179,8923,2018-07-18,Delivered
9180,8924,2018-06-28,Delivered
9181,8925,2017-03-15,Delivered
9182,8926,2018-03-29,Delivered
9183,8927,2018-01-16,Delivered
9184,8928,2018-05-28,Delivered
9185,8929,2018-06-06,Delivered
9186,8930,2017-04-27,Delivered
9187,8931,2018-07-17,Delivered
9188,8932,2018-01-22,Delivered
9189,8247,2017-07-05,Delivered
9190,1452,2017-03-17,Shipped
9191,8933,2018-02-04,Delivered
9192,8934,2017-07-29,Delivered
9193,8935,2018-02-18,Delivered
9194,8936,2017-10-07,Delivered
9195,8937,2017-04-25,Delivered
9196,8938,2018-04-12,Delivered
9197,8939,2017-05-16,Delivered
9198,7913,2018-04-28,Delivered
9199,8940,2017-12-13,Delivered
9200,8941,2017-08-21,Delivered
9201,8942,2018-02-27,Delivered
9202,8943,2018-04-10,Delivered
9203,8944,2017-11-16,Delivered
9204,8945,2017-10-06,Delivered
9205,8946,2017-08-16,Delivered
9206,8947,2017-05-06,Delivered
9207,8948,2017-12-12,Delivered
9208,8949,2017-03-31,Delivered
9209,8950,2017-11-24,Delivered
9210,8951,2018-03-19,Delivered
9211,8952,2018-03-11,Delivered
9212,8953,2017-09-10,Delivered
9213,8954,2017-03-21,Delivered
9214,8955,2018-08-14,Delivered
9215,3436,2018-04-28,Delivered
9216,8956,2018-01-16,Delivered
9217,8957,2017-10-05,Delivered
9218,8958,2017-11-25,Delivered
9219,8959,2018-08-07,Delivered
9220,8960,2018-03-22,Delivered
9221,871,2018-02-25,Delivered
9222,8961,2017-08-24,Unavailable
9223,8962,2018-07-30,Delivered
9224,8963,2018-01-15,Delivered
9225,8964,2018-05-16,Delivered
9226,8965,2018-04-29,Delivered
9227,8966,2018-07-27,Delivered
9228,8967,2017-07-31,Delivered
9229,8968,2017-11-27,Delivered
9230,8969,2018-08-15,Delivered
9231,8970,2018-03-20,Delivered
9232,8971,2017-12-12,Delivered
9233,8972,2017-08-18,Delivered
9234,8973,2017-11-11,Delivered
9235,8974,2017-12-20,Delivered
9236,8975,2017-09-09,Delivered
9237,75,2017-04-11,Delivered
9238,8976,2018-02-09,Delivered
9239,8977,2018-03-09,Delivered
9240,8978,2017-12-08,Delivered
9241,8979,2017-06-26,Delivered
9242,8980,2018-07-22,Delivered
9243,8981,2018-05-07,Delivered
9244,8982,2018-07-16,Delivered
9245,8983,2018-03-26,Delivered
9246,8984,2017-03-14,Delivered
9247,8985,2017-11-24,Delivered
9248,8986,2017-05-07,Delivered
9249,8987,2018-07-06,Delivered
9250,8988,2018-04-18,Delivered
9251,8989,2018-05-22,Delivered
9252,8990,2018-06-11,Delivered
9253,8991,2018-04-23,Delivered
9254,8992,2017-10-27,Delivered
9255,8993,2017-08-24,Delivered
9256,8994,2017-04-16,Delivered
9257,8995,2018-08-09,Delivered
9258,8996,2018-02-28,Delivered
9259,8997,2018-01-11,Delivered
9260,8998,2017-02-05,Delivered
9261,8999,2018-01-29,Delivered
9262,9000,2017-09-06,Delivered
9263,9001,2017-03-03,Delivered
9264,9002,2018-03-22,Delivered
9265,9003,2018-02-27,Delivered
9266,9004,2017-03-22,Delivered
9267,9005,2017-03-08,Delivered
9268,9006,2018-08-16,Delivered
9269,1118,2017-08-12,Delivered
9270,9007,2017-03-19,Delivered
9271,9008,2018-07-17,Delivered
9272,9009,2018-02-24,Delivered
9273,9010,2018-03-04,Delivered
9274,9011,2017-07-24,Delivered
9275,9012,2017-12-10,Canceled
9276,9013,2018-01-09,Delivered
9277,9014,2018-05-07,Delivered
9278,9015,2018-06-06,Delivered
9279,9016,2018-01-13,Delivered
9280,9017,2017-11-10,Delivered
9281,9018,2017-12-21,Delivered
9282,9019,2018-06-22,Delivered
9283,9020,2018-01-12,Delivered
9284,9021,2018-03-19,Delivered
9285,9022,2017-09-26,Delivered
9286,9023,2018-08-15,Delivered
9287,9024,2017-07-25,Delivered
9288,9025,2018-04-30,Delivered
9289,9026,2018-08-12,Delivered
9290,9027,2017-03-24,Delivered
9291,9028,2018-04-04,Delivered
9292,9029,2018-05-31,Delivered
9293,9030,2017-05-11,Delivered
9294,9031,2018-01-02,Delivered
9295,9032,2017-05-05,Delivered
9296,9033,2018-08-18,Delivered
9297,9034,2018-08-01,Delivered
9298,9035,2018-02-21,Delivered
9299,9036,2017-03-27,Delivered
9300,9037,2017-05-29,Delivered
9301,9038,2017-12-03,Delivered
9302,7600,2017-06-10,Delivered
9303,9039,2017-05-09,Delivered
9304,9040,2018-03-11,Delivered
9305,9041,2018-07-20,Delivered
9306,9042,2017-05-22,Delivered
9307,9043,2018-06-01,Delivered
9308,9044,2017-07-24,Delivered
9309,9045,2017-09-13,Delivered
9310,9046,2017-11-24,Delivered
9311,9047,2018-01-18,Delivered
9312,9048,2017-03-01,Delivered
9313,9049,2018-01-20,Delivered
9314,9050,2018-01-25,Delivered
9315,9051,2018-07-23,Delivered
9316,9052,2017-06-15,Delivered
9317,9053,2017-11-15,Delivered
9318,9054,2018-04-18,Delivered
9319,9055,2018-06-16,Delivered
9320,9056,2017-04-06,Delivered
9321,9057,2018-04-28,Delivered
9322,9058,2017-08-29,Delivered
9323,9059,2017-12-04,Delivered
9324,9060,2017-08-04,Delivered
9325,9061,2017-12-12,Delivered
9326,9062,2017-06-29,Delivered
9327,9063,2017-09-15,Delivered
9328,9064,2017-10-16,Delivered
9329,9065,2018-02-01,Delivered
9330,9066,2017-08-27,Delivered
9331,9067,2018-02-13,Delivered
9332,9068,2018-05-15,Delivered
9333,9069,2018-03-03,Delivered
9334,9070,2018-07-13,Delivered
9335,9071,2017-07-30,Delivered
9336,9072,2018-04-01,Delivered
9337,9073,2018-08-02,Delivered
9338,1715,2017-11-24,Delivered
9339,9074,2017-11-29,Delivered
9340,9075,2018-07-25,Delivered
9341,9076,2018-02-18,Delivered
9342,9077,2018-01-07,Delivered
9343,9078,2017-12-12,Delivered
9344,9079,2018-05-01,Delivered
9345,9080,2018-02-15,Delivered
9346,9081,2018-02-06,Delivered
9347,9082,2018-05-21,Delivered
9348,9083,2018-04-23,Delivered
9349,9084,2017-05-16,Delivered
9350,9085,2018-07-23,Delivered
9351,9086,2018-01-11,Delivered
9352,9087,2017-06-06,Delivered
9353,9088,2018-04-30,Delivered
9354,9089,2018-04-20,Delivered
9355,9090,2018-01-15,Delivered
9356,9091,2017-10-20,Delivered
9357,9092,2017-07-12,Delivered
9358,9093,2017-07-01,Delivered
9359,9094,2018-05-07,Delivered
9360,9095,2017-12-10,Delivered
9361,9096,2017-06-24,Delivered
9362,9097,2017-12-17,Delivered
9363,9098,2018-02-28,Delivered
9364,9099,2018-07-30,Delivered
9365,9100,2018-06-28,Delivered
9366,9101,2018-06-26,Delivered
9367,9102,2018-01-24,Delivered
9368,9103,2018-08-11,Delivered
9369,9104,2018-08-09,Delivered
9370,7130,2018-06-21,Delivered
9371,9105,2018-07-03,Delivered
9372,9106,2017-07-17,Delivered
9373,9107,2017-07-12,Delivered
9374,9108,2018-08-06,Delivered
9375,9109,2018-08-05,Delivered
9376,9110,2017-11-25,Delivered
9377,9111,2018-07-02,Delivered
9378,4460,2017-12-03,Delivered
9379,9112,2017-02-25,Delivered
9380,9113,2017-04-26,Delivered
9381,9114,2017-07-18,Delivered
9382,9115,2018-06-02,Delivered
9383,9116,2018-03-18,Delivered
9384,9117,2018-07-21,Delivered
9385,9118,2018-07-14,Delivered
9386,9119,2018-03-07,Delivered
9387,9120,2018-04-19,Delivered
9388,9121,2018-01-04,Delivered
9389,9122,2018-04-13,Delivered
9390,9123,2018-03-18,Delivered
9391,9124,2018-08-14,Delivered
9392,9125,2017-09-09,Delivered
9393,9126,2017-07-11,Delivered
9394,9127,2017-06-29,Delivered
9395,9128,2017-08-14,Delivered
9396,2990,2017-06-02,Delivered
9397,9129,2017-03-09,Delivered
9398,9130,2018-02-28,Delivered
9399,9131,2018-07-20,Delivered
9400,9132,2018-01-05,Processing
9401,9133,2018-07-01,Delivered
9402,9134,2018-03-09,Shipped
9403,1205,2017-08-15,Delivered
9404,9135,2017-08-03,Delivered
9405,9136,2018-01-16,Delivered
9406,9137,2018-06-01,Delivered
9407,4887,2017-06-20,Delivered
9408,9138,2018-08-16,Delivered
9409,9139,2018-08-03,Delivered
9410,9140,2018-06-01,Delivered
9411,9141,2018-04-02,Delivered
9412,9142,2018-03-16,Delivered
9413,9143,2018-08-05,Delivered
9414,9144,2017-11-12,Delivered
9415,9145,2018-05-18,Delivered
9416,9146,2018-07-22,Delivered
9417,9147,2018-01-24,Delivered
9418,9148,2018-01-09,Delivered
9419,9149,2017-12-01,Invoiced
9420,9150,2018-04-29,Delivered
9421,9151,2017-08-10,Delivered
9422,7731,2017-08-11,Delivered
9423,9152,2018-07-29,Delivered
9424,9153,2018-03-21,Delivered
9425,9154,2018-04-13,Processing
9426,9155,2017-06-13,Delivered
9427,9156,2018-02-25,Delivered
9428,9157,2017-08-04,Delivered
9429,9158,2018-07-28,Delivered
9430,9159,2018-02-19,Delivered
9431,9160,2018-06-13,Delivered
9432,9161,2017-03-06,Delivered
9433,9162,2017-01-28,Delivered
9434,9163,2018-02-21,Delivered
9435,9164,2018-02-18,Delivered
9436,9165,2018-07-23,Delivered
9437,9166,2018-08-13,Delivered
9438,9167,2018-03-22,Delivered
9439,9168,2017-09-08,Delivered
9440,9169,2018-05-27,Delivered
9441,9170,2017-12-03,Delivered
9442,9171,2017-04-19,Delivered
9443,9172,2018-06-09,Delivered
9444,9173,2018-04-26,Delivered
9445,9174,2018-01-28,Delivered
9446,5595,2018-01-30,Delivered
9447,9175,2018-07-18,Delivered
9448,9176,2017-09-18,Delivered
9449,9177,2017-06-21,Delivered
9450,9178,2018-05-03,Invoiced
9451,9179,2017-07-10,Delivered
9452,9180,2017-01-21,Delivered
9453,9181,2017-11-14,Delivered
9454,9182,2018-01-28,Delivered
9455,9183,2017-12-10,Delivered
9456,9184,2018-01-19,Delivered
9457,9185,2018-01-30,Delivered
9458,9186,2017-06-18,Delivered
9459,9187,2017-08-09,Delivered
9460,9188,2017-12-28,Delivered
9461,9189,2017-05-31,Delivered
9462,9190,2018-03-12,Delivered
9463,9191,2018-05-03,Delivered
9464,9192,2018-03-05,Delivered
9465,9193,2018-01-21,Delivered
9466,9194,2018-01-22,Delivered
9467,9195,2018-01-04,Delivered
9468,9196,2018-02-12,Delivered
9469,9197,2017-07-11,Delivered
9470,9198,2018-04-11,Delivered
9471,9199,2017-12-08,Delivered
9472,9200,2017-06-24,Delivered
9473,9201,2018-08-01,Delivered
9474,3252,2018-01-16,Delivered
9475,7630,2017-09-16,Delivered
9476,8645,2017-12-18,Delivered
9477,9202,2018-05-08,Delivered
9478,9203,2017-05-24,Delivered
9479,3548,2017-11-05,Delivered
9480,9204,2017-02-05,Delivered
9481,9205,2017-11-29,Delivered
9482,9206,2018-08-19,Delivered
9483,9207,2017-10-16,Delivered
9484,9208,2018-05-07,Delivered
9485,9209,2018-05-21,Delivered
9486,9210,2017-06-11,Delivered
9487,9211,2017-06-16,Delivered
9488,9212,2018-03-03,Delivered
9489,9213,2018-02-21,Delivered
9490,9214,2018-05-27,Delivered
9491,9215,2017-09-29,Delivered
9492,9216,2017-12-19,Delivered
9493,9217,2018-07-19,Delivered
9494,9218,2017-04-04,Delivered
9495,9219,2017-07-09,Delivered
9496,9220,2018-02-17,Delivered
9497,9221,2018-03-01,Delivered
9498,9222,2018-03-18,Delivered
9499,9223,2017-06-20,Delivered
9500,3096,2018-03-01,Delivered
9501,9224,2018-03-01,Delivered
9502,9225,2018-07-03,Delivered
9503,9226,2017-02-22,Delivered
9504,9227,2018-04-15,Delivered
9505,9228,2018-02-24,Delivered
9506,9229,2018-04-25,Delivered
9507,7838,2018-02-05,Delivered
9508,9230,2017-11-25,Delivered
9509,9231,2018-06-16,Delivered
9510,9232,2018-02-26,Delivered
9511,9233,2018-06-10,Delivered
9512,9234,2017-08-21,Delivered
9513,9235,2018-04-04,Delivered
9514,9236,2018-03-14,Delivered
9515,9237,2017-10-23,Canceled
9516,9238,2017-06-11,Delivered
9517,8093,2017-04-03,Delivered
9518,9239,2018-01-22,Delivered
9519,9240,2017-09-19,Delivered
9520,9241,2018-06-03,Delivered
9521,9242,2017-11-24,Delivered
9522,9243,2017-05-11,Delivered
9523,9244,2017-09-11,Delivered
9524,9245,2018-01-07,Delivered
9525,9246,2017-04-23,Delivered
9526,9247,2017-08-08,Delivered
9527,9248,2018-03-08,Delivered
9528,9249,2018-03-06,Delivered
9529,9250,2018-01-07,Delivered
9530,9251,2018-02-25,Delivered
9531,9252,2018-03-14,Delivered
9532,9253,2018-06-15,Delivered
9533,9254,2018-08-24,Delivered
9534,9255,2017-12-03,Delivered
9535,9256,2018-07-18,Delivered
9536,9257,2018-03-24,Delivered
9537,9258,2017-08-16,Delivered
9538,9259,2017-11-22,Delivered
9539,9260,2017-09-04,Delivered
9540,3878,2018-06-13,Delivered
9541,9261,2018-07-17,Delivered
9542,4398,2018-01-16,Delivered
9543,9262,2018-04-04,Delivered
9544,9263,2017-05-17,Delivered
9545,9264,2018-03-07,Delivered
9546,9265,2018-06-07,Delivered
9547,9266,2017-07-28,Delivered
9548,9267,2017-08-30,Delivered
9549,9268,2018-07-23,Delivered
9550,9269,2018-03-22,Delivered
9551,9270,2017-05-17,Delivered
9552,9271,2017-03-28,Delivered
9553,9272,2017-10-08,Delivered
9554,9273,2018-06-05,Delivered
9555,9274,2017-08-17,Delivered
9556,9275,2017-11-05,Delivered
9557,9276,2018-02-18,Delivered
9558,9277,2017-08-07,Delivered
9559,9278,2018-05-13,Delivered
9560,9279,2018-08-23,Delivered
9561,9280,2017-06-19,Delivered
9562,9281,2018-02-10,Delivered
9563,9282,2017-03-08,Delivered
9564,9283,2017-12-05,Delivered
9565,9284,2018-03-05,Delivered
9566,9285,2018-04-03,Delivered
9567,9286,2017-10-10,Delivered
9568,9287,2017-06-26,Delivered
9569,9288,2017-08-12,Delivered
9570,9289,2017-12-02,Delivered
9571,9290,2018-04-24,Delivered
9572,9291,2018-08-13,Delivered
9573,9292,2017-12-09,Delivered
9574,9293,2018-03-06,Delivered
9575,6985,2017-11-22,Delivered
9576,9294,2017-11-29,Delivered
9577,9295,2017-03-06,Delivered
9578,9296,2018-04-14,Delivered
9579,9297,2018-08-11,Delivered
9580,9298,2018-02-04,Delivered
9581,9299,2017-02-01,Delivered
9582,9300,2017-09-02,Delivered
9583,9301,2018-03-15,Delivered
9584,9302,2017-04-06,Delivered
9585,9303,2017-07-18,Delivered
9586,9304,2017-04-10,Delivered
9587,9305,2018-07-03,Delivered
9588,9306,2018-08-03,Delivered
9589,9307,2018-07-21,Delivered
9590,9308,2018-08-05,Delivered
9591,9309,2018-01-02,Delivered
9592,9310,2017-09-13,Delivered
9593,9311,2017-06-12,Delivered
9594,9312,2018-02-14,Delivered
9595,9313,2018-02-23,Delivered
9596,9314,2017-11-13,Delivered
9597,9315,2017-11-24,Delivered
9598,9316,2018-01-04,Delivered
9599,9317,2017-07-26,Delivered
9600,9318,2017-11-27,Delivered
9601,9319,2018-05-14,Delivered
9602,9320,2018-03-05,Delivered
9603,9321,2018-07-16,Delivered
9604,9322,2018-05-02,Delivered
9605,9323,2017-12-14,Delivered
9606,9324,2018-08-20,Delivered
9607,9325,2018-01-13,Delivered
9608,9326,2017-09-12,Delivered
9609,4120,2017-08-30,Delivered
9610,9327,2017-08-20,Delivered
9611,9328,2017-12-09,Delivered
9612,9329,2018-08-03,Delivered
9613,9330,2017-10-17,Delivered
9614,9331,2018-01-21,Delivered
9615,9332,2017-11-09,Delivered
9616,9333,2017-12-14,Delivered
9617,9334,2018-06-11,Delivered
9618,9335,2017-02-09,Delivered
9619,9336,2018-03-09,Delivered
9620,9337,2017-11-16,Delivered
9621,9338,2018-05-15,Delivered
9622,869,2017-09-05,Delivered
9623,9339,2018-01-18,Delivered
9624,9340,2018-08-09,Delivered
9625,9341,2017-11-15,Delivered
9626,9342,2017-09-12,Delivered
9627,9343,2017-10-22,Delivered
9628,9344,2017-04-18,Delivered
9629,9345,2018-06-21,Delivered
9630,9346,2017-04-12,Delivered
9631,9347,2017-11-25,Processing
9632,9348,2018-04-12,Delivered
9633,9349,2018-08-16,Delivered
9634,9350,2018-06-25,Delivered
9635,9351,2018-02-16,Delivered
9636,9352,2018-07-15,Delivered
9637,9353,2018-08-04,Delivered
9638,9354,2018-06-03,Delivered
9639,9355,2018-08-19,Delivered
9640,9356,2017-06-01,Delivered
9641,9357,2018-08-14,Delivered
9642,9358,2018-06-14,Delivered
9643,9359,2017-08-31,Delivered
9644,9360,2017-11-18,Delivered
9645,9361,2018-06-06,Delivered
9646,9362,2017-02-10,Delivered
9647,9363,2018-04-26,Delivered
9648,9364,2018-01-05,Delivered
9649,9365,2018-04-15,Delivered
9650,9366,2018-01-29,Delivered
9651,9367,2018-01-05,Delivered
9652,9368,2018-04-20,Delivered
9653,9369,2017-04-13,Delivered
9654,9370,2018-02-09,Delivered
9655,9371,2017-07-29,Delivered
9656,9372,2018-04-03,Delivered
9657,9373,2018-01-27,Delivered
9658,9374,2017-06-20,Delivered
9659,9375,2018-07-27,Delivered
9660,9376,2018-07-29,Delivered
9661,9377,2017-11-03,Delivered
9662,9378,2017-05-17,Delivered
9663,9379,2018-01-13,Delivered
9664,9380,2018-01-22,Delivered
9665,9381,2018-03-11,Delivered
9666,9382,2018-04-15,Delivered
9667,9383,2018-01-04,Delivered
9668,9384,2018-01-18,Delivered
9669,9385,2017-12-12,Delivered
9670,4441,2018-01-24,Delivered
9671,9386,2018-05-05,Delivered
9672,9387,2018-07-11,Delivered
9673,9388,2018-06-15,Delivered
9674,9389,2018-08-02,Delivered
9675,9390,2017-03-31,Delivered
9676,9391,2018-07-27,Delivered
9677,9392,2018-03-04,Delivered
9678,9393,2018-04-02,Delivered
9679,9394,2017-11-29,Delivered
9680,9395,2017-11-14,Delivered
9681,9396,2017-06-05,Delivered
9682,9397,2018-01-29,Delivered
9683,9398,2017-12-21,Delivered
9684,9399,2017-10-02,Delivered
9685,9400,2018-06-01,Delivered
9686,9401,2018-01-08,Delivered
9687,9402,2017-02-23,Delivered
9688,9403,2017-12-17,Delivered
9689,9404,2018-06-12,Delivered
9690,9405,2018-06-16,Delivered
9691,9406,2018-06-06,Delivered
9692,9407,2018-01-10,Delivered
9693,9408,2018-01-21,Shipped
9694,9409,2018-07-25,Delivered
9695,9410,2018-04-04,Delivered
9696,9411,2017-08-30,Delivered
9697,9412,2017-02-27,Delivered
9698,9413,2018-01-06,Delivered
9699,9414,2017-07-11,Delivered
9700,9415,2017-11-05,Delivered
9701,9416,2017-08-19,Delivered
9702,9417,2018-07-04,Delivered
9703,9418,2017-10-26,Delivered
9704,4893,2017-08-03,Delivered
9705,9419,2018-03-03,Delivered
9706,9420,2018-06-08,Delivered
9707,9421,2018-02-17,Delivered
9708,9422,2017-06-09,Delivered
9709,9423,2017-02-16,Delivered
9710,5459,2018-03-27,Delivered
9711,9424,2017-11-14,Delivered
9712,9425,2017-09-18,Delivered
9713,9426,2018-02-22,Delivered
9714,9427,2018-01-09,Delivered
9715,9428,2017-07-06,Delivered
9716,1066,2018-02-03,Delivered
9717,9429,2017-09-12,Delivered
9718,9430,2017-08-20,Delivered
9719,9431,2018-05-07,Delivered
9720,9432,2018-08-12,Delivered
9721,9433,2017-08-17,Delivered
9722,9434,2018-08-05,Delivered
9723,9435,2017-07-09,Delivered
9724,9436,2018-05-02,Delivered
9725,9437,2018-07-26,Delivered
9726,9438,2018-05-11,Delivered
9727,9439,2017-12-07,Delivered
9728,9440,2018-06-25,Delivered
9729,9441,2017-11-16,Delivered
9730,9442,2017-11-19,Delivered
9731,9443,2018-05-17,Delivered
9732,9444,2018-06-11,Delivered
9733,9445,2017-08-28,Delivered
9734,9446,2018-03-18,Delivered
9735,9447,2017-12-29,Delivered
9736,9448,2017-02-02,Delivered
9737,9449,2017-11-24,Delivered
9738,9450,2017-07-26,Delivered
9739,9451,2018-04-01,Delivered
9740,9452,2018-06-14,Delivered
9741,9453,2017-11-14,Delivered
9742,9454,2018-05-30,Delivered
9743,9455,2017-02-17,Delivered
9744,9456,2017-02-20,Delivered
9745,9457,2018-06-07,Delivered
9746,9458,2017-12-25,Delivered
9747,9459,2018-04-06,Delivered
9748,9460,2017-02-11,Delivered
9749,9461,2018-06-20,Delivered
9750,9462,2018-06-26,Delivered
9751,9463,2017-11-24,Delivered
9752,9464,2017-11-23,Delivered
9753,9465,2017-03-05,Delivered
9754,9466,2018-07-11,Delivered
9755,9467,2017-07-27,Delivered
9756,9468,2018-08-23,Delivered
9757,9469,2017-08-14,Delivered
9758,9470,2017-01-29,Delivered
9759,9471,2018-05-08,Delivered
9760,9472,2018-01-29,Delivered
9761,9473,2017-07-09,Delivered
9762,7854,2017-08-13,Delivered
9763,9474,2018-03-05,Delivered
9764,6136,2018-03-14,Delivered
9765,9475,2018-08-05,Delivered
9766,9476,2018-05-14,Delivered
9767,9477,2018-05-11,Delivered
9768,9478,2018-01-19,Delivered
9769,9479,2017-08-21,Delivered
9770,9480,2017-12-09,Delivered
9771,10,2018-01-23,Delivered
9772,9481,2017-05-01,Delivered
9773,9482,2018-03-07,Delivered
9774,9483,2017-10-23,Unavailable
9775,9484,2017-06-07,Delivered
9776,9485,2018-06-25,Delivered
9777,9486,2017-07-11,Delivered
9778,9487,2018-01-13,Delivered
9779,9488,2017-11-07,Delivered
9780,9489,2017-10-13,Delivered
9781,9490,2018-07-27,Delivered
9782,9491,2018-01-25,Delivered
9783,9492,2017-07-30,Delivered
9784,9493,2017-09-08,Delivered
9785,9494,2018-07-24,Delivered
9786,9495,2017-05-02,Delivered
9787,9496,2018-04-04,Delivered
9788,9497,2018-07-02,Delivered
9789,9498,2018-05-08,Delivered
9790,9499,2018-04-02,Delivered
9791,9500,2018-06-10,Delivered
9792,9501,2017-07-04,Delivered
9793,9502,2017-08-09,Delivered
9794,9503,2018-08-25,Delivered
9795,1937,2018-02-14,Delivered
9796,9504,2018-06-10,Delivered
9797,9505,2018-08-13,Delivered
9798,9506,2018-01-12,Delivered
9799,9507,2018-07-18,Delivered
9800,9508,2018-07-05,Delivered
9801,9509,2017-08-25,Delivered
9802,9510,2018-03-28,Delivered
9803,9511,2017-12-07,Delivered
9804,9512,2017-06-13,Delivered
9805,9513,2018-04-16,Delivered
9806,9514,2018-04-06,Delivered
9807,9515,2018-01-20,Delivered
9808,9516,2017-09-16,Delivered
9809,9517,2018-01-20,Delivered
9810,9518,2017-08-26,Delivered
9811,713,2017-08-15,Delivered
9812,9519,2017-09-20,Delivered
9813,9520,2017-08-03,Delivered
9814,9521,2018-07-04,Delivered
9815,9522,2017-09-30,Delivered
9816,9523,2017-10-31,Delivered
9817,9524,2017-09-25,Delivered
9818,9525,2018-05-14,Delivered
9819,9526,2017-07-11,Delivered
9820,9527,2018-04-19,Delivered
9821,9528,2017-04-27,Delivered
9822,9529,2017-08-30,Delivered
9823,9530,2017-12-26,Delivered
9824,9531,2018-04-03,Delivered
9825,9532,2017-09-22,Delivered
9826,9533,2018-06-28,Delivered
9827,9534,2017-03-01,Delivered
9828,9535,2018-07-23,Delivered
9829,9536,2018-06-05,Delivered
9830,9537,2018-06-08,Delivered
9831,9538,2018-03-10,Delivered
9832,9539,2018-02-06,Delivered
9833,9540,2017-03-28,Delivered
9834,9541,2018-06-19,Delivered
9835,9542,2018-01-10,Delivered
9836,9543,2017-03-30,Delivered
9837,9544,2017-11-24,Delivered
9838,9545,2017-03-01,Delivered
9839,6584,2017-10-10,Delivered
9840,9546,2017-03-09,Delivered
9841,9547,2018-06-10,Delivered
9842,9548,2018-03-03,Delivered
9843,9549,2018-03-22,Delivered
9844,9550,2018-04-21,Delivered
9845,9551,2018-01-16,Delivered
9846,9552,2017-11-23,Delivered
9847,9553,2017-05-02,Unavailable
9848,9554,2017-09-28,Delivered
9849,9555,2017-07-31,Delivered
9850,9556,2018-02-15,Delivered
9851,9425,2017-08-10,Delivered
9852,9557,2018-08-09,Delivered
9853,6761,2017-09-18,Delivered
9854,9558,2017-02-09,Delivered
9855,9559,2018-05-05,Delivered
9856,9560,2018-07-30,Delivered
9857,9561,2017-12-08,Delivered
9858,9562,2018-08-02,Invoiced
9859,9563,2017-12-17,Delivered
9860,9101,2018-02-01,Delivered
9861,9564,2017-02-06,Delivered
9862,9565,2017-02-02,Delivered
9863,9566,2018-01-20,Delivered
9864,9567,2017-12-07,Delivered
9865,9568,2018-07-10,Delivered
9866,9569,2018-04-29,Delivered
9867,9570,2018-06-02,Delivered
9868,9571,2017-11-28,Delivered
9869,3059,2017-07-26,Delivered
9870,9572,2017-11-25,Delivered
9871,9573,2018-05-16,Delivered
9872,9574,2018-03-22,Shipped
9873,9575,2018-04-16,Delivered
9874,9576,2018-04-03,Delivered
9875,9577,2017-09-07,Delivered
9876,9578,2018-03-24,Delivered
9877,9579,2018-06-28,Delivered
9878,9580,2018-04-13,Delivered
9879,9581,2018-01-25,Delivered
9880,9582,2018-04-25,Delivered
9881,9583,2017-11-20,Delivered
9882,9584,2018-04-16,Delivered
9883,9585,2018-01-10,Delivered
9884,9586,2017-02-11,Unavailable
9885,9587,2017-04-25,Delivered
9886,9588,2018-04-10,Delivered
9887,9589,2018-01-22,Delivered
9888,9590,2018-04-29,Delivered
9889,9591,2017-11-18,Delivered
9890,9592,2017-08-16,Delivered
9891,9593,2018-02-13,Delivered
9892,9594,2018-03-03,Delivered
9893,7530,2018-05-10,Delivered
9894,9595,2018-02-22,Delivered
9895,9596,2017-09-11,Delivered
9896,9597,2018-06-02,Delivered
9897,9598,2017-06-05,Delivered
9898,9599,2017-11-15,Delivered
9899,9600,2018-01-28,Delivered
9900,9601,2018-06-14,Delivered
9901,9602,2018-01-29,Delivered
9902,9603,2017-04-02,Delivered
9903,9604,2018-06-08,Delivered
9904,9605,2018-01-15,Delivered
9905,9606,2018-02-22,Delivered
9906,9607,2018-01-31,Delivered
9907,9608,2017-12-03,Delivered
9908,9609,2018-02-20,Delivered
9909,9610,2018-05-30,Delivered
9910,9611,2018-03-14,Delivered
9911,9612,2018-04-15,Delivered
9912,9613,2018-05-17,Delivered
9913,9614,2018-06-06,Delivered
9914,9615,2017-02-02,Delivered
9915,9616,2017-08-22,Delivered
9916,9617,2017-10-26,Delivered
9917,9618,2017-04-22,Delivered
9918,9619,2018-01-31,Delivered
9919,9620,2017-12-20,Delivered
9920,6086,2018-05-18,Delivered
9921,9621,2018-04-23,Delivered
9922,9622,2018-01-02,Delivered
9923,589,2017-11-15,Delivered
9924,4104,2017-09-08,Delivered
9925,9623,2018-03-29,Delivered
9926,9624,2017-08-06,Delivered
9927,9625,2017-10-21,Delivered
9928,2544,2017-11-12,Delivered
9929,9626,2017-10-30,Delivered
9930,112,2018-04-05,Delivered
9931,9627,2018-07-28,Delivered
9932,9628,2017-09-06,Delivered
9933,9629,2018-08-01,Delivered
9934,9630,2018-01-12,Delivered
9935,9631,2018-07-25,Delivered
9936,6055,2018-03-07,Delivered
9937,9632,2017-10-09,Delivered
9938,9633,2017-06-07,Delivered
9939,2002,2017-10-13,Delivered
9940,1194,2017-06-18,Delivered
9941,9634,2017-11-24,Delivered
9942,9635,2018-05-06,Delivered
9943,9636,2018-06-24,Delivered
9944,9637,2017-07-14,Delivered
9945,9638,2017-11-24,Delivered
9946,9639,2018-01-29,Delivered
9947,9640,2017-08-24,Delivered
9948,9307,2018-07-21,Delivered
9949,9641,2017-02-05,Delivered
9950,9642,2017-09-03,Delivered
9951,9643,2018-03-01,Delivered
9952,9644,2017-11-03,Delivered
9953,9645,2017-08-30,Delivered
9954,5654,2017-09-02,Delivered
9955,9646,2018-05-12,Delivered
9956,9647,2018-06-26,Delivered
9957,9648,2018-01-19,Delivered
9958,9649,2017-09-11,Delivered
9959,9650,2018-01-15,Delivered
9960,9651,2018-04-29,Delivered
9961,9652,2017-08-14,Delivered
9962,9653,2017-04-26,Delivered
9963,9654,2018-06-05,Delivered
9964,9655,2018-01-05,Processing
9965,9656,2018-01-27,Delivered
9966,9657,2017-05-18,Delivered
9967,9658,2018-05-22,Delivered
9968,9659,2017-11-20,Delivered
9969,9660,2018-08-21,Delivered
9970,9661,2017-11-22,Delivered
9971,9662,2018-04-05,Delivered
9972,7905,2018-03-17,Delivered
9973,9663,2018-02-03,Delivered
9974,9664,2018-07-24,Delivered
9975,9665,2017-03-26,Delivered
9976,9666,2018-02-01,Delivered
9977,9667,2018-04-15,Delivered
9978,9668,2018-02-13,Delivered
9979,5360,2017-10-02,Delivered
9980,9669,2018-05-25,Delivered
9981,9670,2017-10-12,Delivered
9982,9671,2018-01-08,Delivered
