order_item_id,order_id,product_id,quantity,unit_price
1,9131,5541,1,49.0
2,7191,5440,1,289.0
3,1145,3293,1,16.5
4,8611,3311,1,21.9
5,5826,1407,1,79.5
6,1518,2626,1,14.95
7,5770,3766,1,104.0
8,121,3176,1,168.8
9,2055,2524,1,7.79
10,657,6153,1,49.9
11,4750,5316,1,72.99
12,9072,4360,1,92.0
13,9072,4360,1,92.0
14,7713,4943,1,89.0
15,8612,5439,1,189.9
16,9785,3948,1,49.9
17,9532,203,1,35.9
18,8306,1893,1,90.0
19,4833,5080,1,249.0
20,9059,6393,1,49.9
21,2637,3952,1,53.99
22,3243,4401,1,35.9
23,5660,56,1,39.0
24,6384,487,1,99.9
25,4540,3965,1,65.0
26,9485,124,1,50.0
27,4184,1077,1,69.9
28,898,5835,1,39.9
29,1410,3558,1,106.9
30,5797,3884,1,362.45
31,9145,1971,1,64.9
32,9145,1971,1,64.9
33,3579,3164,1,128.9
34,9185,3191,1,49.9
35,5023,4965,1,44.9
36,5023,4965,1,44.9
37,1785,3517,1,94.99
38,8717,6518,1,49.9
39,6881,822,1,71.0
40,7066,5263,1,199.0
41,7893,5868,1,7.9
42,6197,869,1,299.0
43,8039,2050,1,139.9
44,4660,1512,1,27.99
45,6733,1503,1,59.9
46,6733,2436,1,62.0
47,8627,6030,1,27.9
48,6246,5063,1,279.99
49,3939,5251,1,9.0
50,3630,4287,1,29.99
51,1592,559,1,97.9
52,7968,2523,1,15.32
53,1878,703,1,159.0
54,5281,48,1,99.99
55,1477,3248,1,27.9
56,1477,4281,1,21.33
57,7248,4103,1,29.0
58,7942,5952,1,219.9
59,8285,718,1,211.05
60,8840,4627,1,16.0
61,2214,5999,1,230.0
62,1139,305,1,129.99
63,8454,1568,1,129.9
64,1177,3076,1,19.0
65,8152,873,1,43.9
66,2684,41,1,56.99
67,6603,1132,1,75.0
68,206,5750,1,89.0
69,6085,5211,1,42.9
70,2771,1925,1,51.0
71,6927,4276,1,579.0
72,6927,4276,1,579.0
73,6927,4276,1,579.0
74,5600,1421,1,12.88
75,4417,1797,1,84.99
76,8599,981,1,465.0
77,2792,1467,1,109.99
78,5869,673,1,79.9
79,4651,3163,1,46.55
80,5420,950,1,15.9
81,5323,6007,1,59.99
82,1982,5240,1,78.9
83,1979,1076,1,51.4
84,3909,2138,1,59.9
85,4063,4117,1,106.0
86,4335,2276,1,329.0
87,6906,4027,1,59.9
88,9789,6010,1,40.75
89,5802,6317,1,69.49
90,2479,2880,1,110.0
91,5337,6382,1,89.99
92,6811,5432,1,29.99
93,6811,5432,1,29.99
94,4928,3246,1,325.0
95,5198,5691,1,54.89
96,5208,5529,1,12.77
97,9158,1929,1,230.0
98,954,6147,1,104.9
99,2381,6630,1,25.99
100,2781,2207,1,176.99
101,5364,5931,1,205.0
102,8905,2355,1,174.9
103,3473,1861,1,29.9
104,3161,3690,1,29.0
105,8096,2937,1,292.9
106,9176,4749,1,79.0
107,7364,234,1,329.9
108,221,5944,1,49.0
109,912,3465,1,130.0
110,720,3202,1,180.0
111,7823,5684,1,179.99
112,1933,6019,1,117.3
113,4891,5382,1,128.25
114,3304,3805,1,349.9
115,8389,602,1,37.9
116,6694,1736,1,39.9
117,5952,6359,1,179.9
118,3577,4405,1,87.0
119,6591,2107,1,199.0
120,3152,4957,1,102.5
121,79,5546,1,98.0
122,1618,3343,1,67.9
123,291,1451,1,55.0
124,8089,3860,1,89.8
125,8089,4514,1,89.99
126,4236,2243,1,23.8
127,4236,2243,1,23.8
128,1651,6216,1,69.99
129,5988,1719,1,109.0
130,220,3690,1,29.0
131,220,537,1,29.0
132,220,2194,1,49.0
133,5574,2802,1,49.91
134,1965,4653,1,86.99
135,1965,1993,1,63.99
136,3408,4872,1,148.5
137,7879,3247,1,99.0
138,2375,2567,1,630.0
139,2375,2567,1,630.0
140,8900,3372,1,85.71
141,6389,5305,1,84.89
142,1211,1858,1,200.0
143,9602,614,1,58.99
144,942,3375,1,107.9
145,7602,2372,1,79.9
146,3663,3535,1,17.0
147,7146,519,1,30.0
148,7076,1998,1,159.9
149,1968,6351,1,54.9
150,4950,4124,1,78.0
151,823,305,1,118.99
152,6890,1863,1,179.9
153,6890,1863,1,179.9
154,3227,5287,1,65.0
155,7514,4259,1,124.9
156,3546,1767,1,44.5
157,3977,6415,1,48.9
158,4587,6537,1,156.99
159,6152,2491,1,65.5
160,7550,5176,1,1680.0
161,7550,5176,1,1680.0
162,7550,5176,1,1680.0
163,7550,5176,1,1680.0
164,7550,5176,1,1680.0
165,7550,5176,1,1680.0
166,7550,5176,1,1680.0
167,7550,5176,1,1680.0
168,2769,5056,1,110.0
169,2526,455,1,31.89
170,9159,1121,1,167.92
171,404,1893,1,90.0
172,9201,614,1,58.99
173,2270,1964,1,69.0
174,7367,3890,1,118.0
175,5210,4159,1,24.9
176,8275,490,1,89.18
177,68,4683,1,69.99
178,422,4760,1,89.9
179,2340,5296,1,27.99
180,5369,6626,1,109.9
181,8082,5199,1,144.99
182,3191,264,1,15.9
183,4853,5675,1,119.94
184,532,1779,1,467.0
185,532,1779,1,467.0
186,2761,6153,1,49.9
187,8532,4351,1,74.99
188,7876,3131,1,15.0
189,9214,6031,1,49.9
190,7986,5280,1,37.99
191,235,6554,1,63.99
192,3406,5025,1,668.0
193,3747,614,1,68.99
194,9764,5586,1,67.0
195,9412,512,1,62.0
196,9412,512,1,62.0
197,9412,512,1,62.0
198,9412,5808,1,48.0
199,9412,5808,1,48.0
200,9412,5808,1,48.0
201,9412,5808,1,48.0
202,9412,512,1,62.0
203,3547,3518,1,139.9
204,9084,1674,1,54.9
205,9927,2429,1,79.9
206,6902,2790,1,66.99
207,9129,158,1,59.9
208,1270,573,1,60.0
209,4334,146,1,115.0
210,5219,462,1,219.99
211,6570,3365,1,49.0
212,730,4657,1,246.9
213,1296,4952,1,206.67
214,6571,3558,1,128.9
215,9331,5616,1,49.0
216,2135,2203,1,24.99
217,3720,5621,1,150.0
218,2574,1441,1,124.9
219,4234,218,1,129.9
220,8158,1945,1,86.0
221,2028,3074,1,24.99
222,7159,6190,1,198.9
223,7239,4355,1,29.99
224,6345,375,1,49.9
225,2144,2584,1,29.9
226,9632,2061,1,69.99
227,2454,5152,1,10.18
228,4381,1565,1,26.0
229,8390,5532,1,49.95
230,8390,5532,1,49.95
231,2047,2900,1,103.99
232,8597,5244,1,154.99
233,125,2747,1,339.0
234,4102,3428,1,47.9
235,3758,2314,1,48.0
236,395,2176,1,209.5
237,7214,3216,1,35.0
238,4150,5443,1,269.0
239,3632,874,1,22.14
240,7935,1340,1,39.99
241,4306,2703,1,73.76
242,2995,1866,1,219.9
243,5682,5291,1,399.99
244,1464,2297,1,199.0
245,2369,6214,1,12.9
246,1915,3278,1,21.9
247,570,2663,1,125.62
248,5235,2950,1,599.9
249,1550,5729,1,119.0
250,3933,5136,1,259.99
251,1202,4509,1,49.9
252,4117,2929,1,89.9
253,4117,2929,1,89.9
254,4117,2929,1,89.9
255,4117,2929,1,89.9
256,5455,3550,1,32.76
257,6424,1357,1,119.4
258,205,2124,1,79.9
259,2910,146,1,110.0
260,5637,3730,1,149.9
261,8766,5534,1,322.0
262,7799,2991,1,119.48
263,9552,1530,1,84.99
264,7822,4246,1,82.0
265,1338,3640,1,134.0
266,2301,5909,1,84.44
267,9939,2622,1,32.5
268,318,1074,1,56.99
269,3420,342,1,149.9
270,8488,3720,1,75.0
271,7729,1594,1,17.9
272,5309,5741,1,467.0
273,1198,2802,1,49.9
274,713,327,1,45.8
275,713,327,1,45.8
276,7402,4424,1,13.65
277,6629,3359,1,31.0
278,6629,4260,1,31.0
279,6629,1339,1,39.99
280,709,6229,1,120.0
281,6642,3536,1,219.9
282,3682,6582,1,159.0
283,2693,4706,1,89.99
284,3916,6320,1,49.95
285,3956,3860,1,99.99
286,1554,6404,1,99.9
287,8367,2888,1,39.9
288,2977,5442,1,79.9
289,4707,3231,1,69.9
290,9026,880,1,52.9
291,4405,5989,1,191.0
292,712,4616,1,135.0
293,1126,2205,1,99.0
294,8406,2834,1,39.0
295,8406,3722,1,33.0
296,8406,3121,1,51.0
297,587,1301,1,535.9
298,5098,2561,1,99.99
299,8066,5204,1,107.9
300,1952,2410,1,179.0
301,5949,6019,1,117.3
302,2079,6353,1,44.9
303,6871,2600,1,65.9
304,8062,1388,1,18.9
305,2970,4297,1,94.0
306,2970,1398,1,88.0
307,351,5849,1,76.0
308,2449,2655,1,17.99
309,3604,2608,1,34.99
310,3734,2042,1,28.49
311,8675,3327,1,89.0
312,6687,4735,1,15.0
313,1047,2483,1,75.0
314,4323,1983,1,369.9
315,9014,3196,1,69.9
316,5332,328,1,167.68
317,970,700,1,42.99
318,8235,3246,1,325.0
319,5445,4828,1,22.9
320,5445,3827,1,12.9
321,9698,5636,1,35.0
322,407,41,1,56.99
323,5303,2790,1,66.99
324,2384,5910,1,149.9
325,684,2037,1,101.9
326,8904,5374,1,27.99
327,2182,5670,1,335.0
328,9776,1342,1,79.9
329,7954,4915,1,199.9
330,1584,4538,1,39.0
331,795,5706,1,189.9
332,2284,4070,1,219.0
333,8342,5156,1,239.9
334,8756,3599,1,94.9
335,7775,5738,1,49.9
336,3461,1751,1,76.9
337,3461,6475,1,76.9
338,8655,144,1,110.0
339,8692,3746,1,124.9
340,8540,614,1,58.99
341,9271,4287,1,25.0
342,6039,2549,1,56.9
343,6039,2549,1,56.9
344,9401,1300,1,29.9
345,690,4370,1,38.9
346,3654,4744,1,66.0
347,5410,5362,1,86.99
348,4777,2857,1,99.9
349,5080,3223,1,319.0
350,7870,1212,1,6735.0
351,7188,3707,1,115.9
352,5618,6507,1,99.9
353,3080,2235,1,119.0
354,6410,6073,1,17.8
355,6410,6073,1,17.8
356,783,291,1,990.0
357,6059,288,1,72.9
358,5282,3860,1,99.99
359,9262,4861,1,112.99
360,1492,318,1,238.0
361,5989,5886,1,119.59
362,9377,1722,1,174.0
363,9377,1722,1,174.0
364,1241,2572,1,96.0
365,5108,2796,1,44.99
366,5568,146,1,99.9
367,9519,1729,1,49.95
368,7476,2793,1,49.9
369,2592,3994,1,69.99
370,7013,31,1,27.99
371,4971,103,1,69.0
372,4971,103,1,69.0
373,4971,103,1,69.0
374,6717,1420,1,29.9
375,4687,5335,1,99.99
376,516,4,1,139.9
377,516,5523,1,52.3
378,516,5523,1,52.3
379,2964,2622,1,36.2
380,5370,1701,1,139.99
381,2711,5527,1,24.9
382,2711,5527,1,24.9
383,2711,5527,1,24.9
384,4888,4532,1,89.9
385,9852,864,1,57.9
386,7132,6587,1,18.0
387,7952,6078,1,1300.0
388,5775,5621,1,150.0
389,9963,5870,1,109.0
390,6635,2275,1,46.9
391,1864,4477,1,36.99
392,9539,3156,1,213.0
393,1532,639,1,110.32
394,2802,2914,1,211.91
395,7691,3686,1,29.0
396,9734,2673,1,69.9
397,2825,3098,1,29.99
398,2825,3098,1,29.99
399,2825,3098,1,29.99
400,2825,3098,1,29.99
401,3401,6377,1,116.9
402,3401,2587,1,116.9
403,6831,1449,1,329.9
404,8028,5957,1,148.0
405,6393,5332,1,32.99
406,2083,5517,1,54.99
407,2084,897,1,69.9
408,674,1480,1,39.0
409,150,3196,1,69.9
410,1508,6356,1,178.0
411,9605,6518,1,59.9
412,9605,6518,1,59.9
413,3516,2811,1,37.49
414,5711,5616,1,49.0
415,6018,1119,1,30.5
416,3648,2768,1,56.9
417,2601,2889,1,219.9
418,1082,3243,1,59.9
419,4911,6136,1,25.6
420,2001,3563,1,69.9
421,6198,2639,1,45.0
422,5106,651,1,95.0
423,8383,4711,1,98.9
424,4791,5910,1,149.9
425,586,2389,1,49.9
426,586,5333,1,40.9
427,1024,776,1,249.0
428,3246,6344,1,79.9
429,4008,6326,1,25.99
430,7958,2417,1,109.9
431,6357,1263,1,119.9
432,3081,4343,1,127.48
433,6971,566,1,82.8
434,7171,2493,1,119.99
435,2054,6092,1,730.0
436,452,5311,1,15.49
437,7850,4561,1,52.64
438,9147,5520,1,239.9
439,4693,1758,1,94.9
440,1132,4266,1,16.9
441,3160,5312,1,28.78
442,9082,244,1,70.0
443,9256,1028,1,12.49
444,7102,3435,1,99.0
445,6898,4705,1,37.99
446,248,932,1,53.9
447,5293,5958,1,105.0
448,4535,2673,1,69.9
449,9255,5643,1,28.9
450,2032,1958,1,199.99
451,4023,1559,1,415.9
452,1498,3805,1,364.0
453,2113,908,1,41.9
454,3808,416,1,29.9
455,3353,2673,1,69.9
456,4194,424,1,58.0
457,4194,3090,1,55.0
458,4194,4938,1,29.9
459,6455,757,1,24.0
460,3971,3538,1,129.0
461,3971,4608,1,55.0
462,7804,1248,1,39.9
463,4945,4472,1,24.99
464,6947,2691,1,145.35
465,9337,1979,1,390.0
466,8813,4938,1,29.9
467,7892,5329,1,399.99
468,3506,6153,1,49.0
469,7546,5477,1,124.9
470,2478,5932,1,89.9
471,5788,2365,1,15.0
472,6397,1232,1,24.0
473,42,2066,1,29.9
474,6585,6227,1,19.99
475,1571,5903,1,33.0
476,7765,1717,1,169.9
477,8247,2539,1,34.9
478,6227,4722,1,56.99
479,5345,5750,1,89.0
480,5756,1277,1,99.99
481,2317,6498,1,20.3
482,2317,1946,1,27.3
483,2317,3126,1,27.3
484,5450,2419,1,20.0
485,6932,1777,1,39.9
486,7103,3623,1,44.4
487,463,1596,1,29.9
488,1939,4548,1,209.0
489,1939,4548,1,209.0
490,8185,1096,1,12.25
491,9636,1482,1,99.9
492,7506,5780,1,20.9
493,794,4008,1,34.75
494,9435,3032,1,99.9
495,4275,6509,1,46.0
496,8819,1406,1,74.39
497,8693,1603,1,22.8
498,4995,5958,1,108.0
499,5847,4333,1,139.9
500,5350,6640,1,34.99
501,3836,3875,1,92.9
502,7867,5216,1,499.99
503,6381,6162,1,189.0
504,3099,3289,1,119.99
505,3622,5088,1,49.0
506,4122,1861,1,29.9
507,5216,1061,1,18.9
508,886,5040,1,129.9
509,7219,6349,1,47.9
510,2354,6365,1,109.0
511,7869,3881,1,998.9
512,3564,3809,1,29.97
513,2327,5931,1,200.0
514,6258,3584,1,849.0
515,7629,6157,1,479.99
516,8105,4676,1,105.99
517,8105,4676,1,105.99
518,956,2673,1,69.9
519,3295,568,1,28.9
520,8510,5156,1,170.0
521,9866,2012,1,72.0
522,8707,2179,1,39.0
523,6265,3751,1,138.9
524,8248,6394,1,42.0
525,9671,4283,1,29.99
526,3106,5436,1,108.12
527,7119,146,1,99.9
528,2591,5434,1,99.99
529,7717,6277,1,115.96
530,4774,1545,1,19.9
531,2535,2348,1,129.99
532,8071,6346,1,24.99
533,8071,6346,1,24.99
534,270,3009,1,27.9
535,270,3443,1,24.9
536,270,3009,1,27.9
537,2898,5508,1,248.99
538,5285,1715,1,59.99
539,9850,932,1,49.9
540,3332,6281,1,19.49
541,2505,2946,1,152.72
542,3964,6564,1,180.5
543,8633,5452,1,139.99
544,374,1067,1,14.9
545,5896,1697,1,29.99
546,5517,4530,1,159.0
547,5515,820,1,29.9
548,5515,820,1,29.9
549,5700,2441,1,29.9
550,7318,5616,1,49.0
551,4347,3018,1,69.99
552,6829,6468,1,20.9
553,8137,257,1,16.77
554,6844,1476,1,110.32
555,9461,2960,1,24.99
556,3552,1300,1,29.9
557,7842,727,1,309.9
558,9382,218,1,149.0
559,2024,1825,1,13.99
560,7163,2526,1,87.0
561,6841,3856,1,99.0
562,4427,4812,1,46.9
563,3366,907,1,58.9
564,3323,4581,1,94.0
565,7122,2138,1,59.9
566,5783,4142,1,88.34
567,7078,827,1,99.9
568,6968,6415,1,48.9
569,4108,614,1,58.99
570,479,4358,1,49.9
571,1433,5958,1,108.0
572,2469,782,1,15.99
573,3674,6032,1,199.9
574,673,1943,1,99.9
575,8600,4450,1,25.9
576,3404,2265,1,249.65
577,4639,657,1,43.99
578,8702,255,1,30.21
579,6833,4514,1,85.99
580,7647,1023,1,112.0
581,3797,4223,1,68.99
582,3997,5630,1,215.0
583,6126,2790,1,66.99
584,3707,6243,1,29.9
585,5095,2802,1,53.9
586,9577,5528,1,609.0
587,9170,4360,1,99.0
588,5310,1458,1,69.0
589,7357,3805,1,349.9
590,8636,4757,1,8.99
591,6294,2164,1,59.9
592,279,3779,1,159.9
593,7265,4470,1,149.0
594,7265,4470,1,149.0
595,8955,4685,1,284.0
596,8358,4013,1,133.6
597,8358,6662,1,133.6
598,280,2722,1,157.0
599,2417,3994,1,59.99
600,7508,4583,1,17.5
601,4058,1565,1,26.0
602,4745,6191,1,219.0
603,6046,6385,1,65.5
604,6046,6385,1,65.5
605,3801,2656,1,76.1
606,9710,3246,1,325.0
607,8394,3952,1,53.99
608,1882,205,1,188.0
609,982,6346,1,24.99
610,982,6346,1,24.99
611,7824,3246,1,330.0
612,2966,1671,1,139.0
613,4410,3002,1,61.9
614,4410,3002,1,61.9
615,4410,5284,1,74.9
616,183,2362,1,65.0
617,2617,1050,1,39.95
618,8561,2435,1,39.99
619,4013,2372,1,79.9
620,868,3351,1,263.99
621,5720,4499,1,22.9
622,7805,5888,1,59.9
623,8781,2022,1,14.6
624,7626,314,1,198.9
625,5461,1266,1,29.9
626,4734,2234,1,89.0
627,4346,2307,1,159.49
628,4829,2653,1,109.9
629,9989,5942,1,75.0
630,8857,3776,1,105.0
631,3942,5337,1,148.0
632,8288,414,1,21.52
633,949,4464,1,39.9
634,4325,4810,1,34.54
635,7222,3005,1,299.99
636,6016,5111,1,949.9
637,3380,3948,1,45.9
638,9121,3724,1,27.3
639,3902,1376,1,14.99
640,4548,3604,1,24.9
641,8399,2921,1,90.0
642,4157,5360,1,226.95
643,8103,1646,1,169.9
644,9370,2679,1,349.0
645,8608,2435,1,45.95
646,6719,4628,1,79.9
647,3280,648,1,369.0
648,9576,1129,1,77.0
649,9750,528,1,54.9
650,4092,742,1,44.9
651,2147,1945,1,86.9
652,7784,1396,1,1693.0
653,7784,484,1,34.0
654,2935,3366,1,110.89
655,4942,5823,1,17.99
656,111,1705,1,334.98
657,9796,3739,1,56.99
658,8131,2005,1,49.95
659,1491,691,1,139.0
660,778,3779,1,134.9
661,4074,6231,1,5.85
662,4074,6231,1,5.85
663,7490,6210,1,110.0
664,5507,6663,1,49.99
665,8614,735,1,73.02
666,3886,2736,1,99.9
667,3071,6346,1,24.99
668,2539,608,1,299.0
669,5586,2900,1,103.8
670,3587,3077,1,18.0
671,3587,3077,1,18.0
672,4232,5920,1,95.2
673,8762,2110,1,55.0
674,552,3587,1,185.49
675,9021,2172,1,89.9
676,8673,614,1,58.99
677,5424,3247,1,99.0
678,5608,5931,1,200.0
679,8866,3372,1,85.71
680,4923,1239,1,19.9
681,4923,1239,1,19.9
682,3162,1786,1,99.9
683,4071,1009,1,74.99
684,4071,3614,1,69.9
685,1264,5958,1,108.0
686,3958,932,1,59.9
687,4284,5516,1,169.9
688,6179,4478,1,29.99
689,4256,3890,1,148.0
690,5652,4627,1,16.0
691,8455,4194,1,79.99
692,1437,6510,1,56.99
693,9549,1485,1,59.9
694,3667,1750,1,364.98
695,5978,1847,1,65.99
696,3115,4458,1,19.99
697,8439,6019,1,117.3
698,7245,288,1,72.9
699,6077,342,1,149.9
700,5557,6643,1,54.9
701,8883,4696,1,59.9
702,9127,2799,1,74.9
703,6387,6634,1,60.0
704,6564,557,1,143.99
705,128,5883,1,42.0
706,2400,563,1,98.9
707,3482,399,1,130.0
708,3925,6462,1,81.9
709,367,2768,1,56.9
710,8927,6580,1,264.0
711,1200,1153,1,110.0
712,4881,3949,1,34.9
713,8551,3390,1,19.9
714,8551,3390,1,19.9
715,840,6151,1,99.9
716,7310,2783,1,72.9
717,9452,4201,1,174.0
718,7756,3020,1,7.0
719,1768,4350,1,79.0
720,749,1044,1,106.0
721,8677,4902,1,139.0
722,1259,1611,1,156.45
723,6069,3124,1,49.9
724,6069,3124,1,49.9
725,8629,381,1,139.4
726,9922,5502,1,59.9
727,6734,194,1,25.99
728,5575,2879,1,59.99
729,5387,3238,1,168.0
730,9509,6470,1,135.9
731,7445,270,1,454.0
732,8212,1945,1,89.9
733,9413,5087,1,15.0
734,1285,4963,1,49.99
735,2750,5947,1,309.9
736,7213,4272,1,529.0
737,2386,1756,1,59.9
738,5763,4222,1,89.9
739,9080,6226,1,139.9
740,6240,1506,1,14.9
741,3896,5634,1,25.5
742,7400,2359,1,539.9
743,2414,2843,1,130.0
744,2414,3488,1,130.0
745,7635,529,1,179.9
746,6239,3378,1,34.9
747,9163,3602,1,49.9
748,9163,4882,1,49.9
749,987,5581,1,37.88
750,430,5942,1,85.0
751,5132,2717,1,34.9
752,4999,4511,1,49.9
753,768,5740,1,39.0
754,491,5441,1,119.99
755,2813,5617,1,189.0
756,6003,5485,1,118.0
757,9223,4881,1,23.7
758,9223,4881,1,23.7
759,7605,1722,1,189.9
760,2266,4553,1,149.99
761,7424,4988,1,49.99
762,7424,4988,1,49.99
763,2097,1803,1,519.0
764,3074,6503,1,80.0
765,927,3011,1,67.99
766,5697,1945,1,79.9
767,3204,6030,1,24.9
768,6781,4627,1,16.0
769,1405,1277,1,99.99
770,6730,5616,1,49.0
771,3180,3524,1,269.9
772,7414,2432,1,79.0
773,1613,2790,1,66.99
774,5253,6531,1,69.9
775,1213,6059,1,59.9
776,3063,1064,1,155.6
777,3063,1064,1,155.6
778,3063,1064,1,155.6
779,4003,88,1,69.0
780,5744,4612,1,22.5
781,7636,811,1,129.9
782,5904,6518,1,49.9
783,5904,6518,1,49.9
784,9679,6052,1,54.9
785,2583,2333,1,54.9
786,6876,3942,1,139.99
787,5324,4545,1,49.9
788,6006,5005,1,179.0
789,6006,1671,1,149.0
790,429,5098,1,265.0
791,5501,3106,1,43.0
792,4209,6518,1,49.0
793,3220,2388,1,149.0
794,4623,999,1,73.35
795,9771,3159,1,7.9
796,9771,3159,1,7.9
797,3998,2383,1,90.0
798,8441,444,1,25.0
799,372,6286,1,85.05
800,186,2475,1,199.0
801,7261,3860,1,99.99
802,7570,1427,1,75.9
803,7570,2754,1,79.9
804,519,1337,1,49.0
805,3132,1375,1,159.99
806,5146,5356,1,849.99
807,2353,4101,1,99.9
808,4764,594,1,24.9
809,8998,2531,1,284.0
810,3212,3952,1,53.99
811,5050,5096,1,169.9
812,5050,5096,1,169.9
813,7474,805,1,69.0
814,8250,2885,1,110.32
815,8250,2885,1,110.32
816,2689,1794,1,51.98
817,3165,329,1,113.0
818,4702,2601,1,39.9
819,4702,2601,1,39.9
820,5225,4344,1,19.9
821,2334,880,1,52.9
822,6143,1177,1,449.0
823,2536,5060,1,24.99
824,9890,935,1,189.9
825,3541,2073,1,62.99
826,1116,4827,1,450.0
827,531,2387,1,28.9
828,36,2554,1,171.9
829,4759,5087,1,15.0
830,283,1541,1,119.9
831,7166,1738,1,99.9
832,8835,2671,1,61.8
833,5816,533,1,309.0
834,309,4303,1,34.0
835,7173,2225,1,69.88
836,7173,2225,1,69.88
837,3213,2712,1,19.0
838,5484,2435,1,38.79
839,3755,1391,1,11.2
840,6592,5173,1,650.0
841,3187,3590,1,56.97
842,5018,4968,1,26.4
843,882,2889,1,212.0
844,6127,1880,1,23.8
845,6127,1880,1,23.8
846,9612,381,1,139.4
847,3394,3126,1,27.3
848,2436,1713,1,69.99
849,5065,6317,1,69.49
850,4789,5831,1,44.9
851,4537,2746,1,45.0
852,6355,4030,1,98.9
853,6038,1138,1,31.9
854,4266,2650,1,274.95
855,501,5616,1,49.0
856,6274,6601,1,14.9
857,1623,4394,1,69.0
858,1279,1308,1,8.7
859,7937,5846,1,299.9
860,1916,5095,1,89.18
861,6903,6441,1,149.0
862,5605,2936,1,69.9
863,5605,2936,1,69.9
864,6953,487,1,99.9
865,3806,1074,1,56.99
866,9405,3137,1,349.0
867,1556,1765,1,15.45
868,1556,1765,1,15.45
869,6669,1251,1,80.0
870,6553,1958,1,199.99
871,2494,6220,1,29.9
872,1147,6158,1,29.9
873,4035,880,1,52.9
874,3299,1498,1,39.9
875,5476,3548,1,126.49
876,4624,2281,1,689.89
877,1638,2927,1,87.99
878,2994,1707,1,29.88
879,5784,5593,1,74.9
880,2648,1540,1,82.0
881,2086,809,1,49.0
882,9356,1195,1,89.99
883,1547,5910,1,149.9
884,1547,5910,1,149.9
885,4908,3948,1,45.9
886,4908,3948,1,45.9
887,9392,4110,1,82.0
888,1603,5709,1,279.9
889,8595,1997,1,914.65
890,9386,4416,1,199.0
891,2985,710,1,54.4
892,3984,1108,1,209.0
893,8794,6191,1,239.0
894,1374,510,1,109.9
895,4805,3167,1,89.9
896,1339,152,1,44.99
897,6640,5983,1,83.0
898,6661,3120,1,45.9
899,1590,5369,1,109.9
900,6308,4995,1,49.95
901,9773,2673,1,69.9
902,9773,2673,1,69.9
903,8164,541,1,119.9
904,3148,168,1,95.15
905,5238,2673,1,75.0
906,3545,3118,1,169.0
907,6791,4144,1,299.0
908,3093,5804,1,40.8
909,3308,3891,1,79.0
910,7388,2896,1,119.85
911,9054,146,1,109.99
912,1250,5343,1,69.0
913,3816,20,1,99.88
914,7622,3714,1,24.9
915,8446,2248,1,53.0
916,1389,1226,1,144.99
917,6622,4093,1,689.0
918,2945,726,1,175.0
919,7391,88,1,69.0
920,8650,709,1,165.0
921,7194,599,1,56.99
922,7645,53,1,55.0
923,7645,53,1,55.0
924,8695,300,1,159.0
925,3873,3718,1,139.9
926,9554,2766,1,166.99
927,9070,772,1,175.0
928,4422,3299,1,299.0
929,4126,3168,1,159.9
930,1525,4963,1,49.99
931,5158,1891,1,99.99
932,8072,496,1,69.9
933,8604,1897,1,59.9
934,7868,6150,1,319.9
935,6519,1518,1,39.9
936,6089,785,1,22.32
937,7825,4293,1,47.99
938,9049,5957,1,148.0
939,4139,5134,1,449.9
940,3158,226,1,34.99
941,4029,5190,1,35.9
942,528,149,1,42.99
943,2554,4125,1,48.0
944,6360,2274,1,24.9
945,6360,40,1,24.9
946,6360,5647,1,24.9
947,1322,1714,1,29.9
948,6551,3246,1,330.0
949,6753,4814,1,14.99
950,3911,2723,1,189.99
951,4047,6090,1,256.0
952,9881,563,1,99.9
953,2022,346,1,23.99
954,3302,6489,1,33.0
955,8808,2889,1,219.9
956,7093,1006,1,99.9
957,4729,6098,1,99.99
958,7090,5132,1,55.99
959,7090,5132,1,55.99
960,7148,4383,1,108.54
961,4154,2055,1,23.9
962,8879,43,1,95.03
963,9790,3409,1,750.0
964,2950,321,1,69.9
965,299,3613,1,39.99
966,4562,48,1,99.99
967,3983,5910,1,149.9
968,9393,4640,1,24.99
969,8805,4375,1,59.9
970,8805,4375,1,59.9
971,502,5915,1,299.0
972,1362,5911,1,38.5
973,6268,5647,1,24.9
974,6268,5647,1,24.9
975,9283,6543,1,199.99
976,861,6539,1,64.9
977,875,1945,1,86.9
978,3878,4255,1,16.99
979,2010,5733,1,159.0
980,3596,5005,1,179.0
981,4010,3805,1,349.9
982,8380,6134,1,74.7
983,3927,4932,1,79.5
984,2373,2205,1,89.0
985,6068,6360,1,114.9
986,2031,1522,1,279.0
987,4504,6477,1,36.9
988,5579,6166,1,69.0
989,8001,1938,1,28.9
990,8001,1938,1,28.9
991,8001,1938,1,28.9
992,8310,5315,1,35.99
993,2990,5524,1,39.9
994,2990,5524,1,39.9
995,2990,5524,1,39.9
996,5925,1373,1,90.0
997,984,5929,1,108.9
998,9868,1058,1,101.62
999,8920,1673,1,109.9
1000,5889,1945,1,89.9
1001,4239,248,1,86.5
1002,3953,3297,1,210.0
1003,8178,5258,1,29.99
1004,5454,3257,1,79.08
1005,3330,156,1,36.99
1006,7981,302,1,119.9
1007,2406,5455,1,59.0
1008,336,1345,1,26.9
1009,3497,1600,1,180.0
1010,3497,1600,1,180.0
1011,3497,1600,1,180.0
1012,3497,1600,1,180.0
1013,3497,1600,1,180.0
1014,5973,6288,1,49.9
1015,8289,1315,1,18.45
1016,5878,2622,1,19.9
1017,7177,3719,1,34.9
1018,7177,3719,1,34.9
1019,6457,346,1,19.99
1020,5124,1173,1,72.99
1021,2497,1123,1,79.9
1022,9898,1622,1,66.9
1023,2318,994,1,229.9
1024,1599,6420,1,148.0
1025,5924,979,1,44.9
1026,6873,970,1,269.99
1027,3714,1194,1,180.9
1028,5513,1992,1,59.5
1029,7941,3460,1,197.9
1030,7282,4647,1,55.0
1031,7282,4647,1,55.0
1032,732,1478,1,179.9
1033,9015,710,1,54.4
1034,6401,1478,1,179.0
1035,8226,2288,1,200.0
1036,819,797,1,39.99
1037,3021,6518,1,59.9
1038,3021,932,1,59.9
1039,3936,4121,1,109.9
1040,5974,2210,1,139.0
1041,4470,5428,1,77.98
1042,4470,5428,1,77.98
1043,4261,3529,1,8.99
1044,4261,3529,1,8.99
1045,6727,2675,1,134.0
1046,7158,4080,1,251.51
1047,7920,386,1,160.0
1048,6847,5199,1,144.99
1049,6782,4560,1,138.0
1050,8035,1565,1,26.0
1051,9005,2239,1,72.23
1052,9005,2239,1,72.23
1053,548,1414,1,26.0
1054,2975,361,1,229.0
1055,7579,52,1,199.0
1056,1724,61,1,84.9
1057,2450,3274,1,119.9
1058,1667,1051,1,23.92
1059,9908,3962,1,44.9
1060,4019,1530,1,84.99
1061,2827,384,1,122.99
1062,1134,106,1,105.9
1063,8384,5279,1,79.9
1064,182,2254,1,79.9
1065,9105,2889,1,219.9
1066,2485,4347,1,27.9
1067,5765,3321,1,68.99
1068,5765,3321,1,68.99
1069,6534,1155,1,37.0
1070,1041,3791,1,58.0
1071,3882,4976,1,240.99
1072,2745,3870,1,55.0
1073,3459,5323,1,109.22
1074,117,3931,1,450.0
1075,2125,1989,1,129.0
1076,8985,3860,1,99.99
1077,3469,846,1,15.99
1078,3053,2702,1,134.9
1079,8651,195,1,19.9
1080,7552,2985,1,79.0
1081,6400,4413,1,199.9
1082,9909,384,1,119.99
1083,2940,4994,1,259.99
1084,5196,4773,1,69.0
1085,4738,6351,1,54.9
1086,8186,384,1,110.99
1087,4044,207,1,52.0
1088,1281,1300,1,29.9
1089,3077,4016,1,145.0
1090,8550,6127,1,152.0
1091,31,5035,1,269.0
1092,130,6650,1,50.0
1093,7229,84,1,13.99
1094,8255,4889,1,157.9
1095,1742,6507,1,99.9
1096,4591,6017,1,349.9
1097,4628,5128,1,44.0
1098,5252,2264,1,389.9
1099,6736,2965,1,17.9
1100,8110,427,1,98.0
1101,1531,456,1,19.9
1102,8323,3372,1,85.71
1103,8943,4761,1,110.0
1104,8943,4761,1,110.0
1105,8943,4761,1,110.0
1106,3542,5464,1,68.9
1107,307,4530,1,129.0
1108,8672,285,1,177.99
1109,9107,2548,1,48.9
1110,4143,2214,1,15.0
1111,6671,5950,1,19.9
1112,4137,1119,1,30.5
1113,7604,3061,1,45.9
1114,4913,3572,1,160.65
1115,8743,3728,1,125.0
1116,825,784,1,130.0
1117,7627,2668,1,25.0
1118,6081,3461,1,110.0
1119,4328,1219,1,230.0
1120,8460,1382,1,140.0
1121,6985,4924,1,49.9
1122,415,4074,1,65.0
1123,415,4074,1,65.0
1124,415,4074,1,65.0
1125,415,4074,1,65.0
1126,415,4074,1,65.0
1127,415,4074,1,65.0
1128,6738,4293,1,55.0
1129,9046,633,1,19.98
1130,8553,1388,1,18.9
1131,944,1282,1,29.99
1132,8719,830,1,12.9
1133,7753,6313,1,848.9
1134,7758,720,1,1658.83
1135,8960,1492,1,140.6
1136,8960,1492,1,140.6
1137,2289,561,1,45.9
1138,5638,1378,1,192.99
1139,5638,1378,1,192.99
1140,812,1531,1,37.95
1141,812,1531,1,37.95
1142,4045,6246,1,209.9
1143,6365,2546,1,85.9
1144,9942,2181,1,103.46
1145,8733,3865,1,79.9
1146,4135,1060,1,29.9
1147,5595,2450,1,399.0
1148,2116,2790,1,66.99
1149,8467,1525,1,27.0
1150,7283,3766,1,105.0
1151,6588,4939,1,100.01
1152,7928,4782,1,119.98
1153,315,4420,1,110.0
1154,769,2265,1,199.65
1155,5141,1277,1,99.99
1156,3737,2435,1,39.99
1157,9013,1318,1,89.9
1158,2741,5364,1,1100.0
1159,7305,5124,1,70.0
1160,2493,5628,1,489.06
1161,7735,5727,1,36.49
1162,1025,1520,1,40.68
1163,5546,6117,1,623.99
1164,2038,4688,1,199.99
1165,1652,3403,1,636.0
1166,4936,1826,1,59.99
1167,3488,5973,1,31.9
1168,738,2254,1,99.99
1169,4279,3736,1,35.0
1170,4279,3736,1,35.0
1171,5241,4360,1,84.9
1172,1562,1636,1,34.99
1173,9351,112,1,99.9
1174,1587,6418,1,48.0
1175,1587,6418,1,48.0
1176,1587,6418,1,48.0
1177,1587,6418,1,48.0
1178,1587,6418,1,48.0
1179,1587,6418,1,48.0
1180,1114,758,1,249.9
1181,1396,6433,1,88.2
1182,8594,2308,1,65.0
1183,2081,4461,1,55.9
1184,3425,5016,1,99.9
1185,2496,3349,1,43.0
1186,1075,4151,1,35.0
1187,9897,3167,1,89.9
1188,6327,2951,1,44.99
1189,6327,2951,1,44.99
1190,437,267,1,35.99
1191,7578,4349,1,147.9
1192,7544,5935,1,27.99
1193,1581,5172,1,69.99
1194,1687,5950,1,19.9
1195,4793,2300,1,48.9
1196,6214,5666,1,19.89
1197,7788,5119,1,99.0
1198,8401,2277,1,120.0
1199,6874,3890,1,146.0
1200,2880,1642,1,19.9
1201,1423,3633,1,129.0
1202,7700,3036,1,59.9
1203,9640,237,1,55.0
1204,9640,3281,1,55.0
1205,3287,1398,1,167.0
1206,38,3329,1,49.0
1207,7031,6441,1,149.0
1208,8008,6308,1,391.87
1209,9562,4818,1,14.9
1210,9951,3419,1,102.0
1211,8408,870,1,79.99
1212,636,346,1,19.99
1213,9960,1723,1,129.9
1214,8086,2608,1,34.99
1215,989,5131,1,29.99
1216,9733,6312,1,44.9
1217,1335,3741,1,60.0
1218,3553,4871,1,120.0
1219,469,1425,1,179.9
1220,469,1425,1,179.9
1221,4207,3948,1,49.9
1222,7936,3591,1,1599.0
1223,3278,2298,1,94.3
1224,4845,340,1,103.97
1225,8531,5060,1,24.99
1226,3109,539,1,89.9
1227,9282,6518,1,49.0
1228,6955,6415,1,48.9
1229,5801,2673,1,75.0
1230,5801,2673,1,75.0
1231,1661,1844,1,199.9
1232,1832,6427,1,159.0
1233,8195,3099,1,99.99
1234,2277,505,1,59.9
1235,992,3405,1,44.9
1236,6794,2719,1,79.9
1237,9818,5804,1,44.06
1238,6087,58,1,49.9
1239,7209,764,1,27.9
1240,8206,72,1,159.99
1241,3346,2202,1,18.9
1242,3215,6616,1,189.9
1243,5780,2728,1,180.0
1244,356,953,1,59.0
1245,3451,3273,1,23.9
1246,7004,2945,1,48.0
1247,7004,1810,1,27.9
1248,7004,6,1,39.9
1249,7004,4462,1,32.99
1250,5201,1506,1,19.9
1251,7959,2104,1,89.0
1252,6682,4956,1,13.99
1253,1442,5025,1,650.0
1254,5,2054,1,159.77
1255,3616,5028,1,799.9
1256,376,2802,1,49.0
1257,8564,3171,1,98.9
1258,2511,1038,1,129.0
1259,4931,5079,1,765.0
1260,975,5629,1,49.9
1261,9784,5483,1,117.0
1262,3170,3283,1,59.9
1263,5909,710,1,54.4
1264,6655,4990,1,133.0
1265,7092,654,1,55.0
1266,2729,5276,1,149.49
1267,817,6080,1,34.9
1268,7536,779,1,57.99
1269,4317,1839,1,109.9
1270,6193,456,1,19.9
1271,1034,5221,1,79.95
1272,8638,4580,1,95.0
1273,7243,4692,1,343.0
1274,250,2837,1,32.99
1275,7652,4376,1,48.3
1276,7802,3407,1,19.9
1277,4237,2195,1,31.9
1278,5835,3553,1,1295.0
1279,3405,1125,1,139.9
1280,7153,2401,1,410.0
1281,7153,2401,1,410.0
1282,5537,5958,1,108.0
1283,5537,5958,1,108.0
1284,1155,5958,1,105.0
1285,1888,4502,1,109.9
1286,853,2267,1,49.99
1287,1113,553,1,38.94
1288,7462,4887,1,9.0
1289,7462,4887,1,9.0
1290,4740,1691,1,388.0
1291,8589,2689,1,74.9
1292,3324,1626,1,99.9
1293,2961,5339,1,24.99
1294,7646,4057,1,29.99
1295,1657,1845,1,14.63
1296,1307,4134,1,139.99
1297,1407,5604,1,80.0
1298,6615,6185,1,82.99
1299,2941,5887,1,18.9
1300,2025,4491,1,22.99
1301,9436,765,1,55.0
1302,3915,2159,1,60.9
1303,4167,4675,1,45.9
1304,1043,785,1,31.9
1305,9207,5960,1,249.0
1306,8850,875,1,16.9
1307,9455,3338,1,79.99
1308,6022,3621,1,16.9
1309,6022,3621,1,16.9
1310,8132,5258,1,27.9
1311,1358,6648,1,70.35
1312,8789,6358,1,24.9
1313,505,1273,1,99.9
1314,5010,4237,1,110.0
1315,8485,4379,1,34.9
1316,5054,2824,1,110.0
1317,2652,884,1,57.9
1318,520,6004,1,122.99
1319,7891,4956,1,13.99
1320,9462,1654,1,89.9
1321,3205,1647,1,279.99
1322,849,4208,1,25.99
1323,3245,5036,1,20.3
1324,9421,6235,1,14.8
1325,9421,6235,1,14.8
1326,8901,6106,1,31.9
1327,6370,2089,1,143.0
1328,9758,909,1,39.99
1329,4574,1671,1,149.0
1330,8127,2673,1,69.9
1331,5256,2802,1,53.9
1332,375,2813,1,129.0
1333,9722,5305,1,84.9
1334,1454,3129,1,129.0
1335,8641,1888,1,99.9
1336,3146,4212,1,22.9
1337,3771,4198,1,58.0
1338,4827,4674,1,49.99
1339,3424,6594,1,53.0
1340,3424,6594,1,53.0
1341,7183,5958,1,108.0
1342,7671,3777,1,139.9
1343,4321,2168,1,99.8
1344,2457,2319,1,76.0
1345,297,346,1,19.99
1346,1453,526,1,194.99
1347,1453,526,1,194.99
1348,2703,1671,1,139.99
1349,4312,4938,1,29.9
1350,8890,5366,1,81.49
1351,1274,2447,1,24.9
1352,1274,3858,1,24.9
1353,1274,3858,1,24.9
1354,4643,1090,1,28.9
1355,8065,3056,1,71.0
1356,1121,1485,1,59.0
1357,7042,625,1,370.0
1358,184,4124,1,78.0
1359,4894,3054,1,259.0
1360,7273,563,1,98.9
1361,9931,6179,1,42.99
1362,9931,4715,1,39.9
1363,9931,333,1,42.39
1364,7494,1850,1,1186.0
1365,1695,4880,1,38.9
1366,1981,5649,1,78.9
1367,1212,2297,1,134.9
1368,9182,724,1,92.4
1369,2558,558,1,66.99
1370,2108,5404,1,369.0
1371,2893,5980,1,169.0
1372,3901,5106,1,13.65
1373,3188,3982,1,110.0
1374,3188,5192,1,110.0
1375,701,5960,1,276.9
1376,701,5960,1,276.9
1377,602,253,1,150.78
1378,8509,4743,1,39.5
1379,8578,1241,1,109.9
1380,8578,1945,1,86.9
1381,7483,3903,1,39.99
1382,2871,3870,1,55.0
1383,442,2804,1,399.0
1384,6377,5865,1,44.9
1385,3149,2493,1,116.99
1386,5522,4092,1,34.99
1387,2749,2008,1,110.0
1388,6552,3136,1,549.0
1389,3649,2583,1,39.0
1390,5839,3124,1,49.9
1391,6801,905,1,39.0
1392,4414,4437,1,75.0
1393,3214,5047,1,84.9
1394,7446,3246,1,325.0
1395,5093,4236,1,39.0
1396,8926,823,1,149.99
1397,8926,823,1,149.99
1398,3381,1945,1,89.9
1399,7955,5937,1,160.0
1400,1730,1709,1,19.9
1401,9608,1402,1,89.9
1402,9608,1402,1,89.9
1403,8862,4937,1,69.99
1404,8862,214,1,69.99
1405,8851,2116,1,107.54
1406,1316,5916,1,217.91
1407,2351,2443,1,129.99
1408,4736,6497,1,68.9
1409,5356,5013,1,982.0
1410,4900,1277,1,99.99
1411,2674,5990,1,99.9
1412,8410,37,1,99.0
1413,9905,2438,1,208.0
1414,4305,4381,1,585.65
1415,3312,5242,1,29.99
1416,8191,5460,1,149.99
1417,3244,6202,1,45.9
1418,3216,6100,1,44.9
1419,6819,6389,1,109.99
1420,5913,5724,1,158.0
1421,9385,2962,1,138.9
1422,65,2694,1,169.9
1423,867,932,1,49.9
1424,1896,5263,1,199.0
1425,2302,4798,1,80.0
1426,5078,346,1,23.99
1427,5305,1697,1,29.99
1428,3347,2961,1,99.9
1429,7495,4726,1,269.0
1430,3770,2413,1,119.9
1431,9672,5022,1,89.9
1432,6142,2137,1,29.99
1433,3478,2622,1,19.9
1434,9451,363,1,199.0
1435,7271,4597,1,49.8
1436,6790,2435,1,39.99
1437,8948,2190,1,109.66
1438,316,6284,1,79.0
1439,4267,6548,1,89.9
1440,2644,6193,1,14.9
1441,2644,6193,1,14.9
1442,4848,5651,1,79.9
1443,9611,4319,1,159.9
1444,1098,4855,1,129.49
1445,4016,2589,1,199.0
1446,6545,422,1,33.41
1447,2145,4419,1,54.9
1448,1833,3860,1,99.99
1449,9437,1136,1,99.9
1450,9849,3857,1,62.9
1451,9459,5574,1,399.9
1452,5884,2021,1,79.9
1453,9616,5335,1,99.99
1454,6702,4665,1,85.0
1455,5064,6550,1,35.0
1456,1745,3483,1,29.0
1457,6183,5872,1,289.99
1458,8210,180,1,39.9
1459,1767,2666,1,55.0
1460,6281,5870,1,119.0
1461,5204,1327,1,32.9
1462,2675,3483,1,29.0
1463,5301,4283,1,29.99
1464,5762,252,1,75.0
1465,5762,252,1,75.0
1466,5762,625,1,370.0
1467,5745,5958,1,105.0
1468,8822,5885,1,146.99
1469,1734,1380,1,36.0
1470,5153,2188,1,12.5
1471,9057,5308,1,199.89
1472,922,1607,1,66.9
1473,847,4682,1,29.99
1474,1708,4906,1,86.99
1475,5664,6518,1,59.9
1476,5312,5160,1,160.0
1477,4508,5838,1,45.6
1478,2271,2514,1,79.9
1479,605,6206,1,53.99
1480,7793,2325,1,279.9
1481,4985,2410,1,179.0
1482,5246,1952,1,45.0
1483,3623,6343,1,269.9
1484,3623,6343,1,269.9
1485,2323,6449,1,28.0
1486,2323,6449,1,28.0
1487,6784,4304,1,95.0
1488,323,642,1,29.99
1489,3573,4877,1,89.0
1490,8914,3794,1,25.0
1491,1248,6468,1,20.9
1492,349,3435,1,99.0
1493,2615,3761,1,397.79
1494,6775,977,1,59.99
1495,6775,977,1,59.99
1496,6775,4931,1,66.99
1497,6116,4638,1,129.0
1498,4602,5763,1,155.0
1499,2588,74,1,115.0
1500,7667,4763,1,980.0
1501,4018,3123,1,76.89
1502,6825,5159,1,63.9
1503,6825,5159,1,63.9
1504,1204,2494,1,45.9
1505,170,25,1,179.49
1506,2322,2630,1,27.4
1507,6313,3496,1,59.9
1508,9638,3924,1,279.9
1509,3089,2265,1,199.65
1510,5680,3492,1,99.49
1511,8236,1255,1,69.0
1512,1750,3267,1,47.99
1513,5927,5251,1,9.0
1514,1932,1195,1,89.99
1515,2303,207,1,50.0
1516,1588,5462,1,119.5
1517,7355,2088,1,129.0
1518,4663,4105,1,59.0
1519,2643,3405,1,44.9
1520,3888,5271,1,99.99
1521,5764,6148,1,129.8
1522,7167,1683,1,59.99
1523,1895,5469,1,179.0
1524,1895,5469,1,179.0
1525,8921,3239,1,139.99
1526,3969,5389,1,127.9
1527,5852,4681,1,195.0
1528,398,4366,1,112.99
1529,2183,3082,1,189.99
1530,2183,3082,1,189.99
1531,2183,3082,1,189.99
1532,2183,3082,1,189.99
1533,3365,4732,1,25.99
1534,8048,2632,1,175.99
1535,3443,3544,1,89.99
1536,328,1121,1,174.92
1537,7118,1828,1,146.39
1538,2680,5231,1,334.9
1539,1465,5021,1,109.0
1540,8751,4989,1,119.9
1541,4485,4549,1,44.9
1542,2035,3052,1,599.0
1543,7860,4908,1,289.0
1544,1192,5667,1,79.9
1545,5663,4404,1,25.9
1546,5663,4404,1,25.9
1547,9346,6019,1,117.3
1548,2292,4128,1,14.99
1549,8068,1861,1,29.9
1550,6028,2151,1,24.9
1551,6052,2433,1,59.9
1552,9055,2578,1,42.9
1553,1084,4809,1,10.99
1554,4706,5982,1,40.9
1555,7668,2292,1,69.5
1556,7668,3637,1,69.5
1557,5269,3358,1,49.49
1558,680,251,1,31.0
1559,2508,6348,1,49.99
1560,7574,1806,1,120.0
1561,7574,1806,1,120.0
1562,2430,1186,1,134.9
1563,5206,2477,1,128.8
1564,8899,910,1,54.9
1565,5526,2802,1,49.0
1566,1045,1671,1,139.0
1567,7724,5262,1,59.9
1568,3128,254,1,13.9
1569,5518,2674,1,56.99
1570,7464,6547,1,106.99
1571,7464,6547,1,106.99
1572,650,386,1,160.0
1573,650,386,1,160.0
1574,8261,5649,1,77.9
1575,7378,1967,1,38.0
1576,3751,2525,1,109.99
1577,5947,627,1,11.5
1578,3918,2053,1,96.99
1579,4082,6089,1,17.77
1580,8995,4240,1,62.99
1581,298,1023,1,139.9
1582,2852,1195,1,89.99
1583,8181,2441,1,29.9
1584,54,3083,1,250.0
1585,4420,390,1,83.3
1586,2533,2226,1,29.99
1587,203,230,1,51.0
1588,9277,3253,1,120.0
1589,5462,5269,1,55.49
1590,7395,510,1,128.7
1591,6303,3594,1,234.9
1592,6303,3594,1,234.9
1593,7033,5214,1,119.0
1594,914,901,1,40.0
1595,1484,2370,1,229.99
1596,7594,647,1,18.98
1597,9546,1460,1,97.89
1598,9572,4104,1,129.99
1599,4967,1027,1,114.99
1600,4967,1027,1,114.99
1601,7081,256,1,39.9
1602,7081,256,1,39.9
1603,5662,1455,1,177.9
1604,4901,2117,1,49.9
1605,525,6570,1,179.9
1606,8646,6256,1,139.99
1607,8646,6256,1,139.99
1608,9497,3217,1,24.9
1609,9497,3217,1,24.9
1610,9497,3217,1,24.9
1611,4467,4415,1,36.0
1612,6893,1296,1,28.0
1613,8908,2413,1,119.9
1614,1456,4536,1,79.0
1615,9279,5686,1,157.77
1616,451,2138,1,49.9
1617,3763,6316,1,149.9
1618,3311,1966,1,59.0
1619,9894,431,1,670.0
1620,1267,1419,1,49.0
1621,3237,3,1,39.0
1622,3237,3,1,39.0
1623,3237,3,1,39.0
1624,2255,5438,1,30.0
1625,5693,384,1,122.99
1626,9921,753,1,345.95
1627,9921,753,1,345.95
1628,9921,753,1,345.95
1629,1903,4360,1,99.0
1630,963,5882,1,150.0
1631,963,5195,1,169.99
1632,6463,4180,1,29.99
1633,7341,2899,1,149.0
1634,7341,2899,1,149.0
1635,8533,5755,1,24.9
1636,8968,4370,1,38.9
1637,8968,6666,1,19.9
1638,6628,113,1,56.99
1639,2283,766,1,79.9
1640,3385,3319,1,13.9
1641,7675,3062,1,191.88
1642,2836,4009,1,188.0
1643,4561,3367,1,179.9
1644,5968,280,1,99.0
1645,8583,5203,1,89.5
1646,2011,4915,1,199.9
1647,1156,6409,1,65.0
1648,8784,293,1,240.0
1649,8887,795,1,59.9
1650,3558,48,1,94.99
1651,8771,5686,1,157.77
1652,9352,1829,1,120.0
1653,9352,1829,1,120.0
1654,9352,1829,1,120.0
1655,9352,1829,1,120.0
1656,6461,6351,1,54.9
1657,9243,3946,1,1350.0
1658,3373,1636,1,28.99
1659,1548,4418,1,48.9
1660,8869,4666,1,79.99
1661,3890,6200,1,479.04
1662,4186,1928,1,580.27
1663,9410,3986,1,299.0
1664,1027,606,1,15.0
1665,1924,146,1,99.9
1666,2242,4267,1,119.8
1667,6992,2091,1,26.99
1668,1575,1549,1,87.0
1669,2927,2741,1,88.9
1670,3181,3631,1,35.89
1671,6015,2460,1,110.32
1672,4725,6135,1,48.9
1673,361,4537,1,47.9
1674,6891,5796,1,79.9
1675,9334,5671,1,54.9
1676,1839,5817,1,199.99
1677,4620,5450,1,51.9
1678,5183,566,1,82.8
1679,8966,1923,1,45.65
1680,7851,1500,1,109.9
1681,7820,1407,1,93.0
1682,1779,4580,1,95.0
1683,411,3325,1,144.49
1684,6949,6651,1,265.0
1685,1722,2779,1,109.9
1686,995,6030,1,29.9
1687,7894,925,1,85.99
1688,25,454,1,87.5
1689,4860,4579,1,175.0
1690,4860,4579,1,175.0
1691,4676,45,1,29.89
1692,2560,4545,1,49.9
1693,2560,4545,1,49.9
1694,6624,2138,1,57.9
1695,482,1398,1,67.9
1696,6348,3190,1,249.0
1697,2900,682,1,118.88
1698,8837,2439,1,158.9
1699,1001,921,1,29.99
1700,1001,921,1,29.99
1701,1001,921,1,29.99
1702,1001,921,1,29.99
1703,1001,921,1,29.99
1704,3597,2320,1,645.99
1705,2446,1563,1,199.0
1706,1969,5118,1,19.9
1707,5891,2852,1,129.9
1708,6786,2579,1,99.9
1709,110,6153,1,59.0
1710,8537,3288,1,85.71
1711,7538,4769,1,48.9
1712,3281,4895,1,56.99
1713,8465,4774,1,24.99
1714,5317,2435,1,39.99
1715,5317,2435,1,39.99
1716,5142,1078,1,242.0
1717,7021,6165,1,129.9
1718,9464,4921,1,155.97
1719,3512,275,1,16.9
1720,1694,1739,1,99.0
1721,2785,4010,1,125.9
1722,3030,5350,1,105.9
1723,3790,5603,1,45.62
1724,4709,5113,1,65.0
1725,9419,6504,1,86.9
1726,6042,1856,1,27.99
1727,397,4883,1,89.9
1728,4839,2608,1,34.99
1729,8490,4358,1,69.9
1730,6653,6229,1,99.99
1731,8536,6167,1,89.25
1732,2653,3245,1,193.0
1733,7678,5958,1,108.0
1734,90,6480,1,64.9
1735,2610,4234,1,34.0
1736,8877,4711,1,84.9
1737,2050,4965,1,44.9
1738,7411,4354,1,1099.99
1739,1697,6590,1,129.9
1740,5179,3562,1,88.6
1741,2095,5114,1,99.0
1742,9187,1092,1,229.9
1743,1332,3713,1,307.58
1744,6067,5860,1,74.8
1745,6067,5860,1,74.8
1746,7770,6504,1,89.9
1747,4672,1506,1,14.9
1748,6740,3890,1,123.0
1749,8128,976,1,129.8
1750,7235,3531,1,205.0
1751,9888,2908,1,129.0
1752,9508,5268,1,149.9
1753,3301,5945,1,78.9
1754,4311,5258,1,27.9
1755,8113,2620,1,58.9
1756,2739,6280,1,31.99
1757,9140,2233,1,27.81
1758,7450,1635,1,7.0
1759,7450,1635,1,7.0
1760,2462,2237,1,126.9
1761,855,136,1,149.9
1762,2677,117,1,79.97
1763,7349,5933,1,92.34
1764,4172,221,1,21.99
1765,4172,2516,1,24.99
1766,5048,705,1,7.0
1767,8375,1896,1,45.0
1768,1289,1640,1,89.9
1769,5366,2703,1,73.76
1770,2,2085,1,34.9
1771,810,3727,1,190.9
1772,8034,3297,1,229.0
1773,5625,3948,1,45.9
1774,4723,3061,1,45.9
1775,2326,6229,1,99.99
1776,8558,77,1,16.55
1777,1160,2608,1,34.99
1778,5069,4350,1,79.0
1779,7950,6244,1,90.0
1780,1678,5205,1,119.8
1781,7531,5550,1,29.9
1782,6963,6268,1,39.9
1783,556,394,1,68.5
1784,8764,3810,1,49.0
1785,1081,6530,1,79.0
1786,3710,2332,1,142.0
1787,1781,5910,1,149.9
1788,6729,3500,1,129.9
1789,6145,3704,1,18.9
1790,3736,5739,1,41.9
1791,8385,6603,1,218.0
1792,7068,3068,1,149.9
1793,9983,3143,1,58.99
1794,5561,3039,1,89.99
1795,8317,3386,1,52.99
1796,5524,2290,1,19.9
1797,244,2434,1,27.99
1798,8287,146,1,110.0
1799,8382,4300,1,26.9
1800,5300,2238,1,34.0
1801,7838,2409,1,77.9
1802,9642,5508,1,248.99
1803,5452,3101,1,22.0
1804,3054,6103,1,20.9
1805,7800,2802,1,53.9
1806,4104,6106,1,31.9
1807,1166,2916,1,59.99
1808,7459,4435,1,79.9
1809,4926,1897,1,47.9
1810,7034,2297,1,239.99
1811,5881,995,1,110.0
1812,6565,4422,1,13.99
1813,9809,1240,1,79.9
1814,3782,963,1,179.0
1815,2395,5015,1,89.9
1816,9886,5490,1,139.9
1817,5737,2032,1,12.0
1818,5737,6671,1,12.0
1819,1490,2156,1,149.0
1820,2481,1005,1,29.99
1821,2443,1692,1,47.99
1822,907,5767,1,349.97
1823,5496,3287,1,799.0
1824,2082,3044,1,99.99
1825,9648,6439,1,249.0
1826,7766,4924,1,49.9
1827,2778,5069,1,34.9
1828,9860,2378,1,229.04
1829,2932,4796,1,299.9
1830,8896,5056,1,95.0
1831,7840,501,1,22.99
1832,1445,6201,1,349.99
1833,3428,2205,1,89.0
1834,3193,2802,1,53.9
1835,3193,2802,1,53.9
1836,1586,982,1,113.0
1837,1367,622,1,69.9
1838,3568,6423,1,43.0
1839,9198,4600,1,99.99
1840,1026,1537,1,72.9
1841,3447,5256,1,8.89
1842,3447,5256,1,8.89
1843,427,6352,1,49.9
1844,427,6352,1,49.9
1845,317,591,1,55.49
1846,7274,6020,1,99.9
1847,4048,4049,1,399.0
1848,4119,494,1,179.0
1849,5503,27,1,879.0
1850,9231,6267,1,19.99
1851,5975,2326,1,24.99
1852,2106,4590,1,64.02
1853,5081,880,1,52.9
1854,9281,5333,1,40.5
1855,5466,4969,1,19.9
1856,5466,4969,1,19.9
1857,5398,3781,1,45.0
1858,2043,500,1,189.0
1859,3511,6026,1,524.9
1860,3762,5542,1,25.9
1861,343,5982,1,40.9
1862,431,4661,1,9.9
1863,3760,686,1,69.9
1864,4020,2606,1,39.9
1865,3504,872,1,37.5
1866,1684,4256,1,138.5
1867,6785,5970,1,159.99
1868,7561,3050,1,12.9
1869,2573,2221,1,59.0
1870,3334,1246,1,52.11
1871,3820,1054,1,199.0
1872,7296,2897,1,165.0
1873,4366,3898,1,25.0
1874,9807,4056,1,28.75
1875,8975,2952,1,135.0
1876,1596,3967,1,159.9
1877,8429,5258,1,27.9
1878,996,6153,1,49.9
1879,996,6153,1,49.9
1880,996,6153,1,49.9
1881,2425,6377,1,122.9
1882,2425,4972,1,122.9
1883,5540,5197,1,107.85
1884,7205,5109,1,340.0
1885,725,3557,1,13.9
1886,8209,288,1,72.9
1887,6010,4658,1,29.5
1888,2877,413,1,324.3
1889,1674,2912,1,25.0
1890,7781,2219,1,66.9
1891,1333,4342,1,32.0
1892,7147,1951,1,159.0
1893,6171,1304,1,119.6
1894,6856,2802,1,59.9
1895,6184,641,1,31.0
1896,8999,2087,1,16.0
1897,3973,4997,1,56.99
1898,1378,1219,1,180.0
1899,119,3723,1,94.99
1900,9972,3045,1,50.0
1901,4984,2427,1,119.99
1902,7354,3282,1,179.0
1903,7492,5230,1,15.99
1904,5004,6224,1,849.0
1905,5182,5096,1,169.9
1906,971,1550,1,299.99
1907,5567,431,1,599.0
1908,4478,4716,1,29.9
1909,8173,1522,1,279.0
1910,8173,1522,1,279.0
1911,974,4854,1,13.65
1912,7573,675,1,19.5
1913,7573,675,1,19.5
1914,6388,2333,1,54.9
1915,8911,2947,1,71.9
1916,9184,5935,1,27.99
1917,2881,6047,1,169.9
1918,1266,5508,1,229.99
1919,7564,5472,1,31.9
1920,9065,5804,1,44.06
1921,7048,3075,1,40.35
1922,5400,4070,1,219.0
1923,282,733,1,79.9
1924,899,349,1,75.0
1925,3350,2078,1,189.99
1926,9896,4003,1,72.99
1927,6221,5942,1,75.0
1928,4222,6148,1,129.8
1929,4398,3492,1,89.99
1930,9373,3785,1,69.9
1931,9617,4002,1,79.99
1932,7930,1610,1,120.0
1933,5113,6544,1,79.99
1934,2645,473,1,357.0
1935,7379,2208,1,119.0
1936,1815,2138,1,59.9
1937,8735,1300,1,29.9
1938,6333,932,1,49.9
1939,1154,2205,1,99.0
1940,3965,614,1,59.99
1941,5430,1277,1,99.99
1942,103,1304,1,116.6
1943,5104,1042,1,16.9
1944,1313,738,1,12.0
1945,947,2444,1,52.5
1946,2360,5139,1,215.0
1947,4038,594,1,24.9
1948,4484,35,1,380.0
1949,4037,1260,1,37.9
1950,4088,2782,1,59.9
1951,4088,2782,1,59.9
1952,659,2745,1,105.0
1953,5155,5749,1,25.99
1954,1693,2099,1,199.0
1955,1125,630,1,51.9
1956,6339,6178,1,109.99
1957,56,5522,1,21.9
1958,623,3148,1,199.0
1959,2843,5094,1,21.99
1960,3496,5159,1,58.9
1961,3496,5159,1,58.9
1962,3496,5159,1,58.9
1963,3496,5159,1,58.9
1964,1342,3686,1,29.0
1965,2480,5980,1,150.0
1966,9290,783,1,99.9
1967,6716,4950,1,104.9
1968,6838,6628,1,106.8
1969,3499,2448,1,149.9
1970,2403,5319,1,739.9
1971,1897,48,1,99.99
1972,5459,6267,1,19.99
1973,8745,5948,1,1058.0
1974,6632,2646,1,79.99
1975,4532,1861,1,29.9
1976,5570,5669,1,12.97
1977,215,115,1,49.99
1978,2139,3115,1,29.0
1979,1746,3805,1,349.9
1980,2061,4072,1,99.0
1981,2061,4072,1,99.0
1982,2752,1945,1,89.9
1983,2752,1945,1,89.9
1984,8666,6560,1,14.5
1985,3247,6019,1,117.3
1986,3247,3981,1,169.0
1987,1061,1544,1,45.9
1988,5870,4346,1,19.9
1989,2770,3722,1,33.0
1990,2770,3722,1,33.0
1991,6824,325,1,2749.0
1992,2193,2490,1,139.9
1993,2676,551,1,118.8
1994,8371,384,1,122.99
1995,8549,1088,1,67.7
1996,1406,5633,1,169.0
1997,7026,3818,1,45.9
1998,5993,6344,1,79.9
1999,6562,39,1,735.0
2000,6526,504,1,5.18
2001,6930,3239,1,129.99
2002,9017,3683,1,52.0
2003,6386,3256,1,81.35
2004,4697,1361,1,59.9
2005,4697,1361,1,59.9
2006,2732,6077,1,199.0
2007,8579,56,1,45.9
2008,7617,6459,1,159.9
2009,7617,6459,1,159.9
2010,5837,5325,1,89.9
2011,3501,1939,1,10.0
2012,5229,5000,1,14.0
2013,9355,2334,1,499.9
2014,4046,6581,1,23.7
2015,9874,6004,1,122.99
2016,3007,707,1,1299.99
2017,6429,1101,1,100.0
2018,2383,5278,1,43.9
2019,6257,3957,1,95.52
2020,9987,1195,1,89.99
2021,2177,983,1,75.6
2022,2177,410,1,50.4
2023,4825,1423,1,440.0
2024,4404,4370,1,38.9
2025,4404,4370,1,38.9
2026,705,3250,1,45.0
2027,1233,653,1,89.9
2028,1233,653,1,89.9
2029,2233,1096,1,12.25
2030,3403,4214,1,39.9
2031,3403,4762,1,30.4
2032,3403,1181,1,71.5
2033,8978,5723,1,9.9
2034,9912,4556,1,399.0
2035,1568,5977,1,37.99
2036,9990,6009,1,74.5
2037,4229,1358,1,44.9
2038,7008,608,1,274.9
2039,5920,5074,1,89.9
2040,4558,3014,1,189.0
2041,4133,4481,1,14.9
2042,1275,2715,1,48.99
2043,9183,5884,1,16.99
2044,3108,502,1,59.97
2045,4757,3290,1,90.0
2046,9999,4724,1,59.9
2047,133,5124,1,80.0
2048,133,5124,1,80.0
2049,7653,215,1,29.9
2050,9700,5199,1,144.99
2051,1091,5446,1,79.9
2052,3041,1054,1,219.9
2053,2465,2577,1,18.9
2054,6845,4759,1,149.33
2055,2867,1089,1,84.9
2056,2867,412,1,84.9
2057,9215,4750,1,144.99
2058,5781,1276,1,73.5
2059,3825,4283,1,29.99
2060,3176,2978,1,21.9
2061,2790,5483,1,129.9
2062,2743,6191,1,319.0
2063,2800,56,1,49.9
2064,9732,933,1,69.9
2065,3150,3078,1,485.0
2066,9597,3021,1,16.9
2067,9647,3413,1,15.0
2068,9721,6136,1,24.6
2069,2757,6388,1,887.0
2070,4433,3345,1,40.0
2071,4433,3345,1,40.0
2072,4433,3345,1,40.0
2073,4433,3345,1,40.0
2074,4433,3345,1,40.0
2075,4433,3345,1,40.0
2076,2427,3583,1,158.0
2077,2427,3583,1,158.0
2078,2427,3583,1,158.0
2079,1420,4727,1,16.9
2080,9432,5815,1,192.9
2081,7931,5298,1,49.0
2082,9917,6654,1,38.9
2083,9917,6654,1,38.9
2084,4547,782,1,15.99
2085,6064,5889,1,83.49
2086,6064,4110,1,81.99
2087,6064,4110,1,81.99
2088,6064,1028,1,12.49
2089,6064,1028,1,12.49
2090,6064,4110,1,81.99
2091,6064,4110,1,81.99
2092,6064,4110,1,81.99
2093,6064,5889,1,83.49
2094,6064,5889,1,83.49
2095,1269,287,1,47.9
2096,5649,4395,1,59.9
2097,805,460,1,48.9
2098,1854,6004,1,122.99
2099,9120,5199,1,144.99
2100,3195,860,1,102.0
2101,5278,1895,1,29.0
2102,5278,6425,1,159.9
2103,15,850,1,55.0
2104,9814,3247,1,99.0
2105,7827,6104,1,78.25
2106,7827,826,1,27.99
2107,9838,1743,1,19.99
2108,6423,5567,1,49.3
2109,5996,2889,1,204.0
2110,6132,2724,1,27.61
2111,7896,4118,1,48.9
2112,6438,1945,1,86.9
2113,5602,6390,1,164.9
2114,5602,6390,1,164.9
2115,5602,3928,1,461.9
2116,2288,1951,1,199.0
2117,1862,1029,1,763.5
2118,6432,4710,1,99.0
2119,8581,5285,1,56.99
2120,9125,3551,1,30.0
2121,2151,289,1,24.9
2122,4326,5378,1,37.5
2123,6293,2035,1,1054.0
2124,6060,5810,1,44.5
2125,255,2673,1,69.9
2126,6206,1187,1,189.9
2127,3472,3002,1,61.9
2128,7221,4715,1,39.9
2129,268,6499,1,118.9
2130,6427,1028,1,12.49
2131,6427,1028,1,12.49
2132,6025,5334,1,89.0
2133,6025,3601,1,46.9
2134,4056,6123,1,17.99
2135,4360,6540,1,22.49
2136,762,3511,1,116.99
2137,762,3511,1,116.99
2138,4374,5316,1,72.99
2139,7620,14,1,65.0
2140,6428,992,1,139.9
2141,6428,992,1,139.9
2142,6428,992,1,139.9
2143,6428,992,1,139.9
2144,4494,218,1,149.0
2145,9913,5158,1,89.9
2146,9709,6504,1,86.9
2147,9709,6504,1,86.9
2148,9709,6504,1,86.9
2149,8516,6113,1,69.9
2150,3637,2084,1,75.0
2151,5116,6232,1,119.9
2152,4872,2555,1,104.9
2153,1553,1222,1,15.9
2154,1553,1222,1,15.9
2155,3554,5220,1,37.69
2156,1354,1300,1,29.9
2157,5692,3019,1,559.9
2158,7085,4546,1,69.99
2159,632,5003,1,62.3
2160,4219,3997,1,39.9
2161,7129,224,1,249.0
2162,7689,392,1,52.9
2163,1496,1691,1,388.0
2164,1066,521,1,69.0
2165,6896,4117,1,107.0
2166,5807,755,1,175.0
2167,6231,1746,1,49.9
2168,8981,1326,1,82.0
2169,5939,3247,1,99.0
2170,6411,6376,1,19.63
2171,2855,1465,1,849.0
2172,6219,1550,1,299.99
2173,6235,3382,1,21.9
2174,7599,4571,1,19.99
2175,7599,4571,1,19.99
2176,7665,1861,1,29.9
2177,6435,3011,1,67.99
2178,3144,569,1,20.3
2179,6974,4815,1,25.99
2180,846,3011,1,64.99
2181,1074,302,1,117.8
2182,8854,2831,1,192.99
2183,9195,2361,1,179.9
2184,382,3315,1,99.0
2185,5707,472,1,49.9
2186,5707,472,1,49.9
2187,5707,472,1,49.9
2188,8335,3195,1,49.8
2189,7642,2828,1,259.0
2190,3625,3114,1,12.97
2191,6110,3487,1,23.99
2192,9650,3495,1,75.0
2193,6007,1206,1,100.0
2194,2470,82,1,54.9
2195,4656,359,1,120.0
2196,9726,1671,1,109.99
2197,518,6048,1,55.0
2198,8526,3076,1,20.9
2199,3318,3025,1,45.0
2200,9146,109,1,29.9
2201,9027,5164,1,27.9
2202,1557,4898,1,110.0
2203,5699,860,1,102.0
2204,6696,2997,1,28.9
2205,3711,199,1,48.9
2206,3341,5972,1,59.9
2207,3341,1389,1,74.9
2208,1520,1602,1,69.99
2209,1520,554,1,69.99
2210,1520,554,1,69.99
2211,3675,2773,1,27.99
2212,9194,4554,1,68.5
2213,8360,5532,1,49.95
2214,55,4370,1,38.9
2215,4469,710,1,54.4
2216,57,2191,1,225.0
2217,1994,4067,1,326.8
2218,7189,3115,1,29.0
2219,609,3089,1,59.9
2220,2997,6403,1,85.9
2221,2720,817,1,185.0
2222,1566,719,1,101.34
2223,6941,3146,1,69.9
2224,4164,5837,1,169.96
2225,7326,4534,1,89.9
2226,219,1478,1,190.0
2227,9078,3989,1,138.0
2228,7327,4741,1,24.99
2229,7327,890,1,24.99
2230,5651,3507,1,30.0
2231,5651,3507,1,30.0
2232,3670,3651,1,59.99
2233,9822,55,1,199.0
2234,3673,1884,1,40.0
2235,9211,3779,1,144.9
2236,1417,3237,1,12.9
2237,7376,5732,1,175.0
2238,2030,3403,1,459.0
2239,4762,2297,1,144.0
2240,127,2953,1,159.9
2241,1704,3825,1,49.99
2242,7634,4829,1,89.99
2243,724,3383,1,72.99
2244,94,1442,1,179.0
2245,8657,3875,1,99.9
2246,8657,1354,1,117.99
2247,3224,6153,1,53.9
2248,3224,6153,1,53.9
2249,3224,6153,1,53.9
2250,2111,1329,1,42.99
2251,9644,5059,1,89.7
2252,1079,1385,1,24.9
2253,4026,4921,1,260.0
2254,4026,6191,1,229.0
2255,748,3364,1,528.0
2256,9757,1604,1,125.0
2257,2132,217,1,49.9
2258,6644,1161,1,550.0
2259,4903,2200,1,175.9
2260,4903,2200,1,175.9
2261,5399,565,1,34.76
2262,6252,2559,1,29.5
2263,1907,6313,1,888.9
2264,7818,2766,1,166.99
2265,7577,3772,1,36.0
2266,7577,556,1,33.0
2267,7577,3773,1,40.0
2268,9022,2865,1,79.99
2269,2532,3014,1,199.0
2270,8351,186,1,49.99
2271,3660,2123,1,59.9
2272,319,2182,1,29.0
2273,545,2702,1,148.9
2274,2269,6519,1,59.0
2275,5892,3958,1,129.9
2276,1119,2845,1,503.34
2277,3413,1862,1,309.99
2278,5911,5931,1,200.0
2279,2577,5897,1,110.32
2280,2227,5511,1,85.9
2281,9996,2760,1,17.99
2282,9996,2760,1,17.99
2283,5758,5931,1,195.0
2284,3382,4537,1,47.9
2285,7630,2395,1,119.9
2286,3232,1657,1,159.9
2287,4477,290,1,49.0
2288,4477,290,1,49.0
2289,8740,3111,1,59.0
2290,5291,4306,1,295.0
2291,271,5895,1,129.9
2292,6269,1671,1,149.0
2293,3986,146,1,128.89
2294,8160,2785,1,69.0
2295,5071,3181,1,69.9
2296,4538,3102,1,19.9
2297,5748,4100,1,60.0
2298,295,2297,1,158.0
2299,4785,1277,1,99.99
2300,7025,2188,1,12.0
2301,4601,5787,1,14.9
2302,4608,4258,1,94.0
2303,2185,2388,1,149.0
2304,8274,5072,1,39.99
2305,6884,1367,1,57.9
2306,544,6400,1,29.99
2307,8749,4360,1,84.9
2308,9538,1364,1,39.9
2309,2692,5077,1,34.9
2310,2692,1440,1,34.9
2311,9012,492,1,59.9
2312,8077,6283,1,56.99
2313,695,942,1,85.9
2314,7356,3400,1,64.9
2315,3729,5271,1,99.99
2316,9956,3366,1,110.89
2317,7017,5370,1,49.0
2318,6458,1513,1,58.0
2319,5630,146,1,99.9
2320,3116,4116,1,68.99
2321,7161,1167,1,36.5
2322,1612,4152,1,280.0
2323,9302,2048,1,159.9
2324,8204,1920,1,43.9
2325,1287,1028,1,12.49
2326,1287,1028,1,12.49
2327,2828,912,1,27.93
2328,6523,1304,1,129.6
2329,2335,6130,1,27.99
2330,4066,2080,1,699.4
2331,5260,5251,1,9.0
2332,1605,4175,1,68.9
2333,20,5451,1,219.9
2334,8088,3650,1,6.5
2335,8088,3080,1,41.7
2336,8088,3650,1,6.5
2337,8088,3650,1,6.5
2338,7420,4656,1,289.0
2339,8199,2411,1,294.9
2340,5047,4340,1,42.0
2341,8107,1250,1,24.9
2342,5610,5672,1,104.5
2343,9340,96,1,29.0
2344,5754,1884,1,49.99
2345,8878,6368,1,59.9
2346,5044,5025,1,689.0
2347,4460,5863,1,169.9
2348,4460,5863,1,169.9
2349,6292,1067,1,19.9
2350,9246,2079,1,44.57
2351,7101,3927,1,329.9
2352,6466,1131,1,47.9
2353,6972,2425,1,96.9
2354,2962,347,1,69.9
2355,5687,192,1,411.0
2356,8434,5702,1,269.0
2357,1923,2272,1,109.9
2358,4667,6529,1,59.9
2359,4097,3094,1,89.5
2360,4320,6681,1,18.95
2361,1988,3828,1,89.0
2362,4593,4297,1,109.9
2363,5464,4045,1,115.99
2364,1892,5487,1,109.8
2365,1964,4974,1,116.0
2366,3138,3422,1,23.9
2367,9235,350,1,174.9
2368,9025,1344,1,23.99
2369,9779,2270,1,19.95
2370,5886,3870,1,55.0
2371,9180,3340,1,679.0
2372,4350,4110,1,81.99
2373,8511,1671,1,139.0
2374,29,1948,1,239.99
2375,2624,2322,1,794.98
2376,2624,2322,1,794.98
2377,5140,481,1,79.99
2378,4747,5320,1,35.9
2379,6228,49,1,43.9
2380,6228,49,1,43.9
2381,5954,146,1,99.9
2382,4542,1117,1,78.0
2383,7343,590,1,39.99
2384,5594,1579,1,99.0
2385,8811,2669,1,67.9
2386,1162,932,1,59.9
2387,1162,932,1,59.9
2388,1162,6518,1,59.9
2389,3767,1878,1,1189.0
2390,3107,3275,1,179.97
2391,3078,2201,1,24.99
2392,7873,173,1,275.0
2393,7513,6072,1,179.0
2394,7062,4408,1,998.0
2395,2408,3908,1,9.9
2396,4199,1053,1,115.99
2397,2080,2999,1,24.98
2398,2080,2999,1,24.98
2399,7749,5417,1,225.0
2400,6636,6516,1,47.99
2401,6636,6516,1,47.99
2402,1867,4230,1,79.9
2403,6810,5082,1,295.0
2404,7616,2197,1,155.0
2405,9590,5616,1,49.0
2406,2896,3795,1,49.9
2407,797,5010,1,10.99
2408,9035,5798,1,138.0
2409,3774,4997,1,56.99
2410,9731,5091,1,59.9
2411,6325,762,1,174.99
2412,6835,5344,1,14.4
2413,7738,899,1,73.5
2414,4694,1670,1,89.9
2415,4694,1201,1,120.0
2416,1099,4908,1,299.99
2417,6195,5869,1,42.79
2418,7204,4807,1,79.9
2419,8471,3427,1,98.99
2420,3741,576,1,599.0
2421,129,6518,1,59.9
2422,129,6518,1,59.9
2423,7572,1221,1,65.9
2424,1421,2355,1,169.9
2425,7683,493,1,109.9
2426,6023,2889,1,199.0
2427,7233,6529,1,58.9
2428,2678,4708,1,71.9
2429,1391,1280,1,79.0
2430,661,1671,1,119.99
2431,8273,5468,1,76.99
2432,8412,1288,1,57.5
2433,5034,1451,1,87.67
2434,6772,3508,1,149.9
2435,9704,2173,1,59.99
2436,3073,4179,1,70.0
2437,978,2083,1,87.8
2438,3372,5401,1,299.0
2439,5040,5680,1,39.9
2440,4545,5476,1,49.9
2441,7801,5692,1,259.89
2442,3002,5965,1,91.5
2443,3600,2019,1,38.25
2444,3600,2019,1,38.25
2445,3600,2019,1,38.25
2446,172,750,1,109.9
2447,6078,2914,1,119.9
2448,9317,1774,1,13.98
2449,5477,3258,1,22.9
2450,7319,5613,1,89.9
2451,2319,5204,1,108.9
2452,3562,6312,1,44.9
2453,5539,2308,1,75.0
2454,8006,1418,1,81.0
2455,8006,1418,1,81.0
2456,2096,2603,1,150.0
2457,9697,4087,1,27.99
2458,1762,3264,1,961.6
2459,3817,793,1,239.0
2460,190,601,1,134.99
2461,9751,2790,1,66.99
2462,4295,3129,1,99.0
2463,8687,4824,1,110.0
2464,6396,258,1,284.99
2465,1960,3416,1,31.9
2466,6161,440,1,34.9
2467,3230,3864,1,79.9
2468,3354,1872,1,299.0
2469,4887,706,1,39.9
2470,4684,1509,1,15.99
2471,4684,1509,1,15.99
2472,1668,4424,1,13.65
2473,21,1945,1,89.9
2474,6720,3445,1,59.9
2475,6542,1884,1,50.0
2476,9952,63,1,48.99
2477,7094,5701,1,70.0
2478,8491,4436,1,110.0
2479,2059,3874,1,75.0
2480,2059,3874,1,75.0
2481,1384,5684,1,179.99
2482,1318,2697,1,48.9
2483,483,1672,1,199.0
2484,8421,1169,1,149.9
2485,1905,1325,1,240.35
2486,3773,4124,1,78.0
2487,2841,4687,1,257.9
2488,4235,5623,1,649.9
2489,1813,6556,1,104.0
2490,4821,2802,1,59.9
2491,8040,5758,1,50.9
2492,8040,5758,1,50.9
2493,9675,5591,1,99.9
2494,6899,231,1,59.9
2495,3067,5538,1,42.9
2496,3732,1421,1,12.88
2497,8557,4422,1,13.99
2498,4021,6228,1,8.7
2499,1728,5720,1,89.9
2500,1644,2790,1,64.99
2501,8946,4154,1,64.9
2502,8946,1119,1,39.9
2503,9314,1468,1,105.0
2504,5380,839,1,79.9
2505,4109,3208,1,134.9
2506,9429,6473,1,66.0
2507,6080,1028,1,13.99
2508,6080,1028,1,13.99
2509,6080,1028,1,13.99
2510,6430,4723,1,36.9
2511,8286,1945,1,84.0
2512,4351,4147,1,67.9
2513,5956,2959,1,34.9
2514,4599,2553,1,32.99
2515,6602,12,1,255.0
2516,1452,5142,1,149.94
2517,2350,4765,1,124.9
2518,4578,146,1,133.0
2519,7329,1416,1,59.99
2520,9318,732,1,395.0
2521,5467,1796,1,25.9
2522,1474,5910,1,149.9
2523,7974,1616,1,299.9
2524,16,1337,1,49.0
2525,7899,4463,1,199.9
2526,9827,5657,1,159.0
2527,9473,4412,1,137.9
2528,9976,1267,1,18.99
2529,574,6428,1,32.9
2530,2816,5249,1,159.9
2531,2816,5249,1,159.9
2532,3900,1855,1,119.6
2533,5079,870,1,79.99
2534,5365,1143,1,14.99
2535,8918,6352,1,39.9
2536,8918,6352,1,39.9
2537,74,5075,1,23.49
2538,1922,5967,1,24.95
2539,4288,3070,1,289.9
2540,7791,3177,1,163.9
2541,780,3618,1,390.0
2542,5222,2775,1,26.9
2543,7947,5092,1,197.5
2544,7259,6250,1,79.9
2545,4498,5568,1,43.5
2546,2821,6156,1,14.49
2547,5174,2893,1,149.99
2548,4442,785,1,22.32
2549,6728,3647,1,173.9
2550,6728,3647,1,173.9
2551,6728,3647,1,173.9
2552,445,6126,1,667.0
2553,1814,360,1,699.0
2554,5236,6616,1,189.9
2555,1173,878,1,454.99
2556,1402,4402,1,64.6
2557,7662,5219,1,82.99
2558,4769,5958,1,108.0
2559,4769,5958,1,108.0
2560,4769,5958,1,108.0
2561,4769,5958,1,108.0
2562,4769,5958,1,108.0
2563,4769,5958,1,108.0
2564,4769,5958,1,108.0
2565,4769,5958,1,108.0
2566,4769,5958,1,108.0
2567,4769,5958,1,108.0
2568,4769,5958,1,108.0
2569,4769,5958,1,108.0
2570,4114,1710,1,16.9
2571,4114,5247,1,16.9
2572,174,5103,1,184.0
2573,9683,4244,1,49.9
2574,9683,2505,1,19.9
2575,7615,2708,1,12.3
2576,7315,4609,1,3399.99
2577,350,2673,1,69.9
2578,8111,1858,1,200.0
2579,6190,5038,1,199.75
2580,6862,1160,1,43.9
2581,9293,5858,1,69.9
2582,6134,3589,1,79.0
2583,6777,6387,1,39.9
2584,1051,1355,1,239.99
2585,9992,1637,1,41.0
2586,9992,1637,1,41.0
2587,9842,1006,1,104.99
2588,8736,2437,1,189.0
2589,2394,1530,1,84.99
2590,6609,3973,1,169.9
2591,1344,3893,1,134.17
2592,1823,5055,1,127.0
2593,4834,3385,1,39.0
2594,2240,5694,1,16.9
2595,2240,5694,1,16.9
2596,4892,5698,1,29.9
2597,4892,5698,1,29.9
2598,4892,3678,1,89.0
2599,2530,2594,1,13.99
2600,845,4131,1,21.99
2601,7460,4660,1,171.0
2602,6048,2320,1,629.0
2603,6048,5180,1,1449.5
2604,73,3246,1,330.0
2605,73,6399,1,148.0
2606,7589,44,1,125.0
2607,3931,521,1,69.0
2608,5067,5391,1,219.9
2609,5067,5391,1,219.9
2610,6692,4603,1,513.0
2611,652,670,1,34.99
2612,5019,1298,1,67.9
2613,402,3286,1,34.9
2614,9937,4296,1,109.9
2615,9937,69,1,113.0
2616,8451,1405,1,99.0
2617,5453,2416,1,59.9
2618,2103,555,1,390.0
2619,3928,1407,1,79.5
2620,9362,449,1,159.9
2621,1197,2956,1,98.7
2622,78,405,1,212.99
2623,9754,4935,1,135.0
2624,647,1442,1,152.0
2625,6984,2673,1,69.9
2626,4250,2930,1,29.5
2627,7901,5948,1,1058.0
2628,763,5056,1,95.0
2629,3098,1134,1,49.49
2630,3371,6019,1,117.3
2631,507,1094,1,98.0
2632,507,3892,1,98.0
2633,7704,4248,1,139.9
2634,7704,4248,1,139.9
2635,3859,4442,1,90.0
2636,858,4910,1,22.9
2637,4680,5001,1,49.99
2638,2683,2568,1,44.9
2639,555,162,1,89.9
2640,3307,5535,1,155.9
2641,1325,2914,1,125.0
2642,8669,3918,1,77.0
2643,1341,3588,1,28.9
2644,1341,3588,1,28.9
2645,1341,3588,1,28.9
2646,8910,6147,1,68.7
2647,660,3590,1,56.97
2648,4746,1018,1,134.57
2649,3527,5087,1,15.0
2650,6317,6102,1,189.99
2651,6911,4584,1,79.9
2652,539,1965,1,139.0
2653,2175,4770,1,14.9
2654,876,5034,1,69.9
2655,7434,4162,1,111.27
2656,3781,1022,1,139.99
2657,9322,4119,1,579.99
2658,7581,579,1,169.99
2659,1921,1004,1,129.9
2660,5329,4127,1,49.0
2661,3537,2622,1,19.9
2662,1380,4799,1,17.9
2663,4418,5722,1,134.99
2664,1365,1057,1,14.99
2665,8139,860,1,102.9
2666,2566,1660,1,29.1
2667,5441,3779,1,144.9
2668,8350,2422,1,49.0
2669,3606,4895,1,56.99
2670,543,3347,1,7.9
2671,1655,4038,1,29.99
2672,4978,2642,1,139.94
2673,3203,475,1,33.41
2674,3203,475,1,33.41
2675,3203,475,1,33.41
2676,3203,475,1,33.41
2677,4531,6645,1,59.0
2678,4531,6645,1,59.0
2679,4531,6645,1,59.0
2680,4531,6645,1,59.0
2681,5867,3686,1,29.0
2682,4782,1343,1,49.9
2683,6940,888,1,1094.04
2684,6254,2797,1,99.9
2685,6300,5616,1,49.0
2686,1692,6518,1,59.0
2687,1692,6518,1,59.0
2688,1692,6518,1,59.0
2689,8368,1506,1,19.9
2690,1925,4775,1,2999.89
2691,3534,863,1,55.0
2692,929,1476,1,110.32
2693,929,1564,1,110.32
2694,256,4949,1,54.88
2695,2767,3657,1,134.99
2696,53,1096,1,12.25
2697,7787,1378,1,196.99
2698,2169,4496,1,36.0
2699,2169,2731,1,262.44
2700,758,1817,1,69.0
2701,1523,4852,1,24.9
2702,3786,4360,1,92.0
2703,6943,1832,1,130.0
2704,8188,1912,1,69.97
2705,1740,800,1,29.9
2706,5240,5141,1,49.95
2707,9136,2992,1,439.65
2708,6525,1142,1,378.38
2709,5929,4611,1,7.99
2710,5929,4611,1,7.99
2711,5929,4611,1,7.99
2712,5929,4611,1,7.99
2713,34,5033,1,1599.0
2714,6328,5968,1,54.0
2715,6328,2009,1,33.0
2716,2435,5457,1,10.99
2717,2435,5457,1,10.99
2718,6104,6229,1,139.99
2719,3609,3521,1,120.0
2720,4424,990,1,99.99
2721,3442,3298,1,19.5
2722,3251,6529,1,58.9
2723,7381,1031,1,67.89
2724,1131,3047,1,151.74
2725,7425,3819,1,79.9
2726,9994,3171,1,98.9
2727,1930,5064,1,499.99
2728,6939,5904,1,46.9
2729,500,5573,1,99.9
2730,3252,1674,1,54.9
2731,2918,789,1,139.8
2732,2803,3747,1,414.62
2733,9047,4196,1,269.0
2734,8987,79,1,39.9
2735,9794,3454,1,189.9
2736,9794,5657,1,159.0
2737,7813,6153,1,59.9
2738,7806,6442,1,299.0
2739,7806,6442,1,299.0
2740,4192,997,1,149.94
2741,6188,3683,1,57.0
2742,628,4199,1,79.9
2743,3471,2933,1,59.0
2744,7855,2404,1,29.9
2745,9441,2435,1,39.99
2746,3849,2137,1,28.99
2747,7664,3994,1,69.99
2748,547,3014,1,189.0
2749,9332,1614,1,93.99
2750,4302,4332,1,39.0
2751,4302,4332,1,39.0
2752,9627,2451,1,398.0
2753,1056,815,1,99.9
2754,6937,1516,1,129.9
2755,6937,1516,1,129.9
2756,9755,1327,1,32.9
2757,569,4204,1,24.99
2758,8094,5910,1,149.9
2759,4174,1199,1,28.99
2760,6090,2435,1,39.99
2761,5811,2487,1,17.0
2762,44,3914,1,53.5
2763,7591,6137,1,154.0
2764,4675,2908,1,110.0
2765,4552,1497,1,43.99
2766,8223,3845,1,94.9
2767,6050,19,1,117.99
2768,2163,4623,1,56.0
2769,9598,6492,1,19.99
2770,1793,3115,1,29.0
2771,655,4714,1,129.9
2772,9943,3292,1,399.0
2773,468,2380,1,289.99
2774,7328,6530,1,79.0
2775,6679,305,1,118.99
2776,1747,6511,1,75.0
2777,9595,6604,1,136.99
2778,360,989,1,24.9
2779,360,989,1,24.9
2780,360,989,1,24.9
2781,360,989,1,24.9
2782,360,989,1,24.9
2783,360,989,1,24.9
2784,5176,659,1,109.9
2785,3588,1679,1,133.9
2786,2963,6226,1,139.9
2787,5713,3679,1,9.99
2788,1224,2075,1,54.99
2789,1608,2751,1,119.9
2790,2239,3511,1,114.99
2791,7098,5145,1,31.9
2792,3086,1861,1,29.9
2793,4014,1103,1,102.9
2794,8585,5357,1,110.32
2795,2343,5392,1,110.0
2796,3019,2393,1,59.9
2797,3019,607,1,59.9
2798,9772,5594,1,76.0
2799,1663,3805,1,349.9
2800,4700,2879,1,59.99
2801,3652,5590,1,43.99
2802,656,4215,1,19.9
2803,1812,2836,1,69.9
2804,5520,2146,1,185.0
2805,481,5809,1,194.97
2806,8924,5258,1,27.9
2807,420,1792,1,110.0
2808,9119,4082,1,159.9
2809,1368,1228,1,69.9
2810,8894,5731,1,59.9
2811,9668,2212,1,29.9
2812,2751,4064,1,599.0
2813,5576,5104,1,158.4
2814,1260,5135,1,35.0
2815,4080,2651,1,69.9
2816,5105,5030,1,110.0
2817,4960,303,1,28.9
2818,1835,4051,1,43.95
2819,1835,4051,1,43.95
2820,5615,4219,1,92.89
2821,3924,3198,1,16.99
2822,5100,4442,1,90.0
2823,7837,2972,1,195.0
2824,1214,4658,1,35.0
2825,2925,4895,1,56.99
2826,5122,3597,1,31.5
2827,4768,6518,1,49.9
2828,5838,236,1,15.9
2829,9300,5585,1,29.9
2830,3602,948,1,154.99
2831,4461,4859,1,72.0
2832,9759,4778,1,85.99
2833,9445,1277,1,99.99
2834,4385,2136,1,54.9
2835,4379,5881,1,129.9
2836,6305,4117,1,107.0
2837,4446,3736,1,35.0
2838,8699,3178,1,39.9
2839,6436,2564,1,180.0
2840,9474,4218,1,125.9
2841,9624,4728,1,31.99
2842,8967,3774,1,120.9
2843,7917,2673,1,69.9
2844,7917,2673,1,69.9
2845,7126,1885,1,113.0
2846,2199,1550,1,299.99
2847,4353,4027,1,59.9
2848,3621,4699,1,349.99
2849,4200,2596,1,132.91
2850,3528,2620,1,48.9
2851,7089,2866,1,147.0
2852,6508,73,1,34.9
2853,8891,80,1,118.88
2854,4062,4065,1,45.9
2855,1748,146,1,138.0
2856,82,5958,1,108.0
2857,1277,2418,1,39.9
2858,9954,4804,1,307.5
2859,4766,190,1,83.9
2860,9493,3081,1,79.0
2861,4333,487,1,99.9
2862,2071,3848,1,229.9
2863,1643,5412,1,139.97
2864,6426,1054,1,219.9
2865,8129,377,1,49.99
2866,4752,2835,1,238.9
2867,4752,2835,1,238.9
2868,550,2282,1,64.8
2869,2908,1821,1,5.99
2870,1460,417,1,19.89
2871,9902,2822,1,229.99
2872,1899,6262,1,42.9
2873,4340,2200,1,137.9
2874,2420,1137,1,105.99
2875,5092,6213,1,59.9
2876,1805,2702,1,134.9
2877,8180,452,1,15.0
2878,6683,681,1,21.9
2879,6683,681,1,21.9
2880,7522,1806,1,120.0
2881,7522,1806,1,120.0
2882,7760,4079,1,119.9
2883,5782,4274,1,94.0
2884,5907,1671,1,149.99
2885,6710,6070,1,119.8
2886,6004,872,1,45.91
2887,916,2713,1,110.6
2888,5549,3933,1,39.9
2889,9019,5805,1,56.1
2890,3359,1656,1,119.9
2891,4645,2356,1,44.99
2892,8606,6153,1,53.9
2893,2902,4044,1,109.99
2894,8663,78,1,35.0
2895,3035,1819,1,60.99
2896,1008,4537,1,59.9
2897,7497,5517,1,54.99
2898,2026,3414,1,58.9
2899,6659,1588,1,109.9
2900,4039,763,1,119.9
2901,4039,2480,1,119.9
2902,4039,4378,1,119.85
2903,1149,6535,1,830.0
2904,1149,6535,1,830.0
2905,6326,3011,1,84.99
2906,7325,5853,1,19.99
2907,5388,5246,1,69.9
2908,259,3606,1,34.5
2909,4060,1189,1,39.0
2910,7978,1130,1,229.0
2911,1821,1671,1,119.0
2912,7493,717,1,142.5
2913,8092,2608,1,34.99
2914,2907,3547,1,299.36
2915,585,3475,1,227.88
2916,9534,2693,1,209.9
2917,7023,5942,1,110.0
2918,5998,1473,1,66.99
2919,9979,4816,1,82.0
2920,2471,4633,1,126.12
2921,5444,3866,1,159.77
2922,8739,680,1,54.0
2923,6453,5130,1,79.0
2924,6453,4958,1,69.0
2925,124,6332,1,4399.87
2926,2398,4394,1,69.0
2927,5002,6588,1,280.0
2928,7368,5305,1,84.89
2929,7368,5305,1,84.89
2930,7368,1398,1,88.0
2931,6830,6434,1,69.9
2932,6830,5127,1,44.9
2933,6196,895,1,44.9
2934,4124,5931,1,205.0
2935,965,4667,1,49.0
2936,1115,2391,1,59.9
2937,3668,6253,1,142.0
2938,1069,6658,1,59.9
2939,1594,781,1,95.0
2940,1560,4425,1,119.9
2941,5999,807,1,41.8
2942,6516,4822,1,68.0
2943,6516,4822,1,68.0
2944,2818,2802,1,49.9
2945,2818,4375,1,49.9
2946,3706,2606,1,31.9
2947,8524,6011,1,314.8
2948,6870,103,1,79.0
2949,7752,106,1,113.57
2950,4941,1366,1,99.0
2951,9802,4174,1,159.9
2952,6783,3041,1,169.9
2953,7286,741,1,59.0
2954,5731,4515,1,30.9
2955,7744,6581,1,23.7
2956,7783,4505,1,99.9
2957,7783,312,1,108.9
2958,5353,3999,1,18.99
2959,5353,225,1,39.99
2960,5712,6004,1,122.99
2961,5706,6674,1,270.0
2962,1519,2254,1,69.99
2963,1010,5529,1,12.77
2964,7324,4043,1,64.9
2965,5910,201,1,81.8
2966,5910,4291,1,81.8
2967,5910,1426,1,81.8
2968,4983,4875,1,209.99
2969,5538,1337,1,49.0
2970,6306,4730,1,37.99
2971,2859,6133,1,99.9
2972,2407,6283,1,56.99
2973,6109,126,1,99.0
2974,4822,599,1,56.99
2975,2466,607,1,59.9
2976,19,118,1,69.9
2977,8706,2632,1,175.99
2978,2179,1528,1,22.5
2979,6149,4720,1,29.0
2980,3887,3757,1,539.0
2981,9930,148,1,79.9
2982,3009,305,1,129.99
2983,7339,5424,1,29.9
2984,2760,2254,1,99.99
2985,5088,122,1,7.99
2986,252,1671,1,109.99
2987,2215,4639,1,189.9
2988,3056,499,1,94.0
2989,462,1348,1,45.0
2990,8214,1945,1,79.9
2991,2204,5009,1,29.9
2992,6030,3752,1,69.9
2993,6361,6229,1,99.99
2994,5297,4102,1,18.99
2995,4910,4651,1,67.77
2996,4946,5789,1,210.0
2997,3569,1987,1,141.9
2998,5506,789,1,124.9
2999,3046,1209,1,1399.0
3000,2929,4297,1,74.9
3001,6990,6099,1,44.99
3002,1830,1471,1,189.99
3003,4492,4922,1,135.0
3004,4492,74,1,135.0
3005,7687,6663,1,49.99
3006,2122,239,1,69.0
3007,2627,2051,1,59.9
3008,3147,2871,1,54.99
3009,9681,787,1,1200.0
3010,1143,4390,1,119.99
3011,7853,6622,1,136.77
3012,1247,6562,1,105.0
3013,6125,3246,1,330.0
3014,1219,3423,1,15.9
3015,4797,4658,1,29.5
3016,8632,5528,1,589.0
3017,7373,2472,1,199.0
3018,1872,3417,1,55.0
3019,2428,2710,1,59.9
3020,1803,391,1,339.0
3021,4733,5736,1,77.08
3022,4733,5736,1,77.08
3023,4955,2670,1,119.0
3024,6620,2859,1,149.99
3025,325,5061,1,23.8
3026,145,6596,1,135.0
3027,4895,3514,1,59.9
3028,2926,4232,1,108.0
3029,1032,3890,1,123.0
3030,1369,5279,1,79.9
3031,1429,3066,1,11.04
3032,370,2217,1,30.0
3033,8721,1943,1,124.9
3034,753,6352,1,49.9
3035,2224,4157,1,249.9
3036,3793,2435,1,39.99
3037,1080,451,1,18.9
3038,1893,1530,1,84.99
3039,8662,111,1,29.99
3040,326,3222,1,169.0
3041,8257,3633,1,129.0
3042,4871,2940,1,52.0
3043,2376,4336,1,659.0
3044,2376,4310,1,88.0
3045,3864,1202,1,17.0
3046,5965,6012,1,75.0
3047,5965,4233,1,75.0
3048,6072,5156,1,138.9
3049,5354,376,1,250.0
3050,8964,3565,1,159.9
3051,8554,2759,1,35.0
3052,8554,5157,1,45.0
3053,9034,1291,1,50.9
3054,4445,1293,1,109.0
3055,4445,2148,1,158.6
3056,5394,315,1,159.99
3057,6373,3244,1,299.0
3058,7862,6597,1,349.97
3059,3875,3856,1,99.0
3060,9494,2673,1,69.9
3061,9411,4960,1,99.9
3062,4638,2884,1,24.9
3063,4638,2884,1,24.9
3064,8763,2076,1,159.0
3065,8356,2231,1,53.0
3066,5657,3900,1,96.0
3067,4118,3220,1,2550.0
3068,6514,857,1,26.9
3069,8945,5178,1,122.1
3070,1387,6072,1,179.0
3071,7272,4414,1,639.9
3072,180,3719,1,34.9
3073,180,2305,1,110.0
3074,1305,2540,1,99.9
3075,155,1981,1,150.0
3076,6032,1601,1,79.0
3077,2300,1974,1,33.6
3078,3052,6054,1,69.9
3079,6780,3915,1,64.0
3080,8907,3146,1,69.9
3081,3261,1537,1,72.9
3082,637,5650,1,46.99
3083,1038,3374,1,199.9
3084,1398,1671,1,149.0
3085,9853,208,1,98.9
3086,3850,3666,1,199.9
3087,5696,1969,1,294.9
3088,7903,5421,1,344.9
3089,4341,536,1,58.0
3090,7363,6289,1,49.0
3091,9038,1978,1,12.9
3092,9038,1978,1,12.9
3093,1766,296,1,148.0
3094,6225,2435,1,39.99
3095,8697,644,1,18.9
3096,6139,2630,1,27.4
3097,5218,5017,1,129.99
3098,2087,2777,1,89.0
3099,2087,2777,1,89.0
3100,671,5782,1,195.9
3101,1898,6600,1,269.0
3102,1330,2291,1,99.0
3103,1330,711,1,99.9
3104,786,2397,1,47.9
3105,6758,6094,1,72.62
3106,6434,1185,1,760.0
3107,3414,891,1,37.99
3108,8949,932,1,49.9
3109,7206,4504,1,39.9
3110,8569,3085,1,32.64
3111,7839,609,1,49.9
3112,5813,2673,1,69.9
3113,5813,2673,1,69.9
3114,4569,153,1,98.9
3115,4569,153,1,98.9
3116,7477,5005,1,159.0
3117,7533,2802,1,59.9
3118,7533,2802,1,59.9
3119,7533,2802,1,59.9
3120,7533,2802,1,59.9
3121,7533,2802,1,59.9
3122,2548,1671,1,149.99
3123,9620,6396,1,123.0
3124,7889,146,1,99.9
3125,4790,702,1,379.9
3126,6574,558,1,66.99
3127,7394,4092,1,39.99
3128,2542,3971,1,19.9
3129,8466,5267,1,279.9
3130,3827,197,1,129.9
3131,7964,2371,1,39.9
3132,7964,260,1,100.9
3133,5268,6186,1,52.5
3134,23,4612,1,22.5
3135,9178,3435,1,99.0
3136,2033,6518,1,59.9
3137,1104,6508,1,179.0
3138,897,3866,1,159.77
3139,8044,2430,1,38.99
3140,2620,5050,1,14.0
3141,2620,3692,1,14.0
3142,1235,3558,1,94.9
3143,8821,4117,1,107.0
3144,2257,434,1,29.9
3145,6587,4238,1,199.8
3146,600,632,1,170.0
3147,60,3722,1,32.0
3148,6181,6028,1,149.9
3149,2489,4108,1,64.9
3150,6952,3890,1,159.9
3151,4603,6079,1,64.9
3152,1799,1264,1,29.9
3153,7982,6027,1,44.9
3154,6135,1715,1,59.99
3155,1412,5029,1,52.9
3156,9998,3354,1,54.9
3157,9599,5795,1,195.0
3158,5571,6382,1,120.0
3159,7331,346,1,23.99
3160,1790,480,1,103.0
3161,5379,3432,1,69.9
3162,4378,3255,1,160.0
3163,8961,968,1,49.0
3164,476,5685,1,169.9
3165,9463,5199,1,131.99
3166,1031,1343,1,49.9
3167,9903,3108,1,198.67
3168,3885,6641,1,69.99
3169,6404,5784,1,115.0
3170,4377,4646,1,36.0
3171,9594,4298,1,129.9
3172,7551,1080,1,79.0
3173,1539,3233,1,55.23
3174,7607,5726,1,109.95
3175,5214,146,1,115.0
3176,2290,4367,1,189.0
3177,2290,2472,1,218.98
3178,8525,2943,1,33.9
3179,8038,4039,1,129.9
3180,5335,6140,1,79.39
3181,3503,2957,1,69.99
3182,2308,6273,1,298.6
3183,292,2331,1,49.99
3184,292,2331,1,49.99
3185,3634,1587,1,29.9
3186,8858,5161,1,208.9
3187,7740,2720,1,30.95
3188,7740,2720,1,30.95
3189,7740,2720,1,30.95
3190,7740,2720,1,30.95
3191,7740,2720,1,30.95
3192,1089,2764,1,127.9
3193,5046,2681,1,139.9
3194,6375,415,1,74.58
3195,1481,2971,1,69.9
3196,4715,4997,1,56.99
3197,4715,4997,1,56.99
3198,8777,1049,1,37.9
3199,706,4124,1,78.0
3200,435,883,1,109.9
3201,4704,4845,1,91.0
3202,7939,1704,1,150.4
3203,7939,1704,1,150.4
3204,7939,1704,1,150.4
3205,8923,6136,1,25.9
3206,5499,2769,1,156.9
3207,5499,2769,1,156.9
3208,5372,4206,1,39.99
3209,9654,478,1,164.9
3210,5688,566,1,89.8
3211,3037,5321,1,49.0
3212,3037,443,1,49.0
3213,3843,3521,1,119.9
3214,5062,4798,1,117.87
3215,7504,1151,1,1099.0
3216,7198,6189,1,265.99
3217,1538,3268,1,79.9
3218,1538,3268,1,79.9
3219,1538,3268,1,79.9
3220,4884,1847,1,65.99
3221,5482,1230,1,69.9
3222,2034,3401,1,34.49
3223,6572,6444,1,248.25
3224,5703,896,1,32.0
3225,2553,4143,1,196.36
3226,4541,4690,1,159.9
3227,4434,4868,1,72.0
3228,2564,298,1,116.59
3229,630,1182,1,320.0
3230,874,2865,1,84.99
3231,2262,486,1,239.0
3232,796,3122,1,59.9
3233,8221,1530,1,84.99
3234,9287,4615,1,29.99
3235,3861,1911,1,79.99
3236,1647,2119,1,649.0
3237,5903,4124,1,78.0
3238,4282,6270,1,319.9
3239,2603,263,1,28.99
3240,5747,1945,1,86.9
3241,1395,6119,1,159.0
3242,5035,172,1,1054.0
3243,9101,783,1,99.9
3244,6815,4334,1,14.5
3245,6771,4635,1,189.0
3246,5646,1869,1,49.99
3247,3985,613,1,110.9
3248,8671,4265,1,669.0
3249,4717,6598,1,24.95
3250,2817,1654,1,89.9
3251,5676,2935,1,189.9
3252,321,5078,1,39.8
3253,893,1885,1,113.0
3254,5427,4576,1,42.99
3255,1493,2254,1,99.99
3256,95,4449,1,19.9
3257,1967,3308,1,29.9
3258,2090,597,1,203.37
3259,2244,548,1,169.99
3260,928,6616,1,189.9
3261,5358,4326,1,84.9
3262,2710,1936,1,110.32
3263,436,2903,1,249.9
3264,5776,1724,1,129.99
3265,2063,5708,1,189.0
3266,6569,5544,1,110.0
3267,9882,3737,1,147.9
3268,242,4166,1,1234.0
3269,9804,5024,1,299.0
3270,534,5621,1,150.0
3271,8909,4348,1,89.9
3272,3283,3882,1,13.7
3273,8058,1530,1,84.99
3274,7587,5435,1,439.0
3275,4439,1222,1,15.9
3276,2670,3276,1,69.9
3277,8100,2241,1,21.1
3278,9379,4346,1,19.9
3279,8738,4894,1,29.99
3280,9752,2575,1,95.0
3281,2248,1006,1,104.99
3282,6621,2942,1,76.99
3283,5931,5619,1,23.9
3284,7673,1337,1,49.0
3285,6376,1697,1,29.99
3286,6398,3643,1,149.99
3287,388,3148,1,170.0
3288,388,3148,1,170.0
3289,5407,3017,1,50.0
3290,5407,3017,1,50.0
3291,3945,3228,1,149.9
3292,3259,1539,1,25.0
3293,3259,3580,1,7.5
3294,3259,3580,1,7.5
3295,3259,1539,1,25.0
3296,5419,1119,1,39.9
3297,8501,1325,1,240.35
3298,8872,4700,1,99.0
3299,7539,4524,1,395.0
3300,3498,3449,1,145.99
3301,6243,5609,1,46.0
3302,8760,3611,1,49.89
3303,4696,5575,1,44.79
3304,2502,4061,1,69.9
3305,8217,6211,1,54.49
3306,7255,243,1,109.9
3307,9512,913,1,49.0
3308,9512,4938,1,19.9
3309,8121,2675,1,190.87
3310,8121,2675,1,190.87
3311,3738,2411,1,294.9
3312,7553,1871,1,31.0
3313,459,4279,1,235.0
3314,5492,4933,1,19.9
3315,6024,2853,1,69.9
3316,9092,2408,1,169.0
3317,368,662,1,106.2
3318,5591,1929,1,230.0
3319,2562,3667,1,129.9
3320,2503,4518,1,124.9
3321,8833,4334,1,14.5
3322,6860,5910,1,149.9
3323,4563,1010,1,159.9
3324,9466,3029,1,32.99
3325,4493,3092,1,48.9
3326,9920,2423,1,69.0
3327,9708,4753,1,85.8
3328,4176,4615,1,29.99
3329,653,1783,1,209.9
3330,1216,6556,1,104.0
3331,5850,3934,1,64.99
3332,966,6309,1,53.9
3333,8644,728,1,719.0
3334,2746,2701,1,259.9
3335,3256,6403,1,79.99
3336,201,3770,1,179.0
3337,6880,5150,1,74.9
3338,1625,1934,1,85.99
3339,4994,3912,1,172.9
3340,4994,3912,1,172.9
3341,4994,3912,1,172.9
3342,1624,166,1,45.8
3343,9240,5553,1,108.9
3344,9240,5553,1,108.9
3345,1006,1631,1,106.74
3346,4456,2332,1,142.0
3347,904,3607,1,254.9
3348,6691,1851,1,137.9
3349,6886,2057,1,64.99
3350,2192,4838,1,15.0
3351,4179,639,1,110.32
3352,4179,1996,1,110.32
3353,2274,6518,1,49.9
3354,1337,5910,1,149.9
3355,1337,5910,1,149.9
3356,8619,2405,1,28.8
3357,311,4098,1,7.8
3358,7914,2085,1,34.9
3359,6356,3670,1,29.0
3360,750,904,1,40.0
3361,750,904,1,40.0
3362,9162,3775,1,27.9
3363,5138,919,1,29.9
3364,3061,1546,1,65.0
3365,781,614,1,58.99
3366,541,4600,1,99.99
3367,703,1716,1,69.0
3368,2474,3921,1,194.99
3369,7975,2449,1,23.9
3370,7975,980,1,429.99
3371,2419,6621,1,25.0
3372,3672,3822,1,899.0
3373,3043,3832,1,145.9
3374,3722,1781,1,69.9
3375,6399,1284,1,34.99
3376,67,5393,1,215.0
3377,1012,6004,1,122.99
3378,6638,1452,1,95.0
3379,2148,5548,1,49.99
3380,2143,3805,1,349.9
3381,1193,1342,1,64.9
3382,8996,2984,1,19.9
3383,1990,2521,1,16.99
3384,2184,1897,1,47.9
3385,2184,6636,1,36.0
3386,2184,24,1,29.99
3387,1020,6085,1,148.0
3388,6133,5250,1,11.95
3389,1627,4622,1,159.99
3390,1388,305,1,119.99
3391,4523,3889,1,104.99
3392,8836,5340,1,848.9
3393,8189,4658,1,29.5
3394,6253,4908,1,235.9
3395,3847,1884,1,49.99
3396,4318,3307,1,16.9
3397,4318,3307,1,16.9
3398,4252,389,1,149.9
3399,8481,5236,1,27.0
3400,8435,2194,1,49.0
3401,8435,3483,1,29.0
3402,4718,234,1,347.9
3403,6441,1119,1,44.99
3404,2259,2039,1,58.9
3405,5157,4500,1,60.0
3406,7875,3697,1,5.3
3407,7875,3697,1,5.3
3408,7875,3697,1,5.3
3409,7875,3697,1,5.3
3410,2857,3842,1,72.9
3411,5536,4508,1,52.99
3412,7359,2673,1,69.9
3413,2189,635,1,29.99
3414,3626,4396,1,49.99
3415,4297,1443,1,569.0
3416,9544,764,1,27.9
3417,487,3167,1,89.9
3418,8326,4297,1,77.9
3419,8326,4297,1,77.9
3420,5771,3867,1,24.99
3421,296,121,1,139.99
3422,3585,6116,1,112.0
3423,1076,579,1,176.99
3424,6958,3440,1,41.5
3425,551,4029,1,158.4
3426,2958,600,1,18.99
3427,5894,2901,1,228.0
3428,6700,4392,1,34.99
3429,371,4185,1,19.99
3430,1731,1554,1,40.0
3431,1731,1554,1,40.0
3432,1731,1554,1,40.0
3433,1731,1554,1,40.0
3434,5991,1419,1,49.0
3435,2662,3346,1,24.9
3436,2662,3917,1,29.9
3437,2238,821,1,269.0
3438,5037,3814,1,45.0
3439,5742,1290,1,145.0
3440,8341,6007,1,59.99
3441,1447,6412,1,955.0
3442,4705,2415,1,29.0
3443,4527,3619,1,179.9
3444,2924,1671,1,149.0
3445,4997,5258,1,27.9
3446,4213,432,1,165.9
3447,5296,4086,1,19.9
3448,5296,2505,1,19.9
3449,4841,2640,1,19.9
3450,8962,4014,1,55.0
3451,5125,3520,1,579.9
3452,7096,1786,1,69.0
3453,5060,3512,1,227.17
3454,3800,1570,1,49.99
3455,5590,4365,1,179.9
3456,5209,4559,1,119.9
3457,4722,1788,1,66.9
3458,2875,3246,1,325.0
3459,1526,619,1,75.0
3460,7056,2455,1,64.9
3461,373,5816,1,230.0
3462,9858,1342,1,63.9
3463,9858,1342,1,63.9
3464,3627,1279,1,210.0
3465,1220,3421,1,55.92
3466,139,2846,1,59.9
3467,7456,6508,1,149.0
3468,9152,3029,1,38.4
3469,9152,3029,1,38.4
3470,9152,3029,1,38.4
3471,5094,5943,1,52.9
3472,2437,479,1,62.8
3473,3877,2604,1,135.0
3474,9604,584,1,169.9
3475,6704,3200,1,18.99
3476,6704,3200,1,18.99
3477,8171,5499,1,89.0
3478,7750,115,1,39.9
3479,8316,6549,1,129.9
3480,8316,4047,1,99.9
3481,3338,6631,1,450.0
3482,6857,3716,1,99.06
3483,4338,6229,1,99.0
3484,3322,86,1,149.9
3485,3322,86,1,149.9
3486,9575,219,1,849.99
3487,9833,2205,1,99.0
3488,9189,3952,1,53.99
3489,2602,2749,1,91.33
3490,6863,2297,1,144.0
3491,5981,5493,1,22.0
3492,5981,5042,1,22.0
3493,8543,973,1,249.99
3494,6935,4776,1,85.0
3495,3594,3300,1,89.99
3496,4585,4000,1,69.9
3497,3551,643,1,145.9
3498,5821,5585,1,29.9
3499,7064,3383,1,74.99
3500,7064,4942,1,169.9
3501,9297,5662,1,895.0
3502,2253,5392,1,110.0
3503,6807,6522,1,39.0
3504,1052,4121,1,118.7
3505,6014,296,1,148.0
3506,4890,1331,1,366.3
3507,844,6081,1,109.9
3508,7413,3150,1,281.89
3509,9557,6153,1,59.9
3510,9557,6153,1,59.9
3511,4061,1203,1,86.7
3512,6922,2951,1,44.99
3513,4567,5975,1,104.9
3514,5308,550,1,119.9
3515,4714,6171,1,39.99
3516,1771,5931,1,205.0
3517,8809,3141,1,69.0
3518,9439,6265,1,29.99
3519,7915,650,1,227.0
3520,6440,3309,1,29.9
3521,2359,2424,1,849.0
3522,3897,3953,1,234.0
3523,4476,1665,1,40.0
3524,4711,4360,1,99.0
3525,1347,4942,1,169.9
3526,7610,4632,1,187.57
3527,6237,5427,1,26.49
3528,35,1071,1,93.45
3529,35,5583,1,129.95
3530,35,1071,1,93.45
3531,9259,1762,1,48.9
3532,5866,2858,1,147.9
3533,5227,4424,1,13.65
3534,809,3865,1,99.0
3535,2606,3661,1,89.9
3536,6672,1532,1,60.5
3537,176,5457,1,12.99
3538,2074,497,1,99.99
3539,3258,384,1,119.99
3540,3519,4809,1,10.99
3541,6804,5505,1,67.91
3542,6589,5007,1,139.94
3543,6589,5007,1,139.94
3544,4423,5406,1,196.0
3545,9695,1546,1,65.0
3546,2960,5957,1,128.99
3547,2960,566,1,65.9
3548,7431,1238,1,112.99
3549,5066,5188,1,103.95
3550,8535,4631,1,49.9
3551,9460,3690,1,29.0
3552,5347,6252,1,228.0
3553,6741,1678,1,79.9
3554,4501,5441,1,104.9
3555,2506,171,1,140.0
3556,4739,5958,1,105.0
3557,4739,5958,1,105.0
3558,4739,5958,1,105.0
3559,571,2432,1,79.0
3560,4513,2622,1,24.5
3561,3834,399,1,130.0
3562,3868,932,1,53.9
3563,9426,5317,1,95.4
3564,5318,1037,1,42.0
3565,5318,1037,1,42.0
3566,3515,1114,1,27.9
3567,6546,5654,1,1695.0
3568,3495,2014,1,49.9
3569,4674,2244,1,285.6
3570,1953,1654,1,89.9
3571,711,911,1,79.99
3572,2280,3959,1,269.9
3573,5449,5695,1,169.0
3574,1884,4542,1,379.0
3575,4300,3708,1,79.99
3576,158,4318,1,49.49
3577,716,860,1,106.0
3578,9502,3588,1,28.9
3579,1030,6659,1,90.0
3580,8366,3560,1,71.9
3581,3666,3104,1,51.67
3582,5624,168,1,111.9
3583,6695,6599,1,87.5
3584,1186,1159,1,55.0
3585,610,1702,1,24.99
3586,7807,6486,1,124.9
3587,2241,3373,1,29.99
3588,6371,2396,1,63.49
3589,6371,2396,1,63.49
3590,6732,705,1,7.0
3591,6452,3328,1,29.9
3592,1628,3352,1,24.16
3593,3020,2224,1,16.9
3594,390,3811,1,82.0
3595,3125,4650,1,156.9
3596,1976,1012,1,28.9
3597,6485,2407,1,42.6
3598,6203,6504,1,89.9
3599,3085,3000,1,89.9
3600,9873,4498,1,19.9
3601,7812,3371,1,82.99
3602,4315,632,1,159.9
3603,2504,1461,1,79.0
3604,2777,3780,1,17.55
3605,2777,3780,1,17.55
3606,7951,2134,1,855.0
3607,1713,1944,1,192.99
3608,9068,3442,1,110.32
3609,471,2096,1,45.0
3610,913,1653,1,69.99
3611,913,1653,1,69.99
3612,5072,3874,1,75.0
3613,863,5776,1,59.5
3614,5404,5735,1,105.0
3615,457,3175,1,39.9
3616,9069,1806,1,120.0
3617,198,5853,1,19.99
3618,3014,3739,1,56.99
3619,1775,672,1,42.0
3620,6754,507,1,57.99
3621,8958,5850,1,107.76
3622,8895,1337,1,49.0
3623,6178,5185,1,17.99
3624,9278,5108,1,5.99
3625,9396,17,1,399.0
3626,7835,684,1,30.94
3627,4330,4127,1,49.0
3628,6234,5005,1,179.99
3629,5224,4222,1,109.9
3630,8631,2795,1,69.9
3631,4078,4297,1,85.0
3632,5199,4861,1,112.99
3633,9707,1576,1,268.0
3634,5814,2784,1,29.9
3635,5390,2358,1,29.0
3636,5390,2358,1,29.0
3637,1726,914,1,110.99
3638,9634,4430,1,389.9
3639,7843,1928,1,580.27
3640,9032,2787,1,349.9
3641,5959,135,1,299.9
3642,7641,6019,1,117.3
3643,8726,6028,1,159.9
3644,194,437,1,160.0
3645,9320,5824,1,89.9
3646,2830,6016,1,14.99
3647,8125,4045,1,115.99
3648,2344,4965,1,44.9
3649,5481,5194,1,43.0
3650,1973,3111,1,59.0
3651,2942,6392,1,90.0
3652,2942,6392,1,90.0
3653,7660,2645,1,50.0
3654,3379,3383,1,69.99
3655,9567,5054,1,69.99
3656,2396,5062,1,53.0
3657,2396,5062,1,53.0
3658,7885,5018,1,89.0
3659,1791,6300,1,48.9
3660,7080,5940,1,16.99
3661,6663,6041,1,319.0
3662,4263,3463,1,139.9
3663,2349,6017,1,349.9
3664,1509,3083,1,250.0
3665,8292,5759,1,37.0
3666,8826,47,1,79.9
3667,5766,5624,1,415.17
3668,5691,5429,1,9.9
3669,5691,5429,1,9.9
3670,5691,5429,1,9.9
3671,5691,5429,1,9.9
3672,5691,5429,1,9.9
3673,289,5621,1,150.0
3674,289,5882,1,150.0
3675,9944,6115,1,39.9
3676,9944,6115,1,39.9
3677,3805,2399,1,162.5
3678,3840,6472,1,21.99
3679,3840,6472,1,21.99
3680,6713,3864,1,79.9
3681,7444,3531,1,205.0
3682,3572,6146,1,75.9
3683,7575,4658,1,29.5
3684,63,6563,1,250.0
3685,5566,3466,1,12.99
3686,9048,6015,1,109.9
3687,9174,1688,1,739.9
3688,7743,5049,1,104.99
3689,4731,4179,1,35.0
3690,9028,2889,1,219.9
3691,9495,1749,1,109.9
3692,1232,6431,1,148.0
3693,5403,4978,1,24.99
3694,3628,5854,1,58.9
3695,3628,5854,1,58.9
3696,3662,5975,1,104.9
3697,2628,5491,1,399.9
3698,618,3240,1,35.0
3699,1528,5331,1,49.0
3700,1528,5331,1,49.0
3701,4576,5953,1,210.0
3702,3543,2752,1,78.8
3703,5191,1195,1,89.99
3704,8393,5134,1,449.9
3705,1357,5086,1,53.9
3706,1473,5804,1,40.8
3707,6157,5593,1,74.9
3708,1817,932,1,59.9
3709,9338,3383,1,89.0
3710,2640,5606,1,37.0
3711,3083,656,1,34.99
3712,3022,1831,1,69.99
3713,8796,1178,1,42.97
3714,7358,1547,1,39.9
3715,7358,1547,1,39.9
3716,9655,6191,1,219.0
3717,2701,2089,1,143.0
3718,5569,1968,1,139.99
3719,8708,5739,1,41.9
3720,4636,1277,1,99.99
3721,2665,3556,1,29.9
3722,8042,5058,1,149.0
3723,5058,2552,1,149.99
3724,1690,4592,1,29.9
3725,1690,4592,1,29.9
3726,2186,6382,1,139.0
3727,274,5405,1,626.0
3728,1258,151,1,99.99
3729,6842,2887,1,49.0
3730,3930,5741,1,467.0
3731,7638,6602,1,19.9
3732,9819,6324,1,169.99
3733,9819,6324,1,169.99
3734,4843,2569,1,114.9
3735,2937,284,1,91.4
3736,7430,4788,1,18.9
3737,7145,2357,1,18.99
3738,3658,3573,1,366.4
3739,6349,3301,1,76.89
3740,9741,549,1,54.9
3741,104,614,1,58.99
3742,9510,1622,1,66.9
3743,7111,4747,1,229.99
3744,9530,3083,1,250.0
3745,5704,5726,1,109.95
3746,4708,5922,1,169.0
3747,2697,3856,1,139.0
3748,9111,4484,1,215.9
3749,1331,3471,1,95.03
3750,7798,6642,1,379.0
3751,6026,4227,1,15.9
3752,6464,4019,1,41.1
3753,8502,4968,1,26.4
3754,8976,1740,1,41.49
3755,946,3690,1,29.0
3756,3862,5822,1,349.0
3757,2153,4531,1,59.99
3758,9263,1827,1,16.9
3759,5302,2327,1,43.9
3760,8009,4886,1,119.9
3761,3199,3155,1,129.9
3762,4359,4899,1,137.9
3763,9680,6004,1,122.99
3764,5231,5914,1,99.0
3765,1871,1266,1,29.9
3766,1871,2909,1,29.9
3767,1546,4348,1,89.9
3768,1564,2132,1,213.9
3769,1564,2132,1,213.9
3770,1564,2132,1,213.9
3771,1564,2132,1,213.9
3772,7698,518,1,895.0
3773,1938,3388,1,95.9
3774,1676,6257,1,99.9
3775,8225,1645,1,94.9
3776,1752,4350,1,79.0
3777,1573,2595,1,64.9
3778,409,3725,1,79.0
3779,5015,5156,1,145.9
3780,5681,2600,1,69.9
3781,8685,277,1,199.0
3782,6923,5222,1,89.0
3783,1370,743,1,149.94
3784,1370,743,1,149.94
3785,1370,743,1,149.94
3786,1370,743,1,149.94
3787,1370,743,1,149.94
3788,5264,6039,1,329.9
3789,3369,5378,1,35.0
3790,9788,379,1,130.0
3791,6822,2696,1,27.9
3792,9179,3660,1,214.9
3793,7084,5413,1,43.99
3794,7084,2652,1,24.99
3795,3539,4173,1,1149.9
3796,5671,3612,1,47.59
3797,1444,3160,1,18.9
3798,5609,3875,1,92.9
3799,8349,2405,1,28.8
3800,7015,5378,1,35.0
3801,1470,5019,1,159.99
3802,1184,5614,1,59.9
3803,1184,5614,1,59.9
3804,5306,4102,1,18.99
3805,8309,4951,1,69.9
3806,1991,4375,1,59.9
3807,80,3209,1,64.9
3808,9142,5403,1,189.0
3809,9142,5403,1,189.0
3810,5516,487,1,99.9
3811,2173,296,1,148.0
3812,1513,6416,1,114.9
3813,5103,1141,1,98.99
3814,3062,3241,1,185.1
3815,3062,3241,1,185.1
3816,721,5352,1,26.9
3817,3042,2013,1,52.9
3818,8620,1304,1,116.6
3819,4447,6381,1,69.0
3820,6029,6037,1,129.98
3821,6029,6037,1,129.98
3822,6029,6524,1,105.6
3823,1144,1036,1,159.9
3824,4880,4349,1,139.9
3825,3742,620,1,185.03
3826,3268,848,1,189.0
3827,8992,543,1,30.9
3828,6699,343,1,39.9
3829,9052,6518,1,49.0
3830,9052,2802,1,49.0
3831,9052,2802,1,49.0
3832,4772,407,1,119.99
3833,6175,268,1,59.9
3834,4659,2958,1,23.0
3835,312,2727,1,58.83
3836,4800,6584,1,57.9
3837,2129,5258,1,27.9
3838,91,2220,1,42.5
3839,91,2220,1,42.5
3840,91,2220,1,42.5
3841,3175,6172,1,166.0
3842,4369,3425,1,53.99
3843,1288,5348,1,113.9
3844,7542,1243,1,49.9
3845,7962,4062,1,193.0
3846,3676,1456,1,39.9
3847,972,1338,1,49.0
3848,7220,5578,1,80.0
3849,5887,3592,1,27.49
3850,1607,1527,1,249.0
3851,7125,598,1,109.99
3852,801,1371,1,99.0
3853,8469,1940,1,194.9
3854,3300,5209,1,236.99
3855,4141,1125,1,119.9
3856,3784,1133,1,125.46
3857,4214,450,1,38.0
3858,5893,792,1,79.9
3859,4744,2151,1,27.9
3860,1179,2673,1,69.9
3861,5205,2017,1,49.59
3862,7264,4514,1,89.99
3863,9641,6441,1,149.0
3864,4549,6550,1,35.0
3865,4549,227,1,19.9
3866,4549,6550,1,35.0
3867,5806,62,1,44.0
3868,3926,6001,1,17.9
3869,3926,5471,1,89.06
3870,3926,6001,1,17.9
3871,3926,6001,1,17.9
3872,3926,6001,1,17.9
3873,4005,1311,1,58.67
3874,5498,5853,1,19.99
3875,7821,1478,1,224.0
3876,9631,1368,1,39.9
3877,6667,1404,1,229.0
3878,4989,5284,1,74.9
3879,663,2571,1,85.5
3880,1128,967,1,39.0
3881,5750,3145,1,139.99
3882,2365,6145,1,155.37
3883,918,6590,1,129.9
3884,3814,2649,1,135.21
3885,8936,1110,1,129.0
3886,2775,6522,1,35.0
3887,7398,1316,1,39.9
3888,4973,2688,1,18.99
3889,6165,40,1,24.9
3890,6165,40,1,24.9
3891,5634,6290,1,125.0
3892,9102,4360,1,99.0
3893,1196,3383,1,74.99
3894,6789,1074,1,56.99
3895,6312,2052,1,69.36
3896,8018,3296,1,70.9
3897,3460,3129,1,129.0
3898,1630,2080,1,699.4
3899,5490,4890,1,118.5
3900,4773,6504,1,89.9
3901,7547,6004,1,122.99
3902,5666,1861,1,29.9
3903,5397,6221,1,23.2
3904,6518,6422,1,131.9
3905,1691,2014,1,49.9
3906,243,2932,1,205.0
3907,3536,6233,1,99.99
3908,3536,6233,1,99.99
3909,3866,1466,1,80.0
3910,7226,5601,1,139.9
3911,6584,840,1,79.9
3912,4611,5236,1,28.99
3913,4611,5163,1,17.9
3914,510,5,1,618.0
3915,2890,6153,1,59.9
3916,9521,6676,1,159.99
3917,1217,3180,1,48.9
3918,2100,6153,1,49.9
3919,2100,6153,1,49.9
3920,2217,5146,1,159.0
3921,1007,279,1,49.99
3922,7000,2673,1,75.0
3923,980,2844,1,29.0
3924,4720,6229,1,120.0
3925,2098,4740,1,78.0
3926,1054,2537,1,55.0
3927,4681,3732,1,83.99
3928,6113,3826,1,17.9
3929,2600,4113,1,130.0
3930,6805,2637,1,84.2
3931,6724,1593,1,199.0
3932,7846,6130,1,27.99
3933,5653,970,1,289.99
3934,6002,2657,1,29.8
3935,4201,2544,1,39.89
3936,4724,5395,1,243.5
3937,6557,5027,1,89.9
3938,2391,6367,1,76.9
3939,9161,5576,1,259.9
3940,9333,4251,1,59.55
3941,9333,3146,1,69.9
3942,5114,6686,1,38.7
3943,1320,3867,1,24.99
3944,4298,2294,1,113.0
3945,4491,4137,1,19.44
3946,5645,2915,1,299.9
3947,4748,1641,1,65.0
3948,3119,3757,1,598.99
3949,7316,6259,1,160.0
3950,2519,5784,1,99.49
3951,5844,6555,1,155.0
3952,2490,883,1,109.9
3953,2685,2826,1,39.0
3954,2685,2826,1,39.0
3955,2685,2826,1,39.0
3956,6907,425,1,39.9
3957,7905,4150,1,115.9
3958,2547,6680,1,79.9
3959,2547,6680,1,79.9
3960,2547,6680,1,79.9
3961,2547,6680,1,79.9
3962,2547,6680,1,79.9
3963,2547,6680,1,79.9
3964,7313,2865,1,84.99
3965,8876,5612,1,190.0
3966,6547,1968,1,139.99
3967,1237,4887,1,9.0
3968,2023,3905,1,49.0
3969,5213,5588,1,103.97
3970,9541,123,1,106.9
3971,5373,3963,1,37.9
3972,6244,2869,1,39.0
3973,9677,2425,1,101.75
3974,2633,119,1,249.0
3975,5810,3064,1,22.9
3976,1093,5888,1,59.9
3977,595,416,1,29.9
3978,4274,6576,1,13.9
3979,5469,1415,1,35.0
3980,5469,1415,1,35.0
3981,5961,2586,1,129.9
3982,2364,3797,1,29.35
3983,8674,5053,1,149.99
3984,4227,3307,1,16.9
3985,9832,4255,1,16.99
3986,3611,3513,1,41.99
3987,3581,2486,1,320.0
3988,7815,4490,1,91.49
3989,6008,2537,1,55.0
3990,7058,146,1,99.9
3991,8413,4397,1,32.64
3992,9911,2671,1,42.49
3993,8232,3698,1,59.9
3994,9587,1082,1,40.5
3995,8797,3893,1,134.17
3996,9967,6044,1,58.0
3997,5759,5851,1,39.0
3998,2236,932,1,59.0
3999,1848,2998,1,129.99
4000,2687,5189,1,84.0
4001,3202,5026,1,65.0
4002,7872,4278,1,35.9
4003,7872,4278,1,35.9
4004,1245,6561,1,49.9
4005,1719,843,1,59.99
4006,7847,2527,1,164.9
4007,7679,6153,1,49.9
4008,3177,700,1,45.9
4009,3177,700,1,45.9
4010,8820,4245,1,16.9
4011,8820,4245,1,16.9
4012,8820,4245,1,16.9
4013,8820,4245,1,16.9
4014,290,3271,1,64.98
4015,9206,3002,1,61.9
4016,9206,4161,1,599.0
4017,9206,5284,1,74.9
4018,7690,5292,1,93.0
4019,7768,6153,1,59.9
4020,7768,6153,1,59.9
4021,7768,6153,1,59.9
4022,4832,3533,1,38.9
4023,2134,1172,1,169.99
4024,1503,4869,1,169.0
4025,6978,4139,1,150.0
4026,4875,6639,1,60.2
4027,3974,4362,1,62.0
4028,7619,5060,1,24.99
4029,4348,6518,1,49.9
4030,9487,6460,1,193.8
4031,1174,324,1,45.9
4032,8689,2508,1,216.9
4033,3837,2625,1,369.0
4034,6543,4717,1,149.0
4035,8430,3402,1,61.9
4036,5558,5149,1,42.9
4037,4223,6180,1,100.0
4038,6929,4758,1,80.0
4039,6124,4516,1,210.0
4040,7385,5422,1,49.0
4041,9623,85,1,179.49
4042,2423,3839,1,59.9
4043,1699,2166,1,79.9
4044,6475,2954,1,197.8
4045,1685,3763,1,39.0
4046,8989,5489,1,38.9
4047,2700,1739,1,99.0
4048,477,1028,1,13.99
4049,477,1028,1,13.99
4050,477,1028,1,13.99
4051,477,1028,1,13.99
4052,477,1028,1,13.99
4053,477,1028,1,13.99
4054,363,5781,1,19.9
4055,1094,420,1,135.9
4056,9000,2938,1,799.99
4057,6513,581,1,124.9
4058,189,4945,1,21.99
4059,3402,3515,1,17.0
4060,3402,3515,1,17.0
4061,7408,4501,1,127.27
4062,7408,4501,1,127.27
4063,2833,2338,1,97.99
4064,5045,2879,1,49.99
4065,2207,1908,1,189.9
4066,9633,4232,1,119.2
4067,7334,4554,1,69.9
4068,1497,1974,1,24.9
4069,5834,4907,1,69.9
4070,293,46,1,64.0
4071,1271,2634,1,59.9
4072,3633,6352,1,59.9
4073,9730,2881,1,110.0
4074,6121,5832,1,49.99
4075,5036,2636,1,86.63
4076,7906,1708,1,24.9
4077,8752,3294,1,119.99
4078,2105,5405,1,626.0
4079,7736,1521,1,13.95
4080,9507,4136,1,54.0
4081,6230,5645,1,46.99
4082,6446,6153,1,53.9
4083,6446,6153,1,53.9
4084,9947,4447,1,249.9
4085,1824,3362,1,98.0
4086,6579,2440,1,339.0
4087,9885,345,1,84.9
4088,9885,603,1,84.9
4089,2789,5418,1,249.5
4090,4015,3856,1,99.0
4091,2807,6493,1,159.0
4092,4049,2558,1,42.79
4093,5580,3865,1,79.0
4094,1355,2082,1,62.0
4095,5519,5268,1,149.9
4096,6674,2869,1,60.0
4097,8586,5243,1,19.9
4098,8931,1446,1,13.99
4099,7432,6354,1,43.99
4100,7432,6354,1,43.99
4101,7432,6354,1,43.99
4102,8397,179,1,159.9
4103,1243,3866,1,159.77
4104,9226,5616,1,49.0
4105,4271,1189,1,39.0
4106,6035,2327,1,43.9
4107,7654,123,1,149.99
4108,8303,2673,1,69.9
4109,2765,6184,1,42.9
4110,4933,6530,1,79.0
4111,6353,4562,1,19.9
4112,9383,4658,1,35.0
4113,6174,1346,1,36.9
4114,2002,2111,1,144.9
4115,6383,1654,1,89.9
4116,4372,3401,1,34.49
4117,5728,2442,1,89.9
4118,333,1392,1,8.9
4119,3968,5632,1,99.9
4120,6295,6083,1,199.9
4121,7997,2547,1,104.6
4122,1291,5258,1,27.9
4123,7295,59,1,489.0
4124,2355,6456,1,134.9
4125,4713,566,1,81.0
4126,2320,1268,1,74.5
4127,1256,5824,1,110.0
4128,5290,1027,1,114.99
4129,475,3951,1,44.9
4130,2198,6442,1,299.0
4131,879,2102,1,46.86
4132,879,2840,1,48.9
4133,4969,3659,1,235.0
4134,1188,5289,1,439.0
4135,5736,3151,1,169.99
4136,439,2101,1,69.9
4137,439,2101,1,69.9
4138,5070,3699,1,18.9
4139,3822,3011,1,67.99
4140,202,2155,1,89.18
4141,3265,3890,1,146.0
4142,4904,1752,1,200.0
4143,4904,6506,1,19.99
4144,665,1415,1,35.0
4145,665,2553,1,35.0
4146,5211,4936,1,27.9
4147,3024,6456,1,134.9
4148,4929,3203,1,69.9
4149,3739,2350,1,61.9
4150,7121,2114,1,34.89
4151,644,1530,1,84.99
4152,830,3663,1,17.9
4153,8231,6432,1,150.0
4154,2206,6566,1,49.9
4155,8411,2378,1,241.1
4156,718,1277,1,99.99
4157,6444,6575,1,115.0
4158,5985,3227,1,120.0
4159,852,1195,1,89.99
4160,1928,3538,1,129.0
4161,3780,308,1,30.0
4162,3780,308,1,30.0
4163,3780,308,1,30.0
4164,3780,308,1,30.0
4165,3780,308,1,30.0
4166,3780,308,1,30.0
4167,8804,6072,1,179.0
4168,4801,3847,1,40.0
4169,232,696,1,69.9
4170,8723,4711,1,89.9
4171,2012,346,1,23.99
4172,1998,3910,1,35.99
4173,6951,5283,1,93.99
4174,8860,3829,1,714.3
4175,9950,5177,1,60.0
4176,7112,1945,1,86.9
4177,5827,5097,1,95.0
4178,7123,188,1,38.6
4179,6560,1929,1,250.0
4180,7347,6027,1,39.9
4181,3809,4050,1,339.9
4182,2774,305,1,129.99
4183,5944,5936,1,140.0
4184,4180,456,1,19.9
4185,8203,927,1,143.8
4186,6056,4644,1,29.9
4187,2268,4340,1,42.0
4188,5525,6613,1,29.99
4189,8352,2299,1,940.5
4190,3914,2492,1,64.89
4191,266,1205,1,19.9
4192,266,1205,1,19.9
4193,266,1205,1,19.9
4194,266,1205,1,19.9
4195,266,1205,1,19.9
4196,266,1205,1,19.9
4197,2905,5879,1,109.9
4198,1929,3566,1,13.99
4199,1929,3566,1,13.99
4200,872,3498,1,224.0
4201,5871,6153,1,49.9
4202,3435,426,1,24.89
4203,3134,642,1,29.99
4204,2630,723,1,52.0
4205,9775,6319,1,18.0
4206,9775,6319,1,18.0
4207,9188,4749,1,69.9
4208,6084,5086,1,53.9
4209,9578,2310,1,252.0
4210,860,5458,1,75.99
4211,2006,5616,1,49.0
4212,3065,6673,1,79.9
4213,8315,2497,1,49.9
4214,2473,4671,1,150.0
4215,7644,5322,1,115.0
4216,9945,4180,1,29.99
4217,1118,4803,1,19.9
4218,64,1866,1,219.9
4219,8332,1992,1,59.5
4220,9699,4124,1,78.0
4221,6701,5116,1,138.0
4222,3932,4626,1,69.9
4223,546,21,1,37.48
4224,2164,6568,1,24.9
4225,4437,2662,1,55.8
4226,8161,4283,1,29.99
4227,2634,381,1,132.7
4228,1323,3715,1,499.9
4229,2787,559,1,97.9
4230,9711,1809,1,139.9
4231,9711,1809,1,139.9
4232,9444,5976,1,79.0
4233,3343,635,1,29.99
4234,1792,1658,1,134.9
4235,790,4835,1,119.4
4236,3328,785,1,31.9
4237,2768,5213,1,137.0
4238,4403,965,1,18.99
4239,4690,6063,1,55.99
4240,7754,5769,1,59.9
4241,5137,3516,1,229.9
4242,8246,4916,1,39.9
4243,8246,4916,1,39.9
4244,7197,2200,1,132.97
4245,6117,688,1,105.0
4246,1409,6672,1,129.9
4247,5760,5226,1,149.65
4248,9639,5380,1,54.99
4249,2555,2108,1,119.9
4250,7240,5919,1,89.9
4251,3450,4705,1,37.99
4252,8239,1887,1,89.99
4253,7280,877,1,222.19
4254,7280,877,1,222.19
4255,2309,4909,1,27.99
4256,3271,4136,1,54.0
4257,6739,346,1,19.99
4258,3937,1447,1,195.5
4259,6208,1744,1,315.0
4260,3819,5199,1,144.99
4261,2878,6038,1,279.0
4262,697,2744,1,120.0
4263,6337,3737,1,147.9
4264,1310,4691,1,829.0
4265,2194,6419,1,27.99
4266,1837,3241,1,185.1
4267,4388,2831,1,209.99
4268,4619,2664,1,56.0
4269,2831,3969,1,1085.99
4270,5778,1558,1,99.0
4271,6760,5084,1,50.2
4272,6760,5084,1,50.2
4273,6760,5084,1,50.2
4274,1846,1023,1,112.0
4275,1846,1023,1,112.0
4276,6834,4780,1,21.5
4277,2578,4789,1,89.9
4278,7833,4292,1,80.0
4279,7833,4292,1,80.0
4280,188,5963,1,129.99
4281,9117,1785,1,149.99
4282,5593,4482,1,28.0
4283,1199,1804,1,178.98
4284,4589,3613,1,39.99
4285,2221,3277,1,149.9
4286,5494,886,1,159.99
4287,9981,5125,1,99.9
4288,8436,2790,1,66.99
4289,5982,4704,1,149.91
4290,5982,4704,1,149.91
4291,5982,4704,1,149.91
4292,5982,4704,1,149.91
4293,2861,2040,1,149.99
4294,619,5892,1,598.0
4295,2756,3738,1,75.0
4296,5288,3671,1,129.9
4297,7410,4265,1,589.0
4298,714,3717,1,117.99
4299,714,3717,1,117.99
4300,3665,4177,1,79.9
4301,9468,586,1,459.99
4302,132,1314,1,55.13
4303,729,313,1,49.9
4304,4996,3246,1,325.0
4305,5334,4129,1,9.56
4306,7393,6147,1,68.89
4307,8461,3471,1,109.9
4308,9899,3166,1,865.9
4309,8056,453,1,31.98
4310,5412,2462,1,19.95
4311,1863,1669,1,161.0
4312,9100,985,1,239.9
4313,1702,6386,1,49.9
4314,8667,4564,1,238.0
4315,7258,688,1,105.0
4316,3167,6683,1,30.0
4317,7109,3653,1,399.94
4318,2200,296,1,148.0
4319,5189,3133,1,195.9
4320,5189,3133,1,195.9
4321,7767,3395,1,139.0
4322,6511,6518,1,59.9
4323,9559,6391,1,109.0
4324,562,3976,1,9.8
4325,5325,76,1,23.9
4326,5325,76,1,23.9
4327,9093,302,1,129.9
4328,2305,3845,1,106.9
4329,6957,3015,1,27.99
4330,6392,1107,1,189.0
4331,8786,2431,1,229.0
4332,8459,6515,1,89.0
4333,4594,1648,1,69.97
4334,9884,4554,1,69.9
4335,7501,302,1,119.9
4336,3342,6579,1,103.99
4337,3342,6579,1,103.99
4338,8947,3760,1,95.2
4339,1372,6153,1,59.0
4340,1372,6153,1,59.0
4341,8990,2802,1,59.9
4342,2611,2644,1,135.0
4343,102,3493,1,29.9
4344,9829,389,1,115.0
4345,3580,3831,1,45.0
4346,5127,4049,1,399.0
4347,5906,739,1,168.9
4348,7312,6469,1,45.9
4349,6291,4424,1,13.65
4350,7688,5999,1,230.0
4351,4820,2138,1,59.9
4352,9910,2708,1,12.3
4353,7864,4109,1,51.99
4354,5474,25,1,179.49
4355,4685,2538,1,53.9
4356,4244,1885,1,113.0
4357,6675,896,1,32.0
4358,1055,4550,1,79.9
4359,1482,1419,1,49.0
4360,8950,1599,1,29.9
4361,4127,1861,1,29.9
4362,9714,3010,1,188.9
4363,4272,116,1,53.9
4364,4272,611,1,53.9
4365,8601,416,1,29.9
4366,851,1658,1,129.9
4367,4732,870,1,79.99
4368,8652,506,1,129.2
4369,8134,1697,1,29.99
4370,6767,4825,1,89.99
4371,4866,441,1,149.9
4372,4387,626,1,388.0
4373,6278,2227,1,7.0
4374,6278,2227,1,7.0
4375,553,3699,1,19.9
4376,3505,1140,1,99.99
4377,6342,1664,1,21.99
4378,1102,4849,1,179.99
4379,1102,4849,1,179.99
4380,1102,4849,1,179.99
4381,1102,4849,1,179.99
4382,1102,4849,1,179.99
4383,1102,4849,1,179.99
4384,7681,1945,1,84.0
4385,8665,2523,1,15.32
4386,6912,4731,1,190.0
4387,6912,4731,1,190.0
4388,9723,1095,1,150.0
4389,7227,4487,1,107.9
4390,7227,485,1,99.9
4391,1937,5306,1,13.9
4392,5442,5639,1,665.0
4393,8965,6504,1,89.9
4394,9619,4178,1,22.99
4395,2567,3907,1,1160.0
4396,5258,5882,1,150.0
4397,7782,922,1,249.99
4398,7871,5935,1,27.99
4399,988,2034,1,16.99
4400,2456,4203,1,69.99
4401,920,3002,1,61.9
4402,4924,4076,1,39.0
4403,8935,1191,1,21.0
4404,2119,1310,1,89.9
4405,1268,6550,1,35.0
4406,9918,5392,1,110.0
4407,1649,3581,1,79.9
4408,6407,4587,1,64.9
4409,5435,5974,1,329.0
4410,7338,1664,1,21.99
4411,7338,1664,1,21.99
4412,5340,3532,1,77.97
4413,6330,1897,1,47.9
4414,4383,3012,1,24.99
4415,4226,2993,1,59.9
4416,5542,6526,1,62.9
4417,6156,5652,1,28.14
4418,7360,5073,1,119.97
4419,9406,5857,1,159.9
4420,8653,1430,1,189.9
4421,1580,6352,1,49.9
4422,1580,6352,1,49.9
4423,1580,6352,1,49.9
4424,5583,5827,1,159.9
4425,8504,5434,1,112.0
4426,2156,392,1,79.9
4427,2377,2811,1,35.49
4428,237,6040,1,100.0
4429,6681,1658,1,134.9
4430,9248,3095,1,54.9
4431,9353,1104,1,44.9
4432,9224,3712,1,39.9
4433,7127,4975,1,315.0
4434,4932,1638,1,86.8
4435,4598,5002,1,169.0
4436,4050,4331,1,370.0
4437,2036,2458,1,250.0
4438,2202,2105,1,49.0
4439,3756,3922,1,89.9
4440,3756,3922,1,89.9
4441,3756,3922,1,89.9
4442,9380,309,1,1099.0
4443,3484,6678,1,139.99
4444,222,1105,1,129.5
4445,5257,4089,1,27.19
4446,8934,764,1,27.9
4447,9234,3645,1,229.9
4448,4373,143,1,379.9
4449,7155,4809,1,10.99
4450,1073,929,1,599.0
4451,2983,5045,1,189.9
4452,2983,5045,1,189.9
4453,39,3991,1,112.49
4454,2569,1786,1,64.0
4455,5265,3546,1,29.9
4456,5935,2737,1,49.99
4457,8142,204,1,42.89
4458,3766,4921,1,254.9
4459,4246,1023,1,112.0
4460,6651,3806,1,64.0
4461,9694,5034,1,69.9
4462,9667,3633,1,129.0
4463,7929,3096,1,189.99
4464,1563,2192,1,12.97
4465,6606,4112,1,230.0
4466,4134,4983,1,40.99
4467,6648,5688,1,48.9
4468,6928,2905,1,99.9
4469,3865,5156,1,145.0
4470,9360,536,1,58.0
4471,9360,536,1,58.0
4472,5386,6283,1,56.99
4473,9875,6454,1,458.0
4474,4557,2889,1,219.9
4475,3058,2025,1,79.99
4476,9828,1945,1,86.9
4477,4277,5290,1,109.9
4478,2895,6457,1,19.99
4479,9503,2573,1,62.0
4480,7287,2992,1,395.65
4481,4390,1695,1,19.9
4482,5725,4867,1,99.9
4483,739,1034,1,48.9
4484,3194,6273,1,298.6
4485,7720,559,1,103.9
4486,5578,1977,1,998.9
4487,530,3506,1,189.98
4488,6973,5105,1,139.99
4489,302,1739,1,99.0
4490,3576,1025,1,28.9
4491,3248,5844,1,659.0
4492,8710,6369,1,60.0
4493,2017,2966,1,18.9
4494,7656,2478,1,89.9
4495,1701,1671,1,119.0
4496,6051,5110,1,109.9
4497,5391,1218,1,69.0
4498,4575,2951,1,49.99
4499,6037,350,1,174.9
4500,2791,4934,1,14.9
4501,8123,438,1,26.99
4502,142,3324,1,18.99
4503,715,3167,1,99.9
4504,3250,6380,1,93.49
4505,9141,2378,1,229.04
4506,3905,5407,1,219.94
4507,8224,5918,1,19.99
4508,9423,6551,1,199.9
4509,5564,2026,1,98.7
4510,3196,1815,1,54.9
4511,6170,2698,1,119.9
4512,2647,4335,1,49.9
4513,5497,6078,1,1599.99
4514,6715,1102,1,50.0
4515,3794,2622,1,19.9
4516,9296,2802,1,59.9
4517,6625,2085,1,34.9
4518,9044,4891,1,29.98
4519,5259,5828,1,269.9
4520,3231,679,1,24.98
4521,1292,132,1,10.5
4522,3039,6441,1,149.0
4523,1446,3793,1,148.0
4524,4649,1511,1,369.0
4525,2874,81,1,109.0
4526,2042,1945,1,89.9
4527,2042,1945,1,89.9
4528,2607,1975,1,135.0
4529,1772,6581,1,23.7
4530,2899,5233,1,75.0
4531,5005,2092,1,225.0
4532,9637,2735,1,119.9
4533,826,2162,1,182.0
4534,5131,5461,1,88.9
4535,276,4965,1,42.99
4536,9236,6017,1,455.88
4537,5987,4593,1,339.9
4538,1017,5629,1,49.99
4539,1956,1586,1,195.0
4540,1626,2737,1,49.99
4541,4515,3135,1,58.99
4542,1717,794,1,359.0
4543,9916,2720,1,29.99
4544,9440,1874,1,219.9
4545,6686,949,1,119.99
4546,9765,6448,1,72.58
4547,3448,6500,1,209.0
4548,5588,6398,1,69.9
4549,2673,1377,1,99.0
4550,4616,5102,1,39.99
4551,5964,3963,1,37.9
4552,733,1916,1,12.95
4553,983,785,1,31.9
4554,8415,2253,1,119.49
4555,3444,3510,1,49.0
4556,3444,5740,1,39.0
4557,3842,70,1,49.9
4558,6163,3769,1,21.9
4559,631,1403,1,18.9
4560,7723,5330,1,120.0
4561,4914,5085,1,31.8
4562,9204,3990,1,68.99
4563,2916,1974,1,33.6
4564,2616,5760,1,138.0
4565,8847,5031,1,89.0
4566,8847,5031,1,89.0
4567,8865,700,1,45.9
4568,6821,989,1,24.9
4569,5349,4121,1,119.9
4570,5601,5688,1,48.9
4571,3651,867,1,19.9
4572,5793,1371,1,52.0
4573,7344,4070,1,216.0
4574,8298,4343,1,127.48
4575,7874,5483,1,93.9
4576,6045,6573,1,35.9
4577,7523,535,1,352.57
4578,7523,535,1,352.57
4579,5667,4264,1,113.85
4580,9203,579,1,169.99
4581,9203,579,1,169.99
4582,6218,2287,1,65.0
4583,5075,384,1,122.99
4584,4264,2353,1,229.99
4585,4440,829,1,116.0
4586,6578,6154,1,85.0
4587,6883,700,1,45.9
4588,4290,160,1,47.49
4589,167,2960,1,24.99
4590,167,803,1,24.99
4591,2294,960,1,139.9
4592,8559,1173,1,69.99
4593,2545,3731,1,40.0
4594,6220,1690,1,299.0
4595,4392,3483,1,29.0
4596,5613,3161,1,37.29
4597,4159,5235,1,167.0
4598,4159,6330,1,175.9
4599,3954,815,1,99.9
4600,7247,6373,1,99.9
4601,9261,2424,1,799.0
4602,2598,2254,1,99.9
4603,5090,4893,1,40.0
4604,9270,2249,1,169.0
4605,9961,1910,1,669.99
4606,3639,1632,1,15.9
4607,2597,6166,1,69.0
4608,549,1861,1,29.9
4609,7841,6384,1,94.95
4610,9083,111,1,39.99
4611,3538,1397,1,26.9
4612,3538,677,1,39.9
4613,5832,4059,1,74.9
4614,4605,3812,1,50.0
4615,6802,4911,1,13.9
4616,5986,3712,1,39.9
4617,2938,1652,1,67.9
4618,3201,4163,1,60.0
4619,1721,5726,1,109.95
4620,263,5449,1,19.9
4621,6670,4177,1,79.9
4622,8576,1862,1,309.99
4623,7878,5195,1,120.0
4624,937,4356,1,49.39
4625,3695,1749,1,119.9
4626,9543,411,1,100.0
4627,2372,1180,1,1650.0
4628,2372,1180,1,1650.0
4629,1582,993,1,53.0
4630,5028,1231,1,173.9
4631,3206,566,1,89.8
4632,213,5025,1,699.0
4633,9601,3726,1,13.65
4634,1880,712,1,49.9
4635,8282,3424,1,139.9
4636,3664,2435,1,39.99
4637,4248,3534,1,110.65
4638,512,600,1,18.99
4639,512,5250,1,13.5
4640,9786,2908,1,169.0
4641,5000,1421,1,12.88
4642,3938,170,1,239.9
4643,3938,5314,1,52.5
4644,489,2863,1,120.0
4645,8712,2153,1,130.0
4646,981,2089,1,143.0
4647,3303,416,1,29.9
4648,394,6191,1,265.99
4649,8527,1700,1,71.82
4650,9228,2910,1,32.9
4651,9670,5500,1,75.5
4652,2779,2982,1,89.9
4653,8864,6205,1,199.9
4654,9291,918,1,19.9
4655,8479,910,1,55.9
4656,6505,4897,1,59.9
4657,352,6028,1,199.9
4658,4375,4955,1,104.9
4659,306,4417,1,23.0
4660,306,4417,1,23.0
4661,2538,1554,1,40.0
4662,2998,5358,1,149.99
4663,1688,3866,1,159.77
4664,9031,1387,1,149.0
4665,1009,3854,1,44.0
4666,9399,2087,1,17.0
4667,9018,4620,1,28.99
4668,231,988,1,9.99
4669,231,5778,1,19.99
4670,5378,5681,1,124.9
4671,5378,5681,1,124.9
4672,1634,527,1,22.15
4673,3429,2673,1,69.9
4674,3429,2673,1,69.9
4675,8648,2564,1,130.0
4676,9573,31,1,29.99
4677,9113,346,1,23.99
4678,9113,346,1,23.99
4679,9113,346,1,23.99
4680,5553,3762,1,56.0
4681,7178,1811,1,199.0
4682,869,4766,1,139.0
4683,4281,4739,1,99.0
4684,2293,6004,1,122.99
4685,9265,3877,1,329.0
4686,2981,5531,1,219.99
4687,3465,5154,1,40.0
4688,3465,5154,1,40.0
4689,9716,6067,1,74.9
4690,4809,4345,1,219.99
4691,9569,6327,1,43.8
4692,4215,1378,1,186.99
4693,4215,1378,1,186.99
4694,1151,2685,1,16.9
4695,1151,2685,1,16.9
4696,1822,1897,1,47.9
4697,7953,6518,1,59.9
4698,9156,731,1,117.8
4699,4358,2790,1,64.99
4700,1527,3869,1,129.9
4701,1252,6242,1,1260.0
4702,6770,2669,1,67.9
4703,3618,3888,1,39.9
4704,8405,1734,1,699.99
4705,7631,2353,1,269.99
4706,399,6529,1,58.9
4707,399,6529,1,58.9
4708,764,3961,1,33.9
4709,8933,622,1,69.9
4710,6879,1552,1,35.98
4711,6405,2876,1,49.5
4712,3375,813,1,68.99
4713,9831,5820,1,27.99
4714,6480,4301,1,79.0
4715,6480,1254,1,79.0
4716,7814,4454,1,89.9
4717,3681,1215,1,72.9
4718,3681,4068,1,45.9
4719,3592,6587,1,11.99
4720,8141,4997,1,56.99
4721,8198,2826,1,39.0
4722,3550,631,1,128.3
4723,7396,1287,1,64.0
4724,6363,2967,1,289.0
4725,438,4795,1,349.99
4726,6744,4139,1,150.0
4727,4760,302,1,119.9
4728,9252,1478,1,190.0
4729,1353,1179,1,299.9
4730,4939,3246,1,325.0
4731,4499,5602,1,99.9
4732,2626,3880,1,68.9
4733,6965,2219,1,66.9
4734,1346,5791,1,9.99
4735,4081,3805,1,349.9
4736,3079,3672,1,77.9
4737,3479,3391,1,259.9
4738,3753,3439,1,27.9
4739,5743,1995,1,65.0
4740,9528,5004,1,30.0
4741,892,1281,1,98.99
4742,4100,5364,1,1340.0
4743,4100,5364,1,1340.0
4744,4629,1463,1,18.99
4745,4079,2471,1,38.8
4746,1037,3334,1,83.16
4747,3962,3538,1,129.0
4748,2846,1915,1,290.0
4749,7969,152,1,37.99
4750,8229,5416,1,229.0
4751,3852,326,1,99.96
4752,9171,6019,1,117.3
4753,4581,4179,1,35.0
4754,6750,1233,1,38.9
4755,3615,6618,1,410.0
4756,5635,4155,1,47.99
4757,6477,3320,1,178.99
4758,1161,3889,1,104.99
4759,9276,5055,1,127.0
4760,1959,1277,1,99.99
4761,8709,4842,1,395.0
4762,467,1671,1,129.0
4763,444,5875,1,166.67
4764,7728,2528,1,26.5
4765,7525,4520,1,14.99
4766,7525,4520,1,14.99
4767,7525,4520,1,14.99
4768,2068,1150,1,83.9
4769,1710,2611,1,24.99
4770,9233,2515,1,139.0
4771,9520,1945,1,89.9
4772,9520,6504,1,89.9
4773,4443,2602,1,29.99
4774,4962,6545,1,85.0
4775,688,6155,1,1890.0
4776,9496,2510,1,49.9
4777,3685,3071,1,129.9
4778,2551,1856,1,29.99
4779,4149,962,1,69.2
4780,6259,1623,1,124.9
4781,4262,2706,1,57.9
4782,3267,3824,1,449.0
4783,4726,3559,1,155.99
4784,4726,3559,1,155.99
4785,2315,4479,1,200.36
4786,5266,146,1,110.0
4787,2672,3637,1,89.7
4788,9666,1766,1,310.0
4789,1759,1442,1,152.0
4790,8688,471,1,8.99
4791,5992,203,1,31.9
4792,3700,5910,1,149.9
4793,8359,3609,1,148.9
4794,8682,1929,1,250.0
4795,9492,932,1,59.0
4796,8795,3501,1,33.5
4797,8445,4205,1,9.9
4798,1665,5206,1,31.9
4799,7097,3655,1,50.0
4800,3291,3430,1,52.9
4801,2872,5629,1,50.75
4802,2872,5629,1,50.75
4803,5938,6667,1,66.39
4804,137,4913,1,43.9
4805,4807,2517,1,249.99
4806,7985,5392,1,120.0
4807,7985,5392,1,120.0
4808,6267,5413,1,49.99
4809,5319,3431,1,1004.99
4810,1696,2532,1,60.0
4811,7555,368,1,48.9
4812,7529,6019,1,117.3
4813,3841,572,1,19.9
4814,2357,700,1,45.9
4815,4590,6153,1,59.9
4816,6596,6619,1,440.0
4817,4555,846,1,15.99
4818,6956,2908,1,129.0
4819,4778,5454,1,129.0
4820,7772,4074,1,64.99
4821,2666,511,1,40.0
4822,2666,511,1,40.0
4823,4972,814,1,25.5
4824,5250,6283,1,56.99
4825,7640,416,1,29.9
4826,8518,1300,1,29.9
4827,3348,4330,1,119.9
4828,8827,957,1,20.0
4829,5509,4461,1,64.89
4830,9585,4870,1,107.0
4831,9585,4870,1,107.0
4832,9585,4870,1,107.0
4833,9889,159,1,29.99
4834,9889,159,1,29.99
4835,9889,159,1,29.99
4836,9889,159,1,29.99
4837,9889,159,1,29.99
4838,3419,3489,1,749.9
4839,9481,4792,1,192.0
4840,3345,2324,1,39.9
4841,2155,5547,1,115.9
4842,9329,5431,1,1437.0
4843,9823,932,1,53.9
4844,955,5392,1,110.0
4845,1377,4297,1,89.3
4846,3970,5619,1,23.9
4847,5295,3662,1,24.9
4848,5643,636,1,199.99
4849,5643,636,1,199.99
4850,5643,636,1,199.99
4851,5643,636,1,199.99
4852,9958,744,1,233.0
4853,9778,2462,1,19.95
4854,5757,2726,1,289.9
4855,2585,146,1,112.9
4856,1164,3805,1,349.9
4857,5890,2522,1,39.99
4858,8083,6518,1,59.9
4859,7932,3875,1,92.9
4860,8769,4980,1,45.99
4861,5670,1277,1,99.99
4862,5812,168,1,75.9
4863,8791,3245,1,193.0
4864,9859,5600,1,179.49
4865,4007,5437,1,129.9
4866,5451,6304,1,24.9
4867,4917,2429,1,79.9
4868,1348,1228,1,69.9
4869,1787,2371,1,39.9
4870,6186,2378,1,229.04
4871,807,215,1,13.0
4872,2133,3139,1,64.99
4873,7117,2937,1,292.9
4874,3238,6106,1,31.9
4875,3508,4797,1,656.43
4876,2078,4642,1,78.99
4877,6647,5349,1,110.0
4878,8991,3685,1,120.0
4879,1941,5040,1,139.9
4880,7737,1573,1,69.99
4881,7737,1573,1,69.99
4882,8616,4094,1,8.9
4883,5468,3865,1,90.0
4884,3744,3214,1,175.25
4885,2886,4711,1,89.9
4886,4844,1152,1,129.9
4887,8754,5311,1,19.49
4888,335,5120,1,79.99
4889,3823,367,1,42.3
4890,3823,367,1,42.3
4891,3823,367,1,42.3
4892,3823,367,1,42.3
4893,7571,2622,1,24.5
4894,2649,3401,1,31.49
4895,4465,5189,1,84.0
4896,4416,1787,1,29.9
4897,8776,4811,1,295.0
4898,8776,1093,1,179.9
4899,4196,4787,1,167.0
4900,1206,6415,1,48.9
4901,4273,5143,1,37.95
4902,4273,5143,1,37.95
4903,8143,3540,1,49.9
4904,4343,4348,1,89.9
4905,8642,2761,1,69.9
4906,4313,3971,1,24.5
4907,3422,5283,1,93.99
4908,6470,3157,1,64.0
4909,1028,4444,1,20.3
4910,340,2085,1,34.9
4911,6168,6004,1,122.99
4912,7427,5741,1,514.99
4913,4666,5957,1,135.0
4914,7217,2673,1,69.9
4915,7217,2673,1,69.9
4916,1614,1861,1,29.9
4917,3919,1098,1,119.97
4918,4205,4991,1,145.0
4919,6751,1437,1,21.99
4920,5922,623,1,198.99
4921,6070,6653,1,49.0
4922,6070,6653,1,49.0
4923,1963,229,1,139.99
4924,357,2673,1,69.9
4925,4034,2673,1,69.9
4926,2286,3408,1,102.0
4927,6894,574,1,31.5
4928,275,1433,1,13.9
4929,3746,404,1,69.99
4930,6318,2673,1,69.9
4931,6318,2673,1,69.9
4932,7429,3140,1,43.9
4933,9629,658,1,39.9
4934,9629,658,1,39.9
4935,9008,561,1,45.9
4936,9008,166,1,50.9
4937,9586,1066,1,220.0
4938,379,2140,1,79.0
4939,1808,6374,1,45.0
4940,5446,4348,1,89.9
4941,5074,146,1,125.0
4942,7142,932,1,49.9
4943,5413,2968,1,425.99
4944,9649,932,1,59.9
4945,7888,4018,1,39.9
4946,9186,5232,1,68.5
4947,6359,2445,1,19.9
4948,5298,3206,1,34.99
4949,4449,6098,1,99.99
4950,1515,4217,1,487.9
4951,6280,489,1,11.99
4952,4156,666,1,15.0
4953,2716,1775,1,55.0
4954,1483,3148,1,170.0
4955,9761,4250,1,59.9
4956,3487,3763,1,39.0
4957,5899,4403,1,91.0
4958,940,5387,1,229.99
4959,568,4478,1,27.9
4960,3211,2566,1,61.9
4961,533,4658,1,29.5
4962,4430,5829,1,21.9
4963,4430,5829,1,21.9
4964,1097,3940,1,124.9
4965,2842,2426,1,19.9
4966,7332,5353,1,69.9
4967,4509,2499,1,399.0
4968,4509,2499,1,399.0
4969,2527,3030,1,44.0
4970,4858,2245,1,159.49
4971,2917,5085,1,27.0
4972,1761,1226,1,144.99
4973,5977,6338,1,84.99
4974,3458,5005,1,179.99
4975,320,5112,1,129.0
4976,7507,5878,1,119.9
4977,9339,2376,1,233.0
4978,9738,4387,1,50.9
4979,3166,1070,1,120.42
4980,1072,1853,1,35.0
4981,8487,4122,1,38.89
4982,2114,3241,1,188.1
4983,2114,3241,1,188.1
4984,5616,6153,1,49.9
4985,8868,700,1,47.9
4986,8748,882,1,59.9
4987,9387,4747,1,199.9
4988,9387,6028,1,199.9
4989,4286,6547,1,126.99
4990,8242,6033,1,25.0
4991,5233,6518,1,59.9
4992,8170,6254,1,74.9
4993,267,2743,1,69.68
4994,2422,3068,1,149.9
4995,1866,1810,1,29.99
4996,1549,1543,1,99.0
4997,8176,6589,1,55.0
4998,4468,1374,1,58.9
4999,5556,5390,1,24.99
5000,9417,2816,1,175.0
5001,8395,2169,1,110.32
5002,7340,3254,1,375.0
5003,8329,4992,1,185.0
5004,8280,4848,1,32.99
5005,911,6378,1,18.99
5006,1908,6307,1,99.0
5007,2636,1835,1,49.9
5008,8005,332,1,153.0
5009,8005,1477,1,77.0
5010,2307,2382,1,149.9
5011,3241,1011,1,23.0
5012,277,3586,1,78.0
5013,277,3687,1,139.99
5014,1996,518,1,750.0
5015,881,2308,1,65.0
5016,785,6163,1,39.0
5017,9783,5631,1,67.0
5018,692,4124,1,78.0
5019,7014,6176,1,39.9
5020,7983,928,1,99.9
5021,3253,384,1,122.99
5022,4529,4145,1,164.89
5023,8122,6689,1,69.9
5024,2136,1085,1,45.0
5025,7297,1654,1,89.9
5026,5186,1006,1,99.9
5027,7991,1383,1,238.9
5028,2594,2984,1,19.9
5029,6718,1483,1,45.0
5030,601,4307,1,69.0
5031,8903,2576,1,31.99
5032,7105,6569,1,19.99
5033,9893,3435,1,99.0
5034,9893,3435,1,99.0
5035,9893,3435,1,99.0
5036,7519,4076,1,39.0
5037,1978,5955,1,49.9
5038,7858,3393,1,199.0
5039,7761,3836,1,54.9
5040,7761,3836,1,54.9
5041,8867,2539,1,34.9
5042,3494,4075,1,120.0
5043,9877,5373,1,210.9
5044,9872,6197,1,109.9
5045,2477,932,1,59.9
5046,413,1731,1,79.9
5047,9173,880,1,56.9
5048,6055,4835,1,118.0
5049,7010,3664,1,16.9
5050,3485,2790,1,66.99
5051,5752,1196,1,19.3
5052,4146,3535,1,14.99
5053,4165,6372,1,24.99
5054,3309,932,1,59.9
5055,3309,339,1,64.9
5056,3438,3154,1,129.0
5057,1352,5463,1,66.0
5058,6155,4095,1,19.69
5059,7557,4982,1,54.9
5060,1987,6451,1,46.0
5061,7701,2068,1,99.25
5062,7701,6129,1,351.0
5063,7116,541,1,119.9
5064,1754,3808,1,17.49
5065,6515,4361,1,28.0
5066,2282,3410,1,46.0
5067,8640,2998,1,129.99
5068,6705,4672,1,21.0
5069,7036,6310,1,159.0
5070,3264,713,1,39.9
5071,7582,4058,1,38.97
5072,77,3185,1,233.0
5073,1595,1861,1,29.9
5074,9327,2847,1,39.99
5075,8157,789,1,149.9
5076,8647,3929,1,139.99
5077,354,937,1,61.9
5078,7902,2195,1,31.9
5079,6114,2379,1,43.8
5080,1265,4513,1,58.99
5081,148,5917,1,94.06
5082,384,4904,1,269.99
5083,9124,1429,1,79.0
5084,7095,2673,1,69.9
5085,8320,5959,1,119.0
5086,8270,5087,1,15.0
5087,1468,5129,1,59.74
5088,4812,3109,1,74.9
5089,3829,3894,1,29.99
5090,3829,4392,1,34.99
5091,3940,2960,1,24.99
5092,6654,1563,1,208.0
5093,1868,5210,1,72.9
5094,8237,932,1,59.9
5095,5421,4766,1,160.0
5096,2971,5746,1,284.1
5097,3124,5048,1,49.9
5098,1180,1671,1,139.99
5099,1180,1671,1,139.99
5100,8753,3266,1,1190.0
5101,1169,754,1,284.9
5102,2374,616,1,21.99
5103,5223,5958,1,108.0
5104,3409,4228,1,599.9
5105,9363,3103,1,117.9
5106,7819,2285,1,129.9
5107,9260,5803,1,49.99
5108,9196,6542,1,88.6
5109,4796,4353,1,189.8
5110,6442,74,1,115.0
5111,9517,842,1,17.99
5112,782,392,1,52.9
5113,8245,1524,1,139.99
5114,4257,5563,1,18.99
5115,8049,2381,1,168.0
5116,6192,1444,1,181.01
5117,2529,4712,1,53.99
5118,4193,3202,1,180.0
5119,4193,3202,1,180.0
5120,3396,2740,1,89.9
5121,957,2330,1,67.0
5122,957,2330,1,67.0
5123,645,3462,1,127.42
5124,593,940,1,45.9
5125,8593,3686,1,37.0
5126,14,4165,1,152.0
5127,8863,4325,1,218.99
5128,6684,6051,1,399.9
5129,4613,3861,1,179.99
5130,1403,4594,1,20.89
5131,1207,3355,1,135.65
5132,8605,5923,1,95.4
5133,1178,498,1,58.5
5134,4568,2614,1,368.9
5135,9476,3979,1,349.9
5136,5255,1007,1,69.9
5137,3642,1324,1,68.99
5138,6108,879,1,121.0
5139,6450,5455,1,59.0
5140,4524,3463,1,169.9
5141,969,5087,1,15.0
5142,8022,6153,1,59.0
5143,5552,460,1,48.9
5144,5552,3436,1,41.9
5145,924,2802,1,53.9
5146,4553,669,1,51.5
5147,5817,5618,1,99.0
5148,7302,2865,1,84.99
5149,5016,6144,1,10.6
5150,8417,6352,1,59.9
5151,7468,5824,1,110.0
5152,1364,4503,1,65.9
5153,9706,1654,1,79.9
5154,1167,2502,1,139.99
5155,3004,972,1,69.99
5156,4231,5822,1,349.0
5157,1411,2113,1,78.45
5158,7526,2223,1,38.9
5159,5905,3699,1,19.9
5160,4017,552,1,139.0
5161,634,5647,1,24.9
5162,7203,5465,1,75.0
5163,772,3174,1,39.0
5164,1021,938,1,549.9
5165,4087,3443,1,24.9
5166,4087,3443,1,24.9
5167,6726,3067,1,135.9
5168,848,5218,1,246.62
5169,2838,4953,1,169.0
5170,6855,4121,1,118.0
5171,2230,1299,1,115.9
5172,9316,1364,1,30.1
5173,737,2213,1,27.9
5174,2713,2501,1,158.0
5175,8596,1861,1,29.9
5176,5665,2207,1,146.99
5177,3521,5222,1,79.0
5178,6270,1228,1,69.9
5179,2397,4942,1,169.9
5180,3010,1495,1,93.0
5181,1431,5995,1,215.0
5182,5512,4771,1,199.9
5183,1516,3759,1,107.15
5184,9869,2157,1,269.0
5185,2265,5090,1,70.0
5186,9089,2382,1,149.9
5187,6779,3299,1,299.0
5188,6422,757,1,24.0
5189,5460,4865,1,35.0
5190,3171,6670,1,59.0
5191,1901,954,1,87.85
5192,3754,4004,1,39.0
5193,3754,4004,1,39.0
5194,3748,5684,1,169.99
5195,97,2058,1,90.0
5196,7786,2,1,79.9
5197,4974,5385,1,175.99
5198,1225,1386,1,35.35
5199,6380,4117,1,107.0
5200,6380,4117,1,107.0
5201,698,2865,1,84.99
5202,2390,5799,1,16.1
5203,1851,3463,1,169.9
5204,61,5526,1,99.99
5205,443,6153,1,59.9
5206,8403,1353,1,24.9
5207,6982,5909,1,84.44
5208,6289,3068,1,149.9
5209,7028,2673,1,69.9
5210,7537,2453,1,199.9
5211,5228,5957,1,144.41
5212,400,295,1,29.9
5213,2561,705,1,7.0
5214,2091,2251,1,12.99
5215,2091,2251,1,12.99
5216,744,2065,1,24.75
5217,744,2065,1,24.75
5218,744,2065,1,24.75
5219,2368,4130,1,699.99
5220,1040,138,1,257.6
5221,6310,487,1,99.9
5222,1304,1992,1,59.5
5223,4506,3624,1,45.0
5224,8566,998,1,39.0
5225,3164,1697,1,29.99
5226,641,265,1,73.0
5227,641,265,1,73.0
5228,7038,5335,1,99.99
5229,1459,1317,1,234.99
5230,2385,5954,1,99.7
5231,18,4867,1,99.9
5232,4905,4670,1,30.0
5233,3276,6141,1,74.9
5234,3276,4172,1,114.9
5235,3276,4172,1,114.9
5236,3276,4172,1,114.9
5237,1844,6081,1,109.9
5238,8828,2661,1,201.0
5239,1175,2200,1,137.9
5240,8109,4242,1,269.0
5241,1753,5031,1,89.0
5242,6803,4247,1,64.9
5243,8917,4577,1,37.9
5244,329,4467,1,39.0
5245,2297,4891,1,29.99
5246,156,2297,1,199.0
5247,8150,1536,1,38.9
5248,8295,5273,1,68.9
5249,2067,6028,1,159.9
5250,5053,3084,1,69.9
5251,1415,2469,1,41.9
5252,2475,6088,1,136.0
5253,4993,166,1,50.9
5254,5824,4555,1,42.9
5255,2801,1096,1,12.25
5256,2261,2778,1,18.95
5257,9934,2762,1,29.9
5258,6693,65,1,29.5
5259,1714,5350,1,105.9
5260,5803,4106,1,135.5
5261,3683,6017,1,349.9
5262,428,3555,1,69.36
5263,5267,2207,1,166.99
5264,5901,3016,1,119.9
5265,9312,1409,1,679.0
5266,945,4394,1,69.0
5267,7696,788,1,59.99
5268,5607,4554,1,69.9
5269,5846,6005,1,87.37
5270,9319,6470,1,149.9
5271,9319,6470,1,149.9
5272,9319,6470,1,149.9
5273,5331,4440,1,79.0
5274,7353,3246,1,330.0
5275,8004,6099,1,44.99
5276,3811,1457,1,32.9
5277,522,4484,1,208.9
5278,8529,4299,1,155.99
5279,8544,6212,1,16.0
5280,3434,2939,1,26.9
5281,7208,3952,1,44.99
5282,1308,4689,1,79.0
5283,696,767,1,129.0
5284,8416,193,1,51.92
5285,4327,1959,1,13.99
5286,4327,1959,1,13.99
5287,4618,4634,1,68.34
5288,3561,943,1,31.9
5289,752,789,1,124.9
5290,9443,777,1,45.0
5291,6273,2520,1,139.9
5292,3629,4363,1,69.0
5293,8472,346,1,19.99
5294,7512,692,1,59.9
5295,5061,4164,1,29.99
5296,5061,5737,1,29.99
5297,9643,2786,1,299.9
5298,4922,6329,1,122.0
5299,9470,3307,1,16.9
5300,9470,3307,1,16.9
5301,3229,369,1,128.8
5302,6395,6624,1,13.9
5303,6395,6624,1,13.9
5304,5447,1297,1,119.8
5305,8942,5334,1,99.0
5306,8807,1547,1,39.9
5307,4413,5456,1,139.0
5308,6827,2222,1,34.9
5309,8534,5698,1,29.9
5310,7088,4514,1,89.99
5311,1635,6229,1,89.99
5312,3785,4138,1,199.99
5313,62,1061,1,18.9
5314,7987,544,1,17.99
5315,7715,2317,1,29.9
5316,7715,2317,1,29.9
5317,7715,2317,1,29.9
5318,5479,420,1,135.9
5319,8803,3804,1,386.4
5320,8297,6398,1,69.9
5321,3097,5906,1,249.99
5322,4185,1249,1,49.97
5323,8407,2697,1,51.9
5324,3023,2014,1,49.9
5325,2448,3149,1,59.9
5326,5829,2902,1,349.99
5327,5937,4895,1,56.99
5328,8782,5106,1,13.65
5329,694,3097,1,119.9
5330,3094,6530,1,79.0
5331,7769,5431,1,1437.0
5332,2070,4658,1,29.5
5333,4559,547,1,845.0
5334,6491,4866,1,18.9
5335,4870,6033,1,25.0
5336,8079,4736,1,299.9
5337,728,2802,1,49.0
5338,2667,5311,1,19.49
5339,6148,273,1,42.9
5340,9344,932,1,49.9
5341,9344,932,1,49.9
5342,9344,1485,1,49.9
5343,9344,932,1,49.9
5344,9344,932,1,49.9
5345,4956,2215,1,59.9
5346,1574,4595,1,26.0
5347,8772,2225,1,69.88
5348,8772,2339,1,59.99
5349,6530,2785,1,54.9
5350,3233,3293,1,17.89
5351,9249,5741,1,467.0
5352,7317,6529,1,59.9
5353,8307,2286,1,189.99
5354,1819,6035,1,109.8
5355,5562,3865,1,80.0
5356,495,5766,1,54.9
5357,9148,2011,1,69.0
5358,3270,6402,1,120.0
5359,3270,6402,1,120.0
5360,4879,4965,1,42.99
5361,864,5605,1,29.9
5362,4915,5671,1,55.9
5363,2972,3073,1,118.99
5364,676,2464,1,179.9
5365,7070,5611,1,139.9
5366,7586,3420,1,134.2
5367,2187,145,1,39.9
5368,8785,4054,1,259.0
5369,6970,5350,1,99.9
5370,6970,6453,1,99.9
5371,6970,5350,1,99.9
5372,6970,6453,1,99.9
5373,6586,6518,1,53.9
5374,9661,4582,1,132.2
5375,1424,6318,1,169.0
5376,5156,5939,1,169.0
5377,719,4835,1,116.9
5378,3117,4621,1,18.9
5379,4489,5931,1,205.0
5380,9063,4459,1,27.9
5381,3186,4921,1,276.0
5382,2820,1219,1,185.0
5383,503,2226,1,29.99
5384,5825,3007,1,70.89
5385,7449,3505,1,68.0
5386,7449,3505,1,68.0
5387,9301,1581,1,309.9
5388,3520,5480,1,36.0
5389,3520,5480,1,36.0
5390,9843,346,1,23.99
5391,5244,539,1,89.9
5392,4948,2205,1,99.0
5393,4948,2205,1,99.0
5394,6988,6375,1,83.5
5395,76,6415,1,48.9
5396,9275,3360,1,43.0
5397,9275,3360,1,43.0
5398,6964,6229,1,99.99
5399,6164,2766,1,169.99
5400,7623,5354,1,24.89
5401,5962,3540,1,49.9
5402,1733,885,1,95.9
5403,2415,1228,1,69.9
5404,563,5207,1,199.9
5405,9135,5023,1,11.99
5406,5294,5123,1,169.0
5407,7746,1703,1,29.99
5408,131,710,1,54.4
5409,9959,1586,1,194.0
5410,5406,2236,1,51.45
5411,6031,346,1,19.99
5412,378,1654,1,89.9
5413,6851,2948,1,21.9
5414,5702,3499,1,134.9
5415,5673,1691,1,388.0
5416,5868,2986,1,99.0
5417,81,29,1,34.9
5418,4662,2753,1,79.99
5419,5118,4493,1,195.9
5420,2053,4016,1,145.0
5421,1743,3269,1,36.9
5422,1743,3269,1,36.9
5423,1743,3269,1,36.9
5424,8818,3247,1,99.0
5425,9209,140,1,535.9
5426,8140,66,1,204.0
5427,5326,6660,1,49.99
5428,8684,2802,1,49.91
5429,9924,435,1,29.9
5430,7196,5599,1,37.99
5431,161,5930,1,47.06
5432,5592,745,1,385.0
5433,7499,614,1,54.99
5434,9763,4839,1,242.9
5435,3129,4892,1,249.9
5436,4204,4463,1,199.9
5437,3118,2207,1,146.99
5438,2915,3376,1,59.9
5439,4495,2521,1,16.99
5440,2914,2607,1,165.9
5441,8167,3632,1,39.99
5442,1414,1056,1,143.54
5443,561,1192,1,129.8
5444,2982,571,1,39.99
5445,9108,6029,1,94.9
5446,4907,5894,1,19.9
5447,2658,1859,1,199.7
5448,251,3535,1,17.0
5449,5163,3338,1,79.99
5450,8159,5637,1,99.99
5451,5841,770,1,158.9
5452,4817,4821,1,59.9
5453,9390,346,1,23.99
5454,6954,589,1,99.9
5455,6954,589,1,99.9
5456,2342,6071,1,54.9
5457,6058,5017,1,142.5
5458,6872,1857,1,157.0
5459,8281,4133,1,250.0
5460,3031,2211,1,23.99
5461,58,4788,1,25.32
5462,1064,1125,1,139.9
5463,2570,5166,1,29.15
5464,2570,5166,1,29.15
5465,5234,5237,1,64.9
5466,5234,1676,1,54.9
5467,894,3302,1,22.0
5468,7865,3714,1,24.9
5469,7435,1945,1,89.9
5470,3856,4749,1,69.9
5471,6503,2555,1,104.9
5472,9190,4567,1,199.0
5473,7382,4813,1,79.0
5474,227,2703,1,70.97
5475,9361,3545,1,69.0
5476,4588,4400,1,629.9
5477,454,6302,1,26.9
5478,454,6302,1,26.9
5479,9936,5956,1,246.9
5480,7237,353,1,56.89
5481,1735,4231,1,699.0
5482,2197,5,1,610.0
5483,7290,2979,1,180.0
5484,9023,1546,1,65.0
5485,994,1197,1,84.3
5486,1578,6302,1,26.9
5487,7484,1941,1,129.9
5488,7944,4999,1,259.9
5489,7461,1824,1,109.0
5490,5368,4375,1,59.9
5491,330,6274,1,104.9
5492,2514,5592,1,45.9
5493,2514,5592,1,45.9
5494,2815,259,1,49.0
5495,265,1362,1,99.9
5496,3305,64,1,209.0
5497,3305,64,1,209.0
5498,6079,896,1,32.0
5499,9953,561,1,45.9
5500,7763,3539,1,229.99
5501,43,513,1,59.99
5502,883,3111,1,59.0
5503,3583,5616,1,49.0
5504,7075,1400,1,24.52
5505,7075,448,1,25.73
5506,7040,5782,1,157.0
5507,1552,690,1,249.9
5508,3084,5824,1,89.9
5509,1707,3196,1,59.9
5510,98,5630,1,215.0
5511,304,3392,1,38.9
5512,2655,2802,1,59.9
5513,4503,200,1,124.99
5514,6296,1214,1,99.99
5515,5405,395,1,77.75
5516,8570,4213,1,849.0
5517,2468,6044,1,58.0
5518,5619,3311,1,21.9
5519,3055,5871,1,49.9
5520,6920,4749,1,79.0
5521,6529,4785,1,110.0
5522,2835,1523,1,134.0
5523,2835,1523,1,134.0
5524,9744,567,1,55.9
5525,793,5921,1,219.98
5526,793,5921,1,219.98
5527,9079,232,1,39.7
5528,6118,6018,1,39.0
5529,4463,2841,1,120.0
5530,287,944,1,45.0
5531,7771,6153,1,59.9
5532,7771,6153,1,59.9
5533,2250,768,1,114.99
5534,3464,559,1,97.9
5535,2291,495,1,199.9
5536,8676,5487,1,132.8
5537,9610,89,1,142.99
5538,9610,3509,1,129.9
5539,4677,475,1,33.41
5540,4677,475,1,33.41
5541,6832,2279,1,18.9
5542,2247,5403,1,189.0
5543,6207,2917,1,80.4
5544,6207,4993,1,92.1
5545,5013,5961,1,34.9
5546,2295,6470,1,149.9
5547,3920,1628,1,59.0
5548,3920,1628,1,59.0
5549,4367,4170,1,289.0
5550,4741,3865,1,80.0
5551,8051,6153,1,59.9
5552,6566,4468,1,99.9
5553,2410,446,1,124.9
5554,4395,1506,1,19.9
5555,2923,969,1,129.99
5556,9926,3183,1,169.9
5557,5632,2702,1,134.9
5558,8626,4529,1,16.17
5559,6141,3768,1,249.9
5560,4787,3864,1,69.9
5561,6637,487,1,74.9
5562,1467,3932,1,9.49
5563,1467,6156,1,14.49
5564,2646,327,1,50.9
5565,4412,4297,1,74.9
5566,4412,4297,1,74.9
5567,7106,2926,1,249.9
5568,6611,1630,1,219.0
5569,5627,5058,1,149.0
5570,210,523,1,1199.9
5571,4830,2420,1,82.9
5572,4830,2420,1,82.9
5573,7030,4589,1,145.99
5574,2992,6687,1,109.9
5575,6229,3707,1,115.9
5576,5172,4005,1,19.9
5577,3728,146,1,159.9
5578,9574,5719,1,44.9
5579,9574,5719,1,44.9
5580,9574,5719,1,44.9
5581,7277,6371,1,95.0
5582,4874,747,1,24.9
5583,4874,747,1,24.9
5584,6390,6382,1,120.0
5585,1399,2257,1,39.9
5586,4648,4020,1,59.9
5587,424,3941,1,97.0
5588,7923,469,1,105.2
5589,6633,1960,1,79.0
5590,4189,1572,1,94.99
5591,3139,1942,1,49.9
5592,6837,6421,1,437.0
5593,6469,3474,1,120.0
5594,1675,3989,1,138.0
5595,1675,3989,1,138.0
5596,9865,4411,1,16.9
5597,241,2788,1,43.9
5598,3016,1673,1,109.9
5599,8758,3262,1,39.9
5600,8758,3262,1,39.9
5601,8758,3262,1,39.9
5602,8758,3262,1,39.9
5603,8758,3262,1,39.9
5604,8758,3262,1,39.9
5605,8940,2479,1,135.0
5606,2495,4032,1,26.9
5607,4539,1560,1,34.9
5608,6522,2680,1,49.99
5609,8293,4222,1,109.9
5610,5862,4716,1,26.9
5611,359,1696,1,94.9
5612,359,1696,1,94.9
5613,359,1696,1,94.9
5614,2521,2373,1,203.0
5615,8249,3511,1,116.99
5616,4148,5545,1,107.0
5617,5755,124,1,57.0
5618,5755,124,1,57.0
5619,909,5622,1,59.99
5620,691,4768,1,39.0
5621,734,4878,1,55.0
5622,3803,3633,1,129.0
5623,5779,4924,1,49.9
5624,9075,880,1,52.9
5625,8700,3860,1,99.99
5626,6999,1615,1,17.9
5627,392,5065,1,428.0
5628,4155,2557,1,69.9
5629,2245,1605,1,120.9
5630,9431,3210,1,29.9
5631,9431,3210,1,29.9
5632,9797,3902,1,49.99
5633,3090,3235,1,49.9
5634,421,2432,1,79.0
5635,8268,3023,1,199.9
5636,3011,2673,1,75.0
5637,3296,566,1,82.8
5638,3892,2889,1,229.9
5639,523,6621,1,25.0
5640,6981,4037,1,99.0
5641,6981,4037,1,99.0
5642,446,1485,1,49.0
5643,5669,1951,1,199.0
5644,2854,4222,1,108.9
5645,9566,3866,1,159.77
5646,950,5797,1,119.9
5647,9686,3954,1,68.9
5648,5333,6028,1,159.9
5649,2409,668,1,219.9
5650,6061,1384,1,49.9
5651,7016,5394,1,189.94
5652,9067,1341,1,69.9
5653,5995,509,1,44.95
5654,2517,1178,1,45.97
5655,2434,4026,1,190.0
5656,9280,3118,1,150.97
5657,8731,991,1,22.0
5658,9925,5294,1,69.9
5659,9424,2151,1,31.9
5660,8037,1576,1,220.91
5661,8037,1576,1,220.91
5662,8938,2321,1,49.9
5663,6931,1897,1,47.9
5664,8219,604,1,47.9
5665,8957,3872,1,39.99
5666,1430,5648,1,199.9
5667,788,5931,1,195.0
5668,615,2518,1,89.99
5669,7669,3701,1,59.99
5670,7669,3701,1,59.99
5671,8087,3261,1,31.32
5672,7377,6530,1,79.0
5673,3101,1990,1,379.9
5674,2501,3344,1,249.99
5675,4426,5971,1,69.0
5676,4426,5971,1,69.0
5677,835,3926,1,15.75
5678,835,3926,1,15.75
5679,2439,1729,1,49.95
5680,2439,4709,1,119.9
5681,2254,3447,1,139.9
5682,8010,6620,1,295.0
5683,3777,3359,1,31.0
5684,4517,6074,1,145.0
5685,5202,5920,1,95.2
5686,9563,4427,1,319.9
5687,9218,6504,1,86.9
5688,9218,6504,1,86.9
5689,4116,2910,1,32.9
5690,2721,3463,1,169.9
5691,8002,4903,1,35.0
5692,2559,940,1,45.9
5693,9736,3350,1,116.0
5694,455,2112,1,84.26
5695,9155,1416,1,59.99
5696,7216,3854,1,44.0
5697,7216,1174,1,49.0
5698,7702,6066,1,5.99
5699,2154,5008,1,75.27
5700,2154,5008,1,75.27
5701,5550,3068,1,149.9
5702,2613,1816,1,49.0
5703,2613,1823,1,139.0
5704,6350,4079,1,119.9
5705,6350,6363,1,99.9
5706,4783,3156,1,213.0
5707,6443,4382,1,43.98
5708,4670,6311,1,34.68
5709,1366,4808,1,99.99
5710,2040,95,1,67.6
5711,6492,4092,1,34.99
5712,6497,6114,1,199.0
5713,775,6504,1,86.9
5714,1845,1830,1,18.0
5715,9742,2046,1,59.9
5716,5021,700,1,45.9
5717,3500,178,1,40.0
5718,8714,4048,1,28.99
5719,474,487,1,99.9
5720,4278,1747,1,160.0
5721,3153,3709,1,8.82
5722,3153,3709,1,8.82
5723,973,6529,1,59.9
5724,7218,6504,1,89.9
5725,5599,1671,1,149.0
5726,3466,700,1,45.9
5727,9748,2474,1,41.08
5728,2734,4684,1,59.0
5729,5051,838,1,46.4
5730,3392,5261,1,13.99
5731,7423,902,1,14.89
5732,5555,5840,1,119.0
5733,4751,6575,1,115.0
5734,1397,1929,1,230.0
5735,1397,1929,1,230.0
5736,8055,5754,1,30.0
5737,3208,2457,1,64.0
5738,4771,5748,1,64.99
5739,3163,4235,1,76.0
5740,6468,4868,1,85.5
5741,5327,3483,1,29.0
5742,1604,6153,1,59.9
5743,3377,5117,1,47.99
5744,5584,6470,1,118.9
5745,2904,436,1,59.9
5746,8729,4701,1,119.0
5747,3995,2202,1,18.9
5748,1954,3628,1,38.99
5749,1480,1582,1,69.0
5750,3319,6004,1,122.99
5751,9900,5101,1,54.9
5752,9646,1398,1,89.9
5753,6307,5302,1,50.19
5754,3955,3502,1,439.9
5755,8956,3719,1,34.9
5756,1617,6647,1,34.9
5757,5175,1485,1,59.0
5758,8318,3813,1,2749.65
5759,3851,6088,1,136.0
5760,4428,1976,1,19.9
5761,5970,6633,1,108.9
5762,5126,3792,1,629.0
5763,1218,946,1,11.6
5764,1974,2228,1,73.9
5765,9673,4907,1,68.9
5766,1226,5433,1,148.0
5767,4225,3469,1,84.9
5768,5473,3402,1,61.9
5769,5473,3402,1,61.9
5770,5473,3402,1,61.9
5771,5473,3402,1,61.9
5772,7810,3948,1,45.9
5773,7592,1701,1,139.98
5774,2160,1141,1,98.99
5775,9414,1861,1,29.9
5776,9756,5204,1,119.9
5777,6787,2429,1,79.9
5778,7067,3639,1,48.9
5779,9962,3966,1,59.9
5780,4671,613,1,110.9
5781,9727,2482,1,37.1
5782,9286,3348,1,41.99
5783,7714,4442,1,90.0
5784,6901,3083,1,250.0
5785,1534,2496,1,640.0
5786,3306,1733,1,45.9
5787,2052,4925,1,59.9
5788,9095,129,1,199.99
5789,6201,1403,1,18.9
5790,648,4290,1,59.9
5791,2413,5644,1,42.9
5792,5245,5566,1,148.0
5793,5597,6295,1,169.99
5794,7979,1154,1,269.0
5795,4518,932,1,59.9
5796,8444,305,1,129.99
5797,2306,2622,1,24.5
5798,4792,2526,1,79.99
5799,1942,1780,1,98.48
5800,9328,2748,1,99.0
5801,6752,1470,1,119.9
5802,5734,5279,1,79.9
5803,8151,439,1,229.99
5804,2528,3437,1,49.9
5805,2062,3654,1,940.0
5806,6766,3312,1,26.9
5807,7532,4156,1,30.0
5808,3532,4648,1,159.0
5809,2650,3246,1,325.0
5810,2213,5085,1,31.8
5811,1820,3072,1,89.9
5812,8452,365,1,121.5
5813,985,5355,1,1377.5
5814,5456,2877,1,149.0
5815,2747,4930,1,50.0
5816,7266,587,1,99.0
5817,9690,6004,1,122.99
5818,9840,5958,1,105.0
5819,1629,4655,1,50.0
5820,4727,915,1,39.97
5821,5152,5396,1,65.52
5822,41,3734,1,42.99
5823,2075,3590,1,56.97
5824,9250,4025,1,47.9
5825,9250,4025,1,47.9
5826,9250,4025,1,47.9
5827,9250,4025,1,47.9
5828,9250,4025,1,47.9
5829,9250,4025,1,47.9
5830,2698,2509,1,18.99
5831,1838,3834,1,59.89
5832,5239,1540,1,84.9
5833,3518,3695,1,45.9
5834,1601,4820,1,79.9
5835,9830,2130,1,79.0
5836,6998,6335,1,82.69
5837,1382,356,1,18.99
5838,9891,6610,1,39.99
5839,9949,932,1,49.9
5840,7907,4800,1,69.9
5841,2056,6283,1,56.99
5842,8447,1897,1,59.9
5843,8983,2138,1,56.9
5844,9880,4452,1,15.0
5845,3871,346,1,19.99
5846,6676,5757,1,109.0
5847,181,5784,1,97.15
5848,939,4835,1,116.9
5849,9857,2580,1,139.9
5850,9857,2580,1,139.9
5851,7054,4863,1,158.67
5852,9056,4075,1,120.0
5853,3571,4117,1,107.0
5854,1262,5101,1,54.9
5855,4607,6106,1,31.9
5856,5698,1914,1,1349.0
5857,7152,4986,1,149.9
5858,7730,6057,1,99.0
5859,1381,1398,1,67.9
5860,1879,2730,1,409.38
5861,9365,680,1,53.0
5862,1887,4758,1,56.99
5863,6897,1921,1,99.0
5864,7190,2135,1,232.0
5865,6343,5334,1,106.9
5866,6774,5378,1,35.0
5867,654,146,1,110.0
5868,3239,384,1,122.99
5869,4824,5258,1,29.99
5870,8773,2047,1,20.99
5871,9292,1942,1,44.9
5872,542,3540,1,49.9
5873,3799,3033,1,99.0
5874,9409,1847,1,59.99
5875,6279,2811,1,36.49
5876,2404,2002,1,59.9
5877,4572,74,1,115.0
5878,1042,1597,1,99.0
5879,2500,2623,1,2649.0
5880,5192,1900,1,169.99
5881,9199,5910,1,149.9
5882,9199,5910,1,149.9
5883,9199,5910,1,149.9
5884,3560,1870,1,449.99
5885,8355,2860,1,59.99
5886,6877,2766,1,176.99
5887,2507,2718,1,369.49
5888,5151,6348,1,69.9
5889,5908,1970,1,22.9
5890,1229,1644,1,44.9
5891,7611,2802,1,59.9
5892,7611,2802,1,59.9
5893,8032,599,1,56.99
5894,7473,3691,1,23.4
5895,4525,5744,1,99.9
5896,2455,6110,1,123.62
5897,8290,5655,1,27.99
5898,5598,2976,1,49.9
5899,5351,4321,1,24.9
5900,2219,5181,1,36.99
5901,2219,5181,1,36.99
5902,9442,3381,1,229.9
5903,7882,218,1,149.0
5904,5160,1360,1,10.0
5905,5722,3543,1,120.0
5906,7613,3035,1,289.0
5907,70,334,1,19.15
5908,5272,3541,1,19.9
5909,2451,2605,1,132.08
5910,7362,5400,1,115.0
5911,5270,3874,1,75.0
5912,212,5254,1,29.6
5913,2168,2204,1,39.99
5914,2660,978,1,119.9
5915,9556,6297,1,135.0
5916,743,6186,1,52.5
5917,743,6186,1,52.5
5918,3441,836,1,94.9
5919,3441,3285,1,94.9
5920,3391,2637,1,89.8
5921,8979,1327,1,32.9
5922,6261,2252,1,36.93
5923,6814,5483,1,129.9
5924,4965,6533,1,79.9
5925,4965,5370,1,49.0
5926,2467,3860,1,99.99
5927,4502,5912,1,258.0
5928,4835,4055,1,369.0
5929,1029,6633,1,109.9
5930,4197,3789,1,17.75
5931,4197,3789,1,17.75
5932,2609,2624,1,78.0
5933,8169,2889,1,229.9
5934,2167,6345,1,39.9
5935,4444,2243,1,23.8
5936,5848,4476,1,121.9
5937,2482,6091,1,189.9
5938,9806,2665,1,35.0
5939,9558,614,1,58.99
5940,1013,2302,1,169.0
5941,7580,346,1,19.99
5942,1778,1487,1,129.9
5943,4162,1244,1,18.74
5944,4162,1244,1,18.74
5945,9955,2952,1,149.0
5946,2642,4909,1,27.99
5947,1068,3733,1,89.1
5948,1068,4928,1,89.1
5949,30,2347,1,74.9
5950,4689,2200,1,171.9
5951,5830,4486,1,169.9
5952,2722,1195,1,89.99
5953,4105,649,1,229.99
5954,5495,3455,1,127.48
5955,8267,4360,1,99.0
5956,8267,4360,1,99.0
5957,8184,2271,1,76.45
5958,88,2465,1,46.99
5959,88,3194,1,46.99
5960,9795,938,1,598.9
5961,6334,4410,1,14.9
5962,1861,1008,1,49.0
5963,7670,3311,1,21.9
5964,2378,5874,1,59.99
5965,2544,4962,1,41.76
5966,1400,1884,1,40.0
5967,3912,1000,1,78.0
5968,1350,2598,1,238.0
5969,1591,6575,1,115.0
5970,8241,4997,1,56.99
5971,5640,1880,1,23.8
5972,9345,5888,1,59.9
5973,3831,3987,1,39.99
5974,1567,4301,1,79.0
5975,2853,4374,1,49.98
5976,9878,4892,1,249.9
5977,9815,3576,1,189.9
5978,7628,3484,1,298.0
5979,146,3619,1,179.9
5980,816,2151,1,31.9
5981,2458,5488,1,18.9
5982,8664,1006,1,89.9
5983,1504,5741,1,467.0
5984,8425,3034,1,429.9
5985,5833,4895,1,56.99
5986,2969,4663,1,96.36
5987,6742,6448,1,75.9
5988,7231,1104,1,44.9
5989,7231,2697,1,46.9
5990,5617,6351,1,54.9
5991,8021,2983,1,155.99
5992,1170,3063,1,228.0
5993,3795,4841,1,199.9
5994,8661,4471,1,18.9
5995,1053,2429,1,79.9
5996,3103,6184,1,48.9
5997,7849,1663,1,7.87
5998,9582,542,1,12.0
5999,629,2254,1,99.99
6000,1511,2003,1,28.0
6001,1511,2003,1,28.0
6002,1511,2003,1,28.0
6003,1511,2003,1,28.0
6004,1511,2003,1,28.0
6005,1511,2003,1,28.0
6006,8613,4541,1,73.99
6007,731,5481,1,39.0
6008,3835,2374,1,23.9
6009,9645,3564,1,13.99
6010,2137,3866,1,159.77
6011,3975,3577,1,49.9
6012,5876,3476,1,311.25
6013,3879,169,1,725.0
6014,7370,4658,1,29.5
6015,3735,246,1,19.9
6016,5471,3314,1,56.9
6017,1462,605,1,149.0
6018,7565,4314,1,55.0
6019,3389,2673,1,69.9
6020,6284,1659,1,71.82
6021,6301,4395,1,59.9
6022,9469,4329,1,219.0
6023,410,5762,1,13.7
6024,6576,2790,1,66.99
6025,7045,2435,1,39.99
6026,6456,4781,1,669.0
6027,8251,932,1,59.9
6028,9980,6281,1,19.49
6029,1889,1890,1,209.0
6030,8091,956,1,94.9
6031,7323,4315,1,199.9
6032,8213,1211,1,44.0
6033,4221,2898,1,53.9
6034,4140,877,1,380.0
6035,2065,6588,1,280.0
6036,9086,4658,1,29.5
6037,8542,5910,1,149.9
6038,779,4124,1,78.0
6039,506,3964,1,42.9
6040,2980,1459,1,119.87
6041,2980,1459,1,119.87
6042,2980,2456,1,23.03
6043,2980,2456,1,23.03
6044,7549,1055,1,49.9
6045,7811,4657,1,220.0
6046,6875,1876,1,166.94
6047,6076,2125,1,45.0
6048,2146,2673,1,69.9
6049,1092,3295,1,25.0
6050,1092,3295,1,25.0
6051,1092,3295,1,25.0
6052,1092,3063,1,228.0
6053,1092,3295,1,25.0
6054,6447,4023,1,99.9
6055,2572,1277,1,99.99
6056,857,5338,1,140.0
6057,7637,610,1,53.9
6058,2339,6370,1,15.9
6059,9653,1805,1,20.3
6060,6119,3646,1,114.0
6061,4161,3234,1,119.9
6062,2957,1935,1,13.5
6063,9364,2802,1,53.9
6064,6708,3464,1,126.99
6065,6708,3464,1,126.99
6066,8698,4974,1,129.0
6067,8788,2846,1,59.9
6068,5027,5336,1,289.9
6069,7708,5716,1,69.9
6070,8030,2645,1,50.0
6071,8030,2645,1,50.0
6072,8030,2645,1,50.0
6073,8030,2645,1,50.0
6074,8030,2645,1,50.0
6075,7856,4149,1,18.99
6076,8060,3473,1,289.0
6077,3393,5711,1,310.0
6078,8027,2830,1,29.0
6079,262,4507,1,25.0
6080,3982,6529,1,56.5
6081,3952,2498,1,45.9
6082,1190,4637,1,76.96
6083,7057,3699,1,19.9
6084,1906,1519,1,32.9
6085,7453,6190,1,184.9
6086,3913,4273,1,124.9
6087,606,4179,1,70.0
6088,7260,5854,1,64.9
6089,511,5544,1,149.87
6090,511,5544,1,149.87
6091,8102,2806,1,25.3
6092,7993,157,1,28.0
6093,3612,6465,1,21.99
6094,2180,6236,1,179.9
6095,273,6633,1,108.9
6096,3699,5992,1,110.0
6097,1958,2263,1,148.9
6098,2150,2980,1,19.0
6099,7100,1624,1,189.99
6100,5856,3890,1,129.9
6101,5277,2690,1,159.99
6102,7973,2296,1,176.9
6103,6226,3701,1,59.99
6104,197,6041,1,319.0
6105,5475,1535,1,119.9
6106,1016,4776,1,85.0
6107,5304,2700,1,417.9
6108,1311,3079,1,51.8
6109,4626,4935,1,135.0
6110,3855,4921,1,199.9
6111,9323,3323,1,789.0
6112,6961,4673,1,75.5
6113,3432,4468,1,89.9
6114,8272,6017,1,379.9
6115,5626,1482,1,99.9
6116,5820,5326,1,59.9
6117,5083,2143,1,49.9
6118,8085,4924,1,49.9
6119,191,1675,1,69.0
6120,1148,938,1,529.9
6121,4530,402,1,87.85
6122,6650,1567,1,29.9
6123,9369,4568,1,56.99
6124,834,2142,1,129.0
6125,294,3356,1,34.9
6126,2405,6262,1,42.9
6127,8610,5503,1,229.0
6128,7345,3689,1,149.99
6129,1240,4923,1,20.0
6130,2556,5830,1,329.93
6131,7201,3960,1,557.0
6132,7037,4384,1,164.9
6133,7409,3434,1,113.85
6134,7595,3925,1,520.0
6135,6979,2994,1,249.9
6136,6167,3805,1,349.9
6137,1514,3218,1,49.99
6138,66,3832,1,145.9
6139,9628,433,1,99.9
6140,6379,801,1,124.9
6141,1736,6109,1,18.77
6142,1736,6109,1,18.77
6143,1602,2969,1,42.0
6144,4043,6488,1,199.99
6145,8694,2336,1,269.0
6146,537,3436,1,41.9
6147,7500,870,1,79.99
6148,2737,2005,1,49.95
6149,6093,5555,1,12.9
6150,6419,4857,1,112.0
6151,4365,5121,1,34.3
6152,8680,2255,1,179.49
6153,229,6303,1,65.9
6154,687,3846,1,140.91
6155,8567,1328,1,49.9
6156,8567,1124,1,49.9
6157,5056,2155,1,89.18
6158,8475,5149,1,44.9
6159,2952,5640,1,69.99
6160,4202,1517,1,79.99
6161,4202,1517,1,79.99
6162,4202,1517,1,79.99
6163,387,3522,1,79.0
6164,2891,6271,1,139.99
6165,4486,5825,1,161.6
6166,2311,6436,1,41.0
6167,2311,6436,1,41.0
6168,627,3595,1,280.0
6169,2073,4222,1,109.9
6170,5119,5734,1,99.9
6171,3088,1645,1,94.9
6172,7135,1028,1,12.49
6173,7135,1028,1,12.49
6174,7135,1028,1,12.49
6175,6680,4318,1,47.49
6176,7244,3342,1,109.99
6177,7244,4466,1,109.99
6178,7244,1208,1,259.99
6179,7244,4466,1,109.99
6180,8069,5140,1,64.9
6181,4352,3221,1,129.9
6182,5769,3387,1,89.0
6183,685,4835,1,116.9
6184,348,4742,1,74.9
6185,1756,5621,1,150.0
6186,1757,2680,1,54.99
6187,258,1496,1,318.14
6188,3114,3952,1,44.99
6189,3114,599,1,49.99
6190,6646,387,1,79.0
6191,9717,4333,1,139.9
6192,1457,1741,1,29.0
6193,7674,1543,1,105.0
6194,4975,1489,1,199.99
6195,6993,3195,1,49.8
6196,4040,6323,1,150.0
6197,7195,5753,1,199.0
6198,2984,622,1,69.9
6199,8116,908,1,41.9
6200,5383,2202,1,18.9
6201,2839,1769,1,179.9
6202,2822,581,1,124.9
6203,1709,689,1,149.9
6204,756,28,1,54.9
6205,2101,5514,1,36.4
6206,6595,2874,1,39.9
6207,2515,228,1,149.9
6208,2605,687,1,54.9
6209,4497,5931,1,205.0
6210,7337,5646,1,55.9
6211,3316,1428,1,44.1
6212,9478,1066,1,220.0
6213,40,5870,1,109.0
6214,6162,4021,1,389.0
6215,999,146,1,115.0
6216,3833,467,1,25.5
6217,806,4297,1,74.9
6218,8643,5537,1,195.0
6219,9800,1583,1,77.0
6220,3179,3613,1,42.0
6221,5815,3497,1,21.8
6222,4979,6347,1,39.9
6223,5321,3680,1,13.65
6224,7020,2683,1,22.9
6225,1127,4216,1,11.9
6226,247,5331,1,49.0
6227,6454,6004,1,122.99
6228,9836,734,1,279.0
6229,8495,53,1,59.99
6230,5514,4196,1,259.99
6231,253,5770,1,17.9
6232,253,5770,1,17.9
6233,5389,2704,1,283.2
6234,9036,4793,1,149.99
6235,7063,3602,1,49.9
6236,751,1075,1,69.9
6237,6465,5591,1,120.9
6238,8806,5156,1,168.9
6239,3718,5146,1,159.0
6240,3361,134,1,29.5
6241,9395,5981,1,1298.9
6242,7249,5457,1,6.9
6243,6347,6413,1,149.99
6244,153,3260,1,34.9
6245,9740,1889,1,44.5
6246,1783,4591,1,49.0
6247,4473,880,1,56.9
6248,3845,4488,1,444.0
6249,9050,3115,1,29.0
6250,4466,2484,1,89.9
6251,4260,2642,1,144.94
6252,8308,3029,1,35.0
6253,8308,3029,1,35.0
6254,7706,4217,1,499.99
6255,1909,5528,1,559.0
6256,5292,3816,1,89.98
6257,658,6441,1,149.0
6258,6222,447,1,28.99
6259,3127,4364,1,110.32
6260,9157,3710,1,16.9
6261,5042,1680,1,39.0
6262,5042,1680,1,39.0
6263,5042,1680,1,39.0
6264,5042,1680,1,39.0
6265,5042,1680,1,39.0
6266,5042,1680,1,39.0
6267,2725,3797,1,29.35
6268,5207,5958,1,105.0
6269,8138,3890,1,129.0
6270,5958,4533,1,99.9
6271,5840,4899,1,121.9
6272,9791,1933,1,15.99
6273,9490,6111,1,38.99
6274,8859,3245,1,193.0
6275,364,5378,1,37.5
6276,228,4758,1,56.99
6277,8263,3758,1,93.9
6278,1795,4751,1,99.9
6279,7365,6299,1,289.0
6280,7365,6299,1,289.0
6281,4851,1164,1,329.0
6282,622,4409,1,60.0
6283,4181,2790,1,66.99
6284,8052,1190,1,18.9
6285,120,3920,1,68.0
6286,820,2185,1,65.0
6287,6406,163,1,97.5
6288,7780,5616,1,49.0
6289,5559,1774,1,13.98
6290,3908,4124,1,78.0
6291,3908,4124,1,78.0
6292,9540,1314,1,55.13
6293,9540,56,1,39.9
6294,3356,4758,1,80.0
6295,9863,5980,1,150.0
6296,9863,5980,1,150.0
6297,5031,812,1,74.8
6298,7887,3076,1,19.9
6299,6601,1918,1,51.0
6300,6601,1918,1,51.0
6301,6601,1918,1,51.0
6302,6601,1918,1,51.0
6303,9656,374,1,37.87
6304,8147,393,1,57.9
6305,2298,2466,1,149.9
6306,2298,2466,1,149.9
6307,6649,6530,1,89.0
6308,8182,5046,1,4590.0
6309,2944,2865,1,84.99
6310,5721,1945,1,86.9
6311,8523,6518,1,59.9
6312,8954,3116,1,29.9
6313,8954,3116,1,29.9
6314,5572,4221,1,599.0
6315,3154,362,1,24.9
6316,3154,362,1,24.9
6317,3154,362,1,24.9
6318,3154,362,1,24.9
6319,3154,2403,1,41.99
6320,3154,362,1,24.9
6321,3154,362,1,24.9
6322,9402,790,1,66.5
6323,7680,1119,1,39.9
6324,7884,6464,1,39.9
6325,821,2163,1,35.9
6326,8314,192,1,411.0
6327,3092,1228,1,69.9
6328,3092,1228,1,69.9
6329,1535,4998,1,65.5
6330,2805,5251,1,9.0
6331,4878,5392,1,120.0
6332,7006,1769,1,179.9
6333,1472,1067,1,19.9
6334,6160,3777,1,139.9
6335,1223,5304,1,79.99
6336,1223,5304,1,79.99
6337,5003,5495,1,182.0
6338,1463,5012,1,113.99
6339,305,4424,1,13.65
6340,6277,5204,1,109.9
6341,1251,1481,1,118.9
6342,1700,3879,1,19.99
6343,5254,2864,1,139.0
6344,6474,1548,1,279.99
6345,4337,4802,1,89.9
6346,5487,11,1,339.0
6347,5487,1924,1,339.9
6348,2014,1749,1,119.9
6349,7294,1270,1,699.0
6350,6449,316,1,19.9
6351,5144,4369,1,145.0
6352,9720,1757,1,24.6
6353,4582,6072,1,179.0
6354,6532,344,1,19.9
6355,3692,934,1,39.0
6356,6311,849,1,299.9
6357,6311,1485,1,59.9
6358,6189,2109,1,2470.5
6359,8815,4110,1,80.9
6360,8815,4110,1,80.9
6361,2959,6282,1,27.9
6362,5715,3458,1,43.99
6363,2118,5358,1,159.99
6364,3349,3981,1,169.0
6365,2782,2895,1,119.0
6366,2782,2895,1,119.0
6367,2486,5275,1,89.9
6368,355,5814,1,32.9
6369,4251,2842,1,75.5
6370,1182,5248,1,44.9
6371,4496,1341,1,69.9
6372,1261,6276,1,220.0
6373,310,1814,1,53.99
6374,310,6112,1,104.99
6375,6762,1017,1,22.9
6376,6762,1017,1,22.9
6377,6762,1017,1,22.9
6378,6762,1017,1,22.9
6379,3113,674,1,100.0
6380,406,4664,1,48.9
6381,1543,4987,1,139.0
6382,4310,5217,1,136.99
6383,3279,2454,1,129.99
6384,3279,2454,1,129.99
6385,5376,3112,1,34.5
6386,9151,2499,1,399.0
6387,9946,3066,1,11.04
6388,2622,4317,1,24.9
6389,7447,1778,1,49.0
6390,497,5203,1,89.5
6391,6950,2908,1,109.0
6392,6950,2908,1,109.0
6393,7469,1356,1,67.9
6394,8477,5667,1,70.0
6395,2608,849,1,269.9
6396,8668,4391,1,35.9
6397,7548,6474,1,125.9
6398,3183,1096,1,12.25
6399,2452,3578,1,34.9
6400,7401,3472,1,19.99
6401,7401,1962,1,29.9
6402,3599,245,1,39.67
6403,9110,1580,1,45.0
6404,2758,3331,1,109.99
6405,2851,844,1,270.0
6406,8565,5546,1,98.0
6407,6065,3249,1,69.9
6408,4840,5784,1,99.49
6409,9735,1247,1,14.9
6410,7412,1241,1,109.9
6411,8165,2041,1,55.9
6412,9306,5559,1,75.0
6413,3263,1437,1,24.99
6414,6913,3916,1,95.0
6415,6806,5215,1,24.0
6416,5582,6525,1,64.99
6417,5582,6525,1,64.99
6418,6593,4373,1,38.4
6419,5243,5616,1,49.0
6420,9166,2390,1,159.9
6421,7648,2175,1,7.0
6422,3960,2911,1,149.99
6423,3218,118,1,69.9
6424,1816,2171,1,35.06
6425,838,6034,1,43.9
6426,7694,2802,1,49.9
6427,6101,4706,1,119.99
6428,285,4307,1,71.0
6429,8059,5478,1,29.9
6430,8363,4311,1,13.99
6431,3439,653,1,89.9
6432,5178,3464,1,126.99
6433,3185,6278,1,196.99
6434,3185,6278,1,196.99
6435,9483,739,1,168.9
6436,3863,3995,1,35.0
6437,3832,5502,1,59.9
6438,2312,665,1,79.9
6439,6290,2817,1,114.94
6440,8146,3246,1,325.0
6441,6445,6126,1,667.0
6442,6482,3303,1,235.0
6443,5761,1698,1,199.9
6444,5695,685,1,14.99
6445,5695,685,1,14.99
6446,9096,2318,1,139.9
6447,3121,2802,1,49.0
6448,3517,5887,1,19.9
6449,7726,3876,1,38.49
6450,6123,4713,1,20.89
6451,6123,4713,1,20.89
6452,8130,5616,1,49.0
6453,521,118,1,69.9
6454,9394,1603,1,29.89
6455,9039,5910,1,149.9
6456,96,357,1,32.9
6457,1111,4375,1,59.9
6458,837,932,1,59.9
6459,837,932,1,59.9
6460,6643,5819,1,82.9
6461,3096,2205,1,99.0
6462,1858,4819,1,44.9
6463,7776,5005,1,199.99
6464,1654,1147,1,660.45
6465,7207,2441,1,29.9
6466,2735,2216,1,58.0
6467,6600,6094,1,72.62
6468,536,1574,1,114.9
6469,4885,1922,1,29.9
6470,8264,1617,1,47.6
6471,9657,2802,1,53.9
6472,9657,2802,1,53.9
6473,1413,1798,1,25.0
6474,1422,778,1,16.9
6475,8765,6084,1,23.0
6476,8099,2525,1,99.99
6477,3990,2077,1,63.72
6478,3684,1769,1,179.9
6479,3684,6175,1,199.9
6480,1970,6111,1,48.99
6481,979,1330,1,47.2
6482,1659,952,1,79.98
6483,7757,1217,1,93.0
6484,8443,6396,1,136.3
6485,1078,5185,1,17.99
6486,5705,1327,1,32.9
6487,5705,1327,1,32.9
6488,2099,4791,1,79.9
6489,3105,3568,1,149.9
6490,6944,6501,1,37.0
6491,6944,6501,1,37.0
6492,4808,940,1,45.9
6493,1297,2232,1,38.0
6494,1673,1732,1,149.8
6495,9150,6298,1,399.0
6496,8063,6487,1,259.99
6497,8486,6679,1,21.99
6498,8222,2161,1,27.9
6499,4610,408,1,6.0
6500,6959,4200,1,99.9
6501,5943,4076,1,39.0
6502,2754,6224,1,849.0
6503,2178,961,1,14.9
6504,3189,1273,1,129.0
6505,7614,6446,1,69.9
6506,643,2621,1,45.9
6507,6610,6025,1,150.82
6508,9060,2297,1,144.0
6509,8742,5174,1,65.0
6510,4085,492,1,59.9
6511,5690,2952,1,135.0
6512,4380,816,1,21.99
6513,2934,2315,1,422.0
6514,9313,5057,1,32.8
6515,9212,5374,1,27.99
6516,4128,2907,1,125.99
6517,6083,1377,1,69.9
6518,4847,323,1,72.9
6519,4644,2809,1,69.99
6520,5188,1023,1,112.0
6521,8873,3845,1,106.9
6522,9635,2941,1,119.9
6523,7463,5386,1,189.9
6524,33,2118,1,69.99
6525,7454,425,1,39.9
6526,7677,2106,1,147.99
6527,5145,4846,1,37.8
6528,1764,6087,1,32.0
6529,6249,5529,1,11.87
6530,6249,5529,1,11.87
6531,6249,5529,1,11.87
6532,8379,687,1,54.9
6533,5934,6528,1,149.0
6534,5220,6635,1,129.99
6535,1379,4222,1,108.9
6536,5983,4967,1,389.0
6537,9269,4482,1,28.0
6538,6019,5772,1,60.0
6539,211,3579,1,126.12
6540,943,4808,1,99.99
6541,4425,2890,1,39.5
6542,9358,3569,1,49.0
6543,6336,5587,1,125.0
6544,1738,385,1,89.0
6545,1000,4614,1,97.5
6546,2483,629,1,14.9
6547,2819,579,1,169.99
6548,8724,2313,1,89.9
6549,1972,3805,1,349.9
6550,9974,4107,1,38.9
6551,4577,1271,1,54.16
6552,4577,2428,1,64.9
6553,4198,5839,1,89.6
6554,7366,3404,1,8.9
6555,3704,4993,1,92.1
6556,3929,71,1,79.99
6557,7996,1548,1,269.99
6558,6224,1126,1,120.0
6559,1386,2029,1,41.0
6560,1386,4189,1,9.9
6561,1386,4189,1,9.9
6562,4357,5714,1,12.47
6563,6088,1945,1,86.9
6564,6594,614,1,64.99
6565,6737,3617,1,17.0
6566,2974,1847,1,65.99
6567,932,5100,1,148.0
6568,1057,3739,1,56.99
6569,2459,5060,1,24.99
6570,2459,6222,1,23.99
6571,8919,2819,1,89.0
6572,8437,989,1,24.9
6573,8977,3722,1,33.0
6574,6209,1096,1,12.25
6575,1070,2631,1,55.3
6576,432,3590,1,56.97
6577,432,3590,1,56.97
6578,8856,5126,1,149.99
6579,7172,951,1,34.9
6580,499,4202,1,29.99
6581,47,563,1,88.9
6582,2249,6355,1,118.0
6583,5603,3384,1,48.9
6584,7225,1408,1,27.9
6585,1312,1422,1,34.99
6586,8520,10,1,64.9
6587,8449,4831,1,28.9
6588,3980,3984,1,325.0
6589,261,4542,1,379.0
6590,7489,255,1,30.21
6591,209,4389,1,49.9
6592,4342,285,1,177.99
6593,4813,3426,1,279.99
6594,2579,5675,1,129.94
6595,2612,6567,1,370.99
6596,2794,384,1,119.99
6597,7421,4197,1,320.0
6598,1272,2278,1,187.9
6599,9813,6074,1,98.0
6600,5429,5716,1,69.9
6601,4511,2378,1,241.1
6602,4743,41,1,56.99
6603,5248,1882,1,231.54
6604,9527,3146,1,69.9
6605,6639,1556,1,34.99
6606,1015,3028,1,60.9
6607,7299,2180,1,69.9
6608,4289,2889,1,209.9
6609,2837,1791,1,97.0
6610,1716,456,1,19.9
6611,1716,456,1,19.9
6612,3091,1138,1,20.9
6613,8870,212,1,65.99
6614,8602,2145,1,249.99
6615,7212,1619,1,70.8
6616,2263,384,1,122.99
6617,5128,5411,1,17.99
6618,7913,2043,1,179.9
6619,9408,4836,1,114.9
6620,7890,733,1,89.9
6621,353,6656,1,118.9
6622,3702,4099,1,56.99
6623,8888,2889,1,199.0
6624,8888,860,1,116.9
6625,8737,942,1,99.9
6626,6631,3945,1,128.5
6627,3235,6675,1,74.9
6628,4852,2673,1,69.9
6629,3,2033,1,159.9
6630,651,4452,1,20.0
6631,2810,3027,1,33.9
6632,9522,4371,1,40.0
6633,4867,3803,1,129.99
6634,6144,3477,1,42.49
6635,2568,3798,1,59.0
6636,9221,566,1,98.9
6637,8802,6294,1,73.0
6638,6818,2984,1,19.9
6639,4595,1897,1,59.9
6640,770,6069,1,89.0
6641,8081,4945,1,21.99
6642,5685,1756,1,59.9
6643,92,4627,1,16.0
6644,8336,4191,1,34.9
6645,9835,3585,1,899.0
6646,3730,4999,1,259.9
6647,6138,2342,1,29.9
6648,5724,1223,1,129.9
6649,6217,5081,1,37.99
6650,6608,2742,1,42.5
6651,5723,2934,1,56.0
6652,5723,2934,1,56.0
6653,7428,1106,1,349.0
6654,6577,2521,1,16.99
6655,735,3022,1,199.99
6656,5336,895,1,30.99
6657,5203,5768,1,120.0
6658,9130,368,1,48.9
6659,6914,1112,1,119.9
6660,7374,4908,1,299.99
6661,6798,2766,1,169.99
6662,6798,1728,1,219.9
6663,9354,1166,1,36.5
6664,5395,3188,1,215.0
6665,9040,847,1,16.9
6666,6769,5327,1,109.0
6667,7912,1955,1,799.0
6668,8020,5777,1,28.99
6669,1157,2115,1,44.55
6670,4640,2401,1,410.0
6671,6905,5607,1,119.59
6672,7372,1949,1,579.0
6673,4376,1861,1,29.9
6674,8192,1109,1,59.99
6675,1542,2402,1,107.9
6676,3285,5954,1,99.7
6677,9284,361,1,229.0
6678,9284,361,1,229.0
6679,4510,693,1,144.41
6680,8741,3132,1,140.0
6681,9061,5822,1,349.0
6682,8370,3017,1,39.99
6683,8370,3017,1,39.99
6684,6668,5169,1,99.9
6685,7267,4873,1,189.9
6686,699,4776,1,85.0
6687,3921,3453,1,59.0
6688,747,458,1,249.0
6689,3917,6342,1,399.9
6690,3917,6342,1,399.9
6691,3917,6342,1,399.9
6692,7682,5931,1,215.0
6693,1408,4737,1,56.9
6694,7844,525,1,55.0
6695,1060,4465,1,199.0
6696,5684,2686,1,15.0
6697,7655,1514,1,439.9
6698,7659,5657,1,189.0
6699,71,5771,1,125.0
6700,1558,3110,1,90.0
6701,4152,508,1,125.02
6702,5858,5457,1,12.99
6703,8587,6518,1,49.0
6704,8442,1178,1,41.99
6705,3407,6463,1,29.9
6706,8515,1479,1,36.0
6707,2668,3305,1,32.99
6708,2668,2394,1,44.9
6709,3987,9,1,59.0
6710,7314,5629,1,47.65
6711,1529,146,1,99.9
6712,5623,5792,1,14.9
6713,5623,5792,1,14.9
6714,4093,5410,1,389.0
6715,8725,1820,1,64.9
6716,3894,5903,1,31.0
6717,1171,6028,1,159.9
6718,8179,6315,1,56.8
6719,7721,5770,1,13.9
6720,5416,430,1,140.0
6721,6479,4289,1,169.99
6722,2879,1485,1,49.9
6723,7069,3936,1,8.0
6724,9864,3320,1,178.99
6725,9808,3211,1,309.0
6726,583,5455,1,59.0
6727,7303,6314,1,59.9
6728,7303,2904,1,35.0
6729,5686,3948,1,45.9
6730,6215,2628,1,295.0
6731,1295,2823,1,194.5
6732,52,944,1,45.0
6733,9498,6047,1,169.9
6734,1809,1237,1,1259.0
6735,2656,4796,1,299.9
6736,5385,3817,1,157.49
6737,3686,5620,1,1050.0
6738,9501,1195,1,89.99
6739,9703,2673,1,69.9
6740,998,5625,1,70.0
6741,308,403,1,579.9
6742,7041,5005,1,139.0
6743,6908,5678,1,419.9
6744,4755,738,1,12.0
6745,4177,5147,1,69.9
6746,4177,5891,1,70.0
6747,4177,5147,1,69.9
6748,3661,2424,1,799.0
6749,8825,1808,1,199.9
6750,5232,461,1,34.99
6751,7160,4039,1,145.9
6752,6996,4812,1,59.9
6753,7918,207,1,52.0
6754,1209,2254,1,69.99
6755,4276,6682,1,34.5
6756,7407,5985,1,98.75
6757,666,700,1,45.9
6758,9988,1562,1,58.99
6759,9712,6401,1,32.9
6760,3219,4878,1,69.99
6761,3719,6004,1,122.99
6762,195,564,1,34.0
6763,6001,5265,1,779.89
6764,1461,1243,1,29.9
6765,1461,511,1,40.0
6766,9658,2786,1,299.9
6767,9658,2786,1,299.9
6768,6765,6055,1,155.99
6769,9861,398,1,29.9
6770,7703,5756,1,114.9
6771,7703,6175,1,199.9
6772,6613,92,1,79.9
6773,3290,2855,1,14.9
6774,3290,5381,1,14.9
6775,4916,299,1,54.9
6776,3768,5910,1,149.9
6777,9923,4768,1,39.0
6778,9923,6523,1,48.9
6779,8148,6152,1,179.9
6780,5921,22,1,60.0
6781,9009,370,1,199.9
6782,9009,370,1,199.9
6783,9009,370,1,199.9
6784,9009,370,1,199.9
6785,7065,346,1,19.99
6786,5012,2582,1,102.0
6787,6537,341,1,6.99
6788,9579,6153,1,59.9
6789,1869,635,1,29.99
6790,6415,3939,1,74.9
6791,7180,5358,1,139.99
6792,4966,1945,1,86.9
6793,4604,2516,1,29.99
6794,5675,5153,1,168.48
6795,5675,5153,1,168.48
6796,5675,5153,1,168.48
6797,1827,6530,1,89.0
6798,3033,3680,1,13.65
6799,7790,5475,1,199.0
6800,7790,5475,1,199.0
6801,5565,5627,1,559.9
6802,2669,228,1,149.9
6803,4564,2254,1,69.99
6804,2330,5196,1,129.9
6805,9267,3975,1,55.0
6806,5082,5392,1,120.0
6807,3880,2734,1,18.9
6808,1841,5037,1,24.9
6809,4921,2001,1,144.99
6810,787,4545,1,49.9
6811,6723,6572,1,79.99
6812,9169,4249,1,49.0
6813,2170,6462,1,85.9
6814,6938,5908,1,1199.0
6815,6865,2825,1,72.6
6816,8951,2340,1,109.4
6817,6864,4438,1,49.99
6818,2582,6544,1,74.99
6819,7966,3204,1,109.9
6820,3136,2144,1,31.9
6821,8420,813,1,68.99
6822,385,4612,1,22.5
6823,1900,1569,1,112.0
6824,2225,2763,1,64.0
6825,7113,3490,1,118.5
6826,8591,798,1,129.99
6827,3757,6149,1,65.99
6828,9985,6476,1,149.9
6829,5149,887,1,110.32
6830,3006,6518,1,59.9
6831,7632,4492,1,13.3
6832,3586,4239,1,80.0
6833,2222,931,1,149.9
6834,7061,2961,1,99.9
6835,7510,6518,1,59.9
6836,396,4432,1,17.0
6837,9867,1711,1,69.9
6838,9867,1711,1,69.9
6839,3064,1802,1,59.9
6840,936,4528,1,37.9
6841,9434,900,1,99.9
6842,4991,4864,1,35.0
6843,9651,3011,1,74.99
6844,2795,577,1,207.9
6845,2123,2178,1,69.99
6846,2584,6395,1,97.5
6847,4938,5183,1,101.0
6848,4938,5183,1,101.0
6849,6332,5168,1,38.9
6850,6332,4180,1,29.9
6851,4259,2503,1,95.0
6852,7866,1207,1,44.99
6853,8930,722,1,88.9
6854,8930,4703,1,88.95
6855,8930,1484,1,84.26
6856,4217,5295,1,69.9
6857,5148,892,1,81.0
6858,9341,3629,1,145.99
6859,5470,1749,1,99.9
6860,8925,6574,1,139.9
6861,9739,6223,1,370.0
6862,8971,4448,1,23.9
6863,8932,3693,1,54.9
6864,8932,3693,1,54.9
6865,1138,4421,1,250.0
6866,5969,4835,1,119.9
6867,6177,3895,1,28.69
6868,7672,3875,1,92.9
6869,5212,2146,1,185.0
6870,5212,5674,1,89.9
6871,5493,2867,1,119.99
6872,5230,5584,1,314.91
6873,9769,2347,1,74.9
6874,6495,6258,1,35.0
6875,4283,210,1,29.45
6876,4283,4031,1,29.45
6877,2552,4924,1,49.9
6878,7535,4368,1,1999.99
6879,4573,4011,1,158.0
6880,7567,4190,1,179.99
6881,4324,5508,1,248.99
6882,4182,3363,1,379.0
6883,9561,4423,1,349.0
6884,5439,2975,1,55.0
6885,9217,3771,1,34.3
6886,4393,1337,1,49.0
6887,3467,152,1,27.99
6888,8577,2521,1,16.99
6889,3951,2778,1,13.98
6890,2152,2610,1,10.9
6891,7976,2859,1,149.99
6892,9550,1671,1,119.0
6893,8374,3815,1,199.99
6894,2278,1846,1,34.0
6895,8497,1296,1,28.0
6896,7980,5995,1,215.0
6897,8560,5310,1,45.0
6898,1234,5610,1,49.9
6899,8234,2661,1,214.0
6900,8234,2661,1,214.0
6901,7994,823,1,149.99
6902,8521,540,1,229.9
6903,9906,5447,1,29.99
6904,6027,654,1,55.0
6905,9244,1320,1,138.99
6906,9177,3148,1,170.0
6907,7301,2802,1,49.91
6908,8574,4153,1,249.0
6909,8574,4153,1,249.0
6910,3698,2930,1,29.5
6911,1181,3956,1,339.99
6912,2978,970,1,294.99
6913,1997,2430,1,38.99
6914,1495,3053,1,19.9
6915,4803,1388,1,18.9
6916,5185,3658,1,12.9
6917,1095,5071,1,39.9
6918,3893,4134,1,119.99
6919,854,1265,1,138.0
6920,2048,5313,1,65.9
6921,8750,6299,1,249.0
6922,8750,5252,1,360.0
6923,8750,6518,1,59.9
6924,7596,6525,1,109.9
6925,1512,56,1,49.9
6926,4947,6296,1,49.9
6927,4947,6296,1,49.9
6928,4947,6296,1,49.9
6929,1035,4359,1,274.9
6930,900,5083,1,68.9
6931,6272,1840,1,119.85
6932,345,177,1,99.0
6933,4075,1474,1,149.55
6934,3003,4835,1,118.8
6935,5855,4947,1,960.0
6936,9986,966,1,154.19
6937,871,305,1,129.99
6938,199,3744,1,134.99
6939,2727,2707,1,45.0
6940,4096,6247,1,19.0
6941,2661,3250,1,55.0
6942,7797,2687,1,99.9
6943,8346,5726,1,109.95
6944,8220,4322,1,114.9
6945,8220,6583,1,114.9
6946,6493,319,1,104.9
6947,7559,841,1,181.55
6948,1758,6657,1,14.9
6949,1890,2506,1,319.99
6950,2016,3307,1,16.9
6951,7633,208,1,99.99
6952,1537,1759,1,59.9
6953,1537,1759,1,59.9
6954,710,3083,1,228.0
6955,7352,5597,1,189.9
6956,2060,3124,1,49.9
6957,2060,3124,1,49.9
6958,3355,4554,1,69.9
6959,4505,5318,1,12.9
6960,7047,2200,1,134.9
6961,7047,2200,1,134.9
6962,2464,234,1,329.9
6963,6501,1195,1,79.99
6964,2968,2849,1,159.99
6965,5261,5133,1,174.9
6966,4240,1478,1,213.9
6967,6660,3060,1,157.0
6968,1351,1294,1,204.0
6969,4514,3796,1,29.9
6970,3455,2921,1,92.0
6971,358,5297,1,13.8
6972,358,5297,1,13.8
6973,1014,1114,1,27.9
6974,2088,908,1,41.9
6975,3430,2393,1,59.9
6976,3430,2344,1,90.99
6977,3430,3479,1,53.9
6978,3430,607,1,59.9
6979,8588,4253,1,159.9
6980,6147,4758,1,56.99
6981,6147,4758,1,56.99
6982,6147,4758,1,56.99
6983,6247,6661,1,629.99
6984,1087,5475,1,189.0
6985,6722,6538,1,19.9
6986,179,207,1,50.0
6987,8328,5927,1,749.0
6988,7270,1782,1,38.9
6989,8474,5717,1,120.0
6990,8474,5717,1,120.0
6991,3991,1671,1,149.99
6992,6256,2851,1,17.53
6993,8409,645,1,169.9
6994,4850,2254,1,139.99
6995,8916,2070,1,95.15
6996,5730,1097,1,78.5
6997,2272,4497,1,60.0
6998,8396,4494,1,94.9
6999,6082,6042,1,149.0
7000,3624,2328,1,29.99
7001,173,1348,1,45.0
7002,1720,202,1,49.0
7003,8319,1337,1,49.0
7004,3076,586,1,459.99
7005,2140,5843,1,898.0
7006,4000,2341,1,552.5
7007,3895,6415,1,48.9
7008,686,5025,1,668.0
7009,6483,2695,1,79.0
7010,7018,1818,1,525.0
7011,1622,3714,1,27.9
7012,3275,1096,1,12.25
7013,3275,1096,1,12.25
7014,5694,2757,1,538.0
7015,4940,4375,1,49.9
7016,223,5483,1,129.9
7017,7883,6346,1,24.99
7018,7883,6346,1,24.99
7019,1185,3213,1,46.2
7020,1185,3213,1,46.2
7021,1185,3213,1,46.2
7022,5883,2609,1,99.0
7023,7079,5552,1,79.9
7024,896,5931,1,205.0
7025,3853,2702,1,134.9
7026,5505,2919,1,223.9
7027,7618,3006,1,139.0
7028,8972,1501,1,69.89
7029,9542,56,1,39.9
7030,9542,56,1,39.9
7031,9555,4927,1,232.32
7032,3607,2802,1,49.0
7033,3617,94,1,22.2
7034,4554,4565,1,105.0
7035,3049,4929,1,29.9
7036,774,6415,1,48.9
7037,708,2193,1,29.99
7038,2463,6407,1,219.9
7039,2463,6407,1,219.9
7040,9626,932,1,59.9
7041,1133,4565,1,105.0
7042,938,1351,1,70.9
7043,6934,1020,1,594.21
7044,4776,4805,1,449.0
7045,7082,3182,1,59.0
7046,5543,2304,1,49.0
7047,7624,6044,1,58.0
7048,1507,5713,1,60.0
7049,1507,5713,1,60.0
7050,1507,5713,1,60.0
7051,1507,5713,1,60.0
7052,1507,5713,1,60.0
7053,3481,3519,1,44.05
7054,5102,2516,1,29.99
7055,9123,6502,1,79.0
7056,9123,3129,1,109.0
7057,254,2974,1,124.9
7058,3764,1577,1,25.0
7059,9041,5905,1,118.58
7060,4431,4627,1,16.0
7061,6394,6591,1,34.99
7062,3374,3854,1,44.0
7063,6036,5657,1,159.0
7064,9375,5227,1,19.9
7065,7909,3094,1,91.5
7066,7961,16,1,63.9
7067,301,1485,1,53.9
7068,575,2647,1,104.0
7069,8050,2921,1,90.0
7070,5344,825,1,37.99
7071,5344,825,1,37.99
7072,5344,825,1,37.99
7073,5344,825,1,37.99
7074,9077,5859,1,139.8
7075,4988,5687,1,129.9
7076,5330,5980,1,150.0
7077,1327,224,1,259.9
7078,7141,2812,1,25.99
7079,8340,2534,1,18.4
7080,1479,3875,1,99.9
7081,5423,3988,1,39.9
7082,7881,2800,1,94.5
7083,614,2622,1,24.5
7084,4206,3456,1,69.0
7085,4208,487,1,99.9
7086,7284,6192,1,39.0
7087,3548,2794,1,97.9
7088,1828,5598,1,97.9
7089,1828,5598,1,97.9
7090,246,3134,1,59.99
7091,6524,3567,1,279.89
7092,2109,3870,1,55.0
7093,1117,3802,1,35.9
7094,1117,3802,1,35.9
7095,3636,2906,1,49.0
7096,1636,3196,1,59.9
7097,1636,3196,1,59.9
7098,6757,98,1,35.0
7099,6757,98,1,35.0
7100,6757,98,1,35.0
7101,3032,1319,1,99.0
7102,3032,1319,1,99.0
7103,3032,1319,1,99.0
7104,2379,2398,1,65.9
7105,9745,5067,1,102.62
7106,9486,6153,1,49.9
7107,3070,1149,1,620.0
7108,3013,970,1,289.0
7109,9982,1654,1,79.9
7110,9982,1654,1,79.9
7111,962,6453,1,105.9
7112,7479,5149,1,44.9
7113,2882,1718,1,269.0
7114,6112,5119,1,119.0
7115,4633,4989,1,119.9
7116,1784,936,1,89.9
7117,3993,725,1,39.0
7118,4868,2673,1,69.9
7119,4868,2673,1,69.9
7120,1242,4888,1,299.9
7121,334,5848,1,66.9
7122,2796,1902,1,42.9
7123,7509,1119,1,35.9
7124,9609,2459,1,180.0
7125,1085,991,1,22.0
7126,3690,2802,1,59.9
7127,2337,1789,1,59.0
7128,5041,740,1,240.0
7129,3807,33,1,47.92
7130,3331,955,1,110.32
7131,9153,669,1,51.5
7132,4546,2268,1,89.9
7133,560,1991,1,130.0
7134,4057,6370,1,15.9
7135,3689,6612,1,27.9
7136,9010,5667,1,68.9
7137,2663,2770,1,155.0
7138,908,5641,1,92.99
7139,7415,5509,1,254.9
7140,8912,6291,1,135.0
7141,1239,3706,1,79.0
7142,1239,3706,1,79.0
7143,1555,5005,1,179.0
7144,2166,1013,1,299.0
7145,3145,5580,1,17.9
7146,3038,1378,1,179.9
7147,3038,1378,1,179.9
7148,3038,1378,1,179.9
7149,3038,1378,1,179.9
7150,3038,1378,1,179.9
7151,5099,4085,1,66.3
7152,6703,5155,1,379.9
7153,6568,3571,1,126.5
7154,3943,2703,1,70.97
7155,6796,1494,1,104.71
7156,1955,4707,1,54.9
7157,5457,789,1,149.9
7158,2543,1776,1,19.9
7159,7576,3664,1,16.9
7160,7576,3664,1,16.9
7161,953,3561,1,79.9
7162,9825,3492,1,99.49
7163,4183,1451,1,74.67
7164,6255,4908,1,299.99
7165,3051,146,1,99.9
7166,4055,1554,1,40.0
7167,3005,3721,1,39.9
7168,5733,4630,1,39.49
7169,5733,4630,1,39.49
7170,9220,3184,1,59.99
7171,2912,4241,1,82.99
7172,4110,1945,1,89.9
7173,8462,3416,1,15.99
7174,2709,4251,1,59.55
7175,1521,2115,1,44.55
7176,2705,4252,1,251.9
7177,8115,4604,1,150.0
7178,1005,5059,1,89.7
7179,8482,5156,1,158.0
7180,6153,1748,1,18.35
7181,6153,1748,1,18.35
7182,480,79,1,39.9
7183,3172,4613,1,259.99
7184,7139,316,1,15.3
7185,702,5667,1,68.9
7186,4421,927,1,143.8
7187,1540,6394,1,42.0
7188,5059,842,1,17.99
7189,8240,4554,1,69.9
7190,5672,3446,1,79.0
7191,5936,1274,1,29.99
7192,3133,3265,1,50.0
7193,6494,2206,1,39.9
7194,8276,5253,1,1390.0
7195,2996,2703,1,70.97
7196,1727,3195,1,49.8
7197,1727,3195,1,49.8
7198,9805,1730,1,290.0
7199,4012,6208,1,29.7
7200,934,371,1,108.9
7201,3802,4168,1,350.9
7202,7949,828,1,59.0
7203,9535,3983,1,128.9
7204,8915,1651,1,32.99
7205,4673,3111,1,59.0
7206,3384,4451,1,99.9
7207,9311,5156,1,156.0
7208,3731,2007,1,99.9
7209,9299,146,1,115.0
7210,7621,4837,1,69.99
7211,4877,1035,1,28.3
7212,4877,1035,1,28.3
7213,4877,1035,1,28.3
7214,4877,1035,1,28.3
7215,4877,1035,1,28.3
7216,4877,1035,1,28.3
7217,3555,6352,1,49.9
7218,617,744,1,233.0
7219,1598,600,1,13.99
7220,5273,3991,1,112.49
7221,4354,4394,1,69.0
7222,7938,5861,1,98.9
7223,2438,2030,1,125.9
7224,4597,4195,1,45.0
7225,5357,2889,1,212.0
7226,5945,791,1,89.9
7227,2234,647,1,18.98
7228,2991,2382,1,149.9
7229,9515,1046,1,79.49
7230,5864,5042,1,22.0
7231,9076,5642,1,99.9
7232,4370,2702,1,134.9
7233,6034,3875,1,88.0
7234,1670,1104,1,44.9
7235,269,5540,1,97.49
7236,4220,5311,1,19.49
7237,5139,2333,1,59.9
7238,831,3113,1,394.9
7239,5009,6160,1,139.54
7240,2157,3486,1,489.99
7241,4957,945,1,38.9
7242,3159,5508,1,294.99
7243,8029,346,1,23.99
7244,6172,1062,1,69.9
7245,3999,5751,1,29.99
7246,381,6153,1,59.9
7247,8000,3369,1,675.99
7248,9887,476,1,127.9
7249,7140,5907,1,149.97
7250,8433,6580,1,249.9
7251,6850,5351,1,412.0
7252,4129,3189,1,59.9
7253,6319,1241,1,109.9
7254,8598,4858,1,28.99
7255,8718,1002,1,110.0
7256,1931,4601,1,74.9
7257,3045,100,1,98.0
7258,3876,608,1,277.99
7259,4032,297,1,87.9
7260,8453,4502,1,109.9
7261,829,4222,1,89.9
7262,4986,2507,1,819.89
7263,4265,1195,1,89.99
7264,7452,4837,1,65.99
7265,7712,207,1,52.0
7266,377,1945,1,89.9
7267,8108,1930,1,161.99
7268,2946,5301,1,14.99
7269,2946,5301,1,14.99
7270,2946,5301,1,14.99
7271,2946,5301,1,14.99
7272,2946,5301,1,14.99
7273,2946,5301,1,14.99
7274,3255,6453,1,99.9
7275,6263,3076,1,20.9
7276,7151,1613,1,53.9
7277,6840,637,1,14.9
7278,7511,424,1,58.0
7279,6130,789,1,139.8
7280,2753,4582,1,132.3
7281,208,196,1,23.0
7282,208,196,1,23.0
7283,208,196,1,23.0
7284,208,196,1,23.0
7285,2440,1971,1,64.9
7286,4107,1069,1,27.9
7287,7764,6586,1,84.9
7288,1106,6646,1,46.9
7289,8432,1251,1,80.0
7290,7436,4186,1,129.9
7291,8402,2714,1,61.5
7292,8419,2307,1,169.9
7293,6448,5775,1,109.0
7294,4952,2973,1,79.99
7295,5030,2437,1,149.0
7296,3549,2766,1,169.99
7297,6665,5360,1,238.9
7298,5629,1163,1,29.0
7299,2110,3242,1,46.99
7300,9143,5305,1,84.89
7301,5639,6689,1,69.9
7302,6915,3913,1,241.9
7303,9603,4294,1,129.9
7304,3972,3860,1,99.99
7305,5057,2781,1,35.0
7306,5057,2781,1,35.0
7307,5465,6406,1,54.9
7308,3838,249,1,125.0
7309,9404,620,1,149.9
7310,7300,5044,1,20.0
7311,3293,3911,1,69.9
7312,2814,2778,1,13.98
7313,7859,6440,1,269.9
7314,8372,5697,1,34.99
7315,8372,5697,1,34.99
7316,8747,6287,1,40.0
7317,2058,2833,1,49.5
7318,640,101,1,1788.0
7319,2949,4407,1,84.99
7320,4450,2673,1,75.0
7321,2212,6504,1,89.9
7322,5898,5159,1,63.9
7323,6372,465,1,187.0
7324,8846,346,1,23.99
7325,2432,6555,1,155.0
7326,3209,4121,1,116.9
7327,7731,2306,1,189.99
7328,3357,2937,1,292.9
7329,1732,3448,1,164.99
7330,2159,2262,1,49.9
7331,6527,6530,1,79.0
7332,7104,1625,1,349.99
7333,1071,1542,1,63.99
7334,7792,103,1,79.0
7335,7792,103,1,79.0
7336,931,2160,1,89.9
7337,4332,4209,1,293.0
7338,4332,4209,1,293.0
7339,4332,4209,1,293.0
7340,7590,4940,1,94.0
7341,2358,2414,1,199.0
7342,7060,4649,1,116.0
7343,3818,6003,1,1000.0
7344,8953,3196,1,59.9
7345,3697,799,1,13.99
7346,6266,1566,1,174.9
7347,8218,1898,1,49.0
7348,9630,76,1,23.9
7349,1980,3443,1,24.9
7350,4507,608,1,270.0
7351,2869,4303,1,34.0
7352,3110,4399,1,109.0
7353,1789,6345,1,39.9
7354,3274,2435,1,39.99
7355,2763,4485,1,49.0
7356,4543,4124,1,78.0
7357,5990,1393,1,320.0
7358,558,249,1,125.0
7359,8744,5910,1,149.9
7360,7934,1668,1,109.9
7361,4459,2790,1,66.99
7362,5547,2186,1,14.99
7363,2431,4269,1,1299.99
7364,7741,3129,1,109.0
7365,7741,3129,1,109.0
7366,4635,2716,1,39.9
7367,2764,5774,1,23.9
7368,2130,2591,1,49.9
7369,2130,2510,1,49.9
7370,4934,4360,1,84.9
7371,4168,3777,1,139.9
7372,7863,4777,1,16.9
7373,2862,986,1,95.0
7374,8,6339,1,139.9
7375,8814,2802,1,59.9
7376,3789,3699,1,19.9
7377,8294,6623,1,93.0
7378,791,6283,1,56.99
7379,9307,5978,1,42.0
7380,1985,2293,1,114.9
7381,106,3427,1,109.99
7382,9571,4921,1,155.97
7383,4472,6637,1,690.0
7384,7919,47,1,72.0
7385,5541,4424,1,13.65
7386,2773,4921,1,269.0
7387,4053,322,1,115.32
7388,3040,5492,1,286.9
7389,4268,5602,1,89.0
7390,4268,5268,1,149.9
7391,5322,5743,1,18.99
7392,4210,6518,1,59.9
7393,7236,4142,1,75.0
7394,9325,1982,1,54.39
7395,9325,1982,1,54.39
7396,9325,1982,1,54.39
7397,2447,1184,1,73.01
7398,2943,301,1,49.9
7399,408,6530,1,79.0
7400,1913,2280,1,299.9
7401,9305,667,1,29.99
7402,3645,3293,1,17.89
7403,4612,4862,1,199.0
7404,3570,614,1,58.99
7405,2849,3655,1,50.0
7406,777,5718,1,218.0
7407,8994,4297,1,78.9
7408,3217,2790,1,66.99
7409,163,1854,1,286.4
7410,9251,4535,1,589.9
7411,5271,90,1,269.99
7412,9746,288,1,72.9
7413,8761,3351,1,265.99
7414,7397,1684,1,17.0
7415,6260,5184,1,137.3
7416,968,1807,1,79.0
7417,5658,5591,1,120.9
7418,7292,2878,1,29.8
7419,5677,3192,1,79.95
7420,590,2681,1,118.91
7421,7051,4580,1,95.0
7422,6662,5089,1,53.99
7423,4132,5879,1,109.9
7424,6559,2069,1,28.0
7425,2094,4297,1,94.0
7426,2094,1398,1,88.0
7427,3963,11,1,339.0
7428,5739,160,1,47.49
7429,8929,6086,1,34.0
7430,7384,401,1,16.48
7431,6166,1671,1,109.99
7432,8061,5570,1,189.0
7433,9856,5182,1,129.99
7434,1244,4388,1,39.0
7435,6091,1307,1,10.9
7436,3934,6002,1,301.0
7437,4804,6101,1,117.99
7438,6612,3552,1,31.9
7439,6612,3552,1,31.9
7440,9547,2944,1,89.9
7441,4163,1715,1,59.99
7442,7816,3590,1,56.97
7443,8312,4983,1,40.99
7444,689,387,1,89.0
7445,6096,1754,1,18.74
7446,1249,2778,1,18.95
7447,3412,3138,1,62.0
7448,3412,3138,1,62.0
7449,3412,3138,1,62.0
7450,441,4357,1,96.0
7451,2498,5934,1,132.9
7452,1101,3625,1,28.9
7453,136,6518,1,59.9
7454,1168,228,1,149.9
7455,952,4684,1,59.0
7456,1083,4302,1,95.0
7457,4944,2526,1,79.99
7458,230,2579,1,99.9
7459,230,2579,1,99.9
7460,1561,2000,1,399.99
7461,1317,2036,1,119.0
7462,538,4083,1,8.0
7463,538,261,1,9.0
7464,5181,2027,1,210.0
7465,4815,2815,1,198.0
7466,2695,6209,1,54.99
7467,3526,6306,1,54.9
7468,2619,1795,1,410.0
7469,109,810,1,230.0
7470,813,1490,1,129.9
7471,3601,5689,1,48.9
7472,2387,38,1,59.0
7473,2744,2069,1,28.0
7474,3724,5279,1,79.9
7475,2641,2337,1,100.0
7476,8300,6594,1,53.0
7477,8300,6023,1,53.2
7478,8300,3914,1,53.5
7479,7861,6078,1,1300.0
7480,4006,5693,1,198.0
7481,3507,3883,1,345.6
7482,6549,4569,1,165.0
7483,6549,4569,1,165.0
7484,941,5664,1,320.0
7485,2037,4214,1,39.9
7486,5084,3824,1,419.0
7487,7003,5924,1,20.99
7488,3249,6206,1,53.99
7489,7134,655,1,175.8
7490,6321,894,1,49.9
7491,3262,2854,1,37.9
7492,7585,406,1,32.99
7493,1776,6048,1,55.0
7494,7568,2581,1,54.55
7495,7568,2488,1,54.55
7496,8031,2099,1,199.0
7497,2866,3799,1,95.0
7498,2866,3799,1,95.0
7499,5641,5783,1,995.0
7500,1786,311,1,27.9
7501,1294,6095,1,39.9
7502,2267,5896,1,199.0
7503,8993,3574,1,52.9
7504,5915,5392,1,120.0
7505,6977,2351,1,449.9
7506,8541,1161,1,550.0
7507,2149,2485,1,69.9
7508,4865,4860,1,54.9
7509,9368,4297,1,94.55
7510,6264,3860,1,99.99
7511,8331,2086,1,79.99
7512,6180,579,1,169.99
7513,7948,5121,1,41.65
7514,8547,1763,1,497.0
7515,8547,5212,1,429.0
7516,3725,402,1,87.85
7517,1639,83,1,59.0
7518,1723,141,1,17.0
7519,1723,141,1,17.0
7520,87,3627,1,85.71
7521,1255,5099,1,24.9
7522,3647,6243,1,29.9
7523,7154,2081,1,155.0
7524,9219,468,1,199.99
7525,7458,1504,1,149.0
7526,1741,4970,1,34.0
7527,2316,2780,1,159.99
7528,2316,2780,1,159.99
7529,2316,2780,1,159.99
7530,8283,272,1,92.9
7531,1770,1945,1,89.9
7532,1826,5258,1,27.9
7533,3143,4295,1,69.0
7534,8259,495,1,166.9
7535,8546,244,1,69.9
7536,8546,244,1,69.9
7537,8546,244,1,69.9
7538,8546,244,1,69.9
7539,8546,244,1,69.9
7540,2512,6255,1,19.9
7541,2512,6255,1,19.9
7542,2512,6255,1,19.9
7543,2512,6255,1,19.9
7544,2009,6122,1,279.9
7545,9787,856,1,96.49
7546,4798,6419,1,29.99
7547,6304,4756,1,97.0
7548,9376,5782,1,188.0
7549,7472,1665,1,40.0
7550,8205,742,1,44.9
7551,2513,6000,1,99.0
7552,7498,1226,1,144.99
7553,4836,6518,1,49.9
7554,472,730,1,59.99
7555,638,2862,1,69.0
7556,5900,1045,1,110.0
7557,2371,698,1,89.99
7558,7926,3231,1,69.9
7559,7725,522,1,45.0
7560,8715,867,1,17.9
7561,2719,2673,1,69.9
7562,976,4379,1,34.9
7563,976,4379,1,34.9
7564,2171,5677,1,35.0
7565,5007,4565,1,105.0
7566,9247,624,1,530.0
7567,6074,5260,1,299.0
7568,1621,6041,1,349.0
7569,6843,1435,1,19.99
7570,1165,5190,1,35.9
7571,2947,4077,1,39.99
7572,1715,4840,1,106.0
7573,3228,3149,1,59.9
7574,2571,5238,1,115.0
7575,9058,3649,1,489.0
7576,7438,6260,1,106.0
7577,7438,6260,1,106.0
7578,5914,5946,1,249.99
7579,1487,18,1,24.2
7580,9454,6234,1,59.9
7581,7250,4110,1,81.99
7582,7250,4110,1,81.99
7583,9622,3749,1,25.0
7584,1309,4053,1,139.9
7585,5648,4588,1,19.0
7586,2540,5721,1,70.0
7587,2540,5721,1,70.0
7588,4806,920,1,109.0
7589,260,2452,1,35.0
7590,59,2470,1,105.6
7591,5554,6017,1,349.9
7592,3514,750,1,109.9
7593,5352,6030,1,25.9
7594,5352,6030,1,25.9
7595,4072,3107,1,18.9
7596,6808,6203,1,95.0
7597,4241,4923,1,20.0
7598,4893,445,1,22.5
7599,4893,445,1,22.5
7600,4893,445,1,22.5
7601,4893,445,1,22.5
7602,4893,445,1,22.5
7603,4893,445,1,22.5
7604,3155,1122,1,99.9
7605,5957,3530,1,173.9
7606,5957,873,1,43.9
7607,1522,1899,1,1599.0
7608,7992,146,1,133.0
7609,7192,6408,1,19.83
7610,7518,142,1,259.91
7611,5611,1323,1,89.59
7612,7524,5305,1,84.89
7613,7524,5305,1,84.89
7614,6202,3630,1,34.9
7615,6799,4964,1,155.0
7616,1926,4917,1,146.3
7617,1777,6464,1,35.9
7618,5314,5673,1,64.9
7619,6173,5056,1,95.0
7620,9239,5510,1,12.67
7621,4454,5984,1,33.9
7622,5683,1026,1,95.0
7623,5683,1026,1,95.0
7624,5805,4608,1,59.0
7625,5941,3742,1,49.99
7626,2044,889,1,24.9
7627,3899,5867,1,179.0
7628,5710,1945,1,89.9
7629,5851,1253,1,29.0
7630,8414,1195,1,89.99
7631,7437,2015,1,179.9
7632,4389,4734,1,329.9
7633,177,5928,1,28.9
7634,8874,1931,1,108.6
7635,1927,3239,1,119.99
7636,1107,386,1,155.0
7637,2809,5684,1,169.99
7638,9583,1116,1,2799.65
7639,6262,671,1,99.0
7640,6262,671,1,99.0
7641,6630,5397,1,59.9
7642,6749,5225,1,24.9
7643,1585,3464,1,126.99
7644,3765,5351,1,412.0
7645,157,1643,1,89.98
7646,157,1643,1,89.98
7647,157,1643,1,89.98
7648,7441,862,1,179.99
7649,1359,6446,1,69.9
7650,6213,6518,1,53.9
7651,6213,6518,1,53.9
7652,991,2920,1,18.99
7653,7457,2736,1,99.9
7654,7457,2736,1,99.9
7655,7457,2736,1,99.9
7656,7457,2736,1,99.9
7657,8839,559,1,97.9
7658,8839,559,1,97.9
7659,8839,559,1,97.9
7660,8839,559,1,97.9
7661,7716,2020,1,195.99
7662,2126,2,1,79.9
7663,4036,4132,1,36.0
7664,4036,4132,1,36.0
7665,8353,6520,1,65.0
7666,9154,4323,1,69.9
7667,7745,2526,1,77.99
7668,4512,5084,1,72.0
7669,926,560,1,139.9
7670,7005,2995,1,249.0
7671,7293,4338,1,19.55
7672,8098,4573,1,499.99
7673,8190,1359,1,69.0
7674,6053,1957,1,139.99
7675,6053,1957,1,139.99
7676,1966,2778,1,18.95
7677,9904,4721,1,43.9
7678,9904,6004,1,122.99
7679,6581,6177,1,25.18
7680,6868,6026,1,524.9
7681,105,4645,1,17.99
7682,105,4645,1,17.99
7683,105,4645,1,17.99
7684,105,4645,1,17.99
7685,6623,2375,1,199.99
7686,9964,2256,1,171.0
7687,7734,2202,1,18.9
7688,7263,5931,1,205.0
7689,3416,597,1,223.9
7690,5614,191,1,29.9
7691,576,5195,1,120.0
7692,412,382,1,31.9
7693,1329,3974,1,79.9
7694,7697,5958,1,108.0
7695,997,5484,1,39.99
7696,9768,4222,1,89.9
7697,7275,1843,1,136.9
7698,8637,1312,1,39.9
7699,8637,1312,1,39.9
7700,1140,721,1,115.0
7701,3750,1041,1,126.64
7702,9689,487,1,99.9
7703,9366,6238,1,15.9
7704,9782,5770,1,13.9
7705,4719,4519,1,199.9
7706,814,4918,1,49.9
7707,9245,6183,1,75.0
7708,9428,5585,1,39.9
7709,2356,1313,1,29.3
7710,1404,5425,1,97.49
7711,3190,3359,1,25.0
7712,3190,5938,1,135.0
7713,6086,4851,1,134.9
7714,1449,561,1,45.9
7715,1449,561,1,45.9
7716,1859,4123,1,238.9
7717,5620,2207,1,166.99
7718,6813,3882,1,13.7
7719,7988,5752,1,48.9
7720,8386,6240,1,226.95
7721,7583,1033,1,17.87
7722,5279,399,1,109.9
7723,4203,2008,1,110.0
7724,4203,2008,1,110.0
7725,4054,5569,1,419.0
7726,1096,1502,1,274.99
7727,4153,3634,1,75.99
7728,3792,4071,1,480.65
7729,3273,6019,1,117.3
7730,4823,2059,1,89.0
7731,1136,2541,1,99.0
7732,1136,1947,1,299.0
7733,1136,5554,1,99.0
7734,1136,835,1,99.0
7735,1136,3270,1,99.0
7736,1136,3786,1,299.0
7737,1136,4585,1,99.0
7738,3364,2495,1,11.9
7739,8097,2235,1,120.0
7740,6212,520,1,120.0
7741,3336,5268,1,149.9
7742,2117,2587,1,116.9
7743,9560,6383,1,199.0
7744,5773,3259,1,22.0
7745,584,634,1,28.99
7746,303,1277,1,99.99
7747,9109,3831,1,45.0
7748,7011,2988,1,155.0
7749,7989,1739,1,99.0
7750,166,4998,1,85.5
7751,3582,5898,1,394.65
7752,165,1647,1,269.99
7753,8829,3406,1,24.0
7754,6073,1515,1,74.99
7755,3221,2914,1,119.9
7756,9116,3411,1,69.9
7757,1796,1973,1,82.95
7758,3223,2099,1,199.0
7759,7834,2163,1,35.9
7760,877,6534,1,79.0
7761,9719,36,1,43.99
7762,3788,4856,1,94.0
7763,9357,6256,1,139.99
7764,9071,3339,1,59.9
7765,7107,1269,1,500.0
7766,7649,2376,1,233.0
7767,1737,4121,1,119.9
7768,8463,2441,1,29.9
7769,3169,868,1,18.9
7770,3282,6649,1,99.99
7771,5307,541,1,82.9
7772,2181,6552,1,89.0
7773,8830,4941,1,285.0
7774,504,1533,1,19.9
7775,504,2560,1,18.99
7776,4073,3966,1,59.9
7777,8555,3481,1,379.0
7778,9257,2283,1,125.0
7779,5749,4779,1,249.9
7780,4627,5392,1,110.0
7781,1440,6118,1,182.0
7782,7262,2205,1,99.0
7783,5014,3655,1,50.0
7784,8838,6458,1,18.9
7785,4041,5487,1,132.8
7786,4170,4944,1,189.99
7787,7481,599,1,49.99
7788,7795,389,1,149.9
7789,2172,2312,1,15.49
7790,2172,2312,1,15.49
7791,6413,387,1,79.0
7792,2338,5543,1,44.9
7793,4592,1168,1,59.9
7794,5930,6131,1,516.9
7795,1189,2521,1,16.99
7796,1210,3037,1,55.9
7797,9073,3851,1,19.9
7798,3313,1452,1,105.0
7799,449,5361,1,56.0
7800,8078,2476,1,6.1
7801,8078,2476,1,6.1
7802,7298,4022,1,29.99
7803,3529,181,1,199.99
7804,3431,2615,1,179.99
7805,773,5279,1,79.9
7806,6366,67,1,420.0
7807,6366,4380,1,559.0
7808,204,2100,1,69.9
7809,7055,832,1,599.0
7810,8562,5730,1,69.9
7811,3565,6004,1,122.99
7812,1993,2673,1,69.9
7813,5719,1903,1,139.9
7814,577,5993,1,119.9
7815,578,860,1,104.9
7816,3889,346,1,23.99
7817,2726,3246,1,325.0
7818,9288,6495,1,42.95
7819,9288,6495,1,42.95
7820,7505,3620,1,35.0
7821,4500,1655,1,46.69
7822,1360,267,1,35.99
7823,3411,5890,1,59.0
7824,6688,3457,1,1250.0
7825,8136,2590,1,879.77
7826,8177,1693,1,1561.0
7827,8573,346,1,23.99
7828,6512,3860,1,99.99
7829,9941,3311,1,21.9
7830,9941,3311,1,21.9
7831,9335,6004,1,122.99
7832,4642,1799,1,12.99
7833,9966,5997,1,57.0
7834,7803,2629,1,179.9
7835,3440,1410,1,52.64
7836,6425,959,1,199.9
7837,4838,2633,1,49.0
7838,8774,3865,1,79.9
7839,1570,6151,1,99.9
7840,9447,2295,1,79.98
7841,9447,2295,1,79.98
7842,7257,675,1,19.5
7843,4098,3528,1,70.0
7844,7170,4084,1,802.14
7845,5170,6330,1,211.5
7846,8269,2205,1,99.0
7847,8269,2205,1,99.0
7848,9438,1436,1,269.9
7849,1831,4456,1,89.0
7850,1831,4456,1,89.0
7851,240,5426,1,29.9
7852,9425,3861,1,179.99
7853,8400,3934,1,64.99
7854,621,2964,1,54.9
7855,3034,6008,1,149.0
7856,6251,780,1,49.9
7857,1800,4713,1,20.89
7858,6942,2414,1,199.0
7859,225,4226,1,299.0
7860,3967,1439,1,19.9
7861,8492,3332,1,1455.0
7862,9883,1454,1,69.9
7863,8348,1086,1,23.89
7864,8348,1086,1,23.89
7865,4899,407,1,129.99
7866,5791,6275,1,80.99
7867,4218,1067,1,14.9
7868,5276,3996,1,422.0
7869,1943,6565,1,43.0
7870,3112,3152,1,78.0
7871,7242,3701,1,59.99
7872,8681,2311,1,85.4
7873,8746,5399,1,1510.0
7874,3102,1884,1,40.0
7875,3677,5459,1,104.0
7876,6921,4012,1,34.23
7877,9045,255,1,30.21
7878,7073,3835,1,138.9
7879,9929,2574,1,329.0
7880,9088,5851,1,49.0
7881,2638,2536,1,40.9
7882,6555,2056,1,115.99
7883,6555,2056,1,115.99
7884,6555,2056,1,115.99
7885,5789,1675,1,69.0
7886,8798,3801,1,413.6
7887,1936,2093,1,41.9
7888,6176,4899,1,135.9
7889,7972,4523,1,110.0
7890,8716,6553,1,109.8
7891,8728,3614,1,69.9
7892,8539,4722,1,56.99
7893,3743,639,1,110.32
7894,494,6302,1,26.9
7895,164,2242,1,479.9
7896,6299,5784,1,124.99
7897,7144,4612,1,22.5
7898,818,3888,1,39.9
7899,1328,5596,1,68.0
7900,6115,419,1,276.14
7901,4482,2802,1,53.9
7902,2049,5939,1,240.0
7903,7157,442,1,29.0
7904,2264,5124,1,80.0
7905,2005,5700,1,54.9
7906,3397,4624,1,39.0
7907,7854,6249,1,79.9
7908,8886,1551,1,64.9
7909,2237,1372,1,120.0
7910,8937,4275,1,44.9
7911,8937,5420,1,44.9
7912,239,2874,1,39.9
7913,5587,4597,1,49.8
7914,8333,1689,1,62.9
7915,903,4343,1,99.8
7916,4516,2085,1,34.9
7917,4873,5565,1,45.0
7918,9420,1302,1,349.9
7919,7202,2758,1,26.0
7920,365,2,1,79.9
7921,391,1566,1,169.9
7922,9241,599,1,56.99
7923,4856,5203,1,94.9
7924,4363,3086,1,25.49
7925,7940,5097,1,95.0
7926,9895,1678,1,79.9
7927,2635,3588,1,28.9
7928,526,3483,1,29.0
7929,3749,6581,1,23.7
7930,5948,2174,1,49.99
7931,5948,2174,1,49.99
7932,5948,2174,1,49.99
7933,5948,2174,1,49.99
7934,2313,1546,1,65.0
7935,1850,1701,1,139.99
7936,5532,6665,1,31.99
7937,8799,2709,1,15.99
7938,856,612,1,10.8
7939,856,612,1,10.8
7940,856,646,1,7.9
7941,856,646,1,7.9
7942,1254,5357,1,110.32
7943,2546,3781,1,46.0
7944,4869,4220,1,169.0
7945,1782,2613,1,349.99
7946,1432,5288,1,179.9
7947,9691,2097,1,65.0
7948,3535,4001,1,97.9
7949,7156,1671,1,109.99
7950,7156,1671,1,109.99
7951,9400,2889,1,219.9
7952,9400,1917,1,29.9
7953,2093,5807,1,130.0
7954,1390,1609,1,65.0
7955,1390,1609,1,65.0
7956,7211,6507,1,99.9
7957,3669,421,1,16.0
7958,8117,2310,1,252.0
7959,2441,4850,1,15.9
7960,2441,4850,1,15.9
7961,1022,3470,1,15.0
7962,8026,3017,1,50.0
7963,2174,372,1,165.0
7964,2346,1195,1,89.99
7965,8790,3768,1,239.9
7966,5359,1081,1,68.9
7967,5359,2801,1,68.9
7968,1632,2583,1,39.0
7969,1632,2583,1,39.0
7970,3474,6036,1,180.0
7971,8166,4815,1,25.99
7972,7755,6119,1,159.0
7973,1036,2802,1,49.9
7974,458,2167,1,22.4
7975,1090,4722,1,56.99
7976,8377,5629,1,47.65
7977,1744,829,1,85.0
7978,3151,5208,1,198.8
7979,7946,5327,1,99.0
7980,6439,6082,1,46.99
7981,4319,782,1,22.99
7982,5361,3169,1,27.49
7983,3522,4305,1,43.0
7984,3522,1228,1,69.9
7985,8590,5307,1,199.9
7986,5168,998,1,39.0
7987,6536,5903,1,33.0
7988,1802,5414,1,125.2
7989,4292,1285,1,134.9
7990,8347,5667,1,98.9
7991,2525,4428,1,39.0
7992,3192,4674,1,49.99
7993,6323,2705,1,155.0
7994,6154,2545,1,19.2
7995,8145,4135,1,92.0
7996,2993,2507,1,643.92
7997,4173,5224,1,24.9
7998,4173,1144,1,24.9
7999,5436,242,1,25.3
8000,6199,6633,1,108.9
8001,7560,2658,1,18.9
8002,7751,1742,1,79.9
8003,683,3179,1,149.9
8004,6597,6398,1,69.9
8005,1883,2400,1,34.99
8006,2986,4830,1,59.9
8007,4728,1945,1,89.9
8008,776,2195,1,31.9
8009,958,6527,1,279.9
8010,3027,2778,1,11.99
8011,2840,3944,1,85.9
8012,5972,1407,1,93.0
8013,9112,31,1,29.99
8014,742,6004,1,122.99
8015,8364,4208,1,25.99
8016,611,1195,1,89.99
8017,1371,3466,1,12.99
8018,101,5525,1,24.88
8019,4224,6050,1,15.9
8020,1763,6245,1,39.5
8021,5790,5873,1,199.0
8022,2688,6514,1,129.9
8023,8154,1195,1,89.99
8024,535,1072,1,44.9
8025,2812,3590,1,56.97
8026,9237,3171,1,79.9
8027,6926,785,1,31.9
8028,1672,3734,1,42.99
8029,3778,5598,1,97.9
8030,8073,3263,1,59.9
8031,757,3687,1,139.99
8032,6889,585,1,104.9
8033,1610,3754,1,40.5
8034,1610,3754,1,40.5
8035,4397,1277,1,99.99
8036,7470,1086,1,44.9
8037,649,1304,1,116.6
8038,8571,4705,1,37.99
8039,5221,127,1,158.61
8040,138,4262,1,53.98
8041,9692,1111,1,189.9
8042,1336,1213,1,34.9
8043,1336,1213,1,34.9
8044,2072,1379,1,23.99
8045,9615,1888,1,110.0
8046,9618,2768,1,54.9
8047,99,1073,1,159.0
8048,7133,1356,1,67.9
8049,8705,5784,1,99.49
8050,9381,3263,1,59.9
8051,9458,4882,1,49.9
8052,6745,4895,1,56.99
8053,3910,1287,1,52.0
8054,8823,6513,1,69.9
8055,6351,4188,1,39.5
8056,8162,1578,1,419.99
8057,7486,538,1,95.0
8058,3367,700,1,47.9
8059,3367,5377,1,57.9
8060,3949,4224,1,59.99
8061,3949,3205,1,59.99
8062,6731,1634,1,514.9
8063,5631,608,1,274.9
8064,6344,5389,1,127.9
8065,8512,6126,1,539.0
8066,8778,940,1,45.9
8067,2321,5616,1,49.0
8068,3703,1352,1,9.9
8069,6504,3978,1,52.5
8070,8483,1066,1,220.0
8071,418,1546,1,65.0
8072,3123,997,1,149.94
8073,450,5739,1,89.9
8074,3137,4891,1,29.98
8075,8041,4668,1,109.97
8076,1662,4835,1,118.8
8077,4826,3899,1,130.0
8078,1221,2786,1,299.9
8079,1280,305,1,129.99
8080,5195,6017,1,429.0
8081,3421,6357,1,79.0
8082,2046,5270,1,56.99
8083,7759,2660,1,12.84
8084,9347,6595,1,40.0
8085,2332,3318,1,29.99
8086,8493,4981,1,139.9
8087,5942,2059,1,89.0
8088,337,1575,1,49.9
8089,5123,6559,1,27.99
8090,6946,246,1,17.91
8091,9513,2247,1,69.0
8092,800,729,1,509.0
8093,7478,4060,1,34.9
8094,5091,2853,1,69.9
8095,6945,2955,1,36.9
8096,9200,2891,1,173.0
8097,5286,5686,1,157.77
8098,2808,2045,1,229.9
8099,3200,6532,1,203.9
8100,9968,1068,1,22.99
8101,5143,3187,1,386.75
8102,6976,4181,1,59.0
8103,6976,4181,1,59.0
8104,2967,1232,1,24.0
8105,2718,1200,1,15.6
8106,1176,672,1,51.0
8107,613,50,1,27.9
8108,8197,4320,1,98.62
8109,3655,1697,1,29.99
8110,9232,3277,1,149.9
8111,8842,150,1,51.9
8112,8842,150,1,51.9
8113,3783,2949,1,59.9
8114,4528,2327,1,43.9
8115,1340,1861,1,29.9
8116,4606,3771,1,34.3
8117,2401,2099,1,199.0
8118,5491,5707,1,159.0
8119,607,833,1,990.0
8120,8494,5284,1,74.9
8121,8584,3158,1,38.7
8122,8584,3158,1,38.7
8123,9724,1456,1,39.9
8124,7050,5839,1,79.9
8125,7019,4377,1,169.9
8126,7852,3886,1,48.9
8127,3284,4091,1,30.0
8128,529,1315,1,18.45
8129,4394,5367,1,229.9
8130,5486,6436,1,40.9
8131,4299,4124,1,78.0
8132,6102,6534,1,85.0
8133,5795,5070,1,97.9
8134,8470,4705,1,37.99
8135,1478,3365,1,49.0
8136,8193,5059,1,89.7
8137,2690,1454,1,79.0
8138,83,2612,1,79.99
8139,9216,2829,1,447.0
8140,3566,6301,1,5.99
8141,3566,6301,1,5.99
8142,6324,2435,1,45.95
8143,7448,3871,1,79.99
8144,6746,2128,1,72.2
8145,8325,2141,1,70.0
8146,1807,3688,1,74.99
8147,1123,3202,1,180.0
8148,5726,990,1,99.99
8149,5226,880,1,48.9
8150,1276,4984,1,92.5
8151,3994,1907,1,139.94
8152,7387,5056,1,88.0
8153,8302,932,1,49.9
8154,1153,373,1,187.9
8155,8174,4764,1,15.48
8156,5341,2832,1,774.9
8157,789,5739,1,41.9
8158,7389,491,1,10.99
8159,7389,491,1,10.99
8160,7389,491,1,10.99
8161,7389,491,1,10.99
8162,7150,3001,1,75.0
8163,755,4426,1,19.97
8164,8630,5453,1,45.9
8165,2347,91,1,149.0
8166,9701,5658,1,16.99
8167,1847,6241,1,59.9
8168,9969,6426,1,13.5
8169,8607,5635,1,30.65
8170,8832,5899,1,69.9
8171,6297,1842,1,18.99
8172,2704,5959,1,129.0
8173,2903,3156,1,213.0
8174,2127,6168,1,19.99
8175,8025,989,1,24.9
8176,8025,989,1,24.9
8177,1682,622,1,69.9
8178,2686,305,1,129.99
8179,5024,5957,1,174.0
8180,6755,6517,1,349.0
8181,9193,4997,1,56.99
8182,2730,990,1,99.99
8183,6020,4729,1,48.9
8184,9062,2702,1,134.9
8185,7168,3038,1,16.9
8186,9264,2883,1,69.0
8187,6364,6430,1,84.9
8188,1961,1503,1,59.9
8189,416,3865,1,90.0
8190,9728,2061,1,69.99
8191,8974,1961,1,59.9
8192,8974,1961,1,59.9
8193,888,4349,1,147.9
8194,740,6341,1,26.9
8195,9932,1621,1,250.0
8196,1885,5250,1,11.97
8197,8628,4495,1,79.9
8198,7927,146,1,112.0
8199,5299,2435,1,39.99
8200,5299,2435,1,39.99
8201,4883,1399,1,30.0
8202,8609,4182,1,63.99
8203,6316,652,1,81.0
8204,6316,15,1,99.3
8205,6316,652,1,81.0
8206,8513,2739,1,89.9
8207,2442,5268,1,149.9
8208,8810,1321,1,59.0
8209,2901,5284,1,74.9
8210,7451,5198,1,35.99
8211,4682,1472,1,89.9
8212,5049,5483,1,96.0
8213,2256,845,1,21.99
8214,8230,3091,1,41.9
8215,7321,6307,1,99.9
8216,5289,524,1,59.0
8217,1418,5303,1,39.9
8218,185,4527,1,129.89
8219,3650,854,1,23.9
8220,2027,3427,1,109.99
8221,2027,1241,1,109.9
8222,2520,3719,1,34.9
8223,75,2806,1,25.3
8224,2522,3224,1,118.0
8225,8624,4908,1,299.99
8226,5180,2711,1,2110.0
8227,5154,5623,1,649.9
8228,1798,346,1,23.99
8229,4799,6546,1,29.9
8230,4799,6546,1,29.9
8231,4799,6546,1,29.9
8232,484,3173,1,159.9
8233,7322,5234,1,89.0
8234,300,5557,1,50.0
8235,8194,517,1,114.9
8236,2987,6521,1,76.2
8237,3095,1419,1,49.0
8238,3095,4124,1,78.0
8239,8831,1897,1,47.9
8240,8670,2655,1,17.99
8241,3907,2323,1,144.9
8242,5953,5257,1,49.9
8243,3225,2473,1,56.99
8244,5415,1591,1,44.99
8245,9030,2085,1,34.9
8246,2931,52,1,199.98
8247,4464,3236,1,120.0
8248,9524,6247,1,19.0
8249,1689,1277,1,99.99
8250,557,4566,1,12.95
8251,557,4566,1,12.95
8252,2345,6143,1,18.9
8253,917,5545,1,107.0
8254,917,5545,1,107.0
8255,28,106,1,109.9
8256,5772,6004,1,122.99
8257,5162,751,1,27.99
8258,9094,4140,1,31.0
8259,4556,3017,1,39.99
8260,8047,1580,1,20.0
8261,2581,3478,1,699.9
8262,517,5483,1,109.9
8263,6103,1862,1,309.99
8264,5411,6482,1,149.5
8265,9149,6068,1,84.9
8266,1666,4027,1,69.9
8267,2922,2195,1,31.9
8268,3036,461,1,34.99
8269,1152,3542,1,139.0
8270,8755,6483,1,121.99
8271,7836,2520,1,139.9
8272,4103,1121,1,206.11
8273,1940,3057,1,149.0
8274,8114,366,1,49.0
8275,9684,5042,1,22.0
8276,9684,5493,1,22.0
8277,1401,5833,1,64.99
8278,902,146,1,110.0
8279,2004,5467,1,55.9
8280,9973,6627,1,78.45
8281,4857,2060,1,54.9
8282,1039,5052,1,63.0
8283,5130,6490,1,106.0
8284,4453,1654,1,89.9
8285,9004,4078,1,9.12
8286,9004,4078,1,9.12
8287,9004,4078,1,9.12
8288,9004,4078,1,9.12
8289,8621,5582,1,31.25
8290,8621,5582,1,31.25
8291,116,5822,1,349.0
8292,7727,3711,1,102.0
8293,1920,6119,1,159.0
8294,7921,1183,1,40.0
8295,2472,2659,1,45.6
8296,2510,541,1,119.9
8297,6583,511,1,59.49
8298,7099,3409,1,750.0
8299,7,5761,1,279.0
8300,3410,6006,1,229.99
8301,8678,4722,1,56.99
8302,6460,5931,1,205.0
8303,1215,661,1,49.99
8304,5363,6518,1,59.9
8305,8262,6478,1,39.99
8306,9514,4643,1,49.9
8307,9816,1015,1,104.9
8308,6712,4093,1,650.0
8309,9812,4874,1,99.9
8310,8468,1321,1,59.0
8311,7485,4900,1,21.9
8312,2424,6566,1,49.9
8313,1100,1113,1,104.0
8314,7957,5926,1,169.9
8315,1159,5668,1,62.7
8316,7361,1929,1,229.0
8317,3752,3322,1,17.9
8318,3752,3322,1,17.9
8319,4814,4431,1,19.9
8320,4814,4431,1,19.9
8321,745,3239,1,119.99
8322,2712,1686,1,124.9
8323,8514,3327,1,89.0
8324,2252,1014,1,129.0
8325,1873,5741,1,549.99
8326,5443,2989,1,84.99
8327,1435,5931,1,189.9
8328,2976,3755,1,75.9
8329,2976,3755,1,75.9
8330,2755,3058,1,19.9
8331,9743,6019,1,117.3
8332,3898,6461,1,290.47
8333,8476,700,1,45.9
8334,6507,75,1,99.0
8335,3904,5093,1,14.97
8336,1616,3803,1,135.0
8337,2275,4984,1,92.5
8338,2104,3008,1,39.99
8339,3492,276,1,52.9
8340,2314,1553,1,54.9
8341,2492,5784,1,124.99
8342,1856,3935,1,59.9
8343,8913,4347,1,26.9
8344,8311,3450,1,619.0
8345,6322,5911,1,38.5
8346,9202,2802,1,53.9
8347,9202,6153,1,53.9
8348,9202,2802,1,53.9
8349,7184,714,1,64.0
8350,7924,2406,1,34.99
8351,7676,1881,1,85.0
8352,8053,4945,1,21.99
8353,2121,2301,1,152.0
8354,7534,3944,1,85.9
8355,1485,2254,1,89.99
8356,7908,6617,1,47.83
8357,6778,4120,1,132.0
8358,4935,2398,1,65.9
8359,4925,5144,1,39.99
8360,4925,635,1,29.99
8361,7304,5650,1,46.95
8362,6816,3681,1,149.9
8363,2445,2269,1,549.9
8364,5263,6053,1,79.9
8365,3988,400,1,49.99
8366,6531,359,1,89.9
8367,6287,3197,1,128.89
8368,6459,3577,1,45.9
8369,6459,3577,1,45.9
8370,4212,331,1,23.9
8371,3272,1727,1,39.0
8372,4795,3838,1,59.9
8373,417,2355,1,174.9
8374,3370,2845,1,503.34
8375,7898,1413,1,28.28
8376,9702,2401,1,410.0
8377,1811,5255,1,599.0
8378,1876,5258,1,27.9
8379,3015,5011,1,74.9
8380,3015,5011,1,74.9
8381,3015,5011,1,74.9
8382,5589,2963,1,143.8
8383,7503,3882,1,13.69
8384,6852,5513,1,29.99
8385,1855,4997,1,56.99
8386,3157,1262,1,145.0
8387,3944,1084,1,42.89
8388,1505,133,1,97.9
8389,1505,2198,1,85.9
8390,9289,2240,1,149.9
8391,919,4318,1,43.0
8392,672,5279,1,79.9
8393,8019,1067,1,14.9
8394,8480,5179,1,79.0
8395,8045,3766,1,104.0
8396,6276,689,1,149.9
8397,1302,1945,1,89.9
8398,1086,516,1,29.99
8399,8548,4539,1,79.9
8400,1631,2461,1,35.99
8401,5877,2187,1,335.99
8402,8033,2427,1,88.9
8403,5283,5571,1,69.99
8404,5283,5571,1,69.99
8405,2589,2127,1,470.0
8406,6233,3006,1,159.0
8407,4600,1618,1,99.8
8408,7130,4716,1,29.9
8409,6892,2259,1,46.9
8410,906,802,1,89.99
8411,1986,1120,1,179.99
8412,4084,3906,1,525.0
8413,3226,4024,1,199.9
8414,2906,6196,1,109.8
8415,9660,5996,1,119.99
8416,2003,56,1,39.9
8417,4441,1401,1,223.0
8418,6129,1546,1,65.0
8419,4683,5415,1,34.9
8420,4435,3782,1,449.9
8421,6498,6218,1,349.0
8422,1948,4341,1,131.35
8423,1904,1722,1,174.0
8424,2911,5967,1,24.95
8425,1947,3542,1,139.0
8426,3867,1793,1,19.95
8427,6478,5311,1,14.49
8428,5194,6239,1,17.6
8429,1049,4142,1,88.34
8430,1049,2519,1,287.0
8431,8260,5728,1,895.0
8432,3390,4279,1,235.0
8433,6362,331,1,16.75
8434,6200,6382,1,89.99
8435,9374,5704,1,34.65
8436,4990,1505,1,22.35
8437,5767,4506,1,29.9
8438,5767,2184,1,29.9
8439,4400,281,1,12.5
8440,8770,4625,1,99.0
8441,581,1685,1,118.8
8442,9687,2254,1,99.99
8443,8456,3952,1,53.99
8444,2784,4455,1,45.0
8445,2784,4455,1,45.0
8446,2411,5591,1,120.9
8447,3502,1928,1,580.27
8448,9407,5218,1,246.62
8449,9197,3696,1,89.9
8450,6707,6346,1,24.99
8451,7074,614,1,58.99
8452,2077,2504,1,45.9
8453,6000,348,1,18.5
8454,5418,767,1,169.9
8455,8013,6046,1,97.0
8456,8013,4557,1,89.0
8457,8013,4557,1,89.0
8458,1298,1293,1,109.0
8459,8388,3656,1,209.99
8460,249,1234,1,299.9
8461,5861,5233,1,120.0
8462,7779,3316,1,74.9
8463,9978,5056,1,95.0
8464,3325,6429,1,132.9
8465,540,3955,1,129.99
8466,7346,5218,1,246.62
8467,7346,5218,1,246.62
8468,6983,3310,1,89.9
8469,717,3272,1,89.9
8470,1934,3357,1,63.0
8471,5872,3511,1,116.99
8472,5872,3511,1,116.99
8473,3723,3074,1,24.99
8474,7422,3026,1,199.0
8475,3620,1677,1,89.0
8476,8519,3947,1,29.0
8477,6678,2802,1,49.9
8478,3320,1259,1,24.99
8479,236,2028,1,107.9
8480,4243,5392,1,110.0
8481,8284,2250,1,99.9
8482,7083,1295,1,176.99
8483,9737,760,1,64.9
8484,4091,3729,1,56.85
8485,369,3247,1,99.0
8486,5735,2917,1,80.4
8487,6812,5605,1,29.9
8488,5377,2570,1,56.99
8489,5377,4997,1,56.99
8490,5377,2570,1,56.99
8491,9664,6336,1,29.99
8492,9505,1873,1,18.75
8493,612,4318,1,47.49
8494,4632,5409,1,159.0
8495,1686,4393,1,39.0
8496,5919,5765,1,15.99
8497,6338,4114,1,499.0
8498,4230,5821,1,109.9
8499,5504,2641,1,45.0
8500,5843,5466,1,129.0
8501,566,6607,1,9.9
8502,3608,5473,1,17.9
8503,1142,2914,1,134.9
8504,5339,769,1,67.9
8505,784,792,1,79.9
8506,4233,6161,1,169.0
8507,6619,5204,1,109.9
8508,3567,3337,1,27.99
8509,6673,4776,1,85.0
8510,2196,1434,1,89.99
8511,3717,5805,1,56.1
8512,7925,285,1,177.99
8513,6502,2023,1,199.9
8514,3563,3764,1,71.82
8515,7049,282,1,89.9
8516,9848,6663,1,49.99
8517,1999,359,1,120.0
8518,1282,68,1,112.9
8519,9995,1341,1,69.9
8520,5545,2673,1,69.9
8521,2681,429,1,159.9
8522,4655,2095,1,139.9
8523,1640,2189,1,59.9
8524,100,384,1,110.99
8525,3122,6362,1,16.99
8526,9915,2027,1,210.0
8527,1769,6261,1,19.99
8528,2211,4914,1,149.0
8529,2955,970,1,299.99
8530,4661,2682,1,204.99
8531,324,154,1,59.9
8532,8691,1304,1,119.6
8533,803,211,1,119.9
8534,3678,5900,1,120.0
8535,3824,6061,1,21.9
8536,9688,2316,1,96.0
8537,567,5496,1,57.9
8538,7306,6096,1,200.0
8539,9536,1992,1,59.5
8540,1842,3232,1,189.9
8541,2863,509,1,44.95
8542,7350,4167,1,209.9
8543,6919,4281,1,21.33
8544,6994,5483,1,109.9
8545,2659,4698,1,118.0
8546,6520,2673,1,69.9
8547,4701,228,1,149.9
8548,3141,4876,1,147.0
8549,2748,6578,1,34.9
8550,5612,6541,1,123.0
8551,9321,4948,1,179.9
8552,7032,5616,1,49.0
8553,2913,4208,1,25.99
8554,9488,1715,1,59.99
8555,8768,2047,1,17.99
8556,3240,6644,1,59.0
8557,3726,4901,1,29.9
8558,2563,6544,1,74.99
8559,1112,5901,1,172.0
8560,1002,4284,1,168.75
8561,2000,4738,1,75.0
8562,1840,2205,1,99.0
8563,9614,2412,1,589.0
8564,951,749,1,215.0
8565,1246,317,1,21.9
8566,1448,5087,1,15.0
8567,6011,222,1,69.99
8568,9747,6295,1,162.5
8569,2232,5598,1,97.9
8570,7777,4809,1,10.99
8571,7777,4809,1,10.99
8572,2864,2024,1,69.9
8573,3493,3433,1,115.0
8574,2066,3992,1,53.5
8575,6159,4979,1,65.0
8576,3530,3043,1,69.9
8577,3530,5893,1,110.0
8578,2260,3375,1,109.9
8579,9652,923,1,155.29
8580,1375,3870,1,55.0
8581,1765,60,1,126.99
8582,1765,2705,1,155.0
8583,6550,4547,1,25.9
8584,6550,4547,1,25.9
8585,3959,5379,1,89.65
8586,2868,1662,1,219.0
8587,1530,1742,1,79.9
8588,5280,4398,1,199.0
8589,6374,4052,1,39.99
8590,7904,1370,1,49.13
8591,1517,4007,1,59.0
8592,8473,2839,1,16.8
8593,8882,4811,1,295.0
8594,3489,2620,1,64.9
8595,9991,57,1,128.0
8596,9991,57,1,128.0
8597,9991,57,1,128.0
8598,9208,1864,1,26.99
8599,226,5335,1,89.99
8600,1108,6078,1,1599.99
8601,5360,1671,1,119.0
8602,6866,708,1,49.99
8603,6063,3702,1,119.9
8604,6882,1138,1,28.9
8605,3456,3657,1,149.9
8606,4136,3549,1,189.98
8607,4136,3549,1,189.98
8608,7778,460,1,48.9
8609,2523,6584,1,59.9
8610,7977,6505,1,59.9
8611,4448,3919,1,110.0
8612,3544,876,1,120.0
8613,2299,5880,1,49.0
8614,2299,5880,1,49.0
8615,3321,1893,1,90.0
8616,7465,5407,1,189.99
8617,6309,563,1,99.9
8618,1874,5564,1,487.0
8619,859,3405,1,44.9
8620,3453,6170,1,7.8
8621,5086,5437,1,104.9
8622,7433,3193,1,29.9
8623,2845,5979,1,99.9
8624,2845,26,1,129.9
8625,6013,5034,1,69.9
8626,6013,3415,1,59.9
8627,8334,4158,1,269.0
8628,2979,6382,1,129.0
8629,2979,1671,1,179.99
8630,425,6557,1,22.5
8631,5311,2868,1,269.0
8632,1611,4593,1,339.9
8633,2885,4429,1,139.0
8634,8505,3069,1,96.99
8635,8076,3784,1,24.99
8636,7234,3882,1,13.7
8637,5374,2916,1,52.99
8638,7480,4360,1,84.9
8639,6645,108,1,159.9
8640,5897,4042,1,109.9
8641,4042,2044,1,266.0
8642,8622,1468,1,96.0
8643,9801,2199,1,84.99
8644,2870,6004,1,122.99
8645,6250,3333,1,139.9
8646,7719,2792,1,16.9
8647,115,783,1,99.9
8648,4691,346,1,19.99
8649,3769,2015,1,179.9
8650,8959,6652,1,119.9
8651,5792,5600,1,179.49
8652,5792,5779,1,179.49
8653,8759,4770,1,16.9
8654,9446,4946,1,49.99
8655,9446,4946,1,49.99
8656,7052,3170,1,29.9
8657,594,3226,1,28.79
8658,1911,1162,1,34.99
8659,9066,5191,1,79.9
8660,1475,6494,1,129.99
8661,485,3897,1,35.0
8662,8841,3345,1,39.9
8663,3087,2526,1,79.99
8664,3087,2526,1,79.99
8665,4399,388,1,59.9
8666,1739,4236,1,39.0
8667,4391,4748,1,60.0
8668,6761,5055,1,127.0
8669,6761,5055,1,127.0
8670,8464,1021,1,35.99
8671,4918,6004,1,122.99
8672,589,5258,1,27.9
8673,9210,1475,1,139.99
8674,207,5016,1,99.9
8675,207,2588,1,169.9
8676,207,5016,1,99.9
8677,9879,515,1,10.0
8678,8696,5886,1,124.9
8679,5343,5745,1,109.9
8680,6604,5659,1,20.7
8681,4001,2385,1,1899.0
8682,7695,5269,1,74.49
8683,2988,482,1,349.0
8684,4678,306,1,41.14
8685,4187,562,1,25.0
8686,1326,4289,1,169.99
8687,3772,1841,1,48.5
8688,464,4348,1,89.9
8689,1227,5165,1,119.99
8690,5039,4598,1,54.9
8691,3257,6237,1,52.9
8692,6677,5621,1,150.0
8693,1293,3297,1,210.9
8694,604,502,1,59.97
8695,1205,1511,1,249.0
8696,9475,2803,1,47.0
8697,8369,3736,1,38.4
8698,8369,3736,1,38.4
8699,1829,6263,1,37.47
8700,7252,6518,1,49.9
8701,5274,5258,1,27.9
8702,2557,1407,1,93.0
8703,3383,5259,1,64.99
8704,1806,5342,1,129.0
8705,2580,2149,1,79.0
8706,1283,984,1,75.6
8707,9523,3788,1,12.99
8708,12,759,1,94.0
8709,4166,1654,1,79.9
8710,9,3998,1,111.6
8711,8649,6462,1,82.49
8712,8500,516,1,29.99
8713,9871,881,1,119.9
8714,5656,3844,1,207.83
8715,8012,5266,1,19.8
8716,6641,4853,1,36.0
8717,5963,1485,1,49.9
8718,959,2835,1,238.9
8719,5674,23,1,179.9
8720,5928,621,1,82.9
8721,7960,1322,1,52.0
8722,1105,6397,1,85.0
8723,843,4066,1,36.9
8724,741,1061,1,18.9
8725,4144,5960,1,277.0
8726,9511,5957,1,133.9
8727,2102,6536,1,54.0
8728,6021,4146,1,209.0
8729,6191,4047,1,99.9
8730,4481,4977,1,65.99
8731,5348,2952,1,149.0
8732,5967,3890,1,169.9
8733,6075,4028,1,159.9
8734,7399,3175,1,39.9
8735,7399,3175,1,39.9
8736,7399,3175,1,39.9
8737,3135,4142,1,75.0
8738,2733,3961,1,33.9
8739,5115,4358,1,49.9
8740,7990,5578,1,59.0
8741,3671,859,1,59.9
8742,2205,5914,1,99.0
8743,6,2226,1,39.99
8744,6,2226,1,39.99
8745,2948,1,1,9.99
8746,2948,1,1,9.99
8747,2948,1,1,9.99
8748,2948,1,1,9.99
8749,2948,1,1,9.99
8750,193,285,1,167.99
8751,6517,2090,1,181.0
8752,7650,3526,1,19.9
8753,8853,4377,1,140.0
8754,8418,3077,1,18.0
8755,700,1729,1,49.95
8756,700,4709,1,109.9
8757,6800,102,1,25.0
8758,2671,1059,1,39.99
8759,1836,1239,1,19.9
8760,1836,1745,1,0.85
8761,4828,384,1,122.99
8762,460,1292,1,69.9
8763,7502,4091,1,30.0
8764,7502,4091,1,30.0
8765,7502,4091,1,30.0
8766,9570,2615,1,179.99
8767,6331,5876,1,69.0
8768,2783,2165,1,184.9
8769,6614,1747,1,159.0
8770,3509,358,1,21.9
8771,9003,4419,1,59.9
8772,1664,5402,1,24.99
8773,9935,1836,1,59.9
8774,9002,5987,1,24.99
8775,9928,5962,1,15.89
8776,2363,2987,1,23.0
8777,8296,3167,1,89.9
8778,1067,2463,1,110.0
8779,3540,5233,1,75.0
8780,4586,1739,1,99.0
8781,827,4180,1,29.9
8782,4396,1848,1,219.0
8783,9568,2363,1,39.9
8784,9238,6398,1,69.9
8785,5485,514,1,221.99
8786,5485,2886,1,219.0
8787,5818,6019,1,117.3
8788,1950,1255,1,69.0
8789,4596,4177,1,79.9
8790,8722,42,1,44.99
8791,6105,407,1,119.99
8792,7686,355,1,39.9
8793,8201,4543,1,229.9
8794,2210,5428,1,88.83
8795,2824,4386,1,369.9
8796,9811,2771,1,129.99
8797,4781,354,1,49.9
8798,4781,354,1,49.9
8799,1469,716,1,159.0
8800,8690,3854,1,44.0
8801,5849,5087,1,15.0
8802,6817,6464,1,35.9
8803,4943,1650,1,28.99
8804,8457,4297,1,78.9
8805,8457,4297,1,78.9
8806,8902,2200,1,144.97
8807,3335,5988,1,199.0
8808,1902,2366,1,41.9
8809,2797,2673,1,69.9
8810,2797,2673,1,69.9
8811,7136,2435,1,39.99
8812,37,1019,1,42.49
8813,3947,1412,1,71.8
8814,6839,1580,1,20.0
8815,9907,4905,1,75.9
8816,9826,5,1,610.0
8817,5596,4985,1,99.9
8818,1334,1716,1,59.0
8819,1797,3777,1,139.9
8820,3477,2200,1,174.9
8821,5136,56,1,45.9
8822,6664,5995,1,215.0
8823,2799,2616,1,69.9
8824,8074,3648,1,43.9
8825,8391,1148,1,22.99
8826,7877,1933,1,15.99
8827,8084,2014,1,49.9
8828,6382,1995,1,65.0
8829,7246,6267,1,19.99
8830,3796,3129,1,99.0
8831,8783,350,1,174.9
8832,3126,4752,1,89.9
8833,4471,1953,1,96.99
8834,6556,2369,1,1780.0
8835,140,120,1,899.99
8836,8848,1913,1,44.99
8837,7232,2542,1,47.9
8838,1253,1096,1,12.25
8839,3961,3923,1,194.65
8840,5926,4528,1,34.9
8841,1642,6017,1,379.9
8842,4863,851,1,305.9
8843,8779,5115,1,65.0
8844,9273,5615,1,9.0
8845,6995,1195,1,89.99
8846,5032,2062,1,50.49
8847,5483,2571,1,85.5
8848,84,566,1,109.9
8849,84,566,1,109.9
8850,1077,2619,1,32.9
8851,1705,5233,1,75.0
8852,6885,1861,1,29.9
8853,6885,1861,1,29.9
8854,3000,1337,1,49.0
8855,3260,870,1,79.99
8856,9389,4200,1,84.9
8857,3344,6169,1,229.0
8858,5033,5793,1,278.0
8859,4770,5305,1,84.9
8860,4770,1398,1,67.9
8861,8153,1592,1,178.0
8862,6895,4115,1,20.0
8863,7999,3441,1,69.9
8864,6062,5213,1,130.0
8865,2124,1761,1,140.3
8866,144,5459,1,130.0
8867,9029,4474,1,38.0
8868,2883,5986,1,299.0
8869,7254,989,1,27.9
8870,4384,3716,1,97.5
8871,4831,1195,1,89.99
8872,453,3703,1,75.9
8873,9133,5305,1,84.89
8874,3387,6352,1,49.9
8875,9372,2870,1,19.9
8876,7336,2875,1,28.9
8877,9665,4693,1,949.99
8878,1284,588,1,136.78
8879,3957,2867,1,128.9
8880,2590,305,1,129.99
8881,9126,4959,1,28.8
8882,8168,5705,1,44.9
8883,7369,3124,1,49.9
8884,9798,3641,1,189.9
8885,3776,5578,1,99.0
8886,1825,4015,1,24.75
8887,1825,4015,1,24.75
8888,7124,1629,1,59.99
8889,9137,3491,1,49.0
8890,5521,2004,1,27.92
8891,6541,3284,1,135.0
8892,3446,2200,1,132.97
8893,4089,2673,1,69.9
8894,1600,3805,1,349.9
8895,3575,2261,1,46.9
8896,6658,614,1,58.99
8897,9191,6340,1,274.99
8898,9397,3471,1,95.03
8899,5313,1561,1,129.9
8900,4362,3726,1,13.65
8901,9229,1347,1,44.0
8902,6986,5551,1,109.99
8903,2388,4722,1,56.99
8904,675,3840,1,14.49
8905,675,3840,1,14.49
8906,675,3840,1,14.49
8907,3242,209,1,145.0
8908,3352,4453,1,34.99
8909,5863,1224,1,16.0
8910,2231,534,1,29.9
8911,3966,1968,1,159.99
8912,4077,4596,1,121.0
8913,6910,4121,1,116.9
8914,1137,2886,1,245.0
8915,8801,6188,1,9.9
8916,9097,1165,1,25.0
8917,5029,5264,1,129.99
8918,5215,4835,1,116.9
8919,5215,4835,1,116.9
8920,6582,6004,1,122.99
8921,6858,5521,1,50.99
8922,7175,4384,1,154.08
8923,3104,184,1,92.0
8924,9518,2977,1,39.97
8925,6298,2154,1,16.9
8926,6298,2154,1,16.9
8927,6900,6076,1,99.0
8928,1489,2861,1,47.99
8929,1489,4605,1,46.99
8930,1489,4099,1,69.0
8931,5488,3397,1,65.0
8932,9416,676,1,135.0
8933,1299,3307,1,16.9
8934,4959,6285,1,59.0
8935,4959,6285,1,59.0
8936,1129,1314,1,55.13
8937,8106,4997,1,56.99
8938,9371,4283,1,29.99
8939,3524,1390,1,157.0
8940,9837,4786,1,142.0
8941,767,262,1,24.9
8942,49,898,1,50.9
8943,8618,5958,1,108.0
8944,2847,2673,1,75.0
8945,7276,1049,1,37.9
8946,4285,4636,1,63.99
8947,5984,6249,1,79.9
8948,8893,6153,1,49.0
8949,1191,4318,1,47.49
8950,1951,4919,1,139.0
8951,5382,1720,1,39.99
8952,1818,3820,1,149.99
8953,1894,1598,1,139.99
8954,8200,1937,1,189.0
8955,5768,3743,1,22.0
8956,5548,5784,1,124.99
8957,7027,1100,1,26.0
8958,2018,2455,1,64.9
8959,152,6525,1,66.41
8960,9593,2121,1,139.9
8961,4668,2196,1,798.9
8962,2158,4912,1,510.0
8963,5169,927,1,143.8
8964,3578,5309,1,55.0
8965,2823,3859,1,29.9
8966,2460,207,1,52.0
8967,1559,1984,1,25.9
8968,2631,1245,1,199.9
8969,9484,6655,1,149.65
8970,389,5344,1,14.4
8971,1023,3683,1,52.0
8972,123,4554,1,69.9
8973,5055,3313,1,129.9
8974,7308,5560,1,61.9
8975,7916,2031,1,110.8
8976,5874,1654,1,89.9
8977,4896,6215,1,289.99
8978,9662,6544,1,74.99
8979,4818,2018,1,45.0
8980,8654,4306,1,249.0
8981,5011,1784,1,19.99
8982,7417,1985,1,394.9
8983,7186,3383,1,74.99
8984,4076,3523,1,75.99
8985,4130,1849,1,99.0
8986,6106,1148,1,22.99
8987,4686,6153,1,53.9
8988,4686,6153,1,53.9
8989,27,3246,1,325.0
8990,7467,1467,1,109.99
8991,6561,5931,1,215.0
8992,8880,2951,1,44.99
8993,5096,2738,1,36.9
8994,9504,3394,1,49.0
8995,5581,5284,1,74.9
8996,5581,3002,1,61.9
8997,6747,271,1,10.5
8998,5523,2830,1,29.0
8999,6100,4360,1,99.0
9000,5147,2170,1,18.9
9001,4121,1682,1,39.99
9002,4121,3146,1,69.9
9003,8345,4806,1,113.0
9004,4902,903,1,1890.0
9005,4238,4489,1,89.0
9006,8265,860,1,103.9
9007,5714,5836,1,180.54
9008,3657,2126,1,76.9
9009,9919,6214,1,12.9
9010,9919,6214,1,12.9
9011,9919,6214,1,12.9
9012,1273,183,1,39.9
9013,4287,5057,1,29.9
9014,1669,761,1,99.0
9015,8258,3468,1,339.0
9016,6599,4348,1,89.9
9017,9977,4519,1,186.0
9018,2416,1595,1,99.99
9019,4242,6279,1,40.99
9020,169,1932,1,49.9
9021,169,1932,1,49.9
9022,169,1932,1,49.9
9023,4953,2297,1,144.0
9024,9348,193,1,50.1
9025,9348,193,1,50.1
9026,7848,278,1,68.0
9027,7848,278,1,68.0
9028,624,4570,1,156.99
9029,5573,1128,1,39.99
9030,4765,166,1,50.9
9031,2089,1383,1,238.9
9032,4228,5835,1,39.9
9033,4846,6153,1,49.9
9034,5393,2415,1,29.0
9035,3483,1671,1,119.0
9036,2021,4483,1,54.0
9037,4253,6458,1,14.9
9038,6933,2928,1,69.9
9039,1656,3821,1,535.9
9040,1650,1838,1,65.0
9041,6768,2016,1,44.99
9042,11,233,1,160.0
9043,4854,5519,1,29.9
9044,7651,860,1,102.0
9045,6689,5356,1,849.99
9046,6788,4801,1,69.9
9047,6788,3985,1,69.9
9048,4316,2435,1,39.99
9049,7658,3065,1,42.9
9050,5121,752,1,89.9
9051,2220,1832,1,130.0
9052,1891,2384,1,32.0
9053,6107,198,1,38.0
9054,6107,198,1,38.0
9055,6107,198,1,38.0
9056,1438,2525,1,99.99
9057,8422,1216,1,39.9
9058,3598,5991,1,9.8
9059,3598,1867,1,12.9
9060,8149,4242,1,269.0
9061,515,3756,1,178.0
9062,2865,2802,1,49.9
9063,4688,2035,1,1054.0
9064,9168,5364,1,1199.9
9065,3142,4719,1,59.9
9066,9479,3212,1,339.99
9067,1146,4059,1,74.9
9068,6975,1146,1,49.9
9069,6697,5234,1,79.0
9070,5647,532,1,209.9
9071,2657,6337,1,91.0
9072,2657,6337,1,91.0
9073,2657,6337,1,91.0
9074,2832,6632,1,14.99
9075,6150,1227,1,69.99
9076,6150,1227,1,69.99
9077,4002,114,1,30.0
9078,7416,2610,1,10.9
9079,7762,2345,1,85.9
9080,964,6504,1,89.9
9081,8517,1054,1,199.0
9082,8683,764,1,29.99
9083,923,5660,1,69.0
9084,8508,1415,1,35.0
9085,8508,1415,1,35.0
9086,8508,1415,1,35.0
9087,1208,93,1,107.6
9088,2651,2378,1,229.04
9089,4301,6204,1,49.99
9090,7933,5616,1,49.0
9091,5006,6283,1,54.9
9092,9876,5305,1,85.0
9093,3812,860,1,102.0
9094,141,5272,1,97.77
9095,8572,1764,1,54.0
9096,5508,6041,1,319.0
9097,2587,4329,1,219.0
9098,1597,3840,1,12.99
9099,1597,3840,1,12.99
9100,6408,3807,1,159.9
9101,9676,3938,1,430.0
9102,4364,5811,1,39.9
9103,7224,389,1,115.0
9104,4355,6566,1,49.9
9105,4151,285,1,177.99
9106,2604,3896,1,79.9
9107,6341,8,1,99.9
9108,7608,4578,1,115.0
9109,6391,3225,1,10.75
9110,3363,4616,1,135.0
9111,2203,5528,1,589.0
9112,9854,5667,1,68.9
9113,1992,2845,1,503.34
9114,327,5408,1,99.0
9115,5951,3105,1,115.0
9116,6095,4426,1,19.97
9117,5946,1024,1,49.9
9118,114,5037,1,24.9
9119,114,5037,1,24.9
9120,114,5037,1,24.9
9121,4522,5368,1,179.99
9122,5249,4257,1,42.9
9123,9824,6419,1,27.99
9124,2873,4037,1,119.99
9125,6918,5501,1,159.1
9126,6368,5170,1,1106.99
9127,8973,1337,1,49.0
9128,3745,4271,1,42.9
9129,4123,3399,1,16.99
9130,5150,6264,1,122.9
9131,5794,146,1,99.9
9132,9134,5882,1,150.0
9133,5022,6496,1,19.99
9134,5022,6062,1,19.99
9135,5022,1526,1,19.99
9136,5022,5175,1,15.99
9137,8980,3642,1,169.9
9138,234,4328,1,230.0
9139,6960,3088,1,24.99
9140,6948,592,1,58.5
9141,8660,4746,1,199.9
9142,3775,4433,1,205.9
9143,8243,4443,1,129.99
9144,6451,3582,1,28.9
9145,1865,3740,1,12.38
9146,5534,2273,1,49.99
9147,3417,6669,1,69.0
9148,1589,3909,1,104.0
9149,1163,6197,1,109.9
9150,5798,97,1,229.99
9151,6773,346,1,23.99
9152,2141,5222,1,79.0
9153,2141,5222,1,79.0
9154,7024,3291,1,75.9
9155,7024,3291,1,75.9
9156,7024,3291,1,75.9
9157,7024,3291,1,75.9
9158,8984,2543,1,79.0
9159,8939,1901,1,99.9
9160,9792,2942,1,76.99
9161,6416,125,1,19.9
9162,6271,5204,1,93.9
9163,1971,990,1,99.99
9164,3315,4658,1,29.5
9165,8484,2289,1,64.9
9166,5621,6518,1,59.9
9167,7900,6667,1,66.39
9168,2723,820,1,29.9
9169,5077,6467,1,78.0
9170,6989,614,1,54.99
9171,4927,4744,1,69.0
9172,4142,5193,1,120.0
9173,8256,4668,1,103.99
9174,8256,4668,1,103.99
9175,2352,2776,1,39.0
9176,7517,5663,1,89.0
9177,9453,3402,1,59.9
9178,1109,4755,1,99.99
9179,4361,1469,1,16.99
9180,5217,3611,1,49.89
9181,5622,704,1,634.4
9182,1363,6471,1,48.9
9183,7114,4090,1,498.0
9184,4329,1371,1,49.9
9185,8988,593,1,115.0
9186,6997,5629,1,52.98
9187,6997,5629,1,52.98
9188,4411,6455,1,24.9
9189,2476,3878,1,29.9
9190,2218,6664,1,195.3
9191,4786,938,1,554.9
9192,5197,6558,1,399.0
9193,6009,4033,1,104.0
9194,693,6139,1,239.9
9195,5502,1726,1,99.9
9196,1441,6350,1,580.0
9197,4615,2562,1,69.9
9198,5052,6686,1,38.7
9199,6385,3429,1,26.0
9200,8112,5006,1,59.8
9201,8112,1000,1,78.0
9202,3656,689,1,149.9
9203,1653,1122,1,99.9
9204,4730,3128,1,121.97
9205,2370,1139,1,79.0
9206,5530,939,1,165.0
9207,8556,2669,1,67.9
9208,3644,4096,1,78.99
9209,5342,1868,1,70.0
9210,5342,1868,1,70.0
9211,5342,1868,1,70.0
9212,4191,1438,1,109.9
9213,8450,3635,1,128.0
9214,9295,6181,1,156.99
9215,6617,6566,1,49.9
9216,6510,1173,1,69.99
9217,175,5213,1,137.0
9218,5367,6357,1,79.0
9219,4195,3040,1,150.9
9220,2085,1002,1,110.0
9221,272,2525,1,109.99
9222,48,1722,1,219.0
9223,7739,189,1,99.0
9224,6563,1671,1,119.0
9225,6049,2099,1,199.0
9226,5738,5251,1,9.0
9227,3463,2913,1,109.9
9228,3463,2913,1,109.9
9229,9472,6638,1,129.0
9230,7995,4176,1,93.49
9231,264,1671,1,149.99
9232,6966,4669,1,299.99
9233,122,6302,1,29.0
9234,4069,4347,1,26.9
9235,4695,2922,1,36.9
9236,7895,3090,1,55.0
9237,2488,255,1,30.21
9238,7609,5802,1,284.9
9239,811,4672,1,21.0
9240,3048,1800,1,39.9
9241,2759,4966,1,39.5
9242,9729,489,1,11.99
9243,7603,785,1,31.9
9244,7880,353,1,77.0
9245,6859,4776,1,85.0
9246,6859,4776,1,85.0
9247,284,5274,1,158.0
9248,9970,6382,1,120.0
9249,9970,6382,1,120.0
9250,4876,4885,1,45.0
9251,4876,4885,1,45.0
9252,2632,6611,1,539.9
9253,1533,1507,1,29.0
9254,1533,1507,1,29.0
9255,935,4844,1,53.99
9256,935,1906,1,83.99
9257,8843,5279,1,79.9
9258,8238,500,1,189.0
9259,8238,5341,1,48.0
9260,5166,235,1,289.9
9261,3327,969,1,129.99
9262,2279,5268,1,169.9
9263,2429,2809,1,99.9
9264,9529,578,1,79.0
9265,3761,858,1,219.0
9266,5628,1478,1,224.9
9267,6980,4645,1,17.99
9268,6980,4645,1,17.99
9269,6618,5540,1,97.49
9270,2691,6424,1,20.49
9271,2691,6424,1,20.49
9272,2691,6424,1,20.49
9273,2691,6424,1,20.49
9274,4487,1431,1,66.55
9275,8299,4473,1,18.9
9276,7541,5507,1,131.99
9277,4968,6479,1,103.99
9278,7210,4069,1,339.0
9279,1860,4716,1,29.9
9280,8852,4629,1,449.9
9281,24,2152,1,29.99
9282,24,2152,1,29.99
9283,3613,5547,1,99.9
9284,3613,5547,1,99.9
9285,2361,2873,1,50.9
9286,6472,2064,1,31.25
9287,1122,764,1,27.9
9288,7115,3686,1,29.0
9289,7115,3947,1,29.0
9290,9164,5032,1,159.98
9291,1003,1883,1,56.0
9292,1003,1883,1,56.0
9293,891,4210,1,120.0
9294,891,1048,1,72.0
9295,9020,4654,1,23.2
9296,4519,3771,1,34.3
9297,3075,3494,1,58.9
9298,9104,1206,1,100.0
9299,5800,5478,1,39.99
9300,9592,1186,1,134.9
9301,865,1462,1,41.99
9302,865,1462,1,41.99
9303,4737,241,1,295.89
9304,5976,3860,1,99.99
9305,6128,536,1,58.0
9306,9415,5375,1,259.0
9307,9565,1195,1,89.99
9308,2939,1770,1,16.9
9309,2939,4081,1,16.9
9310,7281,6004,1,122.99
9311,4158,5626,1,15.9
9312,4113,699,1,45.99
9313,8982,6445,1,149.99
9314,4703,2229,1,207.9
9315,4897,3147,1,180.0
9316,3288,6075,1,15.0
9317,7598,1099,1,35.9
9318,2190,2872,1,248.9
9319,7187,4954,1,199.99
9320,3705,831,1,19.9
9321,5316,531,1,226.77
9322,4147,5951,1,79.9
9323,32,459,1,15.0
9324,5823,693,1,144.41
9325,5823,693,1,144.41
9326,8376,2608,1,34.99
9327,1679,1357,1,119.4
9328,4455,3575,1,489.0
9329,440,2692,1,15.0
9330,9304,3748,1,349.9
9331,4963,6379,1,699.0
9332,5604,2615,1,179.99
9333,3635,2209,1,429.9
9334,3635,2208,1,119.0
9335,6467,2098,1,19.99
9336,6467,6491,1,19.99
9337,4488,3051,1,24.99
9338,4488,3051,1,24.99
9339,7685,5690,1,869.95
9340,3452,4379,1,39.9
9341,5563,4141,1,139.9
9342,7253,6226,1,139.9
9343,7569,5040,1,139.9
9344,162,2648,1,14.24
9345,6861,4794,1,174.44
9346,3691,1706,1,41.14
9347,3691,1706,1,41.14
9348,4816,2202,1,18.9
9349,5741,1304,1,114.6
9350,5085,1530,1,84.99
9351,4882,3605,1,199.0
9352,832,2377,1,73.9
9353,7169,457,1,22.8
9354,1195,4921,1,199.9
9355,9580,5068,1,149.9
9356,6205,1678,1,89.9
9357,7710,1363,1,279.0
9358,3976,6269,1,103.0
9359,3884,1195,1,89.99
9360,4249,3993,1,46.2
9361,9418,5474,1,21.8
9362,4584,4313,1,38.2
9363,4584,4313,1,38.2
9364,4584,4313,1,38.2
9365,9993,5696,1,34.9
9366,4294,376,1,190.0
9367,4811,5239,1,259.9
9368,1050,2802,1,53.9
9369,278,2597,1,84.9
9370,8884,3676,1,14.99
9371,151,1016,1,269.0
9372,6111,6592,1,399.9
9373,5346,5204,1,119.9
9374,5076,5870,1,109.0
9375,8101,6364,1,110.0
9376,1749,3003,1,19.9
9377,3922,3868,1,100.0
9378,1120,4324,1,129.9
9379,7174,2923,1,68.45
9380,7251,2492,1,64.89
9381,6797,555,1,370.0
9382,2834,3384,1,48.9
9383,45,1755,1,139.9
9384,4304,462,1,205.0
9385,8617,5530,1,420.0
9386,8426,5682,1,19.69
9387,1324,6307,1,99.0
9388,8656,320,1,929.0
9389,8656,4310,1,88.0
9390,22,4278,1,35.9
9391,2389,2133,1,14.9
9392,2389,2133,1,14.9
9393,4402,1349,1,35.9
9394,3641,5958,1,105.0
9395,8704,4541,1,73.99
9396,5955,4920,1,10.42
9397,5955,4920,1,10.42
9398,8202,5888,1,59.9
9399,4462,2599,1,49.9
9400,1760,3787,1,169.76
9401,6066,1030,1,369.9
9402,7059,4772,1,54.9
9403,9663,1195,1,89.99
9404,7657,2254,1,99.99
9405,7984,845,1,21.99
9406,2909,1337,1,49.9
9407,6748,2673,1,69.9
9408,9674,1894,1,49.9
9409,9553,5107,1,78.99
9410,7131,3339,1,59.9
9411,9820,5515,1,243.89
9412,3001,3068,1,149.9
9413,113,1986,1,154.98
9414,8024,5039,1,52.5
9415,3679,5138,1,39.97
9416,8568,1198,1,44.9
9417,4976,4745,1,669.0
9418,2304,2617,1,79.9
9419,2702,1606,1,299.9
9420,6878,213,1,79.9
9421,4345,310,1,1069.0
9422,434,5845,1,21.99
9423,8732,1108,1,209.0
9424,5489,693,1,144.41
9425,9254,2620,1,63.9
9426,6888,3503,1,59.9
9427,9122,599,1,56.99
9428,1984,6447,1,53.9
9429,9693,600,1,18.99
9430,9525,5518,1,59.0
9431,7426,1050,1,39.95
9432,50,5361,1,56.0
9433,3989,2673,1,69.9
9434,8898,2765,1,449.0
9435,6211,4039,1,124.9
9436,2965,2622,1,36.2
9437,6122,5619,1,23.9
9438,8941,1327,1,29.9
9439,3815,4544,1,57.0
9440,5971,2311,1,85.4
9441,7164,346,1,23.99
9442,833,3228,1,149.9
9443,3289,3616,1,129.9
9444,2243,2639,1,49.0
9445,9526,4558,1,79.9
9446,4754,2435,1,39.99
9447,7001,6382,1,89.99
9448,4331,2924,1,69.9
9449,7406,4776,1,85.0
9450,7406,4776,1,85.0
9451,7044,4718,1,27.3
9452,2599,1660,1,29.1
9453,6471,5739,1,41.9
9454,9774,2429,1,79.9
9455,6488,346,1,23.99
9456,3066,147,1,36.9
9457,46,6609,1,28.45
9458,46,336,1,28.45
9459,8635,5122,1,89.5
9460,990,2810,1,65.0
9461,9537,4679,1,98.7
9462,3996,2802,1,59.0
9463,9205,4184,1,144.9
9464,4710,3849,1,21.88
9465,2614,338,1,14.9
9466,579,4522,1,44.9
9467,579,4522,1,44.9
9468,866,146,1,106.9
9469,6567,3511,1,116.99
9470,6567,3511,1,116.99
9471,828,6171,1,39.99
9472,8054,4126,1,22.48
9473,7817,2521,1,16.99
9474,8155,2526,1,77.99
9475,7035,6283,1,56.99
9476,2876,6682,1,34.5
9477,8679,6366,1,114.9
9478,9762,5629,1,49.99
9479,9762,5629,1,49.99
9480,7543,2785,1,69.0
9481,7543,2785,1,69.0
9482,1150,2802,1,49.0
9483,1150,2802,1,49.0
9484,1774,1377,1,53.49
9485,2285,970,1,252.0
9486,4920,4185,1,19.99
9487,112,5608,1,39.9
9488,112,5608,1,39.9
9489,1488,397,1,14.5
9490,2433,1272,1,109.9
9491,9465,4697,1,119.0
9492,8046,2183,1,36.0
9493,8963,3202,1,180.0
9494,8963,3202,1,180.0
9495,7558,4798,1,89.99
9496,8104,1671,1,119.0
9497,9118,2349,1,137.9
9498,3491,3211,1,309.0
9499,7563,3234,1,119.9
9500,9780,3866,1,159.77
9501,4981,4884,1,59.99
9502,4930,2274,1,24.9
9503,8545,614,1,58.99
9504,5431,4832,1,129.9
9505,603,2990,1,27.9
9506,736,48,1,94.99
9507,107,1178,1,41.99
9508,3236,1495,1,93.0
9509,7639,1972,1,309.9
9510,2772,110,1,159.0
9511,3298,944,1,45.0
9512,2731,3380,1,39.0
9513,2731,3380,1,39.0
9514,2731,3380,1,39.0
9515,2329,3977,1,25.49
9516,1501,6631,1,450.0
9517,6506,562,1,25.0
9518,1660,6105,1,128.9
9519,9589,3146,1,69.9
9520,9589,3146,1,69.9
9521,5001,1028,1,12.49
9522,5001,1028,1,12.49
9523,5001,1028,1,12.49
9524,5001,1028,1,12.49
9525,5001,1028,1,12.49
9526,5001,1028,1,12.49
9527,9160,2435,1,39.99
9528,4886,212,1,74.99
9529,5799,4254,1,188.0
9530,2576,3156,1,213.0
9531,5940,1200,1,15.6
9532,2936,113,1,56.99
9533,8871,6191,1,319.0
9534,6433,4641,1,14.99
9535,1486,4602,1,26.0
9536,1486,5200,1,26.0
9537,1486,3199,1,26.0
9538,1486,1773,1,26.0
9539,4436,6142,1,39.99
9540,2112,2925,1,9.0
9541,707,596,1,380.0
9542,2534,4121,1,117.7
9543,224,4575,1,169.99
9544,9033,1451,1,54.99
9545,8478,250,1,36.9
9546,2714,3937,1,56.99
9547,9128,6307,1,99.9
9548,2776,2006,1,29.9
9549,1703,2934,1,56.0
9550,1703,2934,1,56.0
9551,2045,4126,1,22.48
9552,1579,5246,1,69.9
9553,8017,4921,1,278.0
9554,9506,5179,1,79.0
9555,625,2590,1,857.77
9556,1506,3170,1,29.9
9557,1506,3170,1,29.9
9558,1506,3170,1,29.9
9559,7661,3451,1,32.0
9560,6721,6529,1,59.9
9561,3292,65,1,29.5
9562,9315,54,1,39.9
9563,6685,3068,1,149.9
9564,7527,4823,1,2990.0
9565,1914,518,1,795.0
9566,1729,2513,1,16.9
9567,5017,5877,1,3.9
9568,3028,6410,1,120.0
9569,3028,6410,1,120.0
9570,4970,2459,1,180.0
9571,8124,2585,1,24.99
9572,6040,342,1,149.9
9573,7496,1303,1,176.26
9574,7496,1303,1,176.26
9575,2742,5922,1,198.9
9576,6210,6022,1,65.0
9577,1918,4073,1,45.0
9578,8424,837,1,176.9
9579,8424,5360,1,238.9
9580,8424,5360,1,238.9
9581,8424,837,1,176.9
9582,8337,3511,1,116.99
9583,7223,2702,1,148.9
9584,4190,2774,1,249.99
9585,4679,4512,1,79.99
9586,7320,1004,1,119.8
9587,9242,2279,1,18.9
9588,8163,4297,1,74.9
9589,1257,5134,1,449.9
9590,9342,4308,1,39.9
9591,1303,2322,1,719.99
9592,7663,5285,1,56.99
9593,245,5277,1,99.9
9594,5315,2728,1,180.0
9595,1124,4921,1,295.0
9596,4322,483,1,109.15
9597,7230,1627,1,199.9
9598,7601,927,1,143.8
9599,2276,5579,1,215.56
9600,6140,3600,1,50.0
9601,7419,1087,1,32.99
9602,3100,2830,1,29.0
9603,9551,1300,1,29.9
9604,2251,1493,1,90.0
9605,6378,2808,1,179.9
9606,5668,229,1,129.99
9607,6849,4469,1,119.9
9608,9600,2729,1,54.9
9609,5718,5683,1,13.2
9610,8133,3887,1,121.0
9611,582,5241,1,210.0
9612,9841,1359,1,69.0
9613,642,5160,1,160.0
9614,9222,3120,1,45.9
9615,3659,4211,1,94.9
9616,1843,5384,1,254.0
9617,1263,704,1,634.4
9618,5242,5536,1,79.9
9619,4551,4037,1,99.0
9620,9725,6272,1,59.0
9621,1957,1485,1,59.0
9622,1957,1485,1,59.0
9623,2618,2295,1,89.98
9624,1810,1856,1,29.99
9625,281,2500,1,149.0
9626,8215,715,1,51.0
9627,2412,6135,1,48.9
9628,72,3504,1,49.99
9629,6204,1868,1,70.0
9630,9285,5549,1,69.9
9631,3510,1096,1,12.25
9632,2954,3687,1,136.97
9633,8208,6024,1,109.9
9634,9024,128,1,49.0
9635,3646,4517,1,719.0
9636,7091,566,1,82.8
9637,7748,2019,1,38.25
9638,7748,2019,1,38.25
9639,5888,4395,1,59.9
9640,3476,164,1,24.9
9641,8897,3409,1,750.0
9642,6657,1065,1,359.86
9643,8291,2673,1,69.9
9644,7348,1534,1,119.9
9645,93,2230,1,169.0
9646,1383,1999,1,134.99
9647,572,2837,1,32.99
9648,7545,3215,1,49.9
9649,7309,3837,1,119.9
9650,9298,2699,1,52.99
9651,5472,6666,1,24.9
9652,6285,6462,1,81.9
9653,1788,2072,1,89.9
9654,726,6013,1,179.9
9655,2766,3847,1,40.0
9656,147,4091,1,30.0
9657,1975,5371,1,24.99
9658,1619,2732,1,28.69
9659,2531,4724,1,59.9
9660,8304,4360,1,88.0
9661,6421,4526,1,499.0
9662,8023,4124,1,78.0
9663,564,3024,1,53.9
9664,564,3024,1,53.9
9665,6853,3537,1,107.5
9666,524,4551,1,69.3
9667,9391,1450,1,90.0
9668,6538,771,1,115.9
9669,4864,4017,1,57.83
9670,7625,2523,1,15.32
9671,5164,818,1,179.0
9672,9940,130,1,99.9
9673,6012,657,1,46.99
9674,6335,5282,1,49.9
9675,8327,3596,1,289.9
9676,7491,4784,1,130.0
9677,9349,5211,1,42.9
9678,1755,650,1,227.0
9679,7137,2805,1,99.2
9680,1110,6608,1,19.99
9681,7699,4288,1,19.99
9682,2897,1927,1,88.9
9683,8228,4066,1,36.9
9684,8228,6566,1,49.9
9685,8228,4154,1,64.9
9686,8301,5964,1,24.9
9687,8792,1334,1,49.9
9688,2367,5920,1,95.2
9689,7556,1424,1,59.99
9690,1428,4411,1,16.9
9691,2341,6684,1,119.99
9692,4483,6530,1,89.0
9693,1711,3317,1,339.0
9694,3178,4193,1,55.88
9695,2715,3452,1,59.99
9696,2333,6688,1,32.0
9697,2921,423,1,72.12
9698,4178,1786,1,99.9
9699,7087,556,1,33.0
9700,681,161,1,43.89
9701,8211,1464,1,49.9
9702,4837,555,1,390.0
9703,2015,2141,1,70.0
9704,4120,4187,1,64.9
9705,9001,1753,1,105.0
9706,1228,618,1,169.9
9707,3716,2139,1,38.9
9708,2706,975,1,34.49
9709,7910,3830,1,39.8
9710,1141,1771,1,1988.0
9711,3740,6419,1,29.99
9712,4631,5786,1,9.99
9713,5845,3046,1,59.0
9714,4977,2887,1,49.0
9715,4977,3814,1,45.0
9716,7285,2766,1,176.99
9717,7707,615,1,229.0
9718,9388,3129,1,99.0
9719,9803,6107,1,84.9
9720,8003,5216,1,538.9
9721,8135,4837,1,69.99
9722,1989,6512,1,24.9
9723,6962,882,1,59.9
9724,6962,882,1,59.9
9725,9053,2432,1,79.0
9726,2019,6182,1,1850.0
9727,8253,1854,1,286.4
9728,513,1812,1,65.0
9729,8338,1877,1,51.9
9730,9770,2475,1,199.0
9731,841,3508,1,149.9
9732,7831,292,1,57.49
9733,4086,3443,1,30.9
9734,4086,3443,1,30.9
9735,6711,2678,1,138.0
9736,5328,3739,1,56.99
9737,10,4424,1,13.65
9738,3445,396,1,859.0
9739,6763,6175,1,199.9
9740,257,2827,1,49.99
9741,7832,5902,1,59.9
9742,1158,2103,1,132.76
9743,6846,3737,1,147.9
9744,5478,1451,1,55.0
9745,9846,1091,1,55.0
9746,3207,352,1,34.99
9747,2461,13,1,29.9
9748,8227,1306,1,41.99
9749,6909,3890,1,159.9
9750,4052,5,1,618.0
9751,7439,3617,1,12.0
9752,5109,3685,1,140.0
9753,7593,5012,1,139.9
9754,3326,5983,1,83.0
9755,8266,5801,1,39.9
9756,8266,2551,1,39.9
9757,4859,1861,1,29.9
9758,4859,820,1,29.9
9759,5262,4895,1,56.99
9760,7072,1001,1,44.9
9761,7072,1001,1,44.9
9762,6605,335,1,598.0
9763,1392,1333,1,199.99
9764,6936,3353,1,125.0
9765,4862,1932,1,49.9
9766,4862,1932,1,49.9
9767,5819,2802,1,53.9
9768,5087,2685,1,12.9
9769,2142,1980,1,16.9
9770,9500,5834,1,59.9
9771,2595,3246,1,325.0
9772,8070,3590,1,56.97
9773,5338,378,1,89.9
9774,3398,5806,1,469.0
9775,2235,5866,1,99.0
9776,8354,3930,1,49.99
9777,1427,4111,1,159.99
9778,7475,6219,1,269.9
9779,5120,2014,1,49.9
9780,2884,5204,1,109.9
9781,5708,5223,1,19.5
9782,5708,5448,1,19.9
9783,878,5958,1,105.0
9784,677,5179,1,79.0
9785,677,563,1,98.9
9786,880,3153,1,169.0
9787,3712,5372,1,35.9
9788,6535,1671,1,149.99
9789,6535,5005,1,179.99
9790,2487,2961,1,99.9
9791,9115,2010,1,57.5
9792,925,2022,1,14.6
9793,2593,1589,1,179.99
9794,2740,1431,1,66.55
9795,2740,1431,1,66.55
9796,8119,6518,1,49.9
9797,9975,6351,1,58.9
9798,5895,6614,1,25.9
9799,69,182,1,53.44
9800,5428,5187,1,189.99
9801,9099,6159,1,35.9
9802,5865,4040,1,25.99
9803,4788,5826,1,99.9
9804,1801,5497,1,59.9
9805,7176,4899,1,135.9
9806,8404,294,1,116.94
9807,9607,5571,1,79.99
9808,9607,5571,1,79.99
9809,4570,4626,1,69.9
9810,7418,2368,1,245.0
9811,5902,5376,1,712.5
9812,3120,5148,1,34.8
9813,3874,2865,1,84.99
9814,5135,3947,1,29.0
9815,3269,1671,1,119.0
9816,2973,580,1,29.9
9817,3362,4658,1,35.0
9818,2426,947,1,59.9
9819,6120,906,1,19.9
9820,1059,516,1,27.99
9821,393,4309,1,79.99
9822,8322,5688,1,48.9
9823,9933,5494,1,38.59
9824,9933,5494,1,38.59
9825,9933,5494,1,38.59
9826,9933,5494,1,38.59
9827,9933,5494,1,38.59
9828,2826,5025,1,869.99
9829,6484,4059,1,74.9
9830,5438,4006,1,49.99
9831,862,6605,1,107.9
9832,7278,146,1,106.9
9833,4617,3591,1,1599.0
9834,4255,1204,1,20.0
9835,5642,4477,1,36.99
9836,2399,5539,1,599.0
9837,5882,5183,1,101.0
9838,8252,1775,1,55.0
9839,8427,1394,1,99.99
9840,7442,5870,1,109.0
9841,8324,3049,1,100.0
9842,8324,3049,1,100.0
9843,836,1188,1,33.0
9844,8305,4434,1,49.9
9845,1645,2635,1,39.9
9846,993,6265,1,29.99
9847,993,4312,1,29.99
9848,993,1608,1,29.99
9849,5950,664,1,19.9
9850,1773,6229,1,110.0
9851,3631,3603,1,239.9
9852,5785,3577,1,49.9
9853,149,2672,1,529.0
9854,3437,765,1,55.0
9855,9403,2151,1,20.9
9856,2013,6571,1,49.99
9857,6282,5419,1,119.9
9858,7711,3247,1,99.0
9859,1314,6322,1,30.4
9860,1203,4229,1,53.0
9861,1203,4229,1,53.0
9862,6924,6321,1,2.99
9863,5510,5300,1,2699.0
9864,7809,599,1,56.99
9865,6369,1256,1,239.0
9866,4064,3745,1,89.9
9867,662,5873,1,199.7
9868,3029,1590,1,35.0
9869,2724,1789,1,57.9
9870,51,1199,1,28.99
9871,8014,916,1,89.99
9872,4031,2254,1,79.9
9873,1419,490,1,109.18
9874,3436,1145,1,68.9
9875,5777,1865,1,19.9
9876,7053,3278,1,21.9
9877,4784,697,1,33.6
9878,9087,490,1,89.18
9879,9090,4754,1,79.9
9880,7241,3306,1,128.0
9881,5043,678,1,74.0
9882,6764,6372,1,49.9
9883,5392,2802,1,59.9
9884,2586,694,1,74.9
9885,3339,721,1,115.0
9886,3846,5497,1,59.9
9887,6916,350,1,174.9
9888,7718,6119,1,159.0
9889,4889,1210,1,99.9
9890,2625,6199,1,32.0
9891,2625,6199,1,32.0
9892,1048,3016,1,119.9
9893,7330,2144,1,31.9
9894,1451,1837,1,99.9
9895,4641,4293,1,47.99
9896,3376,2673,1,69.9
9897,771,617,1,169.99
9898,6554,466,1,129.0
9899,4344,3185,1,259.0
9900,3891,6689,1,69.9
9901,4131,332,1,153.0
9902,5133,1790,1,39.9
9903,9427,3636,1,149.0
9904,8634,3860,1,99.99
9905,3721,5088,1,55.0
9906,9139,2410,1,179.0
9907,7845,6613,1,29.99
9908,1646,2778,1,11.95
9909,4011,4041,1,375.0
9910,5284,2918,1,230.0
9911,3072,1886,1,748.0
9912,1935,6153,1,53.9
9913,478,4457,1,12.9
9914,478,4457,1,12.9
9915,4269,5328,1,110.32
9916,4112,575,1,75.89
9917,4106,6534,1,85.0
9918,1301,4124,1,78.0
9919,5414,1963,1,385.0
9920,7520,4339,1,61.8
9921,4550,5715,1,210.9
9922,2892,4847,1,345.0
9923,8423,6014,1,409.9
9924,3858,4377,1,169.9
9925,9777,3246,1,325.0
9926,7796,175,1,29.9
9927,7796,175,1,29.9
9928,1394,380,1,119.9
9929,3254,6540,1,22.49
9930,7120,3700,1,600.0
9931,3525,4121,1,119.9
9932,9870,3380,1,39.0
9933,9870,4073,1,49.9
9934,3848,2721,1,93.0
9935,5193,4222,1,89.9
9936,3197,5656,1,219.9
9937,6431,1275,1,27.19
9938,9760,6178,1,109.99
9939,9253,1945,1,89.9
9940,5822,1639,1,89.63
9941,1648,5842,1,217.34
9942,4560,238,1,20.9
9943,6146,2638,1,129.9
9944,6848,6644,1,59.0
9945,3266,5,1,572.0
9946,1576,3483,1,29.0
9947,1576,2194,1,49.0
9948,670,6266,1,48.4
9949,4247,364,1,41.0
9950,2216,3765,1,150.49
9951,5857,3739,1,56.99
9952,1962,6534,1,75.0
9953,2717,5202,1,29.89
9954,1946,3126,1,27.3
9955,6437,2802,1,53.9
9956,6743,5669,1,12.97
9957,1671,4285,1,94.9
9958,1877,1417,1,13.65
9959,3008,6217,1,199.99
9960,3184,4183,1,86.9
9961,6236,1834,1,44.99
9962,8339,2593,1,899.99
9963,2621,2199,1,84.99
9964,9225,2772,1,120.0
9965,8365,3117,1,129.9
9966,2654,3856,1,109.0
9967,3317,3652,1,64.99
9968,1194,1127,1,59.99
9969,1194,6293,1,49.9
9970,7371,6171,1,39.99
9971,6500,5533,1,23.49
9972,2007,5513,1,29.99
9973,3857,3705,1,136.0
9974,9718,3187,1,386.75
9975,5355,5190,1,32.9
9976,2780,1049,1,37.9
9977,1853,509,1,44.95
9978,3329,3042,1,61.0
9979,3329,3042,1,61.0
9980,9482,1852,1,99.9
9981,2325,932,1,53.9
9982,9625,1868,1,65.0
9983,4664,1904,1,38.0
9984,9810,5162,1,84.9
9985,5873,2015,1,179.9
9986,8207,1671,1,149.99
9987,6548,4207,1,14.35
9988,2076,131,1,79.0
9989,4855,2386,1,22.0
9990,7291,2195,1,31.9
9991,6005,6106,1,31.9
9992,8361,492,1,59.9
9993,635,2865,1,84.99
9994,1677,3068,1,164.9
9995,4171,3493,1,29.9
9996,9817,5385,1,169.9
9997,5396,3948,1,45.9
9998,5396,3948,1,45.9
9999,1290,1696,1,94.9
10000,626,3361,1,49.98
10001,1450,4563,1,118.9
10002,6706,106,1,113.57
10003,4051,764,1,27.9
10004,3759,5359,1,949.0
10005,3759,4833,1,1230.0
10006,4211,3246,1,325.0
10007,1046,4261,1,159.9
10008,286,1506,1,19.9
10009,331,2654,1,89.99
10010,3333,3506,1,189.98
10011,1577,6566,1,49.9
10012,1577,4066,1,36.9
10013,3337,2054,1,139.77
10014,6580,3341,1,266.78
10015,8043,5311,1,14.49
10016,8043,5311,1,14.49
10017,9330,5998,1,137.94
10018,5409,3093,1,47.0
10019,6346,4097,1,85.9
10020,1606,5809,1,194.97
10021,3457,4662,1,173.99
10022,339,3767,1,59.9
10023,339,3767,1,59.9
10024,339,3767,1,59.9
10025,3531,6194,1,12.0
10026,3531,6194,1,12.0
10027,17,2767,1,379.0
10028,8458,4606,1,6.35
10029,8458,4606,1,6.35
10030,6094,4379,1,34.9
10031,6094,4379,1,34.9
10032,9433,546,1,104.99
10033,8496,5913,1,35.9
10034,1062,1207,1,44.99
10035,4254,6484,1,82.59
10036,2287,5893,1,99.0
10037,2115,2643,1,39.9
10038,2115,775,1,113.0
10039,2115,3130,1,44.35
10040,2115,2643,1,39.9
10041,4028,6108,1,54.9
10042,4083,4612,1,22.5
10043,5860,595,1,78.0
10044,5025,5910,1,149.9
10045,5729,3280,1,89.0
10046,4621,700,1,45.9
10047,7897,683,1,249.99
10048,160,1721,1,139.0
10049,5437,4586,1,29.99
10050,5979,5347,1,29.9
10051,5979,5347,1,29.9
10052,5979,5347,1,29.9
10053,850,1173,1,69.99
10054,5732,4985,1,129.9
10055,1201,1229,1,44.9
10056,1103,2134,1,855.0
10057,8373,3127,1,83.88
10058,5511,1158,1,269.9
10059,4004,4375,1,59.9
10060,4004,4375,1,59.9
10061,1524,3682,1,39.0
10062,9613,3873,1,124.7
10063,8080,4507,1,25.0
10064,341,1861,1,29.9
10065,3605,5749,1,25.99
10066,7335,5044,1,20.0
10067,8861,736,1,49.0
10068,8727,5363,1,75.0
10069,2328,3002,1,61.9
10070,1919,3738,1,70.0
10071,3486,3778,1,199.0
10072,426,4124,1,78.0
10073,4175,6328,1,69.99
10074,2499,1687,1,35.0
10075,7029,4945,1,21.99
10076,4432,824,1,429.9
10077,447,32,1,739.0
10078,4909,5460,1,144.99
10079,3715,786,1,199.0
10080,6590,5324,1,35.9
10081,2707,2138,1,49.9
10082,8279,549,1,54.9
10083,9821,537,1,29.0
10084,218,5025,1,689.0
10085,4415,5445,1,98.0
10086,3277,4445,1,329.0
10087,1949,3972,1,104.9
10088,6869,3229,1,29.9
10089,7162,4604,1,212.0
10090,5112,216,1,8.99
10091,5112,216,1,8.99
10092,5112,216,1,8.99
10093,5112,216,1,8.99
10094,3860,5747,1,34.7
10095,7039,701,1,55.3
10096,8075,5459,1,120.0
10097,6826,2913,1,99.9
10098,761,4542,1,379.0
10099,597,6441,1,149.0
10100,7181,5931,1,195.0
10101,3026,3202,1,180.0
10102,3026,3202,1,180.0
10103,5117,4510,1,54.9
10104,2541,3443,1,24.9
10105,5247,2206,1,39.9
10106,6616,1228,1,69.9
10107,4954,1432,1,189.9
10108,8639,1801,1,16.99
10109,5422,1003,1,89.99
10110,948,5671,1,54.9
10111,9713,1671,1,119.0
10112,2708,5512,1,142.0
10113,9310,3699,1,19.9
10114,9172,4278,1,35.9
10115,6420,3247,1,99.0
10116,342,5470,1,59.9
10117,7612,6518,1,59.9
10118,1641,4327,1,115.0
10119,5426,1994,1,110.0
10120,7606,6045,1,74.9
10121,961,5388,1,95.0
10122,8720,4722,1,56.99
10123,8615,5171,1,379.9
10124,1300,1272,1,109.9
10125,6288,6649,1,109.9
10126,4059,3055,1,9.0
10127,6412,1039,1,129.0
10128,5531,5286,1,219.98
10129,3593,5847,1,69.9
10130,6320,2996,1,19.9
10131,6320,2996,1,19.9
10132,8330,1557,1,119.9
10133,3870,4686,1,69.99
10134,3870,6435,1,69.99
10135,3870,214,1,69.99
10136,3870,3863,1,69.99
10137,3870,2820,1,69.99
10138,3870,4937,1,69.99
10139,3222,3011,1,67.99
10140,2887,4812,1,59.9
10141,3057,4677,1,1260.0
10142,6756,5506,1,39.0
10143,7732,5055,1,127.0
10144,7732,5055,1,127.0
10145,2484,252,1,75.0
10146,1681,488,1,24.9
10147,616,3202,1,140.0
10148,214,185,1,35.0
10149,6216,4834,1,200.0
10150,7967,5925,1,24.9
10151,1385,2618,1,249.9
10152,3881,2435,1,39.99
10153,1018,530,1,19.9
10154,1018,530,1,19.9
10155,332,6629,1,96.0
10156,6462,6106,1,31.9
10157,6241,2303,1,227.07
10158,2999,3615,1,339.2
10159,3297,764,1,27.9
10160,3978,640,1,19.9
10161,486,2246,1,119.34
10162,386,796,1,19.9
10163,7943,5926,1,169.9
10164,5808,926,1,89.99
10165,804,1083,1,39.9
10166,4309,3004,1,348.99
10167,5709,3911,1,69.9
10168,2201,6191,1,277.99
10169,2829,1671,1,139.99
10170,4027,463,1,167.0
10171,2738,1513,1,58.0
10172,9037,4360,1,99.0
10173,4386,6106,1,31.9
10174,5528,4027,1,88.9
10175,8703,4835,1,116.9
10176,727,715,1,48.89
10177,1044,5094,1,21.99
10178,9621,5638,1,22.5
10179,9621,5638,1,22.5
10180,2348,6304,1,24.9
10181,8196,2129,1,108.9
10182,8196,2129,1,108.9
10183,8196,2129,1,108.9
10184,8196,2129,1,108.9
10185,8196,2129,1,108.9
10186,8196,2129,1,108.9
10187,754,5423,1,48.9
10188,7945,1258,1,324.9
10189,3810,787,1,1299.9
10190,2162,4060,1,34.9
10191,143,3445,1,59.9
10192,1875,5703,1,48.0
10193,7528,2512,1,245.0
10194,1361,2158,1,119.9
10195,4533,2789,1,124.9
10196,7963,608,1,278.0
10197,6418,2894,1,39.9
10198,8254,5237,1,54.9
10199,915,4337,1,37.5
10200,5796,1860,1,94.9
10201,5796,4695,1,28.0
10202,461,3852,1,24.9
10203,759,3722,1,32.0
10204,9006,1737,1,379.9
10205,9766,4046,1,87.9
10206,4480,6518,1,49.9
10207,7390,4826,1,109.0
10208,3475,2085,1,34.9
10209,808,3006,1,179.0
10210,3012,756,1,249.0
10211,885,5589,1,69.9
10212,9545,785,1,22.32
10213,4742,2309,1,150.0
10214,7521,3467,1,34.99
10215,7826,5191,1,79.9
10216,2596,4864,1,49.99
10217,6533,34,1,49.0
10218,6533,34,1,49.0
10219,6867,5661,1,78.0
10220,9343,6485,1,119.0
10221,7566,1193,1,219.9
10222,2537,6054,1,69.9
10223,9851,1760,1,79.9
10224,2793,5960,1,277.0
10225,2793,5960,1,277.0
10226,2793,5960,1,277.0
10227,3400,4136,1,54.0
10228,6666,579,1,169.99
10229,2039,2519,1,287.0
10230,6283,5813,1,64.6
10231,4652,1875,1,104.9
10232,5966,2295,1,79.98
10233,3638,1453,1,57.5
10234,7404,2329,1,78.0
10235,7404,2329,1,78.0
10236,1886,2665,1,45.0
10237,1804,808,1,24.49
10238,1425,6026,1,524.9
10239,9781,1919,1,99.0
10240,2226,3590,1,56.97
10241,8986,1052,1,24.89
10242,8834,3395,1,99.0
10243,493,5051,1,189.0
10244,7922,5558,1,110.0
10245,6286,2845,1,503.34
10246,288,3860,1,82.99
10247,960,3186,1,134.49
10248,3603,5710,1,219.9
10249,4565,146,1,99.9
10250,2069,1008,1,55.0
10251,2069,1008,1,55.0
10252,599,4574,1,172.01
10253,3787,3530,1,173.9
10254,13,4817,1,139.9
10255,9844,5346,1,62.99
10256,9499,582,1,36.0
10257,4111,6579,1,103.99
10258,7487,5556,1,20.3
10259,8817,3950,1,9.9
10260,9682,1079,1,39.99
10261,3839,2908,1,99.0
10262,4429,1232,1,24.0
10263,3844,2200,1,137.9
10264,5577,4372,1,127.99
10265,2223,810,1,250.0
10266,5251,3152,1,78.0
10267,1633,4612,1,22.5
10268,9533,6677,1,36.0
10269,4382,1786,1,99.9
10270,473,1388,1,18.9
10271,2549,5392,1,110.0
10272,6137,737,1,169.9
10273,6137,2499,1,399.0
10274,5165,1395,1,37.0
10275,5753,4104,1,129.99
10276,8498,1485,1,49.9
10277,9892,5910,1,149.9
10278,2418,4733,1,83.41
10279,9753,5204,1,119.9
10280,4763,3279,1,229.9
10281,2131,3246,1,330.0
10282,2131,1510,1,188.0
10283,5786,4997,1,56.99
10284,5678,4702,1,39.9
10285,9144,613,1,110.9
10286,1502,5595,1,24.99
10287,2762,53,1,49.0
10288,6627,746,1,2199.0
10289,5101,1749,1,119.9
10290,2421,5246,1,107.63
10291,4457,4840,1,106.0
10292,4216,6097,1,99.9
10293,2273,6004,1,122.99
10294,1426,853,1,129.98
10295,7022,5138,1,39.97
10296,3340,6438,1,38.0
10297,3314,2848,1,110.32
10298,3314,2848,1,110.32
10299,3314,2848,1,110.32
10300,3314,2848,1,110.32
10301,154,3330,1,989.0
10302,7516,6060,1,150.0
10303,126,4607,1,528.9
10304,9965,5647,1,24.9
10305,1476,970,1,299.99
10306,1306,1516,1,129.9
10307,7185,146,1,120.0
10308,4099,3823,1,499.0
10309,7488,2150,1,13.0
10310,1393,1451,1,77.67
10311,8271,5635,1,23.65
10312,2811,3115,1,29.0
10313,2811,3483,1,29.0
10314,2811,537,1,29.0
10315,2811,5137,1,49.0
10316,6539,2317,1,29.0
10317,6539,2317,1,29.0
10318,6776,5969,1,56.0
10319,1494,5005,1,179.0
10320,9007,3178,1,29.99
10321,4735,748,1,12.5
10322,9274,2266,1,499.0
10323,2844,1486,1,112.0
10324,7200,3598,1,479.9
10325,7530,4035,1,15.9
10326,4408,6663,1,49.99
10327,6820,4034,1,14.33
10328,6820,4034,1,14.33
10329,6820,4034,1,14.33
10330,6820,4034,1,14.33
10331,3992,3898,1,23.99
10332,8658,206,1,59.0
10333,3981,2537,1,55.0
10334,9669,3531,1,205.0
10335,1286,1988,1,39.99
10336,1238,6198,1,1350.0
10337,8849,6414,1,35.0
10338,8849,6414,1,35.0
10339,1088,3843,1,15.9
10340,8528,2629,1,159.9
10341,8036,383,1,42.3
10342,2550,1300,1,29.9
10343,2804,3087,1,299.0
10344,3523,1445,1,34.2
10345,9384,4961,1,149.9
10346,5134,2853,1,69.9
10347,6315,5572,1,119.99
10348,5425,4360,1,88.0
10349,760,6292,1,18.9
10350,5606,6585,1,16.9
10351,3470,1555,1,55.0
10352,3470,1555,1,55.0
10353,9467,1585,1,36.75
10354,5401,1341,1,69.9
10355,7307,2973,1,89.99
10356,8816,4843,1,193.0
10357,2393,1032,1,27.53
10358,2393,1032,1,27.53
10359,4919,99,1,34.9
10360,9584,1735,1,18.9
10361,7794,6026,1,524.9
10362,8969,6481,1,39.99
10363,3830,2258,1,29.9
10364,3830,2258,1,29.9
10365,3830,2258,1,29.9
10366,3449,4568,1,56.99
10367,2176,4169,1,49.9
10368,4033,85,1,179.49
10369,1706,204,1,42.89
10370,2696,5676,1,369.99
10371,5020,4619,1,29.9
10372,802,314,1,198.0
10373,2509,6441,1,149.0
10374,3286,2756,1,114.9
10375,3174,1480,1,39.0
10376,9749,5725,1,29.79
10377,9749,2755,1,24.99
10378,7733,540,1,229.9
10379,3687,566,1,73.0
10380,4761,4965,1,42.99
10381,490,2677,1,11.55
10382,4665,337,1,319.9
10383,8506,5980,1,152.0
10384,4961,167,1,139.0
10385,8428,5966,1,109.9
10386,1658,3853,1,94.0
10387,7515,3212,1,299.99
10388,6238,3051,1,34.9
10389,8824,3952,1,44.99
10390,2020,2970,1,15.0
10391,3111,6458,1,18.9
10392,362,417,1,19.89
10393,498,6547,1,126.99
10394,8313,5562,1,69.9
10395,3813,6513,1,69.9
10396,2120,305,1,129.99
10397,2444,4060,1,34.9
10398,2444,4060,1,34.9
10399,3589,1567,1,29.9
10400,2928,2702,1,154.9
10401,6656,6074,1,104.0
10402,4115,4973,1,69.99
10403,5008,5430,1,899.0
10404,8007,1488,1,59.99
10405,9767,3334,1,79.27
10406,8095,2049,1,95.92
10407,2392,351,1,99.9
10408,9081,2555,1,104.9
10409,3423,5958,1,108.0
10410,9367,2802,1,59.9
10411,9564,1892,1,159.9
10412,3883,1813,1,89.9
10413,7440,2931,1,194.0
10414,7071,4283,1,29.99
10415,3130,3430,1,52.9
10416,9448,5852,1,21.9
10417,6735,464,1,168.0
10418,2161,3383,1,68.0
10419,3454,3418,1,790.0
10420,7970,6606,1,34.95
10421,6759,4375,1,49.0
10422,196,1879,1,319.9
10423,6041,4446,1,22.99
10424,1544,6153,1,59.9
10425,1544,6153,1,59.9
10426,1544,6153,1,59.9
10427,5448,283,1,999.99
10428,9359,4370,1,34.9
10429,8875,2899,1,149.9
10430,889,2346,1,36.9
10431,633,5712,1,256.0
10432,4349,6153,1,59.9
10433,1945,5293,1,12.98
10434,4138,5785,1,56.89
10435,6490,4726,1,265.0
10436,6248,4341,1,136.26
10437,1319,2990,1,27.9
10438,8885,6248,1,31.46
10439,8885,3459,1,32.0
10440,4842,4243,1,99.0
10441,5073,152,1,29.99
10442,1545,2869,1,39.0
10443,4756,2122,1,18.9
10444,8855,5679,1,184.9
10445,4658,1661,1,38.89
10446,7077,6382,1,89.99
10447,1187,1945,1,86.9
10448,2331,5910,1,149.9
10449,6540,3753,1,15.9
10450,3614,599,1,56.99
10451,1857,5318,1,12.9
10452,6314,6325,1,56.0
10453,565,2071,1,20.4
10454,921,2563,1,87.99
10455,4406,6281,1,19.49
10456,4794,1530,1,84.99
10457,4095,4521,1,139.9
10458,2258,4316,1,57.8
10459,2258,2814,1,51.8
10460,217,503,1,89.9
10461,8582,4297,1,76.25
10462,4025,3986,1,319.0
10463,7268,2392,1,99.9
10464,6402,1381,1,139.0
10465,9266,6411,1,72.5
10466,1222,5219,1,82.99
10467,6652,6462,1,82.0
10468,8187,4268,1,69.5
10469,608,6195,1,224.5
10470,6499,3527,1,19.0
10471,8357,3125,1,39.9
10472,3399,4652,1,39.9
10473,9138,6251,1,49.77
10474,8090,3326,1,309.0
10475,1130,6074,1,104.0
10476,1130,5893,1,110.0
10477,8448,6282,1,27.9
10478,2629,3538,1,129.0
10479,799,6153,1,49.9
10480,8775,2531,1,284.0
10481,2246,4713,1,20.89
10482,2246,4713,1,20.89
10483,2246,4713,1,20.89
10484,8440,474,1,69.99
10485,7722,1235,1,102.0
10486,669,2810,1,65.0
10487,890,5059,1,89.7
10488,6709,1529,1,27.9
10489,895,1929,1,250.0
10490,3082,5014,1,45.0
10491,4721,4534,1,88.9
10492,4721,4534,1,88.9
10493,7600,1195,1,89.99
10494,470,1649,1,16.9
10495,470,3251,1,16.9
10496,470,5941,1,16.9
10497,470,5941,1,16.9
10498,6245,5360,1,238.9
10499,5184,3207,1,789.0
10500,9213,917,1,24.99
10501,5161,1350,1,9.8
10502,9678,2550,1,66.3
10503,905,964,1,190.32
10504,905,3665,1,190.32
10505,3294,3685,1,120.0
10506,6795,4572,1,49.99
10507,401,871,1,22.99
10508,9489,6156,1,14.49
10509,7009,599,1,56.99
10510,7002,1195,1,89.99
10511,2699,5600,1,179.49
10512,3693,274,1,35.9
10513,7351,1725,1,149.88
10514,7351,1725,1,149.88
10515,7351,1725,1,149.88
10516,7351,1725,1,149.88
10517,1356,2535,1,116.0
10518,4125,6361,1,73.35
10519,8118,5444,1,19.99
10520,679,2307,1,169.9
10521,1343,1945,1,89.9
10522,8381,4921,1,334.89
10523,1712,418,1,69.9
10524,6476,766,1,84.9
10525,2860,1112,1,109.9
10526,7086,6093,1,89.99
10527,6558,5577,1,339.8
10528,4438,3246,1,330.0
10529,8845,2489,1,99.9
10530,8645,4375,1,59.9
10531,8645,6153,1,59.9
10532,1583,3833,1,79.9
10533,5384,1715,1,59.99
10534,4987,5066,1,25.9
10535,2889,6125,1,68.88
10536,4622,4063,1,18.9
10537,4749,4943,1,39.0
10538,596,3100,1,150.0
10539,596,3100,1,150.0
10540,5879,5299,1,27.5
10541,6481,2791,1,655.0
10542,6340,165,1,152.4
10543,5107,6452,1,27.99
10544,508,1671,1,119.0
10545,3779,3172,1,169.99
10546,8881,6121,1,248.0
10547,9847,5043,1,69.89
10548,6232,2177,1,78.9
10549,3060,2673,1,75.0
10550,423,2846,1,79.9
10551,5533,1156,1,12.99
10552,9324,530,1,19.9
10553,9705,6596,1,135.0
10554,9705,5722,1,134.99
10555,3584,4694,1,269.9
10556,8552,3119,1,97.0
10557,4419,4680,1,229.99
10558,496,5760,1,138.0
10559,496,5760,1,138.0
10560,4716,932,1,49.9
10561,8378,3006,1,139.0
10562,4160,5764,1,99.9
10563,9997,3400,1,64.9
10564,8522,409,1,19.9
10565,1834,1671,1,119.0
10566,1004,2930,1,29.5
10567,1870,3074,1,24.99
10568,6367,3368,1,898.0
10569,4614,748,1,12.5
10570,870,6251,1,49.77
10571,216,5864,1,810.0
10572,2188,516,1,29.99
10573,5381,1928,1,580.27
10574,8530,6065,1,67.8
10575,5177,649,1,229.99
10576,7965,353,1,61.0
10577,8233,4618,1,399.0
10578,9422,5994,1,23.99
10579,4407,6417,1,199.0
10580,6098,3381,1,229.9
10581,7886,4610,1,35.0
10582,2229,5084,1,59.9
10583,2229,5084,1,59.9
10584,2229,5084,1,59.9
10585,2229,5084,1,59.9
10586,4698,3943,1,65.0
10587,3044,1671,1,149.99
10588,4339,2622,1,19.9
10589,4339,2622,1,19.9
10590,4637,893,1,254.9
10591,4802,4286,1,46.5
10592,5190,3175,1,39.9
10593,5190,3175,1,39.9
10594,5659,1304,1,119.6
10595,5659,1304,1,119.6
10596,559,3252,1,83.23
10597,9971,3704,1,18.9
10598,9175,5167,1,79.9
10599,414,3677,1,1999.0
10600,6352,6148,1,129.8
10601,3948,5508,1,248.99
10602,7584,3444,1,28.56
10603,1236,5398,1,309.9
10604,1236,5398,1,309.9
10605,4625,2089,1,129.9
10606,4090,930,1,259.9
10607,5200,4926,1,185.0
10608,933,1431,1,60.5
10609,1058,5591,1,109.9
10610,233,1863,1,179.9
10611,6242,3831,1,45.0
10612,9834,1508,1,239.9
10613,9914,5851,1,39.0
10614,1135,987,1,81.9
10615,3131,2435,1,39.99
10616,8011,3722,1,32.0
10617,1912,1945,1,79.9
10618,7998,4169,1,54.9
10619,9491,3377,1,108.0
10620,3595,4963,1,49.99
10621,86,3048,1,289.9
10622,86,3048,1,289.9
10623,668,2138,1,57.9
10624,366,2067,1,266.0
10625,3804,1170,1,1199.95
10626,1593,1750,1,453.96
10627,9011,3396,1,189.0
10628,5923,218,1,149.9
10629,3821,5824,1,96.8
10630,4296,3675,1,36.0
10631,5644,2529,1,36.9
10632,8093,4278,1,35.9
10633,5417,6663,1,49.99
10634,1683,927,1,143.8
10635,5544,5149,1,44.9
10636,5544,4370,1,38.9
10637,7742,1628,1,59.0
10638,8844,4635,1,149.0
10639,8730,6324,1,169.99
10640,380,958,1,21.42
10641,2491,5076,1,157.77
10642,3727,3694,1,19.9
10643,3358,6049,1,225.5
10644,7709,1772,1,159.0
10645,5740,5334,1,99.0
10646,5740,5334,1,99.0
10647,4819,5411,1,17.99
10648,6489,2343,1,89.9
10649,5097,5841,1,79.9
10650,6223,477,1,17.9
10651,5320,1335,1,104.0
10652,4474,2530,1,24.99
10653,4474,3644,1,99.0
10654,682,1207,1,44.99
10655,722,3986,1,299.0
10656,2453,87,1,104.49
10657,6714,5818,1,98.44
10658,5980,4457,1,12.9
10659,5980,4457,1,12.9
10660,5980,4457,1,12.9
10661,2057,3230,1,349.0
10662,4401,6577,1,229.99
10663,3556,2975,1,55.0
10664,3556,2838,1,49.0
10665,2682,5229,1,179.9
10666,3468,1491,1,39.99
10667,5774,4767,1,24.9
10668,7138,5804,1,39.0
10669,3140,3201,1,219.9
10670,4949,3790,1,39.9
10671,7829,3862,1,44.99
10672,7829,3862,1,44.99
10673,8793,3676,1,14.9
10674,8793,434,1,29.9
10675,8793,488,1,24.9
10676,8793,4506,1,29.9
10677,7333,6405,1,19.99
10678,2380,6164,1,189.0
10679,8431,1009,1,74.99
10680,9258,3384,1,48.9
10681,3368,712,1,49.9
10682,8711,1749,1,109.9
10683,2402,4617,1,79.9
10684,1510,6331,1,79.9
10685,2679,3980,1,94.9
10686,1183,5874,1,59.99
10687,3388,3638,1,94.9
10688,383,6685,1,29.9
10689,3533,6470,1,118.9
10690,3708,5263,1,199.0
10691,6182,6615,1,59.9
10692,6496,1633,1,180.0
10693,6496,2218,1,113.0
10694,4070,3949,1,34.9
10695,5434,3403,1,459.0
10696,5434,3403,1,459.0
10697,4308,5653,1,189.0
10698,7143,3485,1,160.0
10699,1944,4282,1,380.0
10700,313,1945,1,86.9
10701,9181,6518,1,59.9
10702,8659,2005,1,49.95
10703,6358,4553,1,149.99
10704,1443,1098,1,119.97
10705,5063,4971,1,109.9
10706,792,2174,1,49.99
10707,6917,1118,1,199.99
10708,5859,4124,1,78.0
10709,1063,53,1,55.0
10710,6904,2673,1,69.9
10711,2953,1620,1,169.99
10712,4270,866,1,88.99
10713,5440,2147,1,105.0
10714,4336,1712,1,29.3
10715,4336,1712,1,29.3
10716,667,5486,1,279.9
10717,8625,2892,1,229.99
10718,7179,819,1,275.0
10719,8126,5201,1,19.9
10720,2107,5042,1,21.5
10721,766,5066,1,25.9
10722,8489,6437,1,101.65
10723,4654,4783,1,39.9
10724,4654,4783,1,39.9
10725,7643,1667,1,39.9
10726,9132,2733,1,159.99
10727,8701,924,1,59.9
10728,1565,4599,1,32.9
10729,6097,476,1,127.0
10730,842,5483,1,129.9
10731,1615,559,1,97.9
10732,5842,1289,1,47.81
10733,3941,3570,1,199.9
10734,1499,3593,1,59.9
10735,7562,223,1,124.9
10736,9308,3405,1,59.9
10737,7971,628,1,38.99
10738,7971,628,1,38.99
10739,7971,628,1,38.99
10740,7971,5548,1,49.99
10741,9103,2640,1,19.9
10742,8015,5931,1,205.0
10743,3360,6072,1,179.0
10744,8321,3246,1,330.0
10745,6607,6382,1,89.99
10746,7199,176,1,49.0
10747,4767,4921,1,155.97
10748,8892,4550,1,79.9
10749,8892,4550,1,79.9
10750,2919,6513,1,69.9
10751,2919,6513,1,69.9
10752,2919,6513,1,69.9
10753,9074,3800,1,29.9
10754,9230,614,1,58.99
10755,7693,5383,1,230.98
10756,7830,6095,1,39.9
10757,4544,2492,1,59.89
10758,6131,638,1,46.9
10759,5171,1369,1,149.9
10760,2989,3750,1,179.99
10761,2989,2210,1,139.0
10762,4630,2703,1,70.97
10763,3733,1228,1,69.9
10764,8507,6178,1,119.0
10765,7149,1861,1,29.9
10766,1065,6485,1,109.0
10767,5038,2074,1,65.85
10768,8362,1863,1,179.9
10769,8623,5838,1,48.0
10770,8800,4540,1,219.9
10771,8800,4540,1,219.9
10772,1439,2467,1,59.9
10773,1439,2467,1,59.9
10774,9685,2721,1,103.0
10775,7279,2355,1,169.9
10776,8713,860,1,102.0
10777,8713,1478,1,199.0
10778,7540,927,1,143.8
10779,3017,6153,1,49.9
10780,3017,6153,1,49.9
10781,4520,986,1,110.0
10782,1910,6529,1,58.9
10783,4022,4381,1,539.9
10784,7383,860,1,103.0
10785,8343,663,1,144.2
10786,3713,2521,1,16.99
10787,1349,779,1,57.99
10788,598,2708,1,12.3
10789,5650,6187,1,37.5
10790,8734,614,1,64.99
10791,6836,2094,1,399.9
10792,1466,3142,1,59.9
10793,2518,3669,1,42.36
10794,2956,785,1,31.9
10795,1376,286,1,24.99
10796,8387,3389,1,83.88
10797,2092,4071,1,480.65
10798,6057,1660,1,29.1
10799,7165,5005,1,159.0
10800,3025,187,1,28.9
10801,2281,5222,1,89.0
10802,9715,1336,1,17.99
10803,6071,5482,1,10.99
10804,2951,467,1,25.5
10805,8499,5742,1,98.0
10806,8997,2869,1,49.0
10807,8997,2869,1,49.0
10808,8997,2869,1,49.0
10809,4937,4171,1,8.73
10810,4937,4171,1,8.73
10811,4490,4100,1,60.0
10812,3069,1448,1,79.9
10813,8016,852,1,259.9
10814,3854,6043,1,169.0
10815,6575,1584,1,23.9
10816,7597,2468,1,118.0
10817,9192,179,1,169.9
10818,5167,1407,1,96.0
10819,4303,4306,1,249.0
10820,192,470,1,129.99
10821,5371,3430,1,52.9
10822,8922,5665,1,489.9
10823,7857,3412,1,219.9
10824,6329,1645,1,94.9
10825,3168,1503,1,69.9
10826,6967,3202,1,140.0
10827,6275,672,1,42.0
10828,2888,106,1,113.57
10829,3173,3018,1,84.9
10830,6043,6191,1,319.0
10831,6417,2676,1,8.99
10832,4314,6504,1,86.9
10833,5804,4542,1,379.0
10834,5287,5498,1,55.0
10835,6403,1865,1,19.9
10836,238,6562,1,105.0
10837,5875,6466,1,42.0
10838,5585,2684,1,17.8
10839,5854,6518,1,49.0
10840,5933,3362,1,98.0
10841,9457,5087,1,15.0
10842,344,559,1,103.9
10843,3427,1671,1,129.0
10844,4526,2850,1,39.9
10845,3574,2260,1,105.99
10846,4898,1928,1,580.27
10847,639,3219,1,99.65
10848,639,3219,1,99.65
10849,8172,5855,1,129.0
10850,8563,2352,1,259.9
10851,9799,1905,1,12.99
10852,9799,1905,1,12.99
10853,3059,1046,1,79.49
10854,4371,1530,1,84.99
10855,8580,3651,1,59.99
10856,2296,3184,1,59.99
10857,2191,6056,1,169.9
10858,314,288,1,72.9
10859,527,6207,1,179.9
10860,6793,155,1,45.9
10861,6793,2254,1,99.99
10862,1471,2807,1,29.99
10863,3872,428,1,16.49
10864,4475,5562,1,69.9
10865,9398,728,1,599.0
10866,4065,4360,1,84.9
10867,8592,3684,1,339.0
10868,6969,804,1,72.0
10869,5432,3968,1,69.8
10870,9591,1047,1,99.0
10871,4958,4110,1,81.99
10872,2524,5316,1,69.99
10873,930,2462,1,19.95
10874,8144,3370,1,170.0
10875,9091,579,1,169.99
10876,5689,5123,1,169.0
10877,9309,2500,1,146.99
10878,9309,3176,1,168.99
10879,3643,3250,1,55.0
10880,3643,774,1,69.0
10881,6925,2725,1,8.45
10882,9984,3668,1,199.99
10883,5654,5345,1,40.0
10884,7455,1820,1,64.9
10885,4810,247,1,84.9
10886,2051,3875,1,79.9
10887,2694,3472,1,19.99
10888,2208,6450,1,14.9
10889,3418,3904,1,390.19
10890,887,3498,1,199.89
10891,9596,516,1,29.99
10892,4579,3970,1,34.5
10893,2798,4879,1,205.0
10894,7288,5228,1,23.9
10895,6158,1261,1,199.0
10896,7789,6135,1,49.9
10897,6509,4746,1,199.9
10898,7471,1590,1,35.0
10899,6194,4552,1,67.1
10900,1572,6021,1,45.99
10901,4571,1833,1,199.0
10902,8503,6064,1,118.9
10903,8183,4999,1,279.9
10904,1794,2865,1,84.99
10905,5362,4160,1,379.0
10906,822,996,1,79.9
10907,2856,5575,1,43.0
10908,7554,2526,1,77.99
10909,4951,520,1,120.0
10910,4951,520,1,120.0
10911,5701,5497,1,64.9
10912,8944,1309,1,43.51
10913,5068,3848,1,229.9
10914,4861,1220,1,33.57
10915,4861,1220,1,33.57
10916,3557,6581,1,23.7
10917,8344,1365,1,179.9
10918,3946,2099,1,199.0
10919,7269,4352,1,649.51
10920,5836,1561,1,129.9
10921,6887,4280,1,64.99
10922,2848,1954,1,349.99
10923,10000,2533,1,79.0
10924,3798,269,1,17.0
10925,1536,3885,1,53.0
10926,134,2802,1,49.9
10927,3701,4370,1,38.9
10928,3559,5350,1,105.9
10929,3559,6453,1,105.9
10930,9165,570,1,34.99
10931,1458,146,1,115.0
10932,7193,304,1,155.9
10933,5480,3657,1,134.99
10934,9480,861,1,869.97
10935,7666,971,1,189.99
10936,159,6333,1,25.99
10937,159,1499,1,95.0
10938,1569,3735,1,69.9
10939,2310,3094,1,87.9
10940,7386,6230,1,249.0
10941,7311,6128,1,290.0
10942,7311,2335,1,390.0
10943,7311,6128,1,290.0
10944,9606,5800,1,86.9
10945,9606,5800,1,86.9
10946,3156,1699,1,199.0
10947,4024,5092,1,179.9
10948,3903,1612,1,349.0
10949,5129,3031,1,167.0
10950,5129,3031,1,167.0
10951,1019,1681,1,184.99
10952,347,5365,1,109.0
10953,8278,865,1,79.9
10954,6487,1157,1,18.99
10955,2029,3257,1,86.36
10956,4536,2856,1,89.9
10957,3047,1257,1,269.99
10958,6047,583,1,39.9
10959,5173,2286,1,189.99
10960,2933,3577,1,45.9
10961,977,2889,1,229.9
10962,3198,2869,1,49.0
10963,7747,4659,1,38.8
10964,3433,6575,1,115.0
10965,4145,4878,1,55.0
10966,135,6135,1,48.9
10967,5787,1337,1,49.0
10968,4634,2526,1,90.0
10969,509,5261,1,13.99
10970,3709,3563,1,69.9
10971,5633,5788,1,75.26
10972,4775,5809,1,219.99
10973,5408,2821,1,39.9
10974,7588,4263,1,399.99
10975,3590,2195,1,31.9
10976,2920,6132,1,25.0
10977,7342,5020,1,38.0
10978,7342,5020,1,38.0
10979,1698,203,1,35.9
10980,967,5156,1,168.0
10981,5831,3059,1,99.9
10982,3826,1305,1,100.0
10983,3826,1305,1,100.0
10984,2382,1968,1,159.99
10985,1231,989,1,24.9
10986,8906,2889,1,209.9
10987,9793,2802,1,53.9
10988,554,5227,1,19.86
10989,7228,2816,1,190.9
10990,7012,1997,1,895.65
10991,200,4525,1,39.97
10992,200,4525,1,39.97
10993,4699,5751,1,29.99
10994,8216,3525,1,97.5
10995,9449,870,1,79.99
10996,9449,870,1,79.99
10997,9449,870,1,79.99
10998,6169,1115,1,219.9
10999,5917,2187,1,335.99
11000,3234,7,1,178.9
11001,7128,3577,1,45.9
11002,7128,3577,1,45.9
11003,4258,4439,1,149.99
11004,4451,855,1,19.99
11005,4451,855,1,19.99
11006,9350,3855,1,149.0
11007,9350,2526,1,87.0
11008,456,5245,1,165.0
11009,8156,3739,1,56.99
11010,8064,3185,1,259.0
11011,1500,3202,1,180.0
11012,3694,2297,1,179.9
11013,448,1236,1,69.9
11014,5535,3438,1,65.9
11015,824,3129,1,129.0
11016,5402,4433,1,218.36
11017,986,6305,1,69.9
11018,2195,3162,1,20.3
11019,2195,3165,1,34.3
11020,6987,5037,1,24.9
11021,6987,5037,1,24.9
11022,6987,5037,1,24.9
11023,433,3336,1,109.9
11024,573,2202,1,18.9
11025,6185,1314,1,59.33
11026,6185,1314,1,59.33
11027,6185,56,1,45.9
11028,6354,4593,1,339.9
11029,8767,2802,1,59.9
11030,1718,6264,1,125.9
11031,1609,2556,1,5.9
11032,3979,2511,1,29.99
11033,7692,3663,1,17.9
11034,3653,4174,1,159.9
11035,9272,1671,1,149.0
11036,9456,2120,1,38.9
11037,9456,6462,1,85.9
11038,4998,6229,1,99.99
11039,7773,2360,1,38.9
11040,7773,2360,1,38.9
11041,5717,3989,1,138.0
11042,5717,3989,1,138.0
11043,5717,3989,1,138.0
11044,346,3335,1,18.89
11045,4580,330,1,99.9
11046,8780,4678,1,120.0
11047,4280,5479,1,99.99
11048,9855,1040,1,21.99
11049,8120,51,1,44.5
11050,2736,6054,1,69.9
11051,2736,6054,1,69.9
11052,6598,3011,1,67.99
11053,1,1515,1,74.99
11054,2228,2378,1,241.1
11055,3378,338,1,14.9
11056,6151,4225,1,56.9
11057,108,932,1,49.9
11058,5809,2119,1,798.0
11059,8277,2364,1,51.0
11060,5275,932,1,49.9
11061,4307,3674,1,91.5
11062,8928,6575,1,115.0
11063,9378,6019,1,117.3
11064,6092,1885,1,113.0
11065,2788,1909,1,599.9
11066,5458,2421,1,16.9
11067,8603,3622,1,88.21
11068,8603,3622,1,88.21
11069,8970,5773,1,100.0
11070,1373,2038,1,43.7
11071,7684,3737,1,147.9
11072,910,3609,1,148.9
11073,910,3609,1,148.9
11074,8175,2378,1,229.04
11075,4521,6625,1,403.75
11076,1315,6593,1,102.9
11077,8686,6317,1,69.49
11078,8686,6317,1,69.49
11079,3386,5954,1,99.7
11080,6626,2478,1,89.9
11081,2565,6443,1,22.9
11082,1416,6131,1,516.9
11083,5636,2981,1,140.0
11084,2516,555,1,350.0
11085,9839,2798,1,182.99
11086,7705,354,1,49.9
11087,4657,2658,1,18.9
11088,1230,1332,1,49.9
11089,5527,2202,1,18.9
11090,2041,4277,1,36.9
11091,2041,4277,1,36.9
11092,7911,773,1,28.8
11093,3018,1278,1,59.0
11094,4646,1242,1,61.0
11095,4646,1252,1,109.0
11096,7238,6229,1,99.99
11097,4291,5790,1,38.9
11098,4245,6173,1,124.99
11099,9336,462,1,205.0
11100,322,3699,1,19.9
11101,6302,5699,1,57.6
11102,8438,1175,1,90.5
11103,592,474,1,69.99
11104,1725,1950,1,53.19
11105,5994,3179,1,149.9
11106,3688,2882,1,56.9
11107,4758,146,1,163.0
11108,9098,1135,1,18.9
11109,1620,6153,1,59.9
11110,815,3680,1,13.65
11111,89,146,1,169.9
11112,89,146,1,169.9
11113,89,146,1,169.9
11114,89,146,1,169.9
11115,89,146,1,169.9
11116,5655,4923,1,20.0
11117,1033,107,1,599.0
11118,3791,2667,1,70.91
11119,4980,764,1,29.99
11120,5912,1716,1,79.0
11121,9303,2914,1,127.0
11122,2324,4480,1,149.9
11123,1345,6475,1,76.9
11124,4479,1415,1,38.4
11125,4479,1415,1,38.4
11126,9957,139,1,99.0
11127,9957,139,1,99.0
11128,9167,2178,1,98.0
11129,4609,4896,1,153.9
11130,9548,1926,1,79.99
11131,1780,104,1,49.9
11132,1455,1822,1,69.9
11133,4409,3680,1,13.65
11134,6528,2294,1,139.9
11135,2008,537,1,29.0
11136,2209,4270,1,150.0
11137,3906,3608,1,43.2
11138,4906,2565,1,19.0
11139,9948,3482,1,54.9
11140,9948,3482,1,54.9
11141,3640,6487,1,249.99
11142,2575,1694,1,163.9
11143,9531,1538,1,69.99
11144,9531,695,1,40.0
11145,5110,1671,1,149.99
11146,884,3610,1,49.5
11147,6854,3006,1,139.0
11148,4583,3188,1,215.0
11149,1436,30,1,109.0
11150,8538,1945,1,89.9
11151,3869,1571,1,79.9
11152,1917,3901,1,219.99
11153,9696,4038,1,29.99
11154,7828,3686,1,29.0
11155,7828,3686,1,29.0
11156,5932,660,1,79.9
11157,4849,6334,1,460.7
11158,3480,5151,1,209.9
11159,419,3013,1,89.5
11160,419,3013,1,89.5
11161,6187,137,1,33.5
11162,9114,346,1,23.99
11163,4982,2233,1,22.99
11164,1751,5862,1,29.9
11165,765,476,1,127.0
11166,3619,4121,1,117.7
11167,405,4450,1,25.9
11168,1680,6138,1,59.99
11169,664,1411,1,519.9
11170,4188,1099,1,35.9
11171,4009,1956,1,373.0
11172,3210,3252,1,83.23
11173,580,5101,1,54.9
11174,7956,2205,1,89.0
11175,5026,75,1,99.0
11176,4067,5834,1,59.9
11177,4067,5834,1,59.9
11178,6573,5179,1,79.0
11179,4780,3379,1,79.98
11180,7380,4460,1,139.9
11181,7380,4460,1,139.9
11182,2138,240,1,19.9
11183,9085,2878,1,19.99
11184,4912,4633,1,126.12
11185,7375,4102,1,18.19
11186,4368,5186,1,10.9
11187,9294,2930,1,29.5
11188,2786,6398,1,79.9
11189,2664,1043,1,59.0
11190,620,2481,1,198.8
11191,9043,2367,1,69.9
11192,5960,4725,1,68.0
11193,4566,6459,1,178.5
11194,2728,2592,1,288.02
11195,7046,6225,1,11.97
11196,2362,5426,1,29.9
11197,2639,4148,1,55.0
11198,168,5817,1,199.99
11199,7785,1171,1,171.39
11200,7785,1171,1,171.39
11201,6634,3651,1,59.99
11202,9862,545,1,35.0
11203,5853,834,1,169.9
11204,4452,4918,1,49.9
11205,403,4283,1,29.99
11206,6544,3398,1,28.12
11207,7108,4192,1,124.99
11208,9016,5553,1,109.99
11209,9016,5553,1,109.99
11210,9016,5553,1,109.99
11211,3310,561,1,45.9
11212,3310,5041,1,89.9
11213,514,5794,1,63.49
11214,678,1063,1,149.99
11215,1849,3783,1,45.0
11216,6792,2818,1,59.9
11217,3490,4524,1,389.5
11218,9581,3673,1,321.9
11219,3050,4297,1,74.9
11220,6473,4469,1,119.9
11221,4030,6668,1,59.0
11222,5997,2446,1,68.99
11223,6698,258,1,284.99
11224,1852,6174,1,19.99
11225,2623,2014,1,49.9
11226,5679,207,1,50.0
11227,8057,3663,1,17.9
11228,4101,2297,1,179.9
11229,5716,974,1,173.9
11230,8757,3865,1,79.0
11231,9326,1768,1,36.9
11232,9588,4422,1,13.99
11233,9588,1446,1,13.99
11234,187,2765,1,449.0
11235,2850,5576,1,259.9
11236,1881,4989,1,118.99
11237,6099,99,1,39.9
11238,8889,5870,1,119.0
11239,5661,3841,1,57.0
11240,8575,3144,1,279.9
11241,9845,2284,1,149.0
11242,5159,1225,1,640.99
11243,5560,2131,1,74.5
11244,1172,4996,1,59.9
11245,2894,3304,1,37.0
11246,5433,4490,1,97.49
11247,7403,1608,1,29.99
11248,7403,4406,1,29.99
11249,6809,1666,1,28.99
11250,7043,5504,1,179.0
11251,9938,5856,1,129.9
11252,4534,2293,1,99.9
11253,4534,487,1,99.9
11254,9450,1491,1,38.99
11255,9450,1283,1,20.9
11256,4964,174,1,59.99
11257,7808,4487,1,107.9
11258,5111,2711,1,2110.0
11259,6044,307,1,38.99
11260,4712,5561,1,150.0
11261,4647,941,1,159.9
11262,8812,6019,1,117.3
11263,5529,3277,1,149.9
11264,9477,105,1,136.0
11265,901,4790,1,229.99
11266,6033,4036,1,429.9
11267,2366,5334,1,99.9
11268,2366,5334,1,99.9
11269,6521,1520,1,40.68
11270,6521,1520,1,40.68
11271,7405,1791,1,97.0
11272,6486,4441,1,16.99
11273,6486,4088,1,49.99
11274,492,2354,1,18.49
11275,4650,2063,1,34.9
11276,5551,5281,1,139.9
11277,5551,2739,1,89.9
11278,3828,3805,1,364.0
11279,1637,3708,1,79.99
11280,4692,806,1,65.0
11281,6409,1498,1,39.9
11282,4669,6058,1,18.9
11283,5463,2750,1,48.9
11284,1977,6120,1,299.9
11285,6054,4908,1,299.99
11286,5751,5949,1,299.9
11287,5751,5949,1,299.9
11288,3351,2352,1,259.9
11289,85,5812,1,19.0
11290,588,220,1,39.0
11291,466,3480,1,99.9
11292,118,3626,1,119.0
11293,4,6124,1,129.9
11294,1983,3554,1,16.6
11295,5880,4385,1,38.8
11296,7256,2627,1,28.0
11297,4094,292,1,57.89
11298,3182,669,1,51.5
11299,9227,5291,1,434.99
11300,5885,3875,1,79.9
11301,9051,1286,1,38.99
11302,2064,522,1,45.0
11303,6136,4475,1,169.9
11304,7215,266,1,629.0
11305,4458,5079,1,765.0
11306,4992,3250,1,55.0
11307,5828,1176,1,129.0
11308,8244,3311,1,21.9
11309,8244,3311,1,21.9
11310,8244,3311,1,21.9
11311,6690,3850,1,65.99
11312,3415,3074,1,24.99
