product_id,product_name,category,price
1,Art Item #3aa071,Art,248.0
2,Furniture Decor Item #2548af,Furniture Decor,9.99
3,Sports Leisure Item #3bb7f1,Sports Leisure,26.7
4,Computers Accessories Item #a1b710,Computers Accessories,69.9
5,Bed Bath Table Item #f53103,Bed Bath Table,41.99
6,Computers Accessories Item #c78b76,Computers Accessories,38.9
7,Auto Item #b8dac5,Auto,115.0
8,Electronics Item #750cf8,Electronics,24.0
9,Bed Bath Table Item #db4605,Bed Bath Table,107.6
10,Cool Stuff Item #5f504b,Cool Stuff,605.0
11,Sports Leisure Item #5eaa34,Sports Leisure,1090.0
12,Computers Item #1e5428,Computers,599.0
13,Health Beauty Item #e586eb,Health Beauty,64.9
14,Perfumery Item #0d0096,Perfumery,319.9
15,Auto Item #d8a405,Auto,29.9
16,Watches Gifts Item #723f62,Watches Gifts,65.0
17,Sports Leisure Item #c12b64,Sports Leisure,49.9
18,Housewares Item #2be2be,Housewares,24.2
19,Bed Bath Table Item #9e87e3,Bed Bath Table,97.9
20,Bed Bath Table Item #a0abce,Bed Bath Table,117.99
21,Sports Leisure Item #0075c1,Sports Leisure,49.9
22,Cool Stuff Item #bcd58b,Cool Stuff,132.0
23,Home Appliances Item #587730,Home Appliances,39.99
24,Bed Bath Table Item #dd768d,Bed Bath Table,29.99
25,Telephony Item #3014e3,Telephony,23.77
26,Auto Item #1cf39a,Auto,499.99
27,Housewares Item #f94715,Housewares,69.95
28,Telephony Item #4473f3,Telephony,29.99
29,Garden Tools Item #4c6018,Garden Tools,739.0
30,Housewares Item #a85543,Housewares,16.9
31,Fashion Underwear Beach Item #6b017e,Fashion Underwear Beach,59.9
32,Auto Item #42fe4a,Auto,109.9
33,Health Beauty Item #b29ca3,Health Beauty,249.99
34,Watches Gifts Item #5e21d5,Watches Gifts,49.0
35,Sports Leisure Item #42f14e,Sports Leisure,93.33
36,Bed Bath Table Item #f4d705,Bed Bath Table,24.9
37,Perfumery Item #bbaef2,Perfumery,56.99
38,Electronics Item #3fc3d6,Electronics,26.9
39,Health Beauty Item #e07f6e,Health Beauty,28.58
40,Watches Gifts Item #80fc21,Watches Gifts,117.0
41,Sports Leisure Item #58bef3,Sports Leisure,125.0
42,Health Beauty Item #c752f2,Health Beauty,39.9
43,Fashion Bags Accessories Item #582dfc,Fashion Bags Accessories,19.99
44,Furniture Decor Item #4fe53f,Furniture Decor,19.9
45,Uncategorized Item #e10758,Uncategorized,56.0
46,Electronics Item #0e40b1,Electronics,13.65
47,Electronics Item #98190f,Electronics,72.0
48,Toys Item #e2c3ed,Toys,99.99
49,Computers Accessories Item #a1bf55,Computers Accessories,23.9
50,Cool Stuff Item #78119f,Cool Stuff,193.44
51,Housewares Item #346070,Housewares,450.0
52,Bed Bath Table Item #3c883b,Bed Bath Table,49.0
53,Baby Item #622d3b,Baby,14.99
54,Musical Instruments Item #de9849,Musical Instruments,199.0
55,Sports Leisure Item #c6336f,Sports Leisure,44.54
56,Consoles Games Item #4bae12,Consoles Games,190.0
57,Health Beauty Item #aba093,Health Beauty,315.0
58,Uncategorized Item #794de0,Uncategorized,49.9
59,Garden Tools Item #202924,Garden Tools,128.49
60,Health Beauty Item #10d43b,Health Beauty,95.0
61,Sports Leisure Item #b0cd55,Sports Leisure,84.9
62,Bed Bath Table Item #ce130b,Bed Bath Table,64.9
63,Sports Leisure Item #454157,Sports Leisure,79.0
64,Health Beauty Item #bc4a07,Health Beauty,23.9
65,Cool Stuff Item #6c3fc3,Cool Stuff,64.99
66,Garden Tools Item #bcad5b,Garden Tools,329.9
67,Home Appliances 2 Item #e5d860,Home Appliances 2,204.0
68,Bed Bath Table Item #e117ca,Bed Bath Table,113.0
69,Party Supplies Item #4c303e,Party Supplies,79.9
70,Bed Bath Table Item #c35456,Bed Bath Table,54.94
71,Baby Item #a77e6c,Baby,79.9
72,Sports Leisure Item #a1e9b0,Sports Leisure,42.0
73,Sports Leisure Item #1dfb36,Sports Leisure,159.99
74,Watches Gifts Item #f14aa2,Watches Gifts,1200.0
75,Bed Bath Table Item #b97114,Bed Bath Table,34.9
76,Fashion Bags Accessories Item #e24f73,Fashion Bags Accessories,135.0
77,Sports Leisure Item #11dc40,Sports Leisure,99.0
78,Health Beauty Item #8729e9,Health Beauty,67.9
79,Garden Tools Item #06efa5,Garden Tools,68.9
80,Housewares Item #0bb7cb,Housewares,23.9
81,Housewares Item #334995,Housewares,16.1
82,Office Furniture Item #95578b,Office Furniture,279.9
83,Furniture Decor Item #f72379,Furniture Decor,99.0
84,Bed Bath Table Item #4c505e,Bed Bath Table,37.0
85,Computers Accessories Item #c23381,Computers Accessories,28.0
86,Drinks Item #ef76ea,Drinks,10.0
87,Baby Item #09c3d3,Baby,39.9
88,Sports Leisure Item #15571d,Sports Leisure,64.89
89,Perfumery Item #28e410,Perfumery,9.9
90,Perfumery Item #3488d2,Perfumery,192.94
91,Sports Leisure Item #a7b429,Sports Leisure,23.9
92,Sports Leisure Item #62224b,Sports Leisure,84.94
93,Books Technical Item #5563f6,Books Technical,108.99
94,Health Beauty Item #7e437c,Health Beauty,65.0
95,Housewares Item #aeeb61,Housewares,60.9
96,Housewares Item #5b488b,Housewares,209.9
97,Bed Bath Table Item #a314a6,Bed Bath Table,26.9
98,Sports Leisure Item #083178,Sports Leisure,59.9
99,Furniture Decor Item #f9f899,Furniture Decor,44.99
100,Sports Leisure Item #590d6c,Sports Leisure,104.49
101,Cool Stuff Item #603751,Cool Stuff,59.9
102,Drinks Item #17da5d,Drinks,51.49
103,Baby Item #b5d214,Baby,317.99
104,Auto Item #8f9dc1,Auto,179.9
105,Health Beauty Item #9f22d8,Health Beauty,71.0
106,Cool Stuff Item #1a986b,Cool Stuff,164.9
107,Health Beauty Item #fe8497,Health Beauty,34.99
108,Watches Gifts Item #4e80e5,Watches Gifts,128.75
109,Furniture Decor Item #6a23ae,Furniture Decor,35.0
110,Consoles Games Item #f10284,Consoles Games,34.9
111,Health Beauty Item #860dd3,Health Beauty,87.51
112,Bed Bath Table Item #120ed9,Bed Bath Table,87.0
113,Home Appliances Item #1b726b,Home Appliances,91.45
114,Auto Item #5ec9cc,Auto,1788.0
115,Industry Commerce And Business Item #593236,Industry Commerce And Business,73.0
116,Bed Bath Table Item #386486,Bed Bath Table,111.74
117,Watches Gifts Item #af8215,Watches Gifts,510.99
118,Garden Tools Item #8bfd18,Garden Tools,159.9
119,Audio Item #ed9b92,Audio,79.0
120,Housewares Item #216b22,Housewares,24.9
121,Baby Item #fc37e0,Baby,69.66
122,Sports Leisure Item #ffc9d9,Sports Leisure,40.0
123,Furniture Decor Item #0eb8e0,Furniture Decor,32.49
124,Health Beauty Item #ae6476,Health Beauty,121.0
125,Sports Leisure Item #61a537,Sports Leisure,89.97
126,Pet Shop Item #49c822,Pet Shop,59.9
127,Cool Stuff Item #914a1b,Cool Stuff,249.99
128,Housewares Item #121b96,Housewares,57.0
129,Perfumery Item #e792f2,Perfumery,186.6
130,Telephony Item #3b2d98,Telephony,8.97
131,Toys Item #e000ec,Toys,120.0
132,Computers Accessories Item #913dfa,Computers Accessories,28.9
133,Health Beauty Item #c20e9c,Health Beauty,79.0
134,Computers Accessories Item #d88cd1,Computers Accessories,24.9
135,Market Place Item #233ad2,Market Place,130.0
136,Health Beauty Item #2fffbf,Health Beauty,55.5
137,Sports Leisure Item #599111,Sports Leisure,42.9
138,Auto Item #af76a5,Auto,249.5
139,Cool Stuff Item #af5dce,Cool Stuff,199.0
140,Food Item #33202a,Food,149.9
141,Luggage Accessories Item #bae8ac,Luggage Accessories,139.0
142,Health Beauty Item #f7740e,Health Beauty,506.9
143,Telephony Item #f99af3,Telephony,19.99
144,Consoles Games Item #75f3ef,Consoles Games,259.91
145,Computers Accessories Item #bad25f,Computers Accessories,32.0
146,Housewares Item #8792f8,Housewares,89.9
147,Bed Bath Table Item #c8aa3a,Bed Bath Table,210.0
148,Watches Gifts Item #53b36d,Watches Gifts,116.37
149,Bed Bath Table Item #4a0c2a,Bed Bath Table,81.6
150,Telephony Item #a56af7,Telephony,649.0
151,Watches Gifts Item #d389ba,Watches Gifts,759.0
152,Sports Leisure Item #73deb4,Sports Leisure,112.9
153,Telephony Item #036734,Telephony,31.19
154,Furniture Decor Item #a22f70,Furniture Decor,45.9
155,Pet Shop Item #87aa68,Pet Shop,32.64
156,Electronics Item #2c71e9,Electronics,118.9
157,Sports Leisure Item #8058b0,Sports Leisure,39.5
158,Computers Accessories Item #3ac52f,Computers Accessories,43.89
159,Housewares Item #d31bf2,Housewares,49.9
160,Health Beauty Item #fe705f,Health Beauty,95.0
161,Tablets Printing Image Item #2eb9b2,Tablets Printing Image,99.0
162,Home Appliances Item #7aeaa8,Home Appliances,329.9
163,Books Imported Item #a853bf,Books Imported,99.0
164,Housewares Item #bcac2c,Housewares,109.9
165,Furniture Decor Item #ace5d8,Furniture Decor,49.88
166,Uncategorized Item #b61d13,Uncategorized,139.0
167,Health Beauty Item #124a15,Health Beauty,15.89
168,Home Appliances 2 Item #cc3181,Home Appliances 2,1054.0
169,Toys Item #d0c59b,Toys,59.99
170,Furniture Decor Item #4df4e2,Furniture Decor,34.9
171,Pet Shop Item #eb6913,Pet Shop,29.9
172,Stationery Item #64df6c,Stationery,125.0
173,Toys Item #3cb11c,Toys,65.99
174,Furniture Decor Item #c2c411,Furniture Decor,99.0
175,Auto Item #89005f,Auto,41.0
176,Telephony Item #1d3d7e,Telephony,24.99
177,Bed Bath Table Item #0f8977,Bed Bath Table,159.9
178,Fixed Telephony Item #c83bfa,Fixed Telephony,15.3
179,Housewares Item #926eca,Housewares,89.9
180,Garden Tools Item #557484,Garden Tools,179.99
181,Sports Leisure Item #167752,Sports Leisure,160.0
182,Furniture Decor Item #05e75e,Furniture Decor,46.99
183,Health Beauty Item #8650c4,Health Beauty,65.0
184,Consoles Games Item #be19e1,Consoles Games,69.99
185,Cool Stuff Item #9d358f,Cool Stuff,65.99
186,Pet Shop Item #98bf9f,Pet Shop,179.99
187,Sports Leisure Item #35e26f,Sports Leisure,28.13
188,Computers Accessories Item #089cc1,Computers Accessories,47.48
189,Sports Leisure Item #f110a8,Sports Leisure,411.0
190,Housewares Item #5bf681,Housewares,20.9
191,Furniture Decor Item #c857b9,Furniture Decor,54.58
192,Agro Industry And Commerce Item #980ecb,Agro Industry And Commerce,23.0
193,Auto Item #cb5df9,Auto,69.0
194,Toys Item #6d0723,Toys,38.33
195,Sports Leisure Item #27f53b,Sports Leisure,129.9
196,Furniture Decor Item #9474f3,Furniture Decor,39.0
197,Books Technical Item #44feb2,Books Technical,127.0
198,Computers Accessories Item #a8115d,Computers Accessories,31.9
199,Computers Accessories Item #696541,Computers Accessories,51.0
200,Fashion Underwear Beach Item #701657,Fashion Underwear Beach,73.0
201,Furniture Decor Item #755274,Furniture Decor,32.9
202,Baby Item #ea44ca,Baby,51.2
203,Furniture Living Room Item #e2acf0,Furniture Living Room,329.9
204,Furniture Decor Item #f71c0f,Furniture Decor,99.99
205,Health Beauty Item #75aabf,Health Beauty,199.9
206,Perfumery Item #d951b7,Perfumery,11.9
207,Computers Accessories Item #f6bd73,Computers Accessories,67.99
208,Stationery Item #d8347a,Stationery,104.49
209,Toys Item #284473,Toys,69.99
210,Housewares Item #2ac7c9,Housewares,29.9
211,Bed Bath Table Item #d7205c,Bed Bath Table,8.99
212,Sports Leisure Item #8cab8a,Sports Leisure,99.9
213,Pet Shop Item #39af1c,Pet Shop,122.9
214,Bed Bath Table Item #15a9e8,Bed Bath Table,79.9
215,Sports Leisure Item #53d2c1,Sports Leisure,39.0
216,Cool Stuff Item #1cd4e0,Cool Stuff,177.0
217,Telephony Item #a8d952,Telephony,21.99
218,Home Appliances Item #a1fa8c,Home Appliances,15.19
219,Telephony Item #2cbd0f,Telephony,39.99
220,Telephony Item #aba92a,Telephony,22.9
221,Cool Stuff Item #893476,Cool Stuff,149.9
222,Cool Stuff Item #50f188,Cool Stuff,139.99
223,Fashion Shoes Item #7e3c3f,Fashion Shoes,56.8
224,Watches Gifts Item #41b32e,Watches Gifts,1399.0
225,Luggage Accessories Item #694f7d,Luggage Accessories,69.0
226,Telephony Item #283f24,Telephony,19.4
227,Computers Accessories Item #7b1838,Computers Accessories,295.89
228,Computers Accessories Item #c702ae,Computers Accessories,28.9
229,Costruction Tools Garden Item #42749c,Costruction Tools Garden,198.0
230,Computers Accessories Item #db933f,Computers Accessories,142.0
231,Computers Accessories Item #70906e,Computers Accessories,69.9
232,Watches Gifts Item #2d2743,Watches Gifts,39.0
233,Drinks Item #15c628,Drinks,109.9
234,Health Beauty Item #732b16,Health Beauty,64.9
235,Auto Item #360669,Auto,34.9
236,Furniture Decor Item #962a69,Furniture Decor,75.0
237,Sports Leisure Item #e4d1cd,Sports Leisure,18.99
238,Housewares Item #691e94,Housewares,179.0
239,Uncategorized Item #a9d8f8,Uncategorized,34.3
240,Uncategorized Item #b5778c,Uncategorized,369.99
241,Toys Item #72b253,Toys,13.9
242,Computers Accessories Item #7b85e3,Computers Accessories,30.21
243,Baby Item #6fd08d,Baby,39.9
244,Housewares Item #87203c,Housewares,49.9
245,Small Appliances Item #15d508,Small Appliances,999.99
246,Health Beauty Item #64eb8b,Health Beauty,40.5
247,Sports Leisure Item #531db5,Sports Leisure,24.9
248,Health Beauty Item #fc13ba,Health Beauty,28.95
249,Sports Leisure Item #564f6c,Sports Leisure,120.0
250,Telephony Item #a9e0a3,Telephony,15.9
251,Housewares Item #72a215,Housewares,69.9
252,Sports Leisure Item #79e152,Sports Leisure,60.0
253,Furniture Decor Item #d2f2c2,Furniture Decor,35.99
254,Books Technical Item #1589d3,Books Technical,24.97
255,Sports Leisure Item #03e606,Sports Leisure,59.9
256,Bed Bath Table Item #69eeb1,Bed Bath Table,259.99
257,Toys Item #d48bac,Toys,40.9
258,Sports Leisure Item #8173ca,Sports Leisure,35.9
259,Construction Tools Construction Item #18fa9c,Construction Tools Construction,109.9
260,Toys Item #f6e0b7,Toys,129.9
261,Sports Leisure Item #4f7cba,Sports Leisure,19.9
262,Furniture Decor Item #77922d,Furniture Decor,56.0
263,Toys Item #06c38a,Toys,52.9
264,Electronics Item #afecbd,Electronics,49.99
265,Bed Bath Table Item #3d3cd6,Bed Bath Table,59.9
266,Computers Accessories Item #b980f3,Computers Accessories,104.5
267,Telephony Item #7b32b1,Telephony,119.99
268,Air Conditioning Item #5c821d,Air Conditioning,89.0
269,Telephony Item #cfa7ee,Telephony,18.75
270,Computers Accessories Item #83b926,Computers Accessories,80.0
271,Furniture Decor Item #329c66,Furniture Decor,169.7
272,Cool Stuff Item #a1013e,Cool Stuff,89.0
273,Housewares Item #b94436,Housewares,1395.0
274,Housewares Item #d69675,Housewares,172.39
275,Bed Bath Table Item #ead307,Bed Bath Table,21.99
276,Sports Leisure Item #a8fe47,Sports Leisure,72.9
277,Sports Leisure Item #10d196,Sports Leisure,24.9
278,Stationery Item #9bbb42,Stationery,59.0
279,Stationery Item #9cef95,Stationery,69.9
280,Uncategorized Item #fa7fc7,Uncategorized,298.9
281,Furniture Decor Item #84d85a,Furniture Decor,31.9
282,Fashion Bags Accessories Item #fd3a41,Fashion Bags Accessories,24.9
283,Books Technical Item #173e9f,Books Technical,57.8
284,Office Furniture Item #256c61,Office Furniture,114.94
285,Computers Item #9aedf5,Computers,1100.0
286,Sports Leisure Item #e4e9fa,Sports Leisure,119.9
287,Computers Accessories Item #42ba5e,Computers Accessories,249.9
288,Fashion Bags Accessories Item #94f2d2,Fashion Bags Accessories,149.9
289,Furniture Decor Item #9d395a,Furniture Decor,148.0
290,Health Beauty Item #dcfeed,Health Beauty,680.0
291,Sports Leisure Item #f0f5a9,Sports Leisure,76.49
292,Uncategorized Item #be59f0,Uncategorized,60.9
293,Fashion Bags Accessories Item #63094a,Fashion Bags Accessories,250.0
294,Housewares Item #513530,Housewares,49.9
295,Bed Bath Table Item #1c6b07,Bed Bath Table,29.9
296,Perfumery Item #cc5447,Perfumery,118.15
297,Watches Gifts Item #65b96f,Watches Gifts,69.0
298,Auto Item #de72ea,Auto,700.0
299,Cool Stuff Item #601a36,Cool Stuff,128.89
300,Computers Accessories Item #5c9e8c,Computers Accessories,99.9
301,Bed Bath Table Item #02fcaa,Bed Bath Table,41.14
302,Sports Leisure Item #af56e0,Sports Leisure,69.9
303,Toys Item #def8b2,Toys,69.99
304,Watches Gifts Item #f4b952,Watches Gifts,78.55
305,Musical Instruments Item #1af890,Musical Instruments,114.9
306,Telephony Item #ae9b8e,Telephony,18.99
307,Housewares Item #978859,Housewares,15.3
308,Auto Item #0d77de,Auto,21.9
309,Housewares Item #8f0877,Housewares,34.0
310,Electronics Item #342ea5,Electronics,9.0
311,Sports Leisure Item #efdf96,Sports Leisure,104.9
312,Sports Leisure Item #a7906a,Sports Leisure,929.0
313,Bed Bath Table Item #8da771,Bed Bath Table,259.9
314,Toys Item #2f5f6d,Toys,59.9
315,Drinks Item #6859a8,Drinks,90.0
316,Furniture Decor Item #9328c3,Furniture Decor,50.9
317,Furniture Decor Item #5727b4,Furniture Decor,76.0
318,Housewares Item #a9dad2,Housewares,51.4
319,Furniture Decor Item #01cf7c,Furniture Decor,20.32
320,Bed Bath Table Item #f9be8e,Bed Bath Table,143.0
321,Costruction Tools Garden Item #53c615,Costruction Tools Garden,28.45
322,Health Beauty Item #3f1a74,Health Beauty,14.9
323,Computers Accessories Item #75d66a,Computers Accessories,19.0
324,Construction Tools Safety Item #6054d1,Construction Tools Safety,3099.9
325,Auto Item #328e38,Auto,795.95
326,Sports Leisure Item #52e941,Sports Leisure,149.9
327,Furniture Decor Item #e3fa14,Furniture Decor,49.99
328,Sports Leisure Item #516c25,Sports Leisure,165.0
329,Cool Stuff Item #c04e94,Cool Stuff,950.0
330,Pet Shop Item #0a8bc1,Pet Shop,128.0
331,Health Beauty Item #89a533,Health Beauty,199.99
332,Baby Item #fc9f8c,Baby,99.9
333,Small Appliances Item #45bb83,Small Appliances,687.0
334,Sports Leisure Item #0a859d,Sports Leisure,399.0
335,Telephony Item #23930a,Telephony,119.8
336,Bed Bath Table Item #3c61c8,Bed Bath Table,55.0
337,Sports Leisure Item #d0bc3f,Sports Leisure,14.9
338,Health Beauty Item #154e7e,Health Beauty,22.06
339,Bed Bath Table Item #b11f3f,Bed Bath Table,59.0
340,Cool Stuff Item #436c8d,Cool Stuff,58.9
341,Watches Gifts Item #6f67fb,Watches Gifts,529.0
342,Toys Item #b22934,Toys,46.9
343,Furniture Decor Item #1c059c,Furniture Decor,99.9
344,Telephony Item #cdfbf8,Telephony,29.99
345,Bed Bath Table Item #89e8ae,Bed Bath Table,163.99
346,Health Beauty Item #719d57,Health Beauty,56.89
347,Auto Item #45e967,Auto,49.9
348,Toys Item #4d0121,Toys,42.2
349,Perfumery Item #db8416,Perfumery,114.9
350,Computers Accessories Item #8fbd36,Computers Accessories,38.9
351,Furniture Decor Item #5194b8,Furniture Decor,63.99
352,Cool Stuff Item #4f3192,Cool Stuff,499.9
353,Furniture Decor Item #3af4f5,Furniture Decor,229.0
354,Sports Leisure Item #812f1a,Sports Leisure,339.9
355,Electronics Item #336090,Electronics,59.99
356,Cool Stuff Item #8d8109,Cool Stuff,48.9
357,Bed Bath Table Item #ee34e3,Bed Bath Table,49.9
358,Sports Leisure Item #ea4d21,Sports Leisure,99.9
359,Office Furniture Item #7dda94,Office Furniture,199.9
360,Toys Item #bbdb01,Toys,98.9
361,Air Conditioning Item #a44832,Air Conditioning,187.9
362,Telephony Item #52e5fd,Telephony,29.87
363,Costruction Tools Tools Item #d19c5f,Costruction Tools Tools,190.0
364,Stationery Item #c784a6,Stationery,49.0
365,Health Beauty Item #221682,Health Beauty,49.99
366,Watches Gifts Item #fa824b,Watches Gifts,599.9
367,Cool Stuff Item #f83c98,Cool Stuff,132.7
368,Health Beauty Item #19c91e,Health Beauty,122.24
369,Luggage Accessories Item #659dc4,Luggage Accessories,45.9
370,Health Beauty Item #3085b4,Health Beauty,259.99
371,Bed Bath Table Item #4845d1,Bed Bath Table,49.0
372,Home Construction Item #6ec3c0,Home Construction,186.9
373,Stationery Item #90ef67,Stationery,79.0
374,Costruction Tools Garden Item #c81941,Costruction Tools Garden,589.9
375,Sports Leisure Item #459d6f,Sports Leisure,24.9
376,Bed Bath Table Item #168b1b,Bed Bath Table,249.9
377,Health Beauty Item #947f60,Health Beauty,25.0
378,Art Item #056d07,Art,14.03
379,Health Beauty Item #79ce45,Health Beauty,7.8
380,Health Beauty Item #252dc1,Health Beauty,75.49
381,Stationery Item #dcecdb,Stationery,129.0
382,Auto Item #9047a9,Auto,199.99
383,Bed Bath Table Item #ec2428,Bed Bath Table,79.9
384,Uncategorized Item #3846c2,Uncategorized,35.0
385,Health Beauty Item #0d90fc,Health Beauty,57.9
386,Bed Bath Table Item #29fd90,Bed Bath Table,69.9
387,Health Beauty Item #f65844,Health Beauty,119.9
388,Construction Tools Construction Item #5dae49,Construction Tools Construction,95.9
389,Construction Tools Construction Item #bd0ced,Construction Tools Construction,49.9
390,Baby Item #c2fb73,Baby,109.9
391,Health Beauty Item #fe7d52,Health Beauty,49.99
392,Sports Leisure Item #8b6ed4,Sports Leisure,16.48
393,Bed Bath Table Item #b06e4d,Bed Bath Table,87.85
394,Toys Item #83d199,Toys,69.99
395,Garden Tools Item #e8726d,Garden Tools,32.99
396,Auto Item #6562dd,Auto,329.99
397,Housewares Item #325e75,Housewares,44.99
398,Health Beauty Item #d24583,Health Beauty,6.0
399,Auto Item #dcf939,Auto,279.0
400,Health Beauty Item #d10fd5,Health Beauty,64.99
401,Construction Tools Lights Item #26b2a4,Construction Tools Lights,100.0
402,Health Beauty Item #a37905,Health Beauty,119.9
403,Stationery Item #371c12,Stationery,15.99
404,Costruction Tools Tools Item #5e53af,Costruction Tools Tools,29.9
405,Bed Bath Table Item #c06039,Bed Bath Table,35.97
406,Signaling And Security Item #cec517,Signaling And Security,529.9
407,Uncategorized Item #b3f3d2,Uncategorized,49.99
408,Electronics Item #08c816,Electronics,19.89
409,Baby Item #80be7f,Baby,429.9
410,Toys Item #594bbf,Toys,39.9
411,Toys Item #6979e1,Toys,255.0
412,Computers Accessories Item #c56cda,Computers Accessories,99.99
413,Auto Item #1e78f6,Auto,50.9
414,Health Beauty Item #282dca,Health Beauty,98.0
415,Auto Item #1a4313,Auto,110.0
416,Computers Accessories Item #49cdb8,Computers Accessories,37.9
417,Home Construction Item #3a5618,Home Construction,140.0
418,Computers Item #a04087,Computers,650.0
419,Stationery Item #5ed383,Stationery,139.0
420,Perfumery Item #6e423c,Perfumery,28.89
421,Health Beauty Item #ede062,Health Beauty,29.9
422,Baby Item #dd4c3b,Baby,29.94
423,Fashion Shoes Item #dfb68c,Fashion Shoes,37.9
424,Office Furniture Item #0352f2,Office Furniture,229.99
425,Sports Leisure Item #4a7c46,Sports Leisure,109.9
426,Construction Tools Construction Item #8c4e5e,Construction Tools Construction,138.0
427,Computers Accessories Item #e76438,Computers Accessories,24.89
428,Construction Tools Lights Item #783caa,Construction Tools Lights,44.99
429,Bed Bath Table Item #e30aaa,Bed Bath Table,160.0
430,Electronics Item #90948d,Electronics,119.0
431,Telephony Item #920efa,Telephony,28.99
432,Housewares Item #e4b460,Housewares,38.0
433,Furniture Decor Item #456309,Furniture Decor,18.9
434,Electronics Item #3f0376,Electronics,15.0
435,Baby Item #3b402e,Baby,12.9
436,Telephony Item #dca18a,Telephony,31.89
437,Baby Item #7f4e03,Baby,48.9
438,Computers Accessories Item #88dd63,Computers Accessories,34.99
439,Bed Bath Table Item #1491a8,Bed Bath Table,194.99
440,Health Beauty Item #7b6669,Health Beauty,75.9
441,Furniture Decor Item #d37c7b,Furniture Decor,39.9
442,Auto Item #08bc54,Auto,145.0
443,Pet Shop Item #56a59e,Pet Shop,156.0
444,Computers Accessories Item #6bc8da,Computers Accessories,187.0
445,Housewares Item #1e618d,Housewares,129.0
446,Bed Bath Table Item #60a82b,Bed Bath Table,25.5
447,Cool Stuff Item #e672fb,Cool Stuff,129.99
448,Garden Tools Item #aa95be,Garden Tools,33.41
449,Stationery Item #e84997,Stationery,127.0
450,Furniture Decor Item #158102,Furniture Decor,17.9
451,Watches Gifts Item #ea000c,Watches Gifts,1250.0
452,Baby Item #3a8023,Baby,180.4
453,Electronics Item #62ad9a,Electronics,28.9
454,Housewares Item #b1ff03,Housewares,79.9
455,Sports Leisure Item #ee13af,Sports Leisure,18.38
456,Food Drink Item #ec96b7,Food Drink,39.99
457,Market Place Item #8d1cfc,Market Place,62.8
458,Pet Shop Item #4e5dc4,Pet Shop,103.0
459,Industry Commerce And Business Item #0dabe0,Industry Commerce And Business,395.0
460,Musical Instruments Item #9163c7,Musical Instruments,34.99
461,Bed Bath Table Item #72f509,Bed Bath Table,254.9
462,Bed Bath Table Item #3cc4b4,Bed Bath Table,89.9
463,Furniture Decor Item #78efe8,Furniture Decor,93.92
464,Furniture Decor Item #93e6c7,Furniture Decor,188.48
465,Bed Bath Table Item #31c1d1,Bed Bath Table,24.9
466,Telephony Item #6d7a44,Telephony,27.99
467,Toys Item #25e762,Toys,35.0
468,Cool Stuff Item #3685c6,Cool Stuff,11.99
469,Housewares Item #16ed6a,Housewares,89.18
470,Health Beauty Item #b75657,Health Beauty,10.99
471,Construction Tools Safety Item #93ff19,Construction Tools Safety,399.93
472,Bed Bath Table Item #20ecd5,Bed Bath Table,95.0
473,Telephony Item #9d6580,Telephony,145.0
474,Housewares Item #00b415,Housewares,94.0
475,Cool Stuff Item #b47796,Cool Stuff,105.9
476,Computers Accessories Item #e6fd80,Computers Accessories,22.99
477,Bed Bath Table Item #9f7b48,Bed Bath Table,59.9
478,Costruction Tools Garden Item #f43470,Costruction Tools Garden,20.4
479,Bed Bath Table Item #4b397e,Bed Bath Table,387.99
480,Sports Leisure Item #742778,Sports Leisure,29.9
481,Watches Gifts Item #2c7619,Watches Gifts,1375.0
482,Construction Tools Construction Item #9503fa,Construction Tools Construction,299.9
483,Health Beauty Item #077599,Health Beauty,125.02
484,Auto Item #fc4120,Auto,59.9
485,Telephony Item #5d5292,Telephony,59.9
486,Sports Leisure Item #32aeec,Sports Leisure,124.2
487,Furniture Decor Item #a695ab,Furniture Decor,46.5
488,Furniture Decor Item #62509b,Furniture Decor,59.99
489,Housewares Item #d11a48,Housewares,18.9
490,Housewares Item #0fd55f,Housewares,409.9
491,Toys Item #6d229d,Toys,119.9
492,Telephony Item #970174,Telephony,28.99
493,Furniture Decor Item #7b5d8b,Furniture Decor,38.4
494,Housewares Item #65ae19,Housewares,63.0
495,Toys Item #37aad6,Toys,9.99
496,Pet Shop Item #36b8b1,Pet Shop,169.99
497,Home Appliances 2 Item #f27aff,Home Appliances 2,750.0
498,Sports Leisure Item #9d8a0e,Sports Leisure,120.0
499,Bed Bath Table Item #3e8f68,Bed Bath Table,79.9
500,Telephony Item #5a9105,Telephony,24.99
501,Sports Leisure Item #b95179,Sports Leisure,19.99
502,Watches Gifts Item #7e48d9,Watches Gifts,45.0
503,Bed Bath Table Item #6597e6,Bed Bath Table,119.9
504,Furniture Decor Item #89411f,Furniture Decor,169.99
505,Office Furniture Item #aef95f,Office Furniture,184.98
506,Construction Tools Construction Item #0dadef,Construction Tools Construction,51.5
507,Office Furniture Item #6dde44,Office Furniture,198.32
508,Housewares Item #d113b2,Housewares,59.99
509,Watches Gifts Item #14c60b,Watches Gifts,239.9
510,Housewares Item #e0a35b,Housewares,22.15
511,Health Beauty Item #5b0b1b,Health Beauty,149.9
512,Fixed Telephony Item #bde643,Fixed Telephony,812.99
513,Home Appliances Item #ef60db,Home Appliances,52.5
514,Stationery Item #db9f69,Stationery,179.9
515,Telephony Item #4e64db,Telephony,49.9
516,Furniture Decor Item #24c5d7,Furniture Decor,129.9
517,Computers Accessories Item #50627d,Computers Accessories,299.0
518,Health Beauty Item #dd52cd,Health Beauty,23.03
519,Fashion Bags Accessories Item #1e1172,Fashion Bags Accessories,29.9
520,Market Place Item #9e3f01,Market Place,95.9
521,Cool Stuff Item #b11cfc,Cool Stuff,49.0
522,Consoles Games Item #0a70bf,Consoles Games,24.9
523,Small Appliances Item #5c0826,Small Appliances,99.99
524,Watches Gifts Item #87cb50,Watches Gifts,29.0
525,Furniture Decor Item #81dba2,Furniture Decor,49.0
526,Bed Bath Table Item #413f42,Bed Bath Table,124.9
527,Computers Accessories Item #45d531,Computers Accessories,79.95
528,Sports Leisure Item #955f87,Sports Leisure,89.2
529,Health Beauty Item #b4c955,Health Beauty,89.99
530,Consoles Games Item #8bf396,Consoles Games,194.9
531,Health Beauty Item #fe7552,Health Beauty,109.23
532,Bed Bath Table Item #37116a,Bed Bath Table,17.99
533,Baby Item #ebb6ed,Baby,64.44
534,Garden Tools Item #a5c36d,Garden Tools,189.9
535,Auto Item #e695e1,Auto,115.0
536,Computers Accessories Item #6addac,Computers Accessories,54.6
537,Telephony Item #ed71a8,Telephony,289.0
538,Uncategorized Item #b607bf,Uncategorized,19.99
539,Baby Item #4bba2e,Baby,59.9
540,La Cuisine Item #724c49,La Cuisine,119.99
541,Small Appliances Item #6c34d2,Small Appliances,845.0
542,Bed Bath Table Item #715ff1,Bed Bath Table,16.9
543,Health Beauty Item #310ae3,Health Beauty,145.95
544,Furniture Living Room Item #80d3ae,Furniture Living Room,174.99
545,Luggage Accessories Item #e7d26d,Luggage Accessories,54.9
546,Office Furniture Item #92c1eb,Office Furniture,219.99
547,Furniture Decor Item #13b347,Furniture Decor,45.0
548,Health Beauty Item #270516,Health Beauty,1.2
549,Air Conditioning Item #ccb162,Air Conditioning,139.0
550,Watches Gifts Item #77e8ff,Watches Gifts,168.8
551,Telephony Item #4e1d8a,Telephony,29.9
552,Housewares Item #5b5293,Housewares,37.9
553,Housewares Item #e860f1,Housewares,34.2
554,Baby Item #79fca3,Baby,69.99
555,Sports Leisure Item #355375,Sports Leisure,370.0
556,Computers Accessories Item #a70f58,Computers Accessories,299.0
557,Bed Bath Table Item #8d23da,Bed Bath Table,143.99
558,Toys Item #f422d0,Toys,66.99
559,Electronics Item #93c902,Electronics,99.23
560,Bed Bath Table Item #e54cb6,Bed Bath Table,40.0
561,Furniture Decor Item #07c055,Furniture Decor,45.9
562,Cool Stuff Item #5ed9ea,Cool Stuff,25.0
563,Stationery Item #6e6cc4,Stationery,29.0
564,Garden Tools Item #e4aa3f,Garden Tools,34.0
565,Computers Accessories Item #656e0e,Computers Accessories,88.11
566,Luggage Accessories Item #821839,Luggage Accessories,55.9
567,Uncategorized Item #aaa391,Uncategorized,20.3
568,Office Furniture Item #fb23a2,Office Furniture,179.94
569,Bed Bath Table Item #41225b,Bed Bath Table,88.8
570,Bed Bath Table Item #a1dd59,Bed Bath Table,19.9
571,Telephony Item #3bbb1f,Telephony,18.9
572,Baby Item #342398,Baby,32.9
573,Pet Shop Item #3168b2,Pet Shop,109.9
574,Cool Stuff Item #af8533,Cool Stuff,699.0
575,Sports Leisure Item #fa3bea,Sports Leisure,10.49
576,Auto Item #494f6a,Auto,49.7
577,Bed Bath Table Item #bea689,Bed Bath Table,89.99
578,Office Furniture Item #2a5806,Office Furniture,172.42
579,Toys Item #a96e54,Toys,119.9
580,Uncategorized Item #fb09c6,Uncategorized,82.9
581,Auto Item #3779f2,Auto,67.4
582,Pet Shop Item #d5cf2d,Pet Shop,74.9
583,Health Beauty Item #ffd344,Health Beauty,50.92
584,Bed Bath Table Item #c47795,Bed Bath Table,39.9
585,Telephony Item #b1035b,Telephony,1423.39
586,Perfumery Item #81a3f1,Perfumery,136.78
587,Bed Bath Table Item #39342c,Bed Bath Table,210.0
588,Sports Leisure Item #6f8ea1,Sports Leisure,55.49
589,Stationery Item #d01361,Stationery,59.9
590,Musical Instruments Item #167347,Musical Instruments,349.9
591,Housewares Item #2504bf,Housewares,32.99
592,Sports Leisure Item #71e5d0,Sports Leisure,59.9
593,Housewares Item #61509e,Housewares,24.9
594,Baby Item #e0cd00,Baby,49.9
595,Sports Leisure Item #f8a9ed,Sports Leisure,159.0
596,Pet Shop Item #d3060c,Pet Shop,109.99
597,Perfumery Item #2028bf,Perfumery,55.16
598,Telephony Item #5f0bde,Telephony,13.99
599,Bed Bath Table Item #303649,Bed Bath Table,134.99
600,Fashion Bags Accessories Item #3918bb,Fashion Bags Accessories,35.9
601,Sports Leisure Item #5929e4,Sports Leisure,42.9
602,Watches Gifts Item #e7d546,Watches Gifts,139.0
603,Toys Item #9cd17b,Toys,189.99
604,Stationery Item #c71cb8,Stationery,39.9
605,Watches Gifts Item #3225c5,Watches Gifts,275.58
606,Office Furniture Item #8d7d29,Office Furniture,117.61
607,Watches Gifts Item #79eeb2,Watches Gifts,189.0
608,Health Beauty Item #882846,Health Beauty,34.0
609,Bed Bath Table Item #4613ef,Bed Bath Table,86.4
610,Sports Leisure Item #d8de81,Sports Leisure,59.99
611,Telephony Item #c3ae20,Telephony,19.9
612,Bed Bath Table Item #0f789b,Bed Bath Table,29.9
613,Toys Item #288355,Toys,199.99
614,Health Beauty Item #9c7a34,Health Beauty,120.0
615,Perfumery Item #d8c0c7,Perfumery,39.99
616,Stationery Item #a35a59,Stationery,69.49
617,Electronics Item #38fe0e,Electronics,69.9
618,Toys Item #01c9a7,Toys,110.9
619,Uncategorized Item #0502d1,Uncategorized,69.77
620,Health Beauty Item #7c1bd9,Health Beauty,60.45
621,Musical Instruments Item #9d1b18,Musical Instruments,247.9
622,Toys Item #1067af,Toys,119.99
623,Telephony Item #913dfc,Telephony,21.99
624,Bed Bath Table Item #a1efe4,Bed Bath Table,146.57
625,Perfumery Item #a1ac36,Perfumery,66.0
626,Baby Item #53a038,Baby,24.4
627,Sports Leisure Item #1d7997,Sports Leisure,68.9
628,Home Appliances Item #e5eadf,Home Appliances,69.9
629,Electronics Item #1468ae,Electronics,40.0
630,Health Beauty Item #2ccb88,Health Beauty,59.9
631,Fashion Sport Item #8aeef2,Fashion Sport,49.95
632,Sports Leisure Item #a85e15,Sports Leisure,179.0
633,Furniture Decor Item #cfe9e8,Furniture Decor,370.0
634,Toys Item #2a217b,Toys,55.0
635,Baby Item #249360,Baby,45.0
636,Consoles Games Item #94a6c0,Consoles Games,12.0
637,Toys Item #9b2b4b,Toys,160.0
638,Furniture Decor Item #35b265,Furniture Decor,47.49
639,Sports Leisure Item #a6b9a1,Sports Leisure,99.9
640,Bed Bath Table Item #33b0f8,Bed Bath Table,69.9
641,Sports Leisure Item #08edd1,Sports Leisure,611.0
642,Sports Leisure Item #759f27,Sports Leisure,192.0
643,Housewares Item #e33df0,Housewares,17.0
644,Fashion Bags Accessories Item #6c81db,Fashion Bags Accessories,28.32
645,Sports Leisure Item #a082e9,Sports Leisure,570.9
646,Health Beauty Item #c58962,Health Beauty,110.32
647,Furniture Decor Item #dfd2ea,Furniture Decor,240.0
648,Telephony Item #9aa9ca,Telephony,24.99
649,Perfumery Item #1c9b57,Perfumery,15.93
650,Cine Photo Item #060f71,Cine Photo,109.0
651,Health Beauty Item #d4a816,Health Beauty,32.39
652,Home Appliances Item #d0b781,Home Appliances,124.3
653,Housewares Item #ca96d6,Housewares,31.9
654,Sports Leisure Item #d65575,Sports Leisure,2170.0
655,Housewares Item #b7ac8e,Housewares,179.9
656,Telephony Item #5bd649,Telephony,18.98
657,Baby Item #1b8fb2,Baby,100.0
658,Consoles Games Item #f15c46,Consoles Games,369.0
659,Cool Stuff Item #b3e40f,Cool Stuff,229.99
660,Sports Leisure Item #260405,Sports Leisure,204.9
661,Watches Gifts Item #7c0ff3,Watches Gifts,39.0
662,Health Beauty Item #9b239d,Health Beauty,45.0
663,Toys Item #820e8f,Toys,38.89
664,Watches Gifts Item #57f2bc,Watches Gifts,55.0
665,Sports Leisure Item #1a7583,Sports Leisure,43.6
666,Computers Accessories Item #701db8,Computers Accessories,53.0
667,Telephony Item #6f2d78,Telephony,46.49
668,Bed Bath Table Item #fc04e7,Bed Bath Table,74.9
669,Uncategorized Item #52a534,Uncategorized,119.9
670,Bed Bath Table Item #8171a6,Bed Bath Table,30.0
671,Sports Leisure Item #ffb64e,Sports Leisure,106.2
672,Sports Leisure Item #d6b217,Sports Leisure,52.17
673,Computers Accessories Item #c3f8ee,Computers Accessories,219.9
674,Furniture Decor Item #322083,Furniture Decor,38.4
675,Toys Item #140820,Toys,226.5
676,Computers Accessories Item #fea7f0,Computers Accessories,110.0
677,Electronics Item #0f0c49,Electronics,42.0
678,Housewares Item #b1551e,Housewares,79.9
679,Furniture Decor Item #d71dee,Furniture Decor,169.9
680,Kitchen Dining Laundry Garden Furniture Item #0b48dc,Kitchen Dining Laundry Garden Furniture,139.0
681,Health Beauty Item #a80b3c,Health Beauty,9.6
682,Sports Leisure Item #171f04,Sports Leisure,239.99
683,Furniture Decor Item #3a8b4f,Furniture Decor,39.9
684,Pet Shop Item #3f2c44,Pet Shop,74.0
685,Health Beauty Item #9ea115,Health Beauty,54.0
686,Auto Item #0f9a07,Auto,199.99
687,Health Beauty Item #81d2fa,Health Beauty,149.65
688,Bed Bath Table Item #e71979,Bed Bath Table,79.9
689,Furniture Decor Item #d41a23,Furniture Decor,31.9
690,Toys Item #3a33c9,Toys,199.99
691,Bed Bath Table Item #981f6a,Bed Bath Table,54.9
692,Furniture Decor Item #2f13d1,Furniture Decor,105.0
693,Bed Bath Table Item #956522,Bed Bath Table,149.9
694,Computers Accessories Item #ee6c49,Computers Accessories,144.41
695,Health Beauty Item #c3674f,Health Beauty,24.9
696,Musical Instruments Item #c44f25,Musical Instruments,109.9
697,Sports Leisure Item #ffe013,Sports Leisure,169.0
698,Sports Leisure Item #72f78c,Sports Leisure,74.9
699,Fashion Bags Accessories Item #52e1cb,Fashion Bags Accessories,69.9
700,Sports Leisure Item #ef2eed,Sports Leisure,63.0
701,Toys Item #5237a9,Toys,45.99
702,Furniture Decor Item #2109e8,Furniture Decor,108.0
703,Bed Bath Table Item #ec2d43,Bed Bath Table,45.17
704,Small Appliances Item #705aff,Small Appliances,1449.0
705,Health Beauty Item #9ab817,Health Beauty,159.0
706,Computers Accessories Item #b11269,Computers Accessories,195.9
707,Bed Bath Table Item #736f1b,Bed Bath Table,55.9
708,Auto Item #b72a8f,Auto,69.99
709,Cool Stuff Item #7c3cbb,Cool Stuff,119.99
710,Consoles Games Item #322c31,Consoles Games,99.9
711,Telephony Item #2083a6,Telephony,7.0
712,Bed Bath Table Item #1c86a1,Bed Bath Table,64.9
713,Auto Item #183210,Auto,59.9
714,Housewares Item #783dae,Housewares,155.0
715,Home Construction Item #679a3e,Home Construction,54.4
716,Perfumery Item #f2b67c,Perfumery,99.9
717,Bed Bath Table Item #516efb,Bed Bath Table,64.0
718,Sports Leisure Item #2e0a8f,Sports Leisure,89.99
719,Books Imported Item #473e6d,Books Imported,125.0
720,Home Appliances Item #e0195a,Home Appliances,26.7
721,Bed Bath Table Item #fe547f,Bed Bath Table,89.0
722,Housewares Item #d239ed,Housewares,389.9
723,Housewares Item #ee385c,Housewares,30.9
724,Health Beauty Item #71d3eb,Health Beauty,58.9
725,Auto Item #f9888c,Auto,53.9
726,Bed Bath Table Item #001c5d,Bed Bath Table,79.9
727,Housewares Item #19ae99,Housewares,117.8
728,Luggage Accessories Item #ce4819,Luggage Accessories,48.9
729,Bed Bath Table Item #42a2bd,Bed Bath Table,93.23
730,Small Appliances Item #820f00,Small Appliances,359.9
731,Health Beauty Item #43f911,Health Beauty,42.9
732,Sports Leisure Item #3625fb,Sports Leisure,169.9
733,Health Beauty Item #4724ff,Health Beauty,12.0
734,Furniture Decor Item #0ecb69,Furniture Decor,19.99
735,Watches Gifts Item #f2a286,Watches Gifts,168.9
736,Telephony Item #f4b4b6,Telephony,85.0
737,Health Beauty Item #34cca2,Health Beauty,37.49
738,Cool Stuff Item #b357dc,Cool Stuff,59.0
739,Small Appliances Home Oven And Coffee Item #272741,Small Appliances Home Oven And Coffee,2899.0
740,Sports Leisure Item #fa381a,Sports Leisure,269.9
741,Toys Item #2d4d78,Toys,139.9
742,Office Furniture Item #b114bf,Office Furniture,151.88
743,Cool Stuff Item #144266,Cool Stuff,739.9
744,Health Beauty Item #ee5329,Health Beauty,184.0
745,Housewares Item #bb5c16,Housewares,59.9
746,Musical Instruments Item #79e42c,Musical Instruments,59.9
747,Luggage Accessories Item #0347f9,Luggage Accessories,195.0
748,Telephony Item #d8d11b,Telephony,29.99
749,Stationery Item #40b09f,Stationery,89.0
750,Health Beauty Item #50b82b,Health Beauty,10.0
751,Telephony Item #827f67,Telephony,12.5
752,Baby Item #09dbbe,Baby,114.9
753,Pet Shop Item #bd4152,Pet Shop,120.0
754,Auto Item #aaa86a,Auto,63.5
755,Bed Bath Table Item #37fe4c,Bed Bath Table,34.99
756,Baby Item #254689,Baby,889.0
757,Computers Accessories Item #23e7b9,Computers Accessories,65.9
758,Baby Item #6f790e,Baby,669.0
759,Health Beauty Item #f90c81,Health Beauty,49.0
760,Furniture Decor Item #fca621,Furniture Decor,249.9
761,Health Beauty Item #22ca13,Health Beauty,94.0
762,Garden Tools Item #2de5c4,Garden Tools,174.99
763,Housewares Item #fde7de,Housewares,32.9
764,Telephony Item #3b8b95,Telephony,9.89
765,Perfumery Item #188702,Perfumery,197.0
766,Bed Bath Table Item #eaeb39,Bed Bath Table,34.9
767,Luggage Accessories Item #8d7ab3,Luggage Accessories,39.9
768,Electronics Item #a7a9c0,Electronics,19.9
769,Health Beauty Item #7b813b,Health Beauty,288.0
770,Baby Item #27c0ce,Baby,119.9
771,Watches Gifts Item #729a75,Watches Gifts,99.0
772,Auto Item #1613b8,Auto,28.3
773,Computers Accessories Item #333f69,Computers Accessories,119.0
774,Garden Tools Item #0654d3,Garden Tools,55.0
775,Health Beauty Item #33fac7,Health Beauty,76.33
776,Home Confort Item #186052,Home Confort,153.32
777,Housewares Item #b833b9,Housewares,12.45
778,Sports Leisure Item #51e308,Sports Leisure,24.76
779,Bed Bath Table Item #bf818e,Bed Bath Table,107.6
780,Furniture Decor Item #f20a0b,Furniture Decor,35.5
781,Furniture Decor Item #a0ef85,Furniture Decor,113.0
782,Health Beauty Item #7210a4,Health Beauty,94.3
783,Health Beauty Item #8bff0b,Health Beauty,189.0
784,Health Beauty Item #9bc7d2,Health Beauty,57.99
785,Costruction Tools Garden Item #ee72ae,Costruction Tools Garden,33.6
786,Cool Stuff Item #59f42d,Cool Stuff,429.0
787,Uncategorized Item #1f5542,Uncategorized,95.0
788,Computers Accessories Item #ba7298,Computers Accessories,113.99
789,Furniture Decor Item #81a266,Furniture Decor,99.99
790,Bed Bath Table Item #d33f55,Bed Bath Table,90.0
791,Bed Bath Table Item #0fa81e,Bed Bath Table,101.57
792,Auto Item #2b1736,Auto,130.0
793,Housewares Item #4b26e5,Housewares,49.0
794,Computers Accessories Item #18b0e6,Computers Accessories,26.67
795,Electronics Item #fed5c4,Electronics,19.9
796,Computers Item #bc4cd4,Computers,1225.0
797,Pet Shop Item #efcef3,Pet Shop,59.99
798,Health Beauty Item #1873d4,Health Beauty,206.9
799,Sports Leisure Item #aeb2e2,Sports Leisure,68.57
800,Computers Accessories Item #4298b7,Computers Accessories,134.55
801,Sports Leisure Item #1b7b45,Sports Leisure,157.43
802,Food Drink Item #488edb,Food Drink,15.9
803,Pet Shop Item #f92ece,Pet Shop,46.9
804,Bed Bath Table Item #8dc41b,Bed Bath Table,249.0
805,Cool Stuff Item #c5736c,Cool Stuff,119.9
806,Toys Item #8f8cb7,Toys,83.23
807,Housewares Item #5f76bb,Housewares,312.89
808,Watches Gifts Item #025249,Watches Gifts,239.0
809,Baby Item #cf5f0f,Baby,749.0
810,Watches Gifts Item #b84a91,Watches Gifts,225.9
811,Furniture Decor Item #bc527b,Furniture Decor,59.9
812,Baby Item #ce582a,Baby,39.99
813,Auto Item #067891,Auto,110.0
814,Agro Industry And Commerce Item #0b2a12,Agro Industry And Commerce,96.9
815,Health Beauty Item #1f75be,Health Beauty,13.99
816,Computers Accessories Item #a0c610,Computers Accessories,34.99
817,Sports Leisure Item #92144c,Sports Leisure,124.9
818,Health Beauty Item #d3153e,Health Beauty,120.49
819,Auto Item #b81278,Auto,139.0
820,Sports Leisure Item #89f1e7,Sports Leisure,39.9
821,Telephony Item #c3df8a,Telephony,19.99
822,Furniture Decor Item #b4ae18,Furniture Decor,125.93
823,Sports Leisure Item #9456c1,Sports Leisure,75.0
824,Costruction Tools Garden Item #3863a6,Costruction Tools Garden,79.9
825,Furniture Decor Item #6a1c65,Furniture Decor,230.0
826,Housewares Item #29d78e,Housewares,122.0
827,Furniture Decor Item #ca9b2c,Furniture Decor,59.9
828,Perfumery Item #b16c0d,Perfumery,21.9
829,Toys Item #8b2e2e,Toys,69.9
830,Toys Item #2397e0,Toys,499.9
831,Sports Leisure Item #7b35cc,Sports Leisure,179.0
832,Books General Interest Item #48882f,Books General Interest,19.9
833,Health Beauty Item #d4e19e,Health Beauty,125.0
834,Auto Item #d07041,Auto,275.0
835,Health Beauty Item #6abd84,Health Beauty,29.9
836,Garden Tools Item #7a8283,Garden Tools,37.99
837,Auto Item #55917a,Auto,69.9
838,Baby Item #4345b1,Baby,39.9
839,Health Beauty Item #3d388a,Health Beauty,599.0
840,Furniture Decor Item #528016,Furniture Decor,49.8
841,Fashion Bags Accessories Item #ba9e89,Fashion Bags Accessories,340.0
842,Watches Gifts Item #058453,Watches Gifts,55.0
843,Bed Bath Table Item #bb42f3,Bed Bath Table,44.9
844,Health Beauty Item #7c2d0d,Health Beauty,116.0
845,Auto Item #f361fc,Auto,15.15
846,Watches Gifts Item #de7578,Watches Gifts,599.0
847,Health Beauty Item #c3eb70,Health Beauty,990.0
848,Toys Item #23fdd3,Toys,11.9
849,Furniture Decor Item #d3ceda,Furniture Decor,99.0
850,Musical Instruments Item #b7a895,Musical Instruments,263.32
851,Baby Item #2009f9,Baby,159.9
852,Toys Item #748b71,Toys,94.9
853,Telephony Item #873d2a,Telephony,148.0
854,Fashion Bags Accessories Item #6290a1,Fashion Bags Accessories,69.9
855,Health Beauty Item #caa41b,Health Beauty,46.4
856,Auto Item #875bee,Auto,49.9
857,Bed Bath Table Item #eff409,Bed Bath Table,34.35
858,Air Conditioning Item #525f8f,Air Conditioning,35.9
859,Pet Shop Item #c028e4,Pet Shop,164.0
860,Telephony Item #aee9cd,Telephony,21.99
861,Watches Gifts Item #c756c9,Watches Gifts,55.0
862,Furniture Decor Item #ac8ead,Furniture Decor,259.9
863,Cool Stuff Item #8899e5,Cool Stuff,31.99
864,Furniture Decor Item #1ce476,Furniture Decor,12.5
865,Bed Bath Table Item #8f41c6,Bed Bath Table,69.0
866,Cool Stuff Item #2267f8,Cool Stuff,235.0
867,Watches Gifts Item #41c24b,Watches Gifts,114.81
868,Stationery Item #4a2aa2,Stationery,129.9
869,Sports Leisure Item #9a21c7,Sports Leisure,23.9
870,Furniture Decor Item #063595,Furniture Decor,179.99
871,Toys Item #ebf19d,Toys,89.0
872,Bed Bath Table Item #2a33c8,Bed Bath Table,259.9
873,Health Beauty Item #252876,Health Beauty,54.9
874,Fixed Telephony Item #c7b28f,Fixed Telephony,39.99
875,Musical Instruments Item #738da8,Musical Instruments,79.9
876,Bed Bath Table Item #e91b0c,Bed Bath Table,52.99
877,Telephony Item #12f066,Telephony,18.9
878,Garden Tools Item #a58add,Garden Tools,379.0
879,Bed Bath Table Item #447934,Bed Bath Table,229.99
880,Sports Leisure Item #9c7bdf,Sports Leisure,15.0
881,Pet Shop Item #75d7ef,Pet Shop,42.99
882,Toys Item #3f5a7a,Toys,79.0
883,Office Furniture Item #3eef0c,Office Furniture,82.21
884,Watches Gifts Item #8368ab,Watches Gifts,783.14
885,Computers Accessories Item #f7944b,Computers Accessories,509.99
886,Housewares Item #f7a17d,Housewares,50.73
887,Sports Leisure Item #6a1a04,Sports Leisure,59.9
888,Furniture Decor Item #86b905,Furniture Decor,299.99
889,Furniture Decor Item #e6a497,Furniture Decor,29.99
890,Bed Bath Table Item #bec758,Bed Bath Table,57.9
891,Health Beauty Item #809f2a,Health Beauty,12.9
892,Auto Item #cebff4,Auto,95.9
893,Health Beauty Item #4f0abf,Health Beauty,110.32
894,Books Technical Item #d500c6,Books Technical,188.0
895,Health Beauty Item #fa8b90,Health Beauty,154.0
896,Telephony Item #951e29,Telephony,24.99
897,Auto Item #c5cc16,Auto,199.9
898,Furniture Decor Item #46b609,Furniture Decor,59.9
899,Furniture Decor Item #32bb15,Furniture Decor,230.0
900,Pet Shop Item #096d68,Pet Shop,61.9
901,Sports Leisure Item #6d7d85,Sports Leisure,15.9
902,Health Beauty Item #e435ce,Health Beauty,28.87
903,Health Beauty Item #195a72,Health Beauty,44.9
904,Auto Item #c4b21b,Auto,69.9
905,Uncategorized Item #0ed279,Uncategorized,59.9
906,Furniture Decor Item #4cf712,Furniture Decor,50.9
907,Telephony Item #92f1f7,Telephony,73.5
908,Auto Item #692137,Auto,40.0
909,Electronics Item #2c0b8a,Electronics,14.89
910,Small Appliances Item #b7d350,Small Appliances,1890.0
911,Bed Bath Table Item #ba3f29,Bed Bath Table,104.49
912,Home Appliances 2 Item #ada6a9,Home Appliances 2,2350.0
913,Watches Gifts Item #7668d6,Watches Gifts,369.9
914,Food Item #d6a246,Food,9.99
915,Housewares Item #4fec1a,Housewares,11.99
916,Stationery Item #b81e20,Stationery,29.0
917,Home Construction Item #ebe8bb,Home Construction,65.9
918,Computers Accessories Item #58662f,Computers Accessories,39.9
919,Stationery Item #6bd248,Stationery,55.23
920,Bed Bath Table Item #cd8227,Bed Bath Table,41.9
921,Electronics Item #00f8c3,Electronics,16.9
922,Construction Tools Construction Item #dbaee2,Construction Tools Construction,55.9
923,Bed Bath Table Item #509869,Bed Bath Table,79.99
924,Toys Item #4cb922,Toys,97.44
925,Sports Leisure Item #2e2747,Sports Leisure,49.9
926,Watches Gifts Item #6d8f2c,Watches Gifts,69.5
927,Cool Stuff Item #fcc27d,Cool Stuff,199.0
928,Watches Gifts Item #9d46bf,Watches Gifts,95.0
929,Pet Shop Item #3a2df6,Pet Shop,71.99
930,Telephony Item #d305d1,Telephony,69.89
931,Telephony Item #d34c07,Telephony,29.99
932,Auto Item #4fcb3d,Auto,145.72
933,Toys Item #847379,Toys,99.9
934,Auto Item #178656,Auto,108.9
935,Toys Item #5fb1e2,Toys,259.9
936,Garden Tools Item #368c6c,Garden Tools,54.59
937,Pet Shop Item #45ba26,Pet Shop,68.63
938,Construction Tools Construction Item #596e3a,Construction Tools Construction,16.5
939,Telephony Item #b9c742,Telephony,28.9
940,Bed Bath Table Item #9d6c66,Bed Bath Table,69.9
941,Home Construction Item #af74cc,Home Construction,79.8
942,Furniture Decor Item #8338ce,Furniture Decor,45.9
943,Bed Bath Table Item #fd45ce,Bed Bath Table,41.99
944,Health Beauty Item #a7e091,Health Beauty,64.14
945,Furniture Decor Item #530d94,Furniture Decor,39.0
946,Sports Leisure Item #cb81df,Sports Leisure,45.0
947,Electronics Item #2e830c,Electronics,11.6
948,Bed Bath Table Item #aa21b6,Bed Bath Table,154.99
949,Bed Bath Table Item #1bef08,Bed Bath Table,15.9
950,Computers Accessories Item #21ee06,Computers Accessories,39.0
951,Health Beauty Item #aa70ae,Health Beauty,110.32
952,Bed Bath Table Item #5c5975,Bed Bath Table,94.9
953,Cool Stuff Item #231b36,Cool Stuff,129.99
954,Housewares Item #7a8175,Housewares,14.9
955,Sports Leisure Item #45b280,Sports Leisure,169.0
956,Computers Accessories Item #18bbc8,Computers Accessories,190.32
957,Watches Gifts Item #c10a70,Watches Gifts,129.99
958,Baby Item #2b5ae8,Baby,168.0
959,Housewares Item #4aa601,Housewares,294.99
960,Sports Leisure Item #b596e2,Sports Leisure,259.99
961,Sports Leisure Item #9c54fc,Sports Leisure,175.0
962,Perfumery Item #178240,Perfumery,419.9
963,Electronics Item #2a6d3f,Electronics,18.9
964,Sports Leisure Item #6d811b,Sports Leisure,173.9
965,Home Construction Item #d5c512,Home Construction,120.0
966,Sports Leisure Item #bd5556,Sports Leisure,34.49
967,Kitchen Dining Laundry Garden Furniture Item #261244,Kitchen Dining Laundry Garden Furniture,41.89
968,Sports Leisure Item #682fa9,Sports Leisure,139.9
969,Auto Item #53da2e,Auto,47.99
970,Cool Stuff Item #041022,Cool Stuff,125.0
971,Bed Bath Table Item #7ac5f5,Bed Bath Table,121.4
972,Food Item #789ad1,Food,54.49
973,Agro Industry And Commerce Item #423a66,Agro Industry And Commerce,425.0
974,Furniture Decor Item #695cb7,Furniture Decor,449.9
975,Furniture Decor Item #1e88eb,Furniture Decor,75.6
976,Construction Tools Safety Item #63c21c,Construction Tools Safety,285.0
977,Telephony Item #0e8455,Telephony,81.99
978,Health Beauty Item #a4462e,Health Beauty,729.0
979,Computers Accessories Item #6456fd,Computers Accessories,199.0
980,Pet Shop Item #89fe9f,Pet Shop,59.99
981,Sports Leisure Item #f5307d,Sports Leisure,199.9
982,Toys Item #efaadc,Toys,136.9
983,Housewares Item #763c99,Housewares,19.99
984,Garden Tools Item #b37a8c,Garden Tools,95.0
985,Health Beauty Item #2e64d1,Health Beauty,81.9
986,Baby Item #6df3e2,Baby,9.99
987,Stationery Item #735a36,Stationery,269.9
988,Health Beauty Item #634256,Health Beauty,25.57
989,Health Beauty Item #6f57ca,Health Beauty,129.9
990,Health Beauty Item #7648a2,Health Beauty,169.9
991,Computers Accessories Item #cd46a8,Computers Accessories,99.99
992,Health Beauty Item #748fec,Health Beauty,129.9
993,Health Beauty Item #24bc29,Health Beauty,55.0
994,Bed Bath Table Item #cfb79b,Bed Bath Table,39.0
995,Computers Accessories Item #a4758e,Computers Accessories,558.5
996,Fashion Bags Accessories Item #1276de,Fashion Bags Accessories,19.9
997,Health Beauty Item #a33430,Health Beauty,78.0
998,Pet Shop Item #41ddd4,Pet Shop,89.7
999,Health Beauty Item #b8b426,Health Beauty,98.04
1000,Sports Leisure Item #f179d5,Sports Leisure,269.9
1001,Stationery Item #f41009,Stationery,99.0
1002,Furniture Decor Item #7a7be2,Furniture Decor,49.0
1003,Auto Item #38991d,Auto,59.9
1004,Auto Item #4f0c62,Auto,179.49
1005,Housewares Item #c7f24e,Housewares,225.0
1006,Garden Tools Item #3914a2,Garden Tools,18.24
1007,Cool Stuff Item #9592cd,Cool Stuff,49.9
1008,Music Item #def080,Music,299.0
1009,Housewares Item #e482ad,Housewares,49.0
1010,Watches Gifts Item #526f83,Watches Gifts,129.0
1011,Fashion Bags Accessories Item #943370,Fashion Bags Accessories,44.99
1012,Sports Leisure Item #04c418,Sports Leisure,33.9
1013,Uncategorized Item #fcde18,Uncategorized,108.9
1014,Musical Instruments Item #4a2662,Musical Instruments,269.0
1015,Housewares Item #28fe7b,Housewares,118.0
1016,Auto Item #55f166,Auto,60.0
1017,Housewares Item #f399bb,Housewares,75.0
1018,Auto Item #794a58,Auto,149.99
1019,Bed Bath Table Item #9ecfbb,Bed Bath Table,219.9
1020,Furniture Decor Item #8e4650,Furniture Decor,93.45
1021,Auto Item #46f739,Auto,139.99
1022,Stationery Item #59f410,Stationery,89.9
1023,Baby Item #2653c1,Baby,169.9
1024,Garden Tools Item #e251eb,Garden Tools,115.26
1025,Bed Bath Table Item #c68947,Bed Bath Table,49.9
1026,Computers Accessories Item #3275f9,Computers Accessories,27.9
1027,Sports Leisure Item #40a5f1,Sports Leisure,59.9
1028,Health Beauty Item #ef9f05,Health Beauty,95.0
1029,Garden Tools Item #d2085f,Garden Tools,12.49
1030,Health Beauty Item #6d0d7c,Health Beauty,59.0
1031,Perfumery Item #f4938e,Perfumery,369.9
1032,Housewares Item #f014ea,Housewares,27.53
1033,Health Beauty Item #30e010,Health Beauty,169.9
1034,Bed Bath Table Item #2511e5,Bed Bath Table,179.9
1035,Fashion Shoes Item #f01058,Fashion Shoes,79.9
1036,Telephony Item #7770bd,Telephony,21.99
1037,Home Construction Item #9795a7,Home Construction,27.9
1038,Computers Accessories Item #1945af,Computers Accessories,517.99
1039,Audio Item #3b7929,Audio,110.0
1040,Office Furniture Item #b03f48,Office Furniture,95.0
1041,Telephony Item #f7ac49,Telephony,48.99
1042,Auto Item #cbc7a9,Auto,199.0
1043,Perfumery Item #6b24ec,Perfumery,39.99
1044,Sports Leisure Item #28ea12,Sports Leisure,74.99
1045,Health Beauty Item #7cd29d,Health Beauty,37.9
1046,Bed Bath Table Item #25fed9,Bed Bath Table,34.9
1047,Electronics Item #0b9ee4,Electronics,24.89
1048,Consoles Games Item #7f2e92,Consoles Games,89.9
1049,Bed Bath Table Item #1d4de0,Bed Bath Table,205.97
1050,Auto Item #4d37ea,Auto,59.9
1051,Housewares Item #3d3c42,Housewares,49.9
1052,Health Beauty Item #f97f7f,Health Beauty,69.5
1053,Housewares Item #218054,Housewares,5.0
1054,Electronics Item #8bab56,Electronics,18.9
1055,Health Beauty Item #ffaf0a,Health Beauty,93.99
1056,Watches Gifts Item #83305c,Watches Gifts,150.0
1057,Garden Tools Item #18f0c0,Garden Tools,24.99
1058,Home Appliances Item #05de46,Home Appliances,15.75
1059,Bed Bath Table Item #404a57,Bed Bath Table,220.0
1060,Audio Item #a59fb6,Audio,14.9
1061,Housewares Item #869c41,Housewares,32.9
1062,Furniture Decor Item #741a31,Furniture Decor,45.9
1063,Bed Bath Table Item #7c7ba3,Bed Bath Table,59.99
1064,Furniture Decor Item #215238,Furniture Decor,49.9
1065,Garden Tools Item #a4f599,Garden Tools,153.84
1066,Watches Gifts Item #a292d9,Watches Gifts,99.9
1067,Home Construction Item #b6a87b,Home Construction,443.9
1068,Sports Leisure Item #75d388,Sports Leisure,40.5
1069,Furniture Decor Item #092eff,Furniture Decor,39.9
1070,Costruction Tools Garden Item #0b01a9,Costruction Tools Garden,40.8
1071,Health Beauty Item #f2af00,Health Beauty,23.89
1072,Small Appliances Item #1501b0,Small Appliances,49.7
1073,Fashion Shoes Item #de6075,Fashion Shoes,29.9
1074,Bed Bath Table Item #73caf7,Bed Bath Table,88.0
1075,Bed Bath Table Item #da5965,Bed Bath Table,38.99
1076,Cool Stuff Item #20a64c,Cool Stuff,99.99
1077,Perfumery Item #a37d9b,Perfumery,35.9
1078,Sports Leisure Item #eae99b,Sports Leisure,48.9
1079,Electronics Item #ab1f93,Electronics,12.25
1080,Toys Item #a87972,Toys,36.49
1081,Office Furniture Item #516ccd,Office Furniture,116.46
1082,Sports Leisure Item #d3c044,Sports Leisure,30.7
1083,Housewares Item #ae17f8,Housewares,28.0
1084,Baby Item #02f3b0,Baby,299.99
1085,Cool Stuff Item #d65b66,Cool Stuff,48.9
1086,Housewares Item #4f9d35,Housewares,179.9
1087,Stationery Item #e9775f,Stationery,59.9
1088,Housewares Item #b75bc6,Housewares,148.7
1089,Industry Commerce And Business Item #632fe3,Industry Commerce And Business,138.0
1090,Auto Item #dab175,Auto,69.9
1091,Toys Item #d13014,Toys,179.98
1092,Health Beauty Item #d06466,Health Beauty,208.0
1093,Perfumery Item #b85e77,Perfumery,69.9
1094,Auto Item #626936,Auto,49.0
1095,Bed Bath Table Item #3ec298,Bed Bath Table,119.9
1096,Furniture Decor Item #173c08,Furniture Decor,104.0
1097,Auto Item #33ba4b,Auto,27.9
1098,Watches Gifts Item #d82497,Watches Gifts,579.9
1099,Fashion Underwear Beach Item #844f0d,Fashion Underwear Beach,51.0
1100,Watches Gifts Item #cce555,Watches Gifts,78.0
1101,Garden Tools Item #9bf49e,Garden Tools,199.99
1102,Toys Item #aa2800,Toys,35.3
1103,Perfumery Item #20f160,Perfumery,167.92
1104,Watches Gifts Item #64b4f3,Watches Gifts,117.18
1105,Toys Item #c656d2,Toys,149.99
1106,Health Beauty Item #af1adc,Health Beauty,59.9
1107,Pet Shop Item #6841fe,Pet Shop,59.99
1108,Telephony Item #8b1b11,Telephony,24.99
1109,Fashion Bags Accessories Item #f017f4,Fashion Bags Accessories,39.99
1110,Furniture Decor Item #43ee88,Furniture Decor,10.9
1111,Stationery Item #d3b023,Stationery,79.0
1112,Books General Interest Item #b0c7a7,Books General Interest,899.9
1113,Furniture Decor Item #d01122,Furniture Decor,236.4
1114,Sports Leisure Item #622bad,Sports Leisure,93.97
1115,Sports Leisure Item #192b33,Sports Leisure,74.5
1116,Bed Bath Table Item #0f7720,Bed Bath Table,67.99
1117,Books Imported Item #e96a50,Books Imported,99.0
1118,Cool Stuff Item #53a19e,Cool Stuff,85.0
1119,Uncategorized Item #cae7a9,Uncategorized,34.99
1120,Furniture Decor Item #ba37ce,Furniture Decor,29.9
1121,Furniture Decor Item #20a261,Furniture Decor,37.72
1122,Construction Tools Construction Item #d881b7,Construction Tools Construction,24.5
1123,Bed Bath Table Item #3976b9,Bed Bath Table,369.9
1124,Toys Item #32a674,Toys,69.9
1125,Electronics Item #fc877e,Electronics,36.5
1126,Computers Accessories Item #0e632a,Computers Accessories,496.9
1127,Housewares Item #5a57a5,Housewares,120.0
1128,Sports Leisure Item #3a05a9,Sports Leisure,119.9
1129,Telephony Item #f5d714,Telephony,18.99
1130,Bed Bath Table Item #1486ff,Bed Bath Table,59.99
1131,Stationery Item #db91bc,Stationery,119.9
1132,Health Beauty Item #e224d9,Health Beauty,133.0
1133,Construction Tools Construction Item #af407c,Construction Tools Construction,119.0
1134,Signaling And Security Item #dff96a,Signaling And Security,20.0
1135,Health Beauty Item #aed75a,Health Beauty,550.0
1136,Computers Accessories Item #cf8c58,Computers Accessories,8.9
1137,Consoles Games Item #f64966,Consoles Games,39.9
1138,Bed Bath Table Item #cee961,Bed Bath Table,28.9
1139,Cool Stuff Item #1efd84,Cool Stuff,19.9
1140,Watches Gifts Item #7810b4,Watches Gifts,198.9
1141,Office Furniture Item #a0c39d,Office Furniture,179.99
1142,Sports Leisure Item #93846c,Sports Leisure,74.99
1143,Cool Stuff Item #ef0e16,Cool Stuff,173.32
1144,Cool Stuff Item #f264c1,Cool Stuff,71.49
1145,Housewares Item #4c0a18,Housewares,7.9
1146,Sports Leisure Item #40b2a4,Sports Leisure,252.0
1147,Health Beauty Item #c0abb5,Health Beauty,80.49
1148,Construction Tools Construction Item #7564c1,Construction Tools Construction,44.77
1149,Housewares Item #ebb122,Housewares,99.8
1150,Toys Item #648790,Toys,159.9
1151,Uncategorized Item #6d0af4,Uncategorized,59.99
1152,Sports Leisure Item #dbf66e,Sports Leisure,41.79
1153,Auto Item #07aa6a,Auto,75.0
1154,Consoles Games Item #d581c7,Consoles Games,99.9
1155,Baby Item #e85d91,Baby,134.9
1156,Cool Stuff Item #bb191b,Cool Stuff,189.9
1157,Auto Item #30d150,Auto,439.0
1158,Computers Accessories Item #0fb165,Computers Accessories,115.99
1159,Toys Item #0e669e,Toys,133.99
1160,Furniture Decor Item #acdb48,Furniture Decor,299.0
1161,Electronics Item #75fc57,Electronics,14.9
1162,Luggage Accessories Item #23905e,Luggage Accessories,239.99
1163,Drinks Item #211293,Drinks,26.24
1164,Fashion Sport Item #700a31,Fashion Sport,180.9
1165,Health Beauty Item #2b4609,Health Beauty,85.64
1166,Health Beauty Item #ccd07b,Health Beauty,40.0
1167,Garden Tools Item #1ab21e,Garden Tools,14.9
1168,Market Place Item #321501,Market Place,28.99
1169,Costruction Tools Garden Item #5272c0,Costruction Tools Garden,16.6
1170,Sports Leisure Item #02a0c2,Sports Leisure,120.0
1171,Electronics Item #2a3539,Electronics,21.89
1172,Stationery Item #b45618,Stationery,39.9
1173,Computers Accessories Item #38273c,Computers Accessories,19.9
1174,Health Beauty Item #f158c8,Health Beauty,38.9
1175,Construction Tools Construction Item #309dd6,Construction Tools Construction,56.0
1176,Sports Leisure Item #9feead,Sports Leisure,104.9
1177,Health Beauty Item #76ad24,Health Beauty,72.9
1178,Computers Accessories Item #6f73b1,Computers Accessories,99.99
1179,Sports Leisure Item #a35ea2,Sports Leisure,44.99
1180,Cool Stuff Item #65dfa5,Cool Stuff,229.99
1181,Sports Leisure Item #327625,Sports Leisure,24.9
1182,Perfumery Item #03b29c,Perfumery,39.9
1183,Watches Gifts Item #69455f,Watches Gifts,146.98
1184,Sports Leisure Item #0fe922,Sports Leisure,16.0
1185,Kitchen Dining Laundry Garden Furniture Item #06731c,Kitchen Dining Laundry Garden Furniture,29.9
1186,Sports Leisure Item #cec097,Sports Leisure,69.9
1187,Auto Item #6f9d3f,Auto,429.9
1188,Housewares Item #807b11,Housewares,44.9
1189,Furniture Decor Item #80a286,Furniture Decor,99.9
1190,Watches Gifts Item #1b474c,Watches Gifts,173.9
1191,Telephony Item #ca873f,Telephony,65.0
1192,Sports Leisure Item #2d1103,Sports Leisure,24.0
1193,Baby Item #1164c1,Baby,50.0
1194,Bed Bath Table Item #0d9875,Bed Bath Table,101.2
1195,Garden Tools Item #d1b571,Garden Tools,299.9
1196,Perfumery Item #03d7ad,Perfumery,79.9
1197,Furniture Decor Item #d5536c,Furniture Decor,1259.0
1198,Construction Tools Construction Item #678c22,Construction Tools Construction,95.9
1199,Fixed Telephony Item #e4f61b,Fixed Telephony,299.0
1200,Computers Accessories Item #134957,Computers Accessories,19.9
1201,Home Construction Item #3cce0d,Home Construction,93.27
1202,Pet Shop Item #ca3fd0,Pet Shop,499.9
1203,Bed Bath Table Item #f2e53d,Bed Bath Table,109.9
1204,Health Beauty Item #21538f,Health Beauty,65.0
1205,Uncategorized Item #4f0aa1,Uncategorized,109.99
1206,Bed Bath Table Item #c36bbb,Bed Bath Table,18.74
1207,Computers Accessories Item #0cb61d,Computers Accessories,199.0
1208,Office Furniture Item #bd59d7,Office Furniture,129.0
1209,Uncategorized Item #3373d1,Uncategorized,39.9
1210,Health Beauty Item #96c1f1,Health Beauty,78.5
1211,Baby Item #e4d56c,Baby,59.9
1212,Bed Bath Table Item #bd69e6,Bed Bath Table,56.99
1213,Furniture Decor Item #07faa4,Furniture Decor,10.9
1214,Fashion Bags Accessories Item #27672d,Fashion Bags Accessories,79.0
1215,Fashion Male Clothing Item #660fc6,Fashion Male Clothing,129.99
1216,Home Appliances Item #5efb41,Home Appliances,18.45
1217,Garden Tools Item #03e9fc,Garden Tools,39.99
1218,Telephony Item #12f54c,Telephony,15.9
1219,Fixed Telephony Item #9c8175,Fixed Telephony,39.9
1220,Furniture Decor Item #963022,Furniture Decor,89.18
1221,Fashion Bags Accessories Item #5115d8,Fashion Bags Accessories,69.0
1222,Housewares Item #623eb5,Housewares,25.0
1223,Watches Gifts Item #a86bf9,Watches Gifts,539.99
1224,Watches Gifts Item #f5f1ce,Watches Gifts,239.0
1225,Housewares Item #623ca2,Housewares,34.2
1226,Perfumery Item #f4116e,Perfumery,37.9
1227,Health Beauty Item #583066,Health Beauty,82.99
1228,Fashion Bags Accessories Item #e3a23a,Fashion Bags Accessories,50.0
1229,Sports Leisure Item #8ffdc7,Sports Leisure,289.0
1230,Perfumery Item #2007f2,Perfumery,98.9
1231,Office Furniture Item #74a47d,Office Furniture,189.99
1232,Fashion Bags Accessories Item #061c05,Fashion Bags Accessories,24.99
1233,Baby Item #ad0bb5,Baby,289.0
1234,Perfumery Item #7cd368,Perfumery,54.47
1235,Stationery Item #40a875,Stationery,89.0
1236,Furniture Decor Item #60c7ab,Furniture Decor,458.0
1237,Auto Item #39251f,Auto,19.99
1238,Stationery Item #ba82e5,Stationery,4.2
1239,Home Appliances Item #43944a,Home Appliances,699.0
1240,Bed Bath Table Item #8e910a,Bed Bath Table,19.9
1241,Toys Item #3b4ea3,Toys,89.0
1242,Bed Bath Table Item #3581c0,Bed Bath Table,166.89
1243,Baby Item #6d5a9c,Baby,109.9
1244,Sports Leisure Item #a9b903,Sports Leisure,24.9
1245,Baby Item #acbbaa,Baby,29.99
1246,Housewares Item #2eb384,Housewares,21.15
1247,Health Beauty Item #30d755,Health Beauty,485.9
1248,Cool Stuff Item #c6dd91,Cool Stuff,99.35
1249,Computers Accessories Item #4d1cb1,Computers Accessories,44.98
1250,Signaling And Security Item #aed4b8,Signaling And Security,180.9
1251,Stationery Item #a24756,Stationery,69.0
1252,Telephony Item #99f265,Telephony,36.66
1253,Small Appliances Item #f6ce2f,Small Appliances,66.0
1254,Watches Gifts Item #a83855,Watches Gifts,714.0
1255,Bed Bath Table Item #40cb7b,Bed Bath Table,56.68
1256,Uncategorized Item #a8e593,Uncategorized,47.81
1257,Health Beauty Item #c38458,Health Beauty,59.5
1258,Cool Stuff Item #00126f,Cool Stuff,249.0
1259,Health Beauty Item #6f5607,Health Beauty,135.97
1260,Computers Accessories Item #4eea85,Computers Accessories,145.0
1261,Stationery Item #ab255f,Stationery,115.9
1262,Furniture Decor Item #6766f0,Furniture Decor,259.0
1263,Furniture Living Room Item #c0d8d4,Furniture Living Room,179.5
1264,Housewares Item #f1908e,Housewares,9.95
1265,Telephony Item #4af2ea,Telephony,27.99
1266,Auto Item #b9518f,Auto,98.0
1267,Computers Accessories Item #3d85e8,Computers Accessories,67.9
1268,Furniture Decor Item #8179f0,Furniture Decor,115.9
1269,Health Beauty Item #aadff8,Health Beauty,29.9
1270,Toys Item #f56596,Toys,57.9
1271,Computers Accessories Item #e7261b,Computers Accessories,1649.89
1272,Housewares Item #fbe6d5,Housewares,388.16
1273,Air Conditioning Item #171787,Air Conditioning,176.26
1274,Office Furniture Item #aba86c,Office Furniture,117.8
1275,Auto Item #ce5828,Auto,119.99
1276,Computers Accessories Item #3c4b13,Computers Accessories,19.0
1277,Watches Gifts Item #41402a,Watches Gifts,277.0
1278,Sports Leisure Item #28e112,Sports Leisure,54.0
1279,Bed Bath Table Item #9e56be,Bed Bath Table,58.67
1280,Auto Item #b73fbd,Auto,44.9
1281,Sports Leisure Item #b584de,Sports Leisure,55.13
1282,Food Item #92857a,Food,17.49
1283,Sports Leisure Item #bb927b,Sports Leisure,139.9
1284,Sports Leisure Item #21d512,Sports Leisure,139.9
1285,Kitchen Dining Laundry Garden Furniture Item #a75b73,Kitchen Dining Laundry Garden Furniture,229.9
1286,Sports Leisure Item #016cae,Sports Leisure,59.0
1287,Computers Accessories Item #e79755,Computers Accessories,135.0
1288,Health Beauty Item #bb9a7b,Health Beauty,14.0
1289,Computers Accessories Item #cdeefd,Computers Accessories,240.35
1290,Home Appliances Item #be837f,Home Appliances,32.9
1291,Office Furniture Item #70edd5,Office Furniture,119.99
1292,Auto Item #6c04a0,Auto,10.9
1293,Consoles Games Item #52f5d8,Consoles Games,69.9
1294,Watches Gifts Item #234357,Watches Gifts,19.99
1295,Computers Accessories Item #3db5b7,Computers Accessories,366.3
1296,Bed Bath Table Item #900c23,Bed Bath Table,189.9
1297,Watches Gifts Item #81f220,Watches Gifts,99.0
1298,Toys Item #68d5c8,Toys,34.9
1299,Fashion Bags Accessories Item #cca1da,Fashion Bags Accessories,98.6
1300,Uncategorized Item #1fde73,Uncategorized,89.0
1301,Health Beauty Item #8ca6eb,Health Beauty,199.99
1302,Auto Item #79ef79,Auto,69.9
1303,Office Furniture Item #a5647c,Office Furniture,163.45
1304,Bed Bath Table Item #07a949,Bed Bath Table,39.9
1305,Housewares Item #59cca7,Housewares,104.0
1306,Telephony Item #61919b,Telephony,299.0
1307,Telephony Item #8c5876,Telephony,49.0
1308,Watches Gifts Item #540352,Watches Gifts,48.5
1309,Health Beauty Item #0f6fe4,Health Beauty,99.9
1310,Musical Instruments Item #7b1069,Musical Instruments,79.0
1311,Construction Tools Safety Item #8e6dfb,Construction Tools Safety,25.0
1312,Construction Tools Construction Item #3db534,Construction Tools Construction,55.32
1313,Housewares Item #c2a1ff,Housewares,69.9
1314,Computers Accessories Item #619d72,Computers Accessories,79.9
1315,Health Beauty Item #98ec65,Health Beauty,49.9
1316,Bed Bath Table Item #1ca5c0,Bed Bath Table,58.67
1317,Computers Accessories Item #064a93,Computers Accessories,127.0
1318,Furniture Decor Item #6f2e4f,Furniture Decor,159.9
1319,Stationery Item #b369e0,Stationery,79.9
1320,Bed Bath Table Item #c0d133,Bed Bath Table,119.9
1321,Bed Bath Table Item #1f5a00,Bed Bath Table,169.99
1322,Housewares Item #2635c3,Housewares,26.9
1323,Computers Accessories Item #114480,Computers Accessories,63.9
1324,Computers Accessories Item #9cc798,Computers Accessories,95.0
1325,Toys Item #ee2568,Toys,29.0
1326,Watches Gifts Item #463cdd,Watches Gifts,1999.0
1327,Telephony Item #4a3007,Telephony,70.9
1328,Fashion Bags Accessories Item #96b84d,Fashion Bags Accessories,24.9
1329,Bed Bath Table Item #d9d3c9,Bed Bath Table,109.99
1330,Computers Item #194e74,Computers,856.0
1331,Cool Stuff Item #c8f470,Cool Stuff,219.99
1332,Sports Leisure Item #86b803,Sports Leisure,63.9
1333,Watches Gifts Item #d3257d,Watches Gifts,69.0
1334,Furniture Decor Item #b67cd6,Furniture Decor,59.9
1335,Furniture Decor Item #b490e3,Furniture Decor,48.5
1336,Consoles Games Item #00d363,Consoles Games,19.9
1337,Housewares Item #829e27,Housewares,129.9
1338,Office Furniture Item #3bf87d,Office Furniture,209.99
1339,Health Beauty Item #2c23d4,Health Beauty,79.9
1340,Bed Bath Table Item #9f98cb,Bed Bath Table,79.99
1341,Bed Bath Table Item #66c88e,Bed Bath Table,58.0
1342,Furniture Decor Item #65bb1c,Furniture Decor,134.99
1343,Health Beauty Item #e2f1cc,Health Beauty,99.0
1344,Home Appliances 2 Item #99c97d,Home Appliances 2,443.0
1345,Stationery Item #b5e20f,Stationery,193.0
1346,Tablets Printing Image Item #34dabb,Tablets Printing Image,52.0
1347,Housewares Item #aefb22,Housewares,74.59
1348,Pet Shop Item #4c1e10,Pet Shop,120.0
1349,Computers Accessories Item #36244e,Computers Accessories,90.0
1350,Toys Item #7e379a,Toys,59.9
1351,Furniture Decor Item #967a62,Furniture Decor,279.99
1352,Bed Bath Table Item #5c4a7b,Bed Bath Table,34.5
1353,Auto Item #4310ea,Auto,60.09
1354,Furniture Decor Item #6ddc47,Furniture Decor,29.99
1355,Tablets Printing Image Item #6bbe55,Tablets Printing Image,99.0
1356,Office Furniture Item #8ed094,Office Furniture,183.26
1357,Health Beauty Item #421fbb,Health Beauty,19.0
1358,Health Beauty Item #dd89d6,Health Beauty,95.0
1359,Watches Gifts Item #6b7b5d,Watches Gifts,679.0
1360,Bed Bath Table Item #9ae12b,Bed Bath Table,19.9
1361,Computers Accessories Item #f81353,Computers Accessories,550.99
1362,Bed Bath Table Item #b28c74,Bed Bath Table,82.4
1363,Cool Stuff Item #7a5c07,Cool Stuff,75.0
1364,Sports Leisure Item #d22bbc,Sports Leisure,69.99
1365,Musical Instruments Item #a02455,Musical Instruments,1175.0
1366,Housewares Item #0d704e,Housewares,39.9
1367,Small Appliances Item #c67b3d,Small Appliances,72.34
1368,Bed Bath Table Item #4d272f,Bed Bath Table,24.9
1369,Housewares Item #6d2c14,Housewares,49.99
1370,Computers Accessories Item #6d37e2,Computers Accessories,255.9
1371,Furniture Decor Item #fec95e,Furniture Decor,136.3
1372,Watches Gifts Item #42a2ef,Watches Gifts,215.0
1373,Computers Accessories Item #e8b0fa,Computers Accessories,8.9
1374,Consoles Games Item #e306ca,Consoles Games,135.3
1375,Health Beauty Item #4100a6,Health Beauty,39.9
1376,Telephony Item #0649f5,Telephony,19.99
1377,Cool Stuff Item #7977b7,Cool Stuff,210.0
1378,Furniture Decor Item #09d16c,Furniture Decor,26.9
1379,Toys Item #4aca38,Toys,79.9
1380,Perfumery Item #6e7b43,Perfumery,119.9
1381,Computers Accessories Item #36f60d,Computers Accessories,86.84
1382,Stationery Item #c6a5b2,Stationery,79.0
1383,Computers Accessories Item #09364c,Computers Accessories,34.99
1384,Auto Item #84bafd,Auto,16.9
1385,Watches Gifts Item #5e5d26,Watches Gifts,242.96
1386,Home Appliances Item #5ddf71,Home Appliances,18.9
1387,Health Beauty Item #9835bb,Health Beauty,99.0
1388,Furniture Decor Item #d5ad14,Furniture Decor,140.9
1389,Furniture Decor Item #a5341e,Furniture Decor,89.62
1390,Baby Item #fd220f,Baby,79.9
1391,Auto Item #f93776,Auto,30.4
1392,Baby Item #e3ffa5,Baby,59.9
1393,Home Confort Item #f42892,Home Confort,89.9
1394,Garden Tools Item #c681df,Garden Tools,28.28
1395,Furniture Decor Item #a19b69,Furniture Decor,38.4
1396,Electronics Item #610c67,Electronics,13.65
1397,Auto Item #c1aaab,Auto,29.9
1398,Bed Bath Table Item #dd4924,Bed Bath Table,163.99
1399,Sports Leisure Item #197b43,Sports Leisure,125.9
1400,Toys Item #3948f2,Toys,81.0
1401,Fashion Bags Accessories Item #1928af,Fashion Bags Accessories,45.0
1402,Auto Item #144eeb,Auto,134.9
1403,Toys Item #d66815,Toys,120.99
1404,Housewares Item #60c937,Housewares,85.0
1405,Computers Accessories Item #9b762d,Computers Accessories,179.89
1406,Stationery Item #893b94,Stationery,97.07
1407,Watches Gifts Item #dc52f0,Watches Gifts,49.0
1408,Uncategorized Item #96cadd,Uncategorized,64.99
1409,Watches Gifts Item #d7db90,Watches Gifts,118.9
1410,Computers Accessories Item #d2f548,Computers Accessories,12.88
1411,Electronics Item #1cf0c9,Electronics,59.9
1412,Market Place Item #272e51,Market Place,179.9
1413,Signaling And Security Item #04ca6b,Signaling And Security,75.9
1414,Consoles Games Item #b93f2b,Consoles Games,19.99
1415,Furniture Decor Item #67cee2,Furniture Decor,49.7
1416,Bed Bath Table Item #688ad0,Bed Bath Table,64.13
1417,Air Conditioning Item #2d8f2b,Air Conditioning,186.9
1418,Bed Bath Table Item #a4fa3b,Bed Bath Table,109.9
1419,Sports Leisure Item #c41394,Sports Leisure,999.99
1420,Stationery Item #9bebdd,Stationery,69.9
1421,Perfumery Item #35d53a,Perfumery,85.0
1422,Housewares Item #81e328,Housewares,95.9
1423,Perfumery Item #990eca,Perfumery,59.9
1424,Sports Leisure Item #52113f,Sports Leisure,809.0
1425,Bed Bath Table Item #5c973b,Bed Bath Table,49.95
1426,Telephony Item #57d799,Telephony,25.99
1427,Housewares Item #21634f,Housewares,34.9
1428,Perfumery Item #e78506,Perfumery,179.0
1429,Furniture Decor Item #ac2075,Furniture Decor,59.9
1430,Watches Gifts Item #6781ea,Watches Gifts,569.0
1431,Watches Gifts Item #101a89,Watches Gifts,320.0
1432,Computers Accessories Item #173d5a,Computers Accessories,181.01
1433,Computers Accessories Item #3a190a,Computers Accessories,28.99
1434,Perfumery Item #51250f,Perfumery,13.99
1435,Housewares Item #79a0f9,Housewares,26.5
1436,Office Furniture Item #0364c3,Office Furniture,203.49
1437,Watches Gifts Item #43423c,Watches Gifts,61.36
1438,Housewares Item #d9cb2e,Housewares,105.0
1439,Furniture Bedroom Item #0296dd,Furniture Bedroom,480.0
1440,Telephony Item #133eef,Telephony,27.99
1441,Computers Accessories Item #db06cb,Computers Accessories,389.0
1442,Stationery Item #ab52c2,Stationery,79.0
1443,Sports Leisure Item #35382d,Sports Leisure,121.0
1444,Housewares Item #dd60ca,Housewares,29.9
1445,Musical Instruments Item #38021c,Musical Instruments,119.87
1446,Housewares Item #54d2c5,Housewares,69.0
1447,Bed Bath Table Item #d6c902,Bed Bath Table,244.9
1448,Toys Item #6b00cb,Toys,45.99
1449,Garden Tools Item #8a34e9,Garden Tools,189.9
1450,Industry Commerce And Business Item #cc02ea,Industry Commerce And Business,131.0
1451,Computers Accessories Item #887c03,Computers Accessories,68.9
1452,Furniture Decor Item #b46937,Furniture Decor,38.4
1453,Bed Bath Table Item #881573,Bed Bath Table,69.9
1454,Health Beauty Item #224f4c,Health Beauty,64.99
1455,Bed Bath Table Item #9a6ff2,Bed Bath Table,79.0
1456,Computers Accessories Item #0ff333,Computers Accessories,18.99
1457,Cool Stuff Item #65841a,Cool Stuff,849.0
1458,Computers Accessories Item #1427b1,Computers Accessories,110.81
1459,Baby Item #35e30f,Baby,100.0
1460,Toys Item #03fed4,Toys,139.99
1461,Pet Shop Item #ca5c92,Pet Shop,105.0
1462,Pet Shop Item #0eb5d1,Pet Shop,110.0
1463,Auto Item #c38640,Auto,64.8
1464,Auto Item #0ceb7c,Auto,139.99
1465,Sports Leisure Item #c0f957,Sports Leisure,113.0
1466,Health Beauty Item #3a362c,Health Beauty,110.32
1467,Watches Gifts Item #2ffdf1,Watches Gifts,198.22
1468,Perfumery Item #39084b,Perfumery,39.5
1469,Fashion Bags Accessories Item #424894,Fashion Bags Accessories,28.0
1470,Health Beauty Item #bb225b,Health Beauty,118.9
1471,Furniture Living Room Item #4d882b,Furniture Living Room,209.99
1472,Fashion Bags Accessories Item #b620a4,Fashion Bags Accessories,29.9
1473,Home Construction Item #3feb2f,Home Construction,128.0
1474,Garden Tools Item #0bcc3e,Garden Tools,55.06
1475,Bed Bath Table Item #4d0ec1,Bed Bath Table,99.9
1476,Uncategorized Item #5455db,Uncategorized,12.7
1477,Home Construction Item #3963a3,Home Construction,59.95
1478,Health Beauty Item #e08192,Health Beauty,51.98
1479,Fashion Bags Accessories Item #11a8af,Fashion Bags Accessories,189.9
1480,Computers Accessories Item #29bcb1,Computers Accessories,140.6
1481,Auto Item #ea1d98,Auto,87.26
1482,Bed Bath Table Item #868b31,Bed Bath Table,93.0
1483,Perfumery Item #1a43e8,Perfumery,49.9
1484,Christmas Supplies Item #c023dc,Christmas Supplies,13.77
1485,Health Beauty Item #fff81c,Health Beauty,90.0
1486,Luggage Accessories Item #e355d9,Luggage Accessories,78.9
1487,Baby Item #13cde3,Baby,149.9
1488,Toys Item #753b22,Toys,106.8
1489,Telephony Item #deecc6,Telephony,274.99
1490,Bed Bath Table Item #8cd0af,Bed Bath Table,99.0
1491,Audio Item #7c4a8b,Audio,17.4
1492,Telephony Item #9ac347,Telephony,99.9
1493,Bed Bath Table Item #f9eb0a,Bed Bath Table,52.8
1494,Bed Bath Table Item #5486b0,Bed Bath Table,98.99
1495,Health Beauty Item #7417df,Health Beauty,897.0
1496,Furniture Decor Item #0db377,Furniture Decor,349.9
1497,Watches Gifts Item #601842,Watches Gifts,369.0
1498,Computers Accessories Item #8f7ba3,Computers Accessories,58.0
1499,Furniture Decor Item #13d88c,Furniture Decor,165.05
1500,Cool Stuff Item #ee989d,Cool Stuff,50.9
1501,Sports Leisure Item #1a4054,Sports Leisure,134.9
1502,Computers Accessories Item #de845f,Computers Accessories,279.0
1503,Bed Bath Table Item #976f5d,Bed Bath Table,139.94
1504,Telephony Item #afc8e0,Telephony,12.9
1505,Uncategorized Item #e891d4,Uncategorized,27.0
1506,Furniture Decor Item #bb444f,Furniture Decor,86.99
1507,Furniture Decor Item #0a4af8,Furniture Decor,42.0
1508,Health Beauty Item #4c2394,Health Beauty,84.99
1509,Bed Bath Table Item #afc354,Bed Bath Table,227.0
1510,Home Construction Item #97759b,Home Construction,37.95
1511,Health Beauty Item #110592,Health Beauty,119.9
1512,Sports Leisure Item #711375,Sports Leisure,124.0
1513,Bed Bath Table Item #607ef4,Bed Bath Table,119.9
1514,Cool Stuff Item #1a4f33,Cool Stuff,24.0
1515,Bed Bath Table Item #e4c7ed,Bed Bath Table,72.9
1516,Computers Accessories Item #821ae2,Computers Accessories,66.9
1517,Auto Item #8551bb,Auto,29.9
1518,Sports Leisure Item #f21e1d,Sports Leisure,28.33
1519,Toys Item #db1154,Toys,89.9
1520,Health Beauty Item #50cada,Health Beauty,19.9
1521,Bed Bath Table Item #45a19b,Bed Bath Table,82.99
1522,Health Beauty Item #8378dd,Health Beauty,25.0
1523,Watches Gifts Item #1190eb,Watches Gifts,150.0
1524,Sports Leisure Item #e9edda,Sports Leisure,59.0
1525,Electronics Item #cf18e9,Electronics,63.99
1526,Sports Leisure Item #a2105c,Sports Leisure,101.0
1527,Auto Item #a5ffaf,Auto,45.9
1528,Housewares Item #7230cb,Housewares,17.9
1529,Sports Leisure Item #11875b,Sports Leisure,65.0
1530,Food Drink Item #54b755,Food Drink,48.45
1531,Bed Bath Table Item #bd5b04,Bed Bath Table,119.99
1532,Toys Item #3d36ef,Toys,299.99
1533,Health Beauty Item #656e6e,Health Beauty,110.32
1534,Small Appliances Item #66484d,Small Appliances,328.0
1535,Housewares Item #6b5170,Housewares,33.99
1536,Toys Item #2ba4dc,Toys,333.95
1537,Books Technical Item #234af6,Books Technical,87.0
1538,Furniture Decor Item #cf7800,Furniture Decor,299.99
1539,Bed Bath Table Item #439d0c,Bed Bath Table,54.9
1540,Housewares Item #007c63,Housewares,72.99
1541,Fashion Bags Accessories Item #51f96e,Fashion Bags Accessories,32.9
1542,Small Appliances Item #de9213,Small Appliances,33.95
1543,Watches Gifts Item #e3425d,Watches Gifts,67.56
1544,Bed Bath Table Item #aa50ff,Bed Bath Table,162.5
1545,Health Beauty Item #341d85,Health Beauty,124.9
1546,Bed Bath Table Item #625522,Bed Bath Table,58.99
1547,Bed Bath Table Item #9da6fb,Bed Bath Table,109.9
1548,Health Beauty Item #43b54d,Health Beauty,110.32
1549,Bed Bath Table Item #75b132,Bed Bath Table,52.11
1550,Perfumery Item #4419a1,Perfumery,119.0
1551,Bed Bath Table Item #652b18,Bed Bath Table,60.0
1552,Sports Leisure Item #dfe123,Sports Leisure,169.9
1553,Perfumery Item #5dfc84,Perfumery,29.9
1554,Computers Accessories Item #0c4e43,Computers Accessories,113.65
1555,Small Appliances Item #7368c0,Small Appliances,69.0
1556,Electronics Item #93b498,Electronics,229.9
1557,Pet Shop Item #c3504a,Pet Shop,69.99
1558,Electronics Item #cb2047,Electronics,30.0
1559,Garden Tools Item #028512,Garden Tools,116.89
1560,Toys Item #dbf1bc,Toys,29.99
1561,Garden Tools Item #832755,Garden Tools,210.0
1562,Computers Accessories Item #62d41a,Computers Accessories,275.0
1563,Telephony Item #8eb0c4,Telephony,48.99
1564,Bed Bath Table Item #f77dd3,Bed Bath Table,25.0
1565,Sports Leisure Item #3db8ae,Sports Leisure,143.0
1566,Auto Item #006c67,Auto,59.9
1567,Housewares Item #99f84e,Housewares,79.0
1568,Telephony Item #f9cce3,Telephony,309.9
1569,Auto Item #86b29e,Auto,69.0
1570,Auto Item #a49969,Auto,43.99
1571,Perfumery Item #6ae7f4,Perfumery,23.9
1572,Telephony Item #f286c2,Telephony,24.99
1573,Dvds Blu Ray Item #70bb7d,Dvds Blu Ray,69.99
1574,Housewares Item #12679a,Housewares,194.0
1575,Sports Leisure Item #0ef509,Sports Leisure,34.0
1576,Pet Shop Item #ec7498,Pet Shop,129.99
1577,Garden Tools Item #cce7f7,Garden Tools,90.0
1578,Watches Gifts Item #052413,Watches Gifts,179.0
1579,Health Beauty Item #59bcfc,Health Beauty,199.0
1580,Arts And Craftmanship Item #2b54fb,Arts And Craftmanship,57.9
1581,Electronics Item #a99658,Electronics,17.9
1582,Consoles Games Item #a72df9,Consoles Games,99.99
1583,Health Beauty Item #cc961d,Health Beauty,49.99
1584,Electronics Item #78f881,Electronics,59.9
1585,Fashion Bags Accessories Item #e4e5cb,Fashion Bags Accessories,49.0
1586,Watches Gifts Item #fcf41b,Watches Gifts,79.0
1587,Baby Item #9614dd,Baby,69.99
1588,Stationery Item #274669,Stationery,27.5
1589,Flowers Item #7620a2,Flowers,26.23
1590,Luggage Accessories Item #eadb1b,Luggage Accessories,110.9
1591,Furniture Decor Item #4094a0,Furniture Decor,50.9
1592,Watches Gifts Item #d79c71,Watches Gifts,119.0
1593,Construction Tools Lights Item #eaa53c,Construction Tools Lights,55.9
1594,Toys Item #39c4b4,Toys,19.99
1595,Cool Stuff Item #3b3c35,Cool Stuff,369.0
1596,Small Appliances Item #417d96,Small Appliances,93.99
1597,Sports Leisure Item #9e927c,Sports Leisure,159.99
1598,Sports Leisure Item #ad52cb,Sports Leisure,65.0
1599,Costruction Tools Garden Item #fde90f,Costruction Tools Garden,47.6
1600,Housewares Item #e297db,Housewares,94.8
1601,Furniture Decor Item #caf540,Furniture Decor,250.0
1602,Housewares Item #4b70e5,Housewares,33.0
1603,Fashion Bags Accessories Item #f8f937,Fashion Bags Accessories,61.9
1604,Sports Leisure Item #e2c329,Sports Leisure,189.99
1605,Bed Bath Table Item #f4d184,Bed Bath Table,48.9
1606,Furniture Decor Item #68a806,Furniture Decor,89.9
1607,Toys Item #d04260,Toys,35.0
1608,Fashion Male Clothing Item #9472a4,Fashion Male Clothing,199.9
1609,Bed Bath Table Item #060317,Bed Bath Table,59.0
1610,Bed Bath Table Item #4ee931,Bed Bath Table,59.99
1611,Bed Bath Table Item #00be61,Bed Bath Table,48.9
1612,Pet Shop Item #750d22,Pet Shop,26.9
1613,Sports Leisure Item #e32360,Sports Leisure,59.9
1614,Perfumery Item #2632e1,Perfumery,103.49
1615,Bed Bath Table Item #a52ed2,Bed Bath Table,15.9
1616,Toys Item #4de1da,Toys,180.0
1617,Health Beauty Item #4ecb27,Health Beauty,99.0
1618,Office Furniture Item #c56400,Office Furniture,139.99
1619,Telephony Item #48cf04,Telephony,28.99
1620,Health Beauty Item #531875,Health Beauty,40.0
1621,Computers Accessories Item #a4ea23,Computers Accessories,49.9
1622,Telephony Item #41ca15,Telephony,24.99
1623,Cool Stuff Item #eaa26a,Cool Stuff,92.5
1624,Bed Bath Table Item #98b22c,Bed Bath Table,89.9
1625,Luggage Accessories Item #a3b46e,Luggage Accessories,43.9
1626,Consoles Games Item #e5b1f6,Consoles Games,48.9
1627,Pet Shop Item #7ac0d3,Pet Shop,142.4
1628,Uncategorized Item #17823f,Uncategorized,249.99
1629,Pet Shop Item #6ae4d4,Pet Shop,89.9
1630,Sports Leisure Item #e20e8f,Sports Leisure,124.9
1631,Housewares Item #96e7e4,Housewares,169.79
1632,Garden Tools Item #33c4b5,Garden Tools,58.46
1633,Fashion Bags Accessories Item #281a35,Fashion Bags Accessories,28.99
1634,Market Place Item #38e28b,Market Place,32.99
1635,Kitchen Dining Laundry Garden Furniture Item #c3002d,Kitchen Dining Laundry Garden Furniture,67.9
1636,Furniture Decor Item #640fca,Furniture Decor,174.9
1637,Consoles Games Item #ada1a8,Consoles Games,102.0
1638,Computers Accessories Item #010951,Computers Accessories,177.9
1639,Bed Bath Table Item #2ca577,Bed Bath Table,42.0
1640,Auto Item #e9de4d,Auto,363.0
1641,Toys Item #b5e13c,Toys,86.57
1642,Sports Leisure Item #0921c8,Sports Leisure,5.2
1643,Bed Bath Table Item #00905d,Bed Bath Table,159.9
1644,Computers Accessories Item #93a12c,Computers Accessories,134.9
1645,Bed Bath Table Item #e79cd8,Bed Bath Table,179.99
1646,Fashion Shoes Item #19fdf4,Fashion Shoes,71.82
1647,Electronics Item #420806,Electronics,38.89
1648,Housewares Item #e74c90,Housewares,219.0
1649,Watches Gifts Item #432f8a,Watches Gifts,889.9
1650,Agro Industry And Commerce Item #a0fe1e,Agro Industry And Commerce,21.99
1651,Bed Bath Table Item #e2e426,Bed Bath Table,37.45
1652,Dvds Blu Ray Item #d55d24,Dvds Blu Ray,39.99
1653,Sports Leisure Item #986156,Sports Leisure,39.9
1654,Consoles Games Item #9ea3e6,Consoles Games,239.99
1655,Kitchen Dining Laundry Garden Furniture Item #6160c6,Kitchen Dining Laundry Garden Furniture,161.0
1656,Bed Bath Table Item #b64ed8,Bed Bath Table,87.85
1657,Office Furniture Item #7a8eb3,Office Furniture,78.9
1658,Health Beauty Item #2527d5,Health Beauty,89.9
1659,Watches Gifts Item #19fde4,Watches Gifts,129.9
1660,Costruction Tools Garden Item #5ef336,Costruction Tools Garden,41.89
1661,Home Construction Item #951375,Home Construction,94.9
1662,Computers Accessories Item #d1c427,Computers Accessories,142.22
1663,Uncategorized Item #0c8774,Uncategorized,84.9
1664,Garden Tools Item #2ec516,Garden Tools,999.9
1665,Garden Tools Item #b47f7c,Garden Tools,109.99
1666,Bed Bath Table Item #96b0a8,Bed Bath Table,54.9
1667,Stationery Item #1fc06e,Stationery,69.0
1668,Bed Bath Table Item #ec7dad,Bed Bath Table,89.0
1669,Bed Bath Table Item #283dc4,Bed Bath Table,92.4
1670,Sports Leisure Item #7bfc53,Sports Leisure,39.9
1671,Bed Bath Table Item #86304b,Bed Bath Table,109.0
1672,Health Beauty Item #ca38c0,Health Beauty,190.79
1673,Furniture Decor Item #320e20,Furniture Decor,39.99
1674,Home Construction Item #d316be,Home Construction,424.2
1675,Bed Bath Table Item #53a005,Bed Bath Table,35.15
1676,Watches Gifts Item #920bf5,Watches Gifts,104.69
1677,Watches Gifts Item #38faaf,Watches Gifts,717.71
1678,Auto Item #00de60,Auto,118.8
1679,Musical Instruments Item #b0b727,Musical Instruments,2109.9
1680,Baby Item #37b68d,Baby,76.45
1681,Health Beauty Item #e9f4db,Health Beauty,34.9
1682,Baby Item #41cd33,Baby,388.0
1683,Telephony Item #99e6f1,Telephony,174.99
1684,Perfumery Item #b191d7,Perfumery,327.99
1685,Watches Gifts Item #cc3551,Watches Gifts,569.0
1686,Sports Leisure Item #c8abdb,Sports Leisure,115.0
1687,Agro Industry And Commerce Item #24fee4,Agro Industry And Commerce,149.9
1688,Housewares Item #ea2999,Housewares,163.9
1689,Health Beauty Item #388a69,Health Beauty,94.99
1690,Telephony Item #c1f530,Telephony,29.99
1691,Housewares Item #ee8138,Housewares,21.99
1692,Office Furniture Item #b92a73,Office Furniture,141.66
1693,Furniture Decor Item #1b9f17,Furniture Decor,17.9
1694,Consoles Games Item #584216,Consoles Games,339.0
1695,Telephony Item #fe7976,Telephony,10.49
1696,Electronics Item #a90282,Electronics,27.9
1697,Bed Bath Table Item #67fc45,Bed Bath Table,16.9
1698,Health Beauty Item #6c7129,Health Beauty,79.9
1699,Perfumery Item #ab1ecb,Perfumery,44.9
1700,Stationery Item #e38938,Stationery,29.3
1701,Home Appliances Item #d82437,Home Appliances,25.2
1702,Sports Leisure Item #810cb3,Sports Leisure,47.5
1703,Health Beauty Item #10c1d2,Health Beauty,27.99
1704,Home Appliances 2 Item #f65ff6,Home Appliances 2,676.97
1705,Bed Bath Table Item #2b0ee2,Bed Bath Table,59.99
1706,Health Beauty Item #84e316,Health Beauty,109.9
1707,Fashion Bags Accessories Item #da1cfa,Fashion Bags Accessories,39.9
1708,Bed Bath Table Item #f71954,Bed Bath Table,250.0
1709,Consoles Games Item #f9a508,Consoles Games,69.0
1710,Housewares Item #7afa8c,Housewares,169.9
1711,Housewares Item #3b09eb,Housewares,109.0
1712,Fashion Underwear Beach Item #94bedc,Fashion Underwear Beach,59.9
1713,Telephony Item #afeeea,Telephony,201.95
1714,Sports Leisure Item #cbfe76,Sports Leisure,189.9
1715,Bed Bath Table Item #03bb06,Bed Bath Table,146.57
1716,Cool Stuff Item #2b9496,Cool Stuff,119.99
1717,Books General Interest Item #346760,Books General Interest,39.9
1718,Baby Item #09ff53,Baby,1934.0
1719,Health Beauty Item #cff9da,Health Beauty,135.0
1720,Computers Accessories Item #fc1449,Computers Accessories,149.88
1721,Sports Leisure Item #5e98b7,Sports Leisure,59.0
1722,Bed Bath Table Item #fb783e,Bed Bath Table,104.9
1723,Bed Bath Table Item #9d3209,Bed Bath Table,49.95
1724,Bed Bath Table Item #146fed,Bed Bath Table,79.9
1725,Books Technical Item #924a20,Books Technical,79.0
1726,Watches Gifts Item #fdc134,Watches Gifts,149.8
1727,Air Conditioning Item #2c1958,Air Conditioning,130.0
1728,Construction Tools Construction Item #aeb767,Construction Tools Construction,33.14
1729,Office Furniture Item #3de880,Office Furniture,211.9
1730,Furniture Decor Item #e937b8,Furniture Decor,229.99
1731,Housewares Item #98ad26,Housewares,89.18
1732,Telephony Item #57fcac,Telephony,18.9
1733,Construction Tools Construction Item #49ae25,Construction Tools Construction,39.9
1734,Fashion Shoes Item #60346e,Fashion Shoes,36.5
1735,Housewares Item #59f09d,Housewares,379.9
1736,Health Beauty Item #9e10ae,Health Beauty,37.9
1737,Housewares Item #e1963d,Housewares,85.0
1738,Christmas Supplies Item #350d1a,Christmas Supplies,11.62
1739,Housewares Item #66077c,Housewares,99.9
1740,Computers Accessories Item #161220,Computers Accessories,99.0
1741,Food Item #1900ba,Food,42.0
1742,Telephony Item #d787de,Telephony,15.99
1743,Home Appliances Item #fba6f8,Home Appliances,18.0
1744,Luggage Accessories Item #83fb75,Luggage Accessories,76.89
1745,Watches Gifts Item #854dea,Watches Gifts,349.9
1746,Consoles Games Item #6822a8,Consoles Games,51.15
1747,Watches Gifts Item #6cd0d0,Watches Gifts,199.9
1748,Computers Accessories Item #e791ba,Computers Accessories,62.0
1749,Cool Stuff Item #1b3352,Cool Stuff,319.9
1750,Cool Stuff Item #326364,Cool Stuff,379.9
1751,Fashion Bags Accessories Item #43f88c,Fashion Bags Accessories,64.9
1752,Health Beauty Item #f40876,Health Beauty,113.23
1753,Housewares Item #0a4070,Housewares,119.9
1754,Perfumery Item #c0c73d,Perfumery,89.0
1755,Auto Item #ddaad3,Auto,19.99
1756,Health Beauty Item #b5b5a8,Health Beauty,59.9
1757,Auto Item #b0c91d,Auto,179.49
1758,Toys Item #72fd27,Toys,96.4
1759,Air Conditioning Item #98e91d,Air Conditioning,59.9
1760,Bed Bath Table Item #2a0cbf,Bed Bath Table,199.9
1761,Bed Bath Table Item #48fed1,Bed Bath Table,84.9
1762,Perfumery Item #bacf2d,Perfumery,319.0
1763,Watches Gifts Item #cc01f8,Watches Gifts,497.0
1764,Housewares Item #e343a7,Housewares,37.0
1765,Sports Leisure Item #01bc2a,Sports Leisure,119.8
1766,Health Beauty Item #7cdffa,Health Beauty,44.5
1767,Bed Bath Table Item #b6bdb2,Bed Bath Table,179.9
1768,Garden Tools Item #6badcb,Garden Tools,239.9
1769,Bed Bath Table Item #a87567,Bed Bath Table,74.0
1770,Housewares Item #54234b,Housewares,49.98
1771,Telephony Item #ab9cf1,Telephony,13.98
1772,Perfumery Item #8e45f3,Perfumery,129.89
1773,Auto Item #240139,Auto,69.9
1774,Perfumery Item #22bd45,Perfumery,13.99
1775,Garden Tools Item #ac6c36,Garden Tools,204.9
1776,Construction Tools Construction Item #0cf2fa,Construction Tools Construction,33.9
1777,Bed Bath Table Item #812cae,Bed Bath Table,79.0
1778,Office Furniture Item #f4f4de,Office Furniture,146.62
1779,Small Appliances Item #c760b9,Small Appliances,179.0
1780,Computers Accessories Item #6debe6,Computers Accessories,19.99
1781,Perfumery Item #5b3a08,Perfumery,153.99
1782,Pet Shop Item #13e290,Pet Shop,19.9
1783,Sports Leisure Item #34b3d6,Sports Leisure,99.9
1784,Stationery Item #0c30a5,Stationery,16.9
1785,Perfumery Item #027cdd,Perfumery,75.97
1786,Baby Item #efe779,Baby,114.9
1787,Furniture Decor Item #f16e5b,Furniture Decor,44.99
1788,Small Appliances Item #cc2232,Small Appliances,16.99
1789,Computers Accessories Item #5ad2fe,Computers Accessories,48.9
1790,Cool Stuff Item #c16a72,Cool Stuff,268.9
1791,Watches Gifts Item #29af47,Watches Gifts,229.99
1792,Computers Accessories Item #0a4dea,Computers Accessories,50.0
1793,Cool Stuff Item #ad7c53,Cool Stuff,59.99
1794,Construction Tools Construction Item #831bc6,Construction Tools Construction,18.5
1795,Watches Gifts Item #7d018f,Watches Gifts,29.9
1796,Food Drink Item #063536,Food Drink,36.65
1797,Health Beauty Item #9f10ee,Health Beauty,29.99
1798,Watches Gifts Item #c5b720,Watches Gifts,184.9
1799,Cool Stuff Item #a04505,Cool Stuff,104.9
1800,Telephony Item #e51c94,Telephony,64.99
1801,Housewares Item #30ac6d,Housewares,120.0
1802,Bed Bath Table Item #0e9923,Bed Bath Table,140.12
1803,Home Appliances Item #ac8a3c,Home Appliances,28.8
1804,Baby Item #f2d649,Baby,28.74
1805,Health Beauty Item #546acf,Health Beauty,65.0
1806,Perfumery Item #ee3cfb,Perfumery,34.9
1807,Uncategorized Item #67c486,Uncategorized,259.0
1808,Bed Bath Table Item #289dfe,Bed Bath Table,54.9
1809,Toys Item #a72209,Toys,59.0
1810,Health Beauty Item #c86f95,Health Beauty,310.9
1811,Baby Item #189018,Baby,149.9
1812,Garden Tools Item #f522bb,Garden Tools,525.0
1813,Books General Interest Item #d48a0a,Books General Interest,108.9
1814,Electronics Item #5dbf50,Electronics,5.66
1815,Health Beauty Item #ab328a,Health Beauty,59.9
1816,Computers Accessories Item #1dc768,Computers Accessories,199.0
1817,Furniture Decor Item #ef7902,Furniture Decor,16.9
1818,Construction Tools Construction Item #ae52b8,Construction Tools Construction,74.69
1819,Housewares Item #6ed6fb,Housewares,19.0
1820,Computers Accessories Item #7aa1ab,Computers Accessories,229.7
1821,Auto Item #f19624,Auto,199.0
1822,Sports Leisure Item #f3ee2b,Sports Leisure,111.0
1823,Furniture Decor Item #0efe97,Furniture Decor,83.9
1824,Telephony Item #674d9e,Telephony,29.99
1825,Fashion Bags Accessories Item #fa928a,Fashion Bags Accessories,189.0
1826,Bed Bath Table Item #b370dd,Bed Bath Table,89.9
1827,Watches Gifts Item #10335f,Watches Gifts,102.33
1828,Music Item #d655dc,Music,24.97
1829,Uncategorized Item #ae4c65,Uncategorized,46.8
1830,Bed Bath Table Item #01d415,Bed Bath Table,56.0
1831,Cool Stuff Item #d7d556,Cool Stuff,59.99
1832,Toys Item #43e09f,Toys,219.6
1833,Cool Stuff Item #5f7403,Cool Stuff,199.99
1834,Baby Item #754bbc,Baby,159.99
1835,Health Beauty Item #0e13c4,Health Beauty,119.6
1836,Market Place Item #2c72c5,Market Place,34.9
1837,Bed Bath Table Item #05d805,Bed Bath Table,69.9
1838,Health Beauty Item #e0cf79,Health Beauty,29.9
1839,Cool Stuff Item #fcffe8,Cool Stuff,219.99
1840,Books General Interest Item #e5f3a0,Books General Interest,34.0
1841,Christmas Supplies Item #f59871,Christmas Supplies,12.7
1842,Pet Shop Item #15d8ac,Pet Shop,309.99
1843,Electronics Item #b99e4f,Electronics,18.9
1844,Bed Bath Table Item #964dd0,Bed Bath Table,35.99
1845,Telephony Item #0fe46c,Telephony,19.0
1846,Toys Item #0ce430,Toys,349.9
1847,Uncategorized Item #a14aea,Uncategorized,449.99
1848,Furniture Decor Item #e0ce26,Furniture Decor,24.9
1849,Sports Leisure Item #122f39,Sports Leisure,81.0
1850,Cool Stuff Item #268498,Cool Stuff,299.0
1851,Housewares Item #155a2d,Housewares,44.9
1852,Health Beauty Item #1b43b0,Health Beauty,57.99
1853,Furniture Decor Item #fb949f,Furniture Decor,43.9
1854,Home Construction Item #cb074b,Home Construction,41.95
1855,Toys Item #01c666,Toys,94.9
1856,Stationery Item #f95f84,Stationery,64.5
1857,Telephony Item #143f37,Telephony,231.54
1858,Auto Item #452076,Auto,39.5
1859,Sports Leisure Item #77cc62,Sports Leisure,113.0
1860,Toys Item #adbcfc,Toys,89.9
1861,Stationery Item #acd960,Stationery,111.99
1862,Consoles Games Item #6a87e7,Consoles Games,89.99
1863,Fashion Bags Accessories Item #0aed9d,Fashion Bags Accessories,43.8
1864,Cool Stuff Item #42ec84,Cool Stuff,96.57
1865,Telephony Item #813329,Telephony,29.99
1866,Furniture Decor Item #c19d3d,Furniture Decor,59.9
1867,Food Drink Item #63de57,Food Drink,44.7
1868,Computers Accessories Item #76eb79,Computers Accessories,26.9
1869,Auto Item #84b558,Auto,99.99
1870,Computers Accessories Item #f71a7c,Computers Accessories,90.0
1871,Sports Leisure Item #671be6,Sports Leisure,109.99
1872,Health Beauty Item #cc8a6f,Health Beauty,12.49
1873,Baby Item #57e089,Baby,51.9
1874,Bed Bath Table Item #632921,Bed Bath Table,129.9
1875,Fashion Shoes Item #6f2c10,Fashion Shoes,74.9
1876,Fixed Telephony Item #00c794,Fixed Telephony,10.9
1877,Drinks Item #ea058d,Drinks,15.49
1878,Auto Item #0c7e30,Auto,60.99
1879,Auto Item #70e491,Auto,100.59
1880,Computers Accessories Item #ee5707,Computers Accessories,72.4
1881,Toys Item #2ec000,Toys,599.9
1882,Watches Gifts Item #df480c,Watches Gifts,669.99
1883,Sports Leisure Item #97ac2c,Sports Leisure,244.69
1884,Auto Item #6205a1,Auto,69.0
1885,Watches Gifts Item #add32d,Watches Gifts,1349.0
1886,Furniture Decor Item #f7b15d,Furniture Decor,299.0
1887,Sports Leisure Item #88a3f7,Sports Leisure,105.0
1888,Electronics Item #d12ad7,Electronics,12.95
1889,Watches Gifts Item #eeb3aa,Watches Gifts,79.0
1890,Air Conditioning Item #7deb3a,Air Conditioning,35.9
1891,Perfumery Item #67e927,Perfumery,79.9
1892,Furniture Decor Item #67024c,Furniture Decor,19.98
1893,Garden Tools Item #a80754,Garden Tools,105.67
1894,Auto Item #9d3a38,Auto,159.9
1895,Housewares Item #4a0356,Housewares,79.9
1896,Diapers And Hygiene Item #f83fd2,Diapers And Hygiene,38.0
1897,Stationery Item #f529ca,Stationery,179.9
1898,Watches Gifts Item #2ff170,Watches Gifts,228.8
1899,Auto Item #180161,Auto,59.9
1900,Computers Accessories Item #bcb4f6,Computers Accessories,45.65
1901,Perfumery Item #e1608f,Perfumery,339.9
1902,Health Beauty Item #10be58,Health Beauty,28.9
1903,Health Beauty Item #6de9d1,Health Beauty,25.0
1904,Computers Accessories Item #e7bbc0,Computers Accessories,49.0
1905,Furniture Decor Item #7814c2,Furniture Decor,238.78
1906,Home Appliances Item #deb504,Home Appliances,115.66
1907,Furniture Decor Item #5ac4f7,Furniture Decor,49.9
1908,Baby Item #9b9687,Baby,15.99
1909,Furniture Decor Item #ad938d,Furniture Decor,69.9
1910,Bed Bath Table Item #b95d6e,Bed Bath Table,125.99
1911,Stationery Item #c6fa05,Stationery,119.9
1912,Computers Accessories Item #e256d0,Computers Accessories,349.0
1913,Toys Item #0111ab,Toys,35.0
1914,Bed Bath Table Item #7a0f37,Bed Bath Table,99.9
1915,Pet Shop Item #53524b,Pet Shop,29.9
1916,Bed Bath Table Item #e93494,Bed Bath Table,52.58
1917,Computers Accessories Item #6ac07b,Computers Accessories,190.0
1918,Sports Leisure Item #f85aa9,Sports Leisure,58.9
1919,Telephony Item #625dac,Telephony,31.94
1920,Construction Tools Construction Item #f5bade,Construction Tools Construction,109.9
1921,Toys Item #0f2d13,Toys,129.9
1922,Bed Bath Table Item #99a478,Bed Bath Table,88.44
1923,Furniture Decor Item #2563ea,Furniture Decor,19.2
1924,Auto Item #b55d74,Auto,64.8
1925,Costruction Tools Garden Item #4376da,Costruction Tools Garden,31.89
1926,Watches Gifts Item #4f9153,Watches Gifts,735.0
1927,Consoles Games Item #757e8d,Consoles Games,79.0
1928,Auto Item #ba4614,Auto,59.9
1929,Bed Bath Table Item #4ab749,Bed Bath Table,89.99
1930,Health Beauty Item #5b75bf,Health Beauty,199.08
1931,Auto Item #b42750,Auto,53.19
1932,Housewares Item #e0bb31,Housewares,101.0
1933,Health Beauty Item #4c4dba,Health Beauty,67.88
1934,Cool Stuff Item #418d48,Cool Stuff,218.5
1935,Stationery Item #f3ead0,Stationery,45.0
1936,Perfumery Item #5a0c21,Perfumery,108.0
1937,Computers Accessories Item #c69da9,Computers Accessories,12.49
1938,Baby Item #97194f,Baby,499.9
1939,Fashion Bags Accessories Item #c3ce49,Fashion Bags Accessories,49.9
1940,Office Furniture Item #5145ce,Office Furniture,299.9
1941,Bed Bath Table Item #730f19,Bed Bath Table,13.99
1942,Computers Accessories Item #58f82c,Computers Accessories,59.0
1943,Pet Shop Item #664e36,Pet Shop,29.9
1944,Garden Tools Item #fc83db,Garden Tools,499.0
1945,Telephony Item #77d1b9,Telephony,18.99
1946,Perfumery Item #d6c207,Perfumery,82.0
1947,Bed Bath Table Item #0343ce,Bed Bath Table,59.9
1948,Stationery Item #c58413,Stationery,38.0
1949,Baby Item #83b003,Baby,161.66
1950,Sports Leisure Item #bfcc1d,Sports Leisure,70.0
1951,Luggage Accessories Item #02fb2d,Luggage Accessories,109.9
1952,Perfumery Item #294d41,Perfumery,194.99
1953,Bed Bath Table Item #787268,Bed Bath Table,77.9
1954,Audio Item #401b56,Audio,76.89
1955,Bed Bath Table Item #23227b,Bed Bath Table,64.9
1956,Home Appliances 2 Item #d435c3,Home Appliances 2,223.9
1957,Stationery Item #8f71fe,Stationery,73.9
1958,Housewares Item #d498e8,Housewares,52.11
1959,Audio Item #e0884e,Audio,14.9
1960,Health Beauty Item #c3040a,Health Beauty,80.25
1961,Pet Shop Item #36876f,Pet Shop,69.2
1962,Housewares Item #d97f2d,Housewares,25.9
1963,Toys Item #894275,Toys,25.0
1964,Housewares Item #671115,Housewares,144.98
1965,Telephony Item #b4d9c3,Telephony,39.99
1966,Housewares Item #ac5991,Housewares,209.0
1967,Telephony Item #4a36fa,Telephony,34.99
1968,Baby Item #3a806a,Baby,125.98
1969,Bed Bath Table Item #772158,Bed Bath Table,59.5
1970,Health Beauty Item #2332f3,Health Beauty,99.9
1971,Baby Item #b948a6,Baby,80.0
1972,Toys Item #a79ae5,Toys,32.99
1973,Health Beauty Item #4167a7,Health Beauty,110.32
1974,Sports Leisure Item #e42ad1,Sports Leisure,1399.99
1975,Baby Item #cdce55,Baby,65.0
1976,Bed Bath Table Item #dbe30c,Bed Bath Table,29.97
1977,Watches Gifts Item #668c1d,Watches Gifts,238.5
1978,Computers Accessories Item #b6c8f1,Computers Accessories,45.0
1979,Books General Interest Item #462a59,Books General Interest,27.92
1980,Bed Bath Table Item #f6fa93,Bed Bath Table,49.95
1981,Pet Shop Item #74fc0f,Pet Shop,37.9
1982,Uncategorized Item #e20be1,Uncategorized,34.99
1983,Bed Bath Table Item #0884a9,Bed Bath Table,38.0
1984,Bed Bath Table Item #805967,Bed Bath Table,49.95
1985,Bed Bath Table Item #67810b,Bed Bath Table,95.9
1986,Health Beauty Item #c1af2d,Health Beauty,52.99
1987,Fashion Bags Accessories Item #9fe172,Fashion Bags Accessories,49.9
1988,Furniture Decor Item #04be6b,Furniture Decor,89.9
1989,Computers Accessories Item #c63ea4,Computers Accessories,179.9
1990,Uncategorized Item #8a26f3,Uncategorized,48.28
1991,Fashion Male Clothing Item #dd2316,Fashion Male Clothing,40.0
1992,Toys Item #72d3bf,Toys,38.25
1993,Bed Bath Table Item #e9ceb9,Bed Bath Table,195.99
1994,Sports Leisure Item #ae8075,Sports Leisure,79.9
1995,Baby Item #8820ae,Baby,49.0
1996,Auto Item #bc072f,Auto,159.0
1997,Fashion Shoes Item #027e15,Fashion Shoes,84.9
1998,Home Appliances Item #b10d71,Home Appliances,41.5
1999,Electronics Item #97b3b8,Electronics,14.6
2000,Home Confort Item #758eb9,Home Confort,44.9
2001,Arts And Craftmanship Item #6bb182,Arts And Craftmanship,289.49
2002,Housewares Item #a7216b,Housewares,69.9
2003,Housewares Item #c224f4,Housewares,106.0
2004,Perfumery Item #731509,Perfumery,361.99
2005,Watches Gifts Item #5f315c,Watches Gifts,198.9
2006,Garden Tools Item #f2b264,Garden Tools,79.99
2007,Fixed Telephony Item #51d6e4,Fixed Telephony,102.0
2008,Furniture Living Room Item #d23f2f,Furniture Living Room,185.99
2009,Sports Leisure Item #4b5e26,Sports Leisure,210.0
2010,Consoles Games Item #4deb00,Consoles Games,51.0
2011,Furniture Decor Item #8019fb,Furniture Decor,179.9
2012,Auto Item #089245,Auto,28.0
2013,Uncategorized Item #1b930f,Uncategorized,12.0
2014,Computers Accessories Item #82c3ea,Computers Accessories,33.0
2015,Pet Shop Item #5ccdfc,Pet Shop,119.0
2016,Telephony Item #54a0f3,Telephony,272.01
2017,Furniture Decor Item #f79e80,Furniture Decor,119.9
2018,Small Appliances Home Oven And Coffee Item #e47b2f,Small Appliances Home Oven And Coffee,43.0
2019,Telephony Item #8f5cd6,Telephony,29.99
2020,Sports Leisure Item #b31c4e,Sports Leisure,69.9
2021,Furniture Decor Item #9a9818,Furniture Decor,74.9
2022,Auto Item #3cb391,Auto,29.74
2023,Health Beauty Item #753531,Health Beauty,29.99
2024,Stationery Item #52fa1c,Stationery,10.99
2025,Computers Accessories Item #0829c2,Computers Accessories,27.99
2026,Health Beauty Item #65e384,Health Beauty,36.85
2027,Auto Item #797db4,Auto,1490.0
2028,Auto Item #6a869d,Auto,266.0
2029,Perfumery Item #55403f,Perfumery,232.56
2030,Telephony Item #061b16,Telephony,27.99
2031,Furniture Bedroom Item #b80bd0,Furniture Bedroom,89.99
2032,Auto Item #8ec34a,Auto,59.9
2033,Telephony Item #c8d90c,Telephony,20.99
2034,Furniture Decor Item #957f6d,Furniture Decor,97.47
2035,Furniture Decor Item #f05901,Furniture Decor,59.9
2036,Housewares Item #84ec53,Housewares,61.0
2037,Uncategorized Item #76d1a1,Uncategorized,149.77
2038,Furniture Decor Item #3d7728,Furniture Decor,449.9
2039,Baby Item #fcf4c9,Baby,278.0
2040,Housewares Item #c571ff,Housewares,45.0
2041,Office Furniture Item #331e79,Office Furniture,176.99
2042,Toys Item #7d08c6,Toys,64.99
2043,Watches Gifts Item #381402,Watches Gifts,339.9
2044,Musical Instruments Item #cfc372,Musical Instruments,479.9
2045,Stationery Item #c5b6cb,Stationery,89.0
2046,Housewares Item #dd995c,Housewares,54.9
2047,Pet Shop Item #bf730d,Pet Shop,59.99
2048,Furniture Decor Item #4428c8,Furniture Decor,299.0
2049,Bed Bath Table Item #013ee6,Bed Bath Table,69.99
2050,Housewares Item #dd2f30,Housewares,59.9
2051,Housewares Item #d00f6c,Housewares,34.9
2052,Watches Gifts Item #3b53b6,Watches Gifts,189.0
2053,Health Beauty Item #1ec597,Health Beauty,49.0
2054,Baby Item #72dd2e,Baby,31.25
2055,Furniture Decor Item #e15cee,Furniture Decor,24.75
2056,Furniture Decor Item #a80de3,Furniture Decor,119.0
2057,Bed Bath Table Item #6df0c1,Bed Bath Table,68.09
2058,Housewares Item #08c635,Housewares,72.99
2059,Toys Item #3f17be,Toys,29.99
2060,Auto Item #73a1c2,Auto,20.4
2061,Consoles Games Item #7104ea,Consoles Games,268.92
2062,Furniture Decor Item #3fa168,Furniture Decor,250.0
2063,Books General Interest Item #a07e8a,Books General Interest,15.0
2064,Bed Bath Table Item #b12d44,Bed Bath Table,15.9
2065,Pet Shop Item #761237,Pet Shop,79.99
2066,Luggage Accessories Item #2e1b54,Luggage Accessories,68.9
2067,Perfumery Item #b16310,Perfumery,56.99
2068,Consoles Games Item #32b2a4,Consoles Games,39.9
2069,Dvds Blu Ray Item #8ac47b,Dvds Blu Ray,83.99
2070,Bed Bath Table Item #937c82,Bed Bath Table,45.26
2071,Health Beauty Item #7cb1e4,Health Beauty,699.4
2072,Housewares Item #e84bf3,Housewares,14.0
2073,Bed Bath Table Item #74a926,Bed Bath Table,78.25
2074,Health Beauty Item #4ede08,Health Beauty,98.0
2075,Baby Item #ebccaf,Baby,99.0
2076,Toys Item #216fc7,Toys,219.99
2077,Toys Item #d5b703,Toys,34.9
2078,Housewares Item #2b4042,Housewares,69.99
2079,Telephony Item #7b2fc3,Telephony,19.9
2080,Sports Leisure Item #84c210,Sports Leisure,49.49
2081,Watches Gifts Item #fdc7b4,Watches Gifts,198.0
2082,Uncategorized Item #5066fb,Uncategorized,27.89
2083,Bed Bath Table Item #2dcbb4,Bed Bath Table,55.9
2084,Home Appliances 2 Item #7fe486,Home Appliances 2,139.0
2085,Health Beauty Item #8c1544,Health Beauty,95.0
2086,Perfumery Item #fe01b6,Perfumery,135.14
2087,Sports Leisure Item #4c6aa9,Sports Leisure,181.0
2088,Toys Item #e41e13,Toys,81.5
2089,Uncategorized Item #511890,Uncategorized,34.9
2090,Baby Item #770c25,Baby,69.9
2091,Housewares Item #3a9825,Housewares,285.0
2092,Bed Bath Table Item #fa87bc,Bed Bath Table,44.99
2093,Furniture Decor Item #4da032,Furniture Decor,41.9
2094,Toys Item #bd7cd3,Toys,99.99
2095,Computers Accessories Item #2d4086,Computers Accessories,128.0
2096,Sports Leisure Item #219666,Sports Leisure,65.0
2097,Health Beauty Item #5c5a1f,Health Beauty,20.9
2098,Cool Stuff Item #532833,Cool Stuff,199.0
2099,Luggage Accessories Item #563703,Luggage Accessories,49.99
2100,Sports Leisure Item #d392a0,Sports Leisure,138.0
2101,Stationery Item #72c0ed,Stationery,28.5
2102,Bed Bath Table Item #393564,Bed Bath Table,132.76
2103,Baby Item #eb47d7,Baby,887.0
2104,Watches Gifts Item #8bef2f,Watches Gifts,39.0
2105,Stationery Item #99903e,Stationery,15.67
2106,Telephony Item #570bc3,Telephony,25.99
2107,Bed Bath Table Item #a9561e,Bed Bath Table,189.9
2108,Office Furniture Item #3fb224,Office Furniture,144.9
2109,Small Appliances Item #ca83ea,Small Appliances,629.0
2110,Toys Item #4b7e33,Toys,78.45
2111,Bed Bath Table Item #6814dd,Bed Bath Table,82.99
2112,Consoles Games Item #9388fc,Consoles Games,489.0
2113,Health Beauty Item #fa8f46,Health Beauty,269.9
2114,Sports Leisure Item #17ebb5,Sports Leisure,18.99
2115,Garden Tools Item #d339b5,Garden Tools,69.99
2116,Uncategorized Item #704a6d,Uncategorized,34.0
2117,Watches Gifts Item #b914a1,Watches Gifts,699.99
2118,Food Item #eb4ce1,Food,38.9
2119,Auto Item #cd20f8,Auto,139.9
2120,Bed Bath Table Item #25bf7c,Bed Bath Table,21.9
2121,Stationery Item #f8375e,Stationery,105.9
2122,Home Appliances Item #839b34,Home Appliances,46.8
2123,Telephony Item #71fc2a,Telephony,82.99
2124,Bed Bath Table Item #972a51,Bed Bath Table,79.0
2125,Furniture Decor Item #b7514d,Furniture Decor,59.9
2126,Telephony Item #439dee,Telephony,59.9
2127,Sports Leisure Item #42c3b3,Sports Leisure,125.9
2128,Kitchen Dining Laundry Garden Furniture Item #51e88d,Kitchen Dining Laundry Garden Furniture,72.0
2129,Books General Interest Item #bb4529,Books General Interest,99.99
2130,Toys Item #6f46af,Toys,109.9
2131,Telephony Item #3b0f79,Telephony,39.99
2132,Perfumery Item #473795,Perfumery,53.9
2133,Stationery Item #8784c4,Stationery,69.9
2134,Cool Stuff Item #8634ba,Cool Stuff,96.0
2135,Audio Item #2669a9,Audio,128.33
2136,Computers Accessories Item #9b77a0,Computers Accessories,31.9
2137,Bed Bath Table Item #8acf00,Bed Bath Table,99.97
2138,Toys Item #215559,Toys,34.9
2139,Telephony Item #9c3357,Telephony,15.9
2140,Stationery Item #ff01ba,Stationery,79.0
2141,Computers Accessories Item #a35a9f,Computers Accessories,29.27
2142,Furniture Decor Item #54e423,Furniture Decor,199.0
2143,Furniture Decor Item #64d0fe,Furniture Decor,89.18
2144,Baby Item #25ad74,Baby,28.99
2145,Computers Accessories Item #a77453,Computers Accessories,79.9
2146,Housewares Item #6a83da,Housewares,42.69
2147,Health Beauty Item #d9af70,Health Beauty,119.99
2148,Home Confort Item #9668e3,Home Confort,269.0
2149,Kitchen Dining Laundry Garden Furniture Item #26899f,Kitchen Dining Laundry Garden Furniture,18.5
2150,Perfumery Item #521527,Perfumery,19.99
2151,Telephony Item #a00a22,Telephony,18.99
2152,Stationery Item #afb4b6,Stationery,69.9
2153,Health Beauty Item #0f91b6,Health Beauty,118.2
2154,Fashion Bags Accessories Item #d70c83,Fashion Bags Accessories,34.9
2155,Sports Leisure Item #aeb383,Sports Leisure,39.0
2156,Housewares Item #7e607b,Housewares,54.9
2157,Furniture Decor Item #156b34,Furniture Decor,59.0
2158,Construction Tools Construction Item #3aa87a,Construction Tools Construction,128.9
2159,Baby Item #3ffc8b,Baby,90.9
2160,Sports Leisure Item #a98657,Sports Leisure,182.0
2161,Bed Bath Table Item #4b7034,Bed Bath Table,32.9
2162,Health Beauty Item #44f90f,Health Beauty,26.14
2163,Stationery Item #3a4db4,Stationery,222.45
2164,Uncategorized Item #28b04f,Uncategorized,25.9
2165,Musical Instruments Item #0c6fc9,Musical Instruments,429.9
2166,Health Beauty Item #5f42d5,Health Beauty,110.32
2167,Sports Leisure Item #cbd2c1,Sports Leisure,149.99
2168,Baby Item #dfd89c,Baby,49.9
2169,Housewares Item #d43c65,Housewares,78.9
2170,Perfumery Item #87b73d,Perfumery,106.48
2171,Cool Stuff Item #769083,Cool Stuff,64.9
2172,Market Place Item #626396,Market Place,69.9
2173,Health Beauty Item #6f3aab,Health Beauty,109.9
2174,Home Confort Item #12fd86,Home Confort,89.9
2175,Health Beauty Item #0a4093,Health Beauty,29.9
2176,Garden Tools Item #1b1c78,Garden Tools,32.99
2177,Toys Item #1eb30a,Toys,65.0
2178,Consoles Games Item #0129d1,Consoles Games,16.9
2179,Construction Tools Construction Item #21b524,Construction Tools Construction,63.7
2180,Cool Stuff Item #af144e,Cool Stuff,289.0
2181,Stationery Item #76061a,Stationery,119.0
2182,Fashion Bags Accessories Item #a487b0,Fashion Bags Accessories,254.9
2183,Telephony Item #25d6ed,Telephony,12.97
2184,Telephony Item #1686ad,Telephony,29.99
2185,Watches Gifts Item #f5658e,Watches Gifts,134.9
2186,Watches Gifts Item #555cdc,Watches Gifts,49.0
2187,Computers Accessories Item #3db75f,Computers Accessories,31.9
2188,Pet Shop Item #cf5407,Pet Shop,29.9
2189,Uncategorized Item #f22ccf,Uncategorized,59.9
2190,Housewares Item #dbb4ce,Housewares,88.31
2191,Computers Accessories Item #d59916,Computers Accessories,140.1
2192,Electronics Item #82e4ad,Electronics,18.9
2193,Garden Tools Item #c3e43e,Garden Tools,159.9
2194,Bed Bath Table Item #b42c05,Bed Bath Table,94.5
2195,Consoles Games Item #01948c,Consoles Games,69.9
2196,Home Appliances 2 Item #e7e072,Home Appliances 2,209.99
2197,Books General Interest Item #d5fece,Books General Interest,18.0
2198,Toys Item #677883,Toys,499.9
2199,Toys Item #f0606c,Toys,39.99
2200,Housewares Item #8fbcb1,Housewares,36.9
2201,Garden Tools Item #08574b,Garden Tools,95.09
2202,Perfumery Item #e9ed06,Perfumery,59.9
2203,Health Beauty Item #6f97a8,Health Beauty,28.9
2204,Uncategorized Item #4e0d58,Uncategorized,39.9
2205,Construction Tools Safety Item #c76719,Construction Tools Safety,189.96
2206,Portateis Cozinha E Preparadores De Alimentos Item #122097,Portateis Cozinha E Preparadores De Alimentos,20.09
2207,Home Appliances 2 Item #ce5ced,Home Appliances 2,159.9
2208,Cool Stuff Item #4413a6,Cool Stuff,161.32
2209,Telephony Item #2345a3,Telephony,25.99
2210,Bed Bath Table Item #156687,Bed Bath Table,72.9
2211,Housewares Item #962fcd,Housewares,119.0
2212,Auto Item #85eed6,Auto,429.9
2213,Auto Item #dfb97c,Auto,139.0
2214,Health Beauty Item #03dc79,Health Beauty,199.0
2215,Telephony Item #cae216,Telephony,23.99
2216,Watches Gifts Item #3eebb0,Watches Gifts,58.0
2217,Baby Item #fb5c12,Baby,74.99
2218,Bed Bath Table Item #7bff21,Bed Bath Table,30.0
2219,Toys Item #28857b,Toys,113.0
2220,Furniture Decor Item #3438c2,Furniture Decor,100.0
2221,Health Beauty Item #f936a0,Health Beauty,65.89
2222,Home Construction Item #f19ff6,Home Construction,101.9
2223,Telephony Item #c3b8f6,Telephony,17.99
2224,Health Beauty Item #715165,Health Beauty,34.74
2225,Furniture Decor Item #a996a4,Furniture Decor,69.88
2226,Furniture Decor Item #75f32a,Furniture Decor,104.9
2227,Consoles Games Item #4757a5,Consoles Games,118.99
2228,Furniture Decor Item #839ae0,Furniture Decor,95.9
2229,Office Furniture Item #a1b5a3,Office Furniture,112.94
2230,Telephony Item #74ae86,Telephony,37.49
2231,Furniture Decor Item #05317e,Furniture Decor,199.88
2232,Housewares Item #f9ebdb,Housewares,52.9
2233,Electronics Item #33ab88,Electronics,17.99
2234,Toys Item #9f3d57,Toys,19.9
2235,Housewares Item #750dcf,Housewares,22.99
2236,Auto Item #20d993,Auto,15.9
2237,Fashion Bags Accessories Item #37f050,Fashion Bags Accessories,29.99
2238,Bed Bath Table Item #9668ae,Bed Bath Table,58.99
2239,Garden Tools Item #2ec849,Garden Tools,32.9
2240,Telephony Item #b3b023,Telephony,72.0
2241,Home Appliances 2 Item #ebc216,Home Appliances 2,749.0
2242,Toys Item #30fe9c,Toys,479.9
2243,Uncategorized Item #1b7384,Uncategorized,23.8
2244,Sports Leisure Item #0b6f7f,Sports Leisure,119.34
2245,Stationery Item #6875b8,Stationery,69.0
2246,Sports Leisure Item #581339,Sports Leisure,39.99
2247,Sports Leisure Item #46d6fa,Sports Leisure,99.9
2248,Health Beauty Item #7dddc9,Health Beauty,250.0
2249,Health Beauty Item #968086,Health Beauty,277.0
2250,Health Beauty Item #544f4b,Health Beauty,179.0
2251,Sports Leisure Item #013cc6,Sports Leisure,119.49
2252,Art Item #4fe644,Art,102.28
2253,Garden Tools Item #42d1ff,Garden Tools,97.6
2254,Baby Item #8c4ab7,Baby,549.0
2255,Auto Item #74985e,Auto,179.49
2256,Health Beauty Item #6480f3,Health Beauty,171.0
2257,Pet Shop Item #4874eb,Pet Shop,29.9
2258,Sports Leisure Item #9d7aca,Sports Leisure,29.99
2259,Furniture Decor Item #26b175,Furniture Decor,89.9
2260,Toys Item #89dbb0,Toys,239.9
2261,Health Beauty Item #d1a57f,Health Beauty,28.9
2262,Sports Leisure Item #0a3d0e,Sports Leisure,82.76
2263,Garden Tools Item #bfd4d6,Garden Tools,105.99
2264,Housewares Item #f9f677,Housewares,44.0
2265,Cool Stuff Item #8108bd,Cool Stuff,199.0
2266,Toys Item #8d98de,Toys,49.9
2267,Stationery Item #50fd03,Stationery,169.9
2268,Sports Leisure Item #102b1f,Sports Leisure,13.65
2269,Bed Bath Table Item #77b22d,Bed Bath Table,148.9
2270,Sports Leisure Item #f32941,Sports Leisure,195.0
2271,Auto Item #cf9c82,Auto,69.9
2272,Furniture Decor Item #162e01,Furniture Decor,89.9
2273,Auto Item #7152e6,Auto,329.99
2274,Garden Tools Item #62934f,Garden Tools,194.99
2275,Construction Tools Lights Item #45ee3c,Construction Tools Lights,60.0
2276,Telephony Item #94b0bb,Telephony,549.9
2277,Health Beauty Item #765828,Health Beauty,37.9
2278,Furniture Decor Item #e3b7ea,Furniture Decor,129.9
2279,Fashion Bags Accessories Item #a125c0,Fashion Bags Accessories,329.0
2280,Furniture Decor Item #872e6a,Furniture Decor,119.9
2281,Sports Leisure Item #781afe,Sports Leisure,107.86
2282,Garden Tools Item #2f3d6a,Garden Tools,67.9
2283,Furniture Decor Item #a1d7fd,Furniture Decor,129.9
2284,Sports Leisure Item #be6224,Sports Leisure,37.99
2285,Bed Bath Table Item #4025ee,Bed Bath Table,24.9
2286,Consoles Games Item #e0f300,Consoles Games,399.0
2287,Telephony Item #456e33,Telephony,10.9
2288,Home Construction Item #7f25a8,Home Construction,369.99
2289,Auto Item #87fea1,Auto,120.0
2290,Auto Item #5d10b3,Auto,169.9
2291,Electronics Item #7ae8d9,Electronics,18.9
2292,Consoles Games Item #fb01a5,Consoles Games,737.99
2293,Musical Instruments Item #ba5594,Musical Instruments,1837.45
2294,Health Beauty Item #60495a,Health Beauty,89.9
2295,Stationery Item #0cbeda,Stationery,79.45
2296,Housewares Item #22f799,Housewares,219.9
2297,Auto Item #658bce,Auto,222.7
2298,Furniture Decor Item #bf6c42,Furniture Decor,46.99
2299,Cool Stuff Item #6169cd,Cool Stuff,119.99
2300,Stationery Item #c2de79,Stationery,16.2
2301,Computers Accessories Item #711f03,Computers Accessories,184.99
2302,Auto Item #a99174,Auto,20.9
2303,Fashion Sport Item #a38e63,Fashion Sport,59.9
2304,Stationery Item #2001ae,Stationery,189.99
2305,Fashion Shoes Item #1c99a6,Fashion Shoes,74.9
2306,Office Furniture Item #4dc6f6,Office Furniture,159.98
2307,Bed Bath Table Item #4b7528,Bed Bath Table,67.9
2308,Uncategorized Item #17e712,Uncategorized,32.7
2309,Bed Bath Table Item #eac8b9,Bed Bath Table,29.99
2310,Watches Gifts Item #6ebb63,Watches Gifts,359.9
2311,Signaling And Security Item #4d78ab,Signaling And Security,42.9
2312,Bed Bath Table Item #81b6c7,Bed Bath Table,99.9
2313,Housewares Item #1b5b6b,Housewares,79.0
2314,Sports Leisure Item #30469b,Sports Leisure,139.9
2315,Furniture Living Room Item #d363e4,Furniture Living Room,43.9
2316,Telephony Item #69898c,Telephony,49.99
2317,Office Furniture Item #914c9e,Office Furniture,85.78
2318,Fashion Bags Accessories Item #059283,Fashion Bags Accessories,439.0
2319,Electronics Item #591afe,Electronics,62.9
2320,Industry Commerce And Business Item #54e506,Industry Commerce And Business,76.0
2321,Health Beauty Item #03552e,Health Beauty,54.49
2322,Watches Gifts Item #e0d64d,Watches Gifts,168.49
2323,Sports Leisure Item #1277ea,Sports Leisure,81.9
2324,Agro Industry And Commerce Item #c89226,Agro Industry And Commerce,940.5
2325,Housewares Item #f5631d,Housewares,219.0
2326,Perfumery Item #ef23a8,Perfumery,52.9
2327,Furniture Decor Item #dd927d,Furniture Decor,227.07
2328,Signaling And Security Item #1ea233,Signaling And Security,29.9
2329,Computers Accessories Item #961d02,Computers Accessories,120.0
2330,Fixed Telephony Item #213875,Fixed Telephony,189.99
2331,Stationery Item #e5094d,Stationery,48.9
2332,Housewares Item #e9a693,Housewares,169.9
2333,Watches Gifts Item #7e6c4a,Watches Gifts,65.0
2334,Home Construction Item #829002,Home Construction,150.0
2335,Sports Leisure Item #236c89,Sports Leisure,252.0
2336,Luggage Accessories Item #30ccf4,Luggage Accessories,91.08
2337,Telephony Item #f2343d,Telephony,124.0
2338,Sports Leisure Item #e42fc1,Sports Leisure,49.9
2339,Bed Bath Table Item #b7605b,Bed Bath Table,48.0
2340,Bed Bath Table Item #c07d36,Bed Bath Table,422.0
2341,Computers Accessories Item #eecc2c,Computers Accessories,29.9
2342,Perfumery Item #3f94f8,Perfumery,139.9
2343,Uncategorized Item #d0fec0,Uncategorized,59.9
2344,Furniture Decor Item #e59f91,Furniture Decor,80.0
2345,Furniture Decor Item #bb9b2d,Furniture Decor,49.9
2346,Pet Shop Item #f83372,Pet Shop,79.99
2347,Telephony Item #96d2a1,Telephony,24.99
2348,Sports Leisure Item #3570ca,Sports Leisure,58.0
2349,Home Construction Item #e7d728,Home Construction,15.0
2350,Telephony Item #b1bd42,Telephony,21.9
2351,Health Beauty Item #6f726a,Health Beauty,303.6
2352,Housewares Item #4039be,Housewares,142.0
2353,Office Furniture Item #41b433,Office Furniture,159.99
2354,Fixed Telephony Item #d8b8d1,Fixed Telephony,26.9
2355,Industry Commerce And Business Item #2bf749,Industry Commerce And Business,584.4
2356,Baby Item #5e3555,Baby,39.9
2357,Fashion Bags Accessories Item #be4271,Fashion Bags Accessories,139.9
2358,Housewares Item #b2775a,Housewares,390.0
2359,Sports Leisure Item #0f3288,Sports Leisure,19.9
2360,Fashion Bags Accessories Item #c039bf,Fashion Bags Accessories,28.99
2361,Baby Item #e213c5,Baby,59.99
2362,Furniture Decor Item #7d04c7,Furniture Decor,176.99
2363,Telephony Item #ca4e83,Telephony,129.89
2364,Telephony Item #530989,Telephony,73.99
2365,Furniture Decor Item #e1300b,Furniture Decor,64.99
2366,Health Beauty Item #c59a1d,Health Beauty,32.39
2367,Sports Leisure Item #40a13d,Sports Leisure,84.99
2368,Bed Bath Table Item #ac44de,Bed Bath Table,89.9
2369,Computers Accessories Item #65ce83,Computers Accessories,36.9
2370,Bed Bath Table Item #e5897f,Bed Bath Table,68.5
2371,Toys Item #d86963,Toys,64.9
2372,Toys Item #7cda56,Toys,79.99
2373,Garden Tools Item #1b06c9,Garden Tools,61.9
2374,Stationery Item #583f23,Stationery,164.9
2375,Kitchen Dining Laundry Garden Furniture Item #9fef57,Kitchen Dining Laundry Garden Furniture,449.9
2376,Watches Gifts Item #26abb7,Watches Gifts,688.0
2377,Telephony Item #77f11b,Telephony,17.9
2378,Baby Item #8aa622,Baby,172.4
2379,Health Beauty Item #9ad536,Health Beauty,494.99
2380,Auto Item #4907ff,Auto,15.0
2381,Bed Bath Table Item #5f8d45,Bed Bath Table,149.0
2382,Office Furniture Item #092efe,Office Furniture,159.94
2383,Telephony Item #b73036,Telephony,18.99
2384,Drinks Item #8fa67e,Drinks,17.99
2385,Telephony Item #419cb1,Telephony,29.99
2386,Sports Leisure Item #f17919,Sports Leisure,287.0
2387,Toys Item #e45ba6,Toys,349.99
2388,Stationery Item #e2dbf7,Stationery,29.0
2389,Electronics Item #798d1d,Electronics,229.9
2390,Fashion Bags Accessories Item #37f582,Fashion Bags Accessories,39.9
2391,Stationery Item #4c8105,Stationery,15.99
2392,Health Beauty Item #06cef7,Health Beauty,219.9
2393,Health Beauty Item #b6075e,Health Beauty,54.99
2394,Auto Item #7594c5,Auto,32.9
2395,Furniture Decor Item #f516d6,Furniture Decor,39.9
2396,Sports Leisure Item #5b457a,Sports Leisure,64.9
2397,Bed Bath Table Item #cf8c83,Bed Bath Table,20.0
2398,Furniture Bedroom Item #27e385,Furniture Bedroom,203.0
2399,Stationery Item #65266b,Stationery,23.23
2400,Auto Item #a05ed2,Auto,24.99
2401,Cool Stuff Item #4c2c25,Cool Stuff,199.99
2402,Housewares Item #6f1ba2,Housewares,130.0
2403,Auto Item #f4f67c,Auto,236.58
2404,Cool Stuff Item #1168eb,Cool Stuff,69.99
2405,Perfumery Item #5f2130,Perfumery,134.9
2406,Musical Instruments Item #16c4e8,Musical Instruments,1894.5
2407,Furniture Decor Item #6d83b3,Furniture Decor,257.0
2408,Garden Tools Item #ee08e2,Garden Tools,33.89
2409,Fashion Bags Accessories Item #6f73c2,Fashion Bags Accessories,28.9
2410,Computers Accessories Item #a4c7e7,Computers Accessories,149.0
2411,Computers Accessories Item #382132,Computers Accessories,54.9
2412,Computers Accessories Item #b2e7c3,Computers Accessories,46.0
2413,Costruction Tools Garden Item #104b95,Costruction Tools Garden,41.47
2414,Furniture Decor Item #419ad7,Furniture Decor,44.9
2415,Bed Bath Table Item #a75142,Bed Bath Table,134.9
2416,Bed Bath Table Item #f8cfb6,Bed Bath Table,48.0
2417,Electronics Item #1f40cc,Electronics,19.9
2418,Housewares Item #142eda,Housewares,42.0
2419,Food Item #24f5af,Food,63.49
2420,Auto Item #423b42,Auto,49.9
2421,Books General Interest Item #ccb450,Books General Interest,79.9
2422,Bed Bath Table Item #b74d57,Bed Bath Table,65.9
2423,Baby Item #7b31b3,Baby,94.99
2424,Agro Industry And Commerce Item #672e75,Agro Industry And Commerce,410.0
2425,Health Beauty Item #c8e986,Health Beauty,107.9
2426,Housewares Item #33b980,Housewares,25.0
2427,Telephony Item #624b56,Telephony,34.99
2428,Computers Accessories Item #dc0289,Computers Accessories,42.6
2429,Perfumery Item #a90084,Perfumery,108.23
2430,Bed Bath Table Item #e57ef6,Bed Bath Table,58.99
2431,Home Construction Item #daa528,Home Construction,79.9
2432,Stationery Item #06f0e8,Stationery,164.0
2433,Telephony Item #044f05,Telephony,24.99
2434,Health Beauty Item #34aec6,Health Beauty,36.0
2435,Office Furniture Item #e8316a,Office Furniture,82.49
2436,Housewares Item #f5b952,Housewares,121.65
2437,Telephony Item #9e2d5e,Telephony,66.74
2438,Uncategorized Item #c17abb,Uncategorized,25.99
2439,Baby Item #d92791,Baby,349.99
2440,Baby Item #50b671,Baby,25.0
2441,Electronics Item #9d04b6,Electronics,16.9
2442,Fashion Male Clothing Item #94ecc3,Fashion Male Clothing,209.9
2443,Fashion Shoes Item #671ac7,Fashion Shoes,74.9
2444,Cool Stuff Item #3b762a,Cool Stuff,77.5
2445,Watches Gifts Item #38c56c,Watches Gifts,799.0
2446,Bed Bath Table Item #c9dbe2,Bed Bath Table,96.9
2447,Bed Bath Table Item #368ab9,Bed Bath Table,139.9
2448,Bed Bath Table Item #064f1a,Bed Bath Table,119.9
2449,Sports Leisure Item #1d3ecb,Sports Leisure,107.14
2450,Baby Item #a298a1,Baby,79.9
2451,Sports Leisure Item #81f6e3,Sports Leisure,43.9
2452,Health Beauty Item #722dc1,Health Beauty,79.0
2453,Bed Bath Table Item #06edb7,Bed Bath Table,41.18
2454,Health Beauty Item #9351b1,Health Beauty,70.45
2455,Auto Item #f89854,Auto,59.8
2456,Furniture Decor Item #e70b02,Furniture Decor,207.0
2457,Toys Item #6b1200,Toys,99.0
2458,Consoles Games Item #c9fa6a,Consoles Games,18.99
2459,Telephony Item #df3655,Telephony,37.99
2460,Housewares Item #759c85,Housewares,31.23
2461,Health Beauty Item #1058e7,Health Beauty,16.08
2462,Luggage Accessories Item #688f41,Luggage Accessories,64.5
2463,Computers Accessories Item #418d8b,Computers Accessories,19.9
2464,Musical Instruments Item #6b8cf2,Musical Instruments,39.9
2465,Luggage Accessories Item #61e8bd,Luggage Accessories,99.99
2466,Fashion Male Clothing Item #1b9762,Fashion Male Clothing,24.9
2467,Bed Bath Table Item #1cdfaf,Bed Bath Table,199.9
2468,Consoles Games Item #bee114,Consoles Games,399.0
2469,Construction Tools Safety Item #02d7f6,Construction Tools Safety,299.98
2470,Computers Accessories Item #eaaedc,Computers Accessories,47.7
2471,Housewares Item #31fd02,Housewares,37.45
2472,Telephony Item #995f41,Telephony,34.99
2473,Furniture Decor Item #f3ae4c,Furniture Decor,27.99
2474,Telephony Item #376450,Telephony,31.77
2475,Electronics Item #c4b925,Electronics,11.5
2476,Home Appliances Item #c58674,Home Appliances,194.25
2477,Furniture Decor Item #bf7caf,Furniture Decor,34.9
2478,Toys Item #d7a3cf,Toys,23.03
2479,Pet Shop Item #a671b5,Pet Shop,137.9
2480,Bed Bath Table Item #ff7c75,Bed Bath Table,39.9
2481,Computers Accessories Item #0bc953,Computers Accessories,24.99
2482,Health Beauty Item #b38b25,Health Beauty,146.67
2483,Health Beauty Item #3258ac,Health Beauty,110.32
2484,Housewares Item #8dbda6,Housewares,35.99
2485,Books General Interest Item #9d0bb3,Books General Interest,19.95
2486,Bed Bath Table Item #ea3be8,Bed Bath Table,59.9
2487,Uncategorized Item #b72e2d,Uncategorized,39.9
2488,Sports Leisure Item #7c4625,Sports Leisure,139.9
2489,Housewares Item #c7c4e2,Housewares,109.9
2490,Housewares Item #7a5d0e,Housewares,118.99
2491,Housewares Item #bf271f,Housewares,69.9
2492,Housewares Item #17f95a,Housewares,38.8
2493,Telephony Item #f1800c,Telephony,29.99
2494,Furniture Decor Item #cf31f1,Furniture Decor,79.99
2495,Fixed Telephony Item #f5ea29,Fixed Telephony,149.95
2496,Uncategorized Item #44dcb0,Uncategorized,103.9
2497,Uncategorized Item #212b9c,Uncategorized,33.0
2498,Telephony Item #c1b973,Telephony,299.9
2499,Baby Item #2eba7c,Baby,128.8
2500,Fashion Bags Accessories Item #736dbf,Fashion Bags Accessories,135.0
2501,Housewares Item #a285f1,Housewares,36.9
2502,Baby Item #9dc742,Baby,119.9
2503,Computers Accessories Item #268fee,Computers Accessories,30.5
2504,Perfumery Item #80d702,Perfumery,39.9
2505,Telephony Item #c3d5a6,Telephony,23.99
2506,Books General Interest Item #3ef8d8,Books General Interest,40.0
2507,Housewares Item #5d0b0b,Housewares,179.99
2508,Health Beauty Item #bb4dc2,Health Beauty,65.5
2509,Auto Item #29b5ad,Auto,17.86
2510,Office Furniture Item #b47865,Office Furniture,114.66
2511,Luggage Accessories Item #855b12,Luggage Accessories,45.9
2512,Stationery Item #043785,Stationery,24.8
2513,Health Beauty Item #ea588d,Health Beauty,99.9
2514,Computers Item #4e1173,Computers,640.0
2515,Housewares Item #e449c8,Housewares,7.3
2516,Computers Accessories Item #083ffd,Computers Accessories,47.9
2517,Watches Gifts Item #332842,Watches Gifts,399.0
2518,Pet Shop Item #a6883f,Pet Shop,146.0
2519,Office Furniture Item #576b0f,Office Furniture,139.99
2520,Health Beauty Item #1d723e,Health Beauty,95.0
2521,Stationery Item #235458,Stationery,45.9
2522,Office Furniture Item #053006,Office Furniture,179.96
2523,Food Drink Item #bdae94,Food Drink,95.0
2524,Sports Leisure Item #67031f,Sports Leisure,119.9
2525,Health Beauty Item #f3b82a,Health Beauty,712.89
2526,Telephony Item #a00cd7,Telephony,20.99
2527,Home Construction Item #290fe6,Home Construction,216.9
2528,Housewares Item #286095,Housewares,18.9
2529,Health Beauty Item #68f2b8,Health Beauty,57.17
2530,Sports Leisure Item #e527af,Sports Leisure,50.49
2531,Furniture Decor Item #3b94e2,Furniture Decor,49.9
2532,Baby Item #920840,Baby,29.99
2533,Sports Leisure Item #348ddc,Sports Leisure,115.0
2534,Watches Gifts Item #677d8a,Watches Gifts,245.0
2535,Cool Stuff Item #aced22,Cool Stuff,249.99
2536,Bed Bath Table Item #9712e6,Bed Bath Table,50.0
2537,Bed Bath Table Item #f03db1,Bed Bath Table,69.9
2538,Uncategorized Item #b06455,Uncategorized,59.9
2539,Housewares Item #5a6e53,Housewares,16.52
2540,Bed Bath Table Item #d966b3,Bed Bath Table,92.42
2541,Bed Bath Table Item #56bf56,Bed Bath Table,77.68
2542,Housewares Item #4e713b,Housewares,99.89
2543,Health Beauty Item #076e4c,Health Beauty,106.66
2544,Health Beauty Item #a208b8,Health Beauty,79.0
2545,Housewares Item #0e13a4,Housewares,41.5
2546,Toys Item #927a7e,Toys,164.9
2547,Pet Shop Item #804f35,Pet Shop,49.9
2548,Bed Bath Table Item #015e04,Bed Bath Table,62.7
2549,Cool Stuff Item #2916f3,Cool Stuff,26.5
2550,Perfumery Item #c7b3b8,Perfumery,119.9
2551,Home Construction Item #ed01ed,Home Construction,36.5
2552,Computers Accessories Item #a8b0dd,Computers Accessories,135.0
2553,Sports Leisure Item #1a6401,Sports Leisure,126.0
2554,Computers Accessories Item #beb1cc,Computers Accessories,64.0
2555,Health Beauty Item #51d646,Health Beauty,59.9
2556,Auto Item #f71156,Auto,120.0
2557,Art Item #fef11b,Art,60.0
2558,Baby Item #eb45e9,Baby,829.0
2559,Auto Item #c9ebe7,Auto,80.0
2560,Bed Bath Table Item #4a1a97,Bed Bath Table,77.07
2561,Bed Bath Table Item #b8355a,Bed Bath Table,34.9
2562,Bed Bath Table Item #8d37ee,Bed Bath Table,56.99
2563,Perfumery Item #ceaaba,Perfumery,89.0
2564,Watches Gifts Item #b01d34,Watches Gifts,55.0
2565,Bed Bath Table Item #d800be,Bed Bath Table,53.9
2566,Toys Item #22ad84,Toys,120.0
2567,Bed Bath Table Item #43d08d,Bed Bath Table,29.97
2568,Pet Shop Item #13f1ff,Pet Shop,36.8
2569,Furniture Decor Item #b802f9,Furniture Decor,42.9
2570,Agro Industry And Commerce Item #b5aebb,Agro Industry And Commerce,35.0
2571,Telephony Item #2e0c6c,Telephony,149.9
2572,Stationery Item #9a2e82,Stationery,69.9
2573,Books Technical Item #4fffe0,Books Technical,19.95
2574,Bed Bath Table Item #8aa87b,Bed Bath Table,84.0
2575,Cool Stuff Item #d3c395,Cool Stuff,549.45
2576,Perfumery Item #005030,Perfumery,13.99
2577,Bed Bath Table Item #c3c47c,Bed Bath Table,89.0
2578,Auto Item #d2c23c,Auto,51.9
2579,Books General Interest Item #b99004,Books General Interest,39.9
2580,Auto Item #b0db5c,Auto,32.54
2581,Furniture Decor Item #81fad9,Furniture Decor,66.3
2582,Cool Stuff Item #50fcba,Cool Stuff,72.99
2583,Toys Item #c9c95f,Toys,69.99
2584,Auto Item #1d51c5,Auto,149.99
2585,Sports Leisure Item #63ee50,Sports Leisure,50.9
2586,Auto Item #6df23f,Auto,23.9
2587,Housewares Item #2b849e,Housewares,104.9
2588,Computers Accessories Item #d5ad2b,Computers Accessories,99.9
2589,Furniture Decor Item #8dc068,Furniture Decor,60.9
2590,Small Appliances Item #a5e537,Small Appliances,69.9
2591,Drinks Item #c4760e,Drinks,139.0
2592,Bed Bath Table Item #40540b,Bed Bath Table,96.4
2593,Computers Accessories Item #b746f0,Computers Accessories,42.79
2594,Housewares Item #fad824,Housewares,19.11
2595,Cool Stuff Item #1b1157,Cool Stuff,69.9
2596,Cool Stuff Item #dc881e,Cool Stuff,89.99
2597,Furniture Decor Item #b820ac,Furniture Decor,279.0
2598,Housewares Item #928e52,Housewares,155.0
2599,Toys Item #1631c9,Toys,59.99
2600,Toys Item #9a9a9d,Toys,199.99
2601,Sports Leisure Item #a92e80,Sports Leisure,44.9
2602,Bed Bath Table Item #c32b11,Bed Bath Table,56.99
2603,Pet Shop Item #f70a5d,Pet Shop,99.9
2604,Baby Item #7686fe,Baby,166.5
2605,Garden Tools Item #e4d34d,Garden Tools,85.5
2606,Bed Bath Table Item #249da6,Bed Bath Table,46.9
2607,Perfumery Item #537795,Perfumery,13.99
2608,Bed Bath Table Item #5570e5,Bed Bath Table,99.9
2609,Construction Tools Construction Item #17455f,Construction Tools Construction,210.0
2610,Signaling And Security Item #7d00a7,Signaling And Security,399.9
2611,Bed Bath Table Item #4cd6ba,Bed Bath Table,39.0
2612,Telephony Item #407e01,Telephony,26.9
2613,Bed Bath Table Item #10262d,Bed Bath Table,39.9
2614,Bed Bath Table Item #315c63,Bed Bath Table,36.99
2615,Auto Item #809b8a,Auto,44.9
2616,Bed Bath Table Item #4f8832,Bed Bath Table,116.9
2617,Baby Item #071f9a,Baby,139.0
2618,Baby Item #68e8aa,Baby,199.0
2619,Computers Accessories Item #878a89,Computers Accessories,799.6
2620,Furniture Decor Item #c2f370,Furniture Decor,59.9
2621,Perfumery Item #527b0d,Perfumery,79.0
2622,Bed Bath Table Item #372469,Bed Bath Table,134.9
2623,Bed Bath Table Item #748848,Bed Bath Table,64.9
2624,Toys Item #861f71,Toys,88.9
2625,Toys Item #b3716b,Toys,41.8
2626,Sports Leisure Item #49366a,Sports Leisure,31.0
2627,Sports Leisure Item #dd2ab8,Sports Leisure,89.9
2628,Cool Stuff Item #0176bf,Cool Stuff,199.0
2629,Health Beauty Item #c1d14f,Health Beauty,76.99
2630,Garden Tools Item #4b7690,Garden Tools,65.9
2631,Home Appliances Item #da98cf,Home Appliances,61.9
2632,Housewares Item #7eb96e,Housewares,35.0
2633,Telephony Item #af3c32,Telephony,150.0
2634,Sports Leisure Item #5db918,Sports Leisure,135.0
2635,Pet Shop Item #987a74,Pet Shop,107.97
2636,Toys Item #242e19,Toys,175.9
2637,Health Beauty Item #b1acb7,Health Beauty,34.99
2638,Bed Bath Table Item #48cd33,Bed Bath Table,99.99
2639,Telephony Item #5a0931,Telephony,14.99
2640,Sports Leisure Item #983a67,Sports Leisure,239.0
2641,Watches Gifts Item #3fb4a7,Watches Gifts,899.99
2642,Auto Item #cb606e,Auto,19.9
2643,Watches Gifts Item #43bce2,Watches Gifts,119.39
2644,Bed Bath Table Item #6dc188,Bed Bath Table,36.99
2645,Furniture Decor Item #f99905,Furniture Decor,59.9
2646,Housewares Item #8e382d,Housewares,76.57
2647,Bed Bath Table Item #ff7aa4,Bed Bath Table,189.0
2648,Furniture Decor Item #0bd5c2,Furniture Decor,59.9
2649,Furniture Decor Item #a8bf9a,Furniture Decor,45.9
2650,Bed Bath Table Item #5bfc75,Bed Bath Table,69.9
2651,Housewares Item #86f0b0,Housewares,75.0
2652,Computers Accessories Item #c475e0,Computers Accessories,56.99
2653,Kitchen Dining Laundry Garden Furniture Item #c075b8,Kitchen Dining Laundry Garden Furniture,59.9
2654,Sports Leisure Item #bd4007,Sports Leisure,175.9
2655,Office Furniture Item #66122b,Office Furniture,89.99
2656,Consoles Games Item #0aabfb,Consoles Games,24.82
2657,Fashion Bags Accessories Item #4f25e5,Fashion Bags Accessories,79.9
2658,Sports Leisure Item #be1e5f,Sports Leisure,209.0
2659,Sports Leisure Item #c997c2,Sports Leisure,78.0
2660,Watches Gifts Item #8f3a1c,Watches Gifts,279.9
2661,Auto Item #3cf8d7,Auto,369.0
2662,Auto Item #f67ad6,Auto,28.0
2663,Toys Item #832902,Toys,89.9
2664,Bed Bath Table Item #b09790,Bed Bath Table,27.4
2665,Sports Leisure Item #e9b256,Sports Leisure,140.9
2666,Computers Accessories Item #8ec2ae,Computers Accessories,98.0
2667,Housewares Item #96b8d1,Housewares,59.9
2668,Health Beauty Item #813a30,Health Beauty,439.0
2669,Computers Accessories Item #164979,Computers Accessories,79.9
2670,Computers Accessories Item #e6b314,Computers Accessories,23.48
2671,Health Beauty Item #12e1e5,Health Beauty,359.0
2672,Health Beauty Item #be5353,Health Beauty,19.44
2673,Housewares Item #d4dcca,Housewares,62.9
2674,Computers Accessories Item #89d49f,Computers Accessories,49.9
2675,Baby Item #b60704,Baby,109.9
2676,Garden Tools Item #0c159d,Garden Tools,79.95
2677,Office Furniture Item #59c5e6,Office Furniture,142.44
2678,Auto Item #6a29ca,Auto,52.99
2679,Sports Leisure Item #a322cb,Sports Leisure,148.0
2680,Bed Bath Table Item #37ca4a,Bed Bath Table,85.99
2681,Telephony Item #1befae,Telephony,12.99
2682,Cool Stuff Item #806456,Cool Stuff,259.99
2683,Health Beauty Item #eb9b44,Health Beauty,104.0
2684,Sports Leisure Item #297b18,Sports Leisure,99.9
2685,Furniture Decor Item #3dee49,Furniture Decor,119.9
2686,Books Technical Item #edd087,Books Technical,274.95
2687,Bed Bath Table Item #565a13,Bed Bath Table,399.9
2688,Telephony Item #cb0c2c,Telephony,24.99
2689,Housewares Item #22efa5,Housewares,39.9
2690,Cool Stuff Item #49c527,Cool Stuff,339.9
2691,Bed Bath Table Item #049ac5,Bed Bath Table,34.0
2692,Housewares Item #da7e1b,Housewares,76.1
2693,Pet Shop Item #7b7827,Pet Shop,34.9
2694,Garden Tools Item #c0db53,Garden Tools,30.1
2695,Housewares Item #b2f15c,Housewares,17.57
2696,Sports Leisure Item #2b284c,Sports Leisure,129.9
2697,Bed Bath Table Item #ea5e79,Bed Bath Table,47.99
2698,Watches Gifts Item #c51234,Watches Gifts,109.99
2699,Cool Stuff Item #551ae6,Cool Stuff,356.0
2700,Books Technical Item #933e74,Books Technical,99.9
2701,Auto Item #be6ae1,Auto,235.43
2702,Toys Item #c25174,Toys,54.9
2703,Auto Item #7ac92e,Auto,110.0
2704,Furniture Decor Item #1042c4,Furniture Decor,158.0
2705,Construction Tools Safety Item #56c221,Construction Tools Safety,29.0
2706,Signaling And Security Item #fd40f3,Signaling And Security,203.0
2707,Food Drink Item #1d994f,Food Drink,44.7
2708,Fashion Bags Accessories Item #afab5f,Fashion Bags Accessories,24.9
2709,Housewares Item #a9ccb9,Housewares,169.9
2710,Furniture Decor Item #6f9771,Furniture Decor,70.91
2711,Computers Accessories Item #f29351,Computers Accessories,67.9
2712,Health Beauty Item #4ac50d,Health Beauty,47.64
2713,Bed Bath Table Item #292339,Bed Bath Table,219.9
2714,Watches Gifts Item #c556df,Watches Gifts,185.99
2715,Furniture Decor Item #aca2eb,Furniture Decor,71.77
2716,Computers Accessories Item #698739,Computers Accessories,133.93
2717,Bed Bath Table Item #c16171,Bed Bath Table,53.99
2718,Housewares Item #b520b7,Housewares,42.1
2719,Watches Gifts Item #abba23,Watches Gifts,139.9
2720,Housewares Item #b72a07,Housewares,208.9
2721,Auto Item #628b17,Auto,2258.0
2722,Housewares Item #ee97db,Housewares,35.9
2723,Drinks Item #072876,Drinks,17.8
2724,Health Beauty Item #7e6ab9,Health Beauty,58.0
2725,Baby Item #7bb755,Baby,14.4
2726,Industry Commerce And Business Item #a66887,Industry Commerce And Business,110.0
2727,Housewares Item #79d5da,Housewares,139.99
2728,Pet Shop Item #46292a,Pet Shop,252.48
2729,Stationery Item #18ca34,Stationery,199.0
2730,Bed Bath Table Item #f30a90,Bed Bath Table,125.57
2731,Telephony Item #e28262,Telephony,18.32
2732,Art Item #d727c0,Art,57.0
2733,Health Beauty Item #a77981,Health Beauty,99.0
2734,Electronics Item #61c9ce,Electronics,115.99
2735,Food Item #06601c,Food,109.9
2736,Perfumery Item #5d0b3b,Perfumery,109.0
2737,Luggage Accessories Item #f576b5,Luggage Accessories,59.9
2738,Watches Gifts Item #60aee8,Watches Gifts,215.0
2739,Cool Stuff Item #c43ab4,Cool Stuff,47.7
2740,Pet Shop Item #9b887e,Pet Shop,129.9
2741,Baby Item #1c5bd6,Baby,119.9
2742,Furniture Bedroom Item #c388dd,Furniture Bedroom,259.0
2743,Bed Bath Table Item #39aa98,Bed Bath Table,45.95
2744,Housewares Item #c985e9,Housewares,18.9
2745,Bed Bath Table Item #2a2d22,Bed Bath Table,138.34
2746,Toys Item #b623b7,Toys,72.01
2747,Bed Bath Table Item #f11019,Bed Bath Table,168.98
2748,Garden Tools Item #91a5ae,Garden Tools,155.0
2749,Telephony Item #027bb4,Telephony,67.9
2750,Electronics Item #9c8d68,Electronics,12.3
2751,Housewares Item #5e8596,Housewares,590.0
2752,Housewares Item #f0e9e4,Housewares,105.99
2753,Home Appliances 2 Item #87feb0,Home Appliances 2,2110.0
2754,Furniture Decor Item #19b7d3,Furniture Decor,48.99
2755,Air Conditioning Item #aef09d,Air Conditioning,34.9
2756,Bed Bath Table Item #b69e1a,Bed Bath Table,16.9
2757,Furniture Living Room Item #71e8e7,Furniture Living Room,69.99
2758,Party Supplies Item #1ca643,Party Supplies,16.9
2759,Stationery Item #b7be4f,Stationery,15.97
2760,Perfumery Item #e611a2,Perfumery,103.0
2761,Electronics Item #566a4f,Electronics,21.9
2762,Auto Item #385c86,Auto,59.9
2763,Computers Accessories Item #209922,Computers Accessories,34.9
2764,Small Appliances Item #4bcc3b,Small Appliances,298.88
2765,Toys Item #3bab56,Toys,58.83
2766,Telephony Item #250d00,Telephony,28.9
2767,Furniture Decor Item #781203,Furniture Decor,44.9
2768,Sports Leisure Item #5a7373,Sports Leisure,39.49
2769,Health Beauty Item #ff907a,Health Beauty,79.9
2770,Auto Item #e7a6e0,Auto,54.9
2771,Costruction Tools Tools Item #93201a,Costruction Tools Tools,199.9
2772,Furniture Decor Item #81c6b0,Furniture Decor,18.9
2773,Stationery Item #c706d5,Stationery,49.99
2774,Auto Item #138dac,Auto,36.9
2775,Fashion Bags Accessories Item #f4c9a2,Fashion Bags Accessories,39.9
2776,Construction Tools Construction Item #6bb54c,Construction Tools Construction,42.5
2777,Housewares Item #37d0fe,Housewares,210.66
2778,Computers Accessories Item #1aaf80,Computers Accessories,39.99
2779,Computers Accessories Item #06f216,Computers Accessories,105.0
2780,Fashion Bags Accessories Item #a78ca2,Fashion Bags Accessories,39.9
2781,Furniture Decor Item #29c9a7,Furniture Decor,99.0
2782,Home Appliances Item #28609f,Home Appliances,699.0
2783,Watches Gifts Item #4a0938,Watches Gifts,149.0
2784,Garden Tools Item #c2cc0e,Garden Tools,58.99
2785,Furniture Decor Item #cc1cb3,Furniture Decor,78.8
2786,Perfumery Item #dd61e9,Perfumery,79.99
2787,Stationery Item #4135a8,Stationery,89.9
2788,Sports Leisure Item #1b9c9c,Sports Leisure,219.0
2789,Furniture Decor Item #218c9d,Furniture Decor,26.0
2790,Home Appliances Item #2da8e8,Home Appliances,74.9
2791,Furniture Decor Item #b0851f,Furniture Decor,26.0
2792,Baby Item #873bd7,Baby,150.0
2793,Luggage Accessories Item #cb584c,Luggage Accessories,174.33
2794,Watches Gifts Item #5783b6,Watches Gifts,199.0
2795,Baby Item #519453,Baby,64.99
2796,Housewares Item #002501,Housewares,79.99
2797,Furniture Decor Item #8814a3,Furniture Decor,59.65
2798,Cool Stuff Item #798964,Cool Stuff,449.0
2799,Cool Stuff Item #165f86,Cool Stuff,162.44
2800,Home Appliances Item #cf1817,Home Appliances,63.14
2801,Toys Item #eef328,Toys,37.5
2802,Toys Item #81e596,Toys,156.9
2803,Luggage Accessories Item #c7b3cf,Luggage Accessories,74.9
2804,Furniture Decor Item #b1ab36,Furniture Decor,120.0
2805,Electronics Item #0727e1,Electronics,12.6
2806,Furniture Decor Item #c7287c,Furniture Decor,89.9
2807,Telephony Item #4ae634,Telephony,12.98
2808,Bed Bath Table Item #830102,Bed Bath Table,159.99
2809,Housewares Item #15b11b,Housewares,120.0
2810,Furniture Decor Item #cf6db7,Furniture Decor,39.9
2811,Watches Gifts Item #703be5,Watches Gifts,220.0
2812,Sports Leisure Item #32858f,Sports Leisure,79.99
2813,Stationery Item #6510b9,Stationery,79.8
2814,Telephony Item #db753a,Telephony,19.0
2815,Health Beauty Item #3fbc0e,Health Beauty,65.56
2816,Bed Bath Table Item #707cd7,Bed Bath Table,35.99
2817,Housewares Item #e25331,Housewares,27.9
2818,Fashion Underwear Beach Item #f22c32,Fashion Underwear Beach,73.0
2819,Bed Bath Table Item #c8c969,Bed Bath Table,21.99
2820,Small Appliances Item #096793,Small Appliances,129.9
2821,Toys Item #549bcf,Toys,99.99
2822,Housewares Item #ca3ae2,Housewares,29.9
2823,Health Beauty Item #ecb6e2,Health Beauty,97.9
2824,Telephony Item #386703,Telephony,27.99
2825,Uncategorized Item #1b0e39,Uncategorized,32.9
2826,Furniture Decor Item #1ad3f7,Furniture Decor,44.99
2827,Watches Gifts Item #0b8750,Watches Gifts,215.0
2828,Garden Tools Item #422879,Garden Tools,55.17
2829,Bed Bath Table Item #5b2b72,Bed Bath Table,233.35
2830,Luggage Accessories Item #2b939d,Luggage Accessories,96.9
2831,Garden Tools Item #976650,Garden Tools,47.9
2832,Watches Gifts Item #72f2ba,Watches Gifts,48.9
2833,Pet Shop Item #9b125b,Pet Shop,61.23
2834,Telephony Item #ab4d0d,Telephony,28.99
2835,Baby Item #ee8b16,Baby,109.9
2836,Cool Stuff Item #e1901d,Cool Stuff,65.99
2837,Toys Item #7e6ca8,Toys,299.99
2838,Sports Leisure Item #72172e,Sports Leisure,33.49
2839,Auto Item #a104bf,Auto,179.49
2840,Telephony Item #6cfe89,Telephony,39.9
2841,Home Confort Item #50eece,Home Confort,129.0
2842,Art Item #5299e0,Art,36.85
2843,Audio Item #db5efd,Audio,198.84
2844,Perfumery Item #7b8228,Perfumery,4.99
2845,Office Furniture Item #33e77e,Office Furniture,116.94
2846,Consoles Games Item #cca8e0,Consoles Games,109.99
2847,Auto Item #839d89,Auto,39.9
2848,Furniture Decor Item #384621,Furniture Decor,14.99
2849,Drinks Item #9c1e38,Drinks,102.6
2850,Baby Item #bd7cab,Baby,237.5
2851,Baby Item #ec8ae4,Baby,110.0
2852,Telephony Item #96d6c7,Telephony,18.99
2853,Pet Shop Item #dd4bb6,Pet Shop,128.0
2854,Home Appliances Item #4d071a,Home Appliances,119.0
2855,Watches Gifts Item #114601,Watches Gifts,592.0
2856,Toys Item #bf065a,Toys,279.99
2857,Computers Accessories Item #1a909e,Computers Accessories,76.9
2858,Garden Tools Item #37b99a,Garden Tools,269.0
2859,Small Appliances Item #5f1d10,Small Appliances,447.0
2860,Sports Leisure Item #b4766a,Sports Leisure,73.0
2861,Furniture Decor Item #32900f,Furniture Decor,49.0
2862,Housewares Item #c65f71,Housewares,45.5
2863,Housewares Item #371fa3,Housewares,39.0
2864,Sports Leisure Item #669998,Sports Leisure,215.0
2865,Perfumery Item #574841,Perfumery,33.99
2866,Fixed Telephony Item #db5198,Fixed Telephony,32.99
2867,Watches Gifts Item #c708ba,Watches Gifts,49.0
2868,Housewares Item #49b921,Housewares,39.9
2869,Computers Accessories Item #0fc691,Computers Accessories,48.0
2870,Sports Leisure Item #42bf9e,Sports Leisure,169.99
2871,Bed Bath Table Item #a84683,Bed Bath Table,120.0
2872,Bed Bath Table Item #151133,Bed Bath Table,75.5
2873,Fashion Bags Accessories Item #59c184,Fashion Bags Accessories,49.9
2874,Watches Gifts Item #2c7143,Watches Gifts,29.0
2875,Electronics Item #7d9b10,Electronics,9.0
2876,Health Beauty Item #7614c6,Health Beauty,503.34
2877,Housewares Item #b6e352,Housewares,59.9
2878,Computers Accessories Item #379582,Computers Accessories,31.9
2879,Computers Accessories Item #d5edb2,Computers Accessories,39.99
2880,Furniture Decor Item #d7c2ba,Furniture Decor,62.5
2881,Furniture Decor Item #140a83,Furniture Decor,39.9
2882,Luggage Accessories Item #cb3786,Luggage Accessories,399.99
2883,Watches Gifts Item #1fb08b,Watches Gifts,164.5
2884,Bed Bath Table Item #f10d34,Bed Bath Table,39.9
2885,Health Beauty Item #0e6210,Health Beauty,459.9
2886,Home Construction Item #5ece1e,Home Construction,730.0
2887,Bed Bath Table Item #d4fe03,Bed Bath Table,79.9
2888,Computers Accessories Item #f7e0fa,Computers Accessories,93.67
2889,Health Beauty Item #835d85,Health Beauty,149.99
2890,Health Beauty Item #48bc0b,Health Beauty,66.5
2891,Fashion Bags Accessories Item #9867ef,Fashion Bags Accessories,99.95
2892,Toys Item #8b68bd,Toys,57.9
2893,Computers Accessories Item #8895ac,Computers Accessories,59.99
2894,Home Appliances Item #0c2763,Home Appliances,153.75
2895,Pet Shop Item #b2b938,Pet Shop,22.9
2896,Stationery Item #c7944f,Stationery,139.0
2897,Furniture Living Room Item #591c08,Furniture Living Room,103.97
2898,Sports Leisure Item #273e33,Sports Leisure,139.0
2899,Perfumery Item #617186,Perfumery,83.74
2900,Furniture Decor Item #428180,Furniture Decor,170.49
2901,Toys Item #9b2db9,Toys,124.17
2902,Electronics Item #a5f6ba,Electronics,49.0
2903,Fashion Shoes Item #3c3329,Fashion Shoes,29.9
2904,Sports Leisure Item #1c8c19,Sports Leisure,109.0
2905,Health Beauty Item #11f5b5,Health Beauty,239.9
2906,Bed Bath Table Item #44aadb,Bed Bath Table,28.9
2907,Cool Stuff Item #4ae6bb,Cool Stuff,179.0
2908,Pet Shop Item #e070a6,Pet Shop,56.0
2909,Health Beauty Item #d63c10,Health Beauty,59.99
2910,Baby Item #12f787,Baby,110.0
2911,Health Beauty Item #3f212f,Health Beauty,110.0
2912,Home Construction Item #ddae29,Home Construction,49.95
2913,Housewares Item #f74979,Housewares,94.6
2914,Watches Gifts Item #d04e48,Watches Gifts,259.96
2915,Bed Bath Table Item #f0290b,Bed Bath Table,90.0
2916,Consoles Games Item #781de1,Consoles Games,69.9
2917,Uncategorized Item #7745fa,Uncategorized,34.3
2918,Watches Gifts Item #7a1078,Watches Gifts,212.2
2919,Baby Item #9451e6,Baby,39.5
2920,Health Beauty Item #4005df,Health Beauty,84.99
2921,Furniture Decor Item #b363ba,Furniture Decor,149.99
2922,Sports Leisure Item #dafc86,Sports Leisure,883.9
2923,Auto Item #f4f632,Auto,124.99
2924,Computers Accessories Item #87cc2a,Computers Accessories,185.81
2925,Telephony Item #b697c5,Telephony,24.99
2926,Bed Bath Table Item #0f5d01,Bed Bath Table,69.9
2927,Auto Item #f1d52f,Auto,79.9
2928,Toys Item #f11d6b,Toys,90.0
2929,Books General Interest Item #095cb8,Books General Interest,53.9
2930,Computers Accessories Item #550dc4,Computers Accessories,124.96
2931,Computers Accessories Item #2d0005,Computers Accessories,18.9
2932,Auto Item #2af11c,Auto,19.8
2933,Cool Stuff Item #fe6a95,Cool Stuff,249.9
2934,Perfumery Item #30b71c,Perfumery,329.9
2935,Luggage Accessories Item #5adc6c,Luggage Accessories,99.9
2936,Furniture Decor Item #859c76,Furniture Decor,49.0
2937,Garden Tools Item #98a8c2,Garden Tools,111.2
2938,Health Beauty Item #22234a,Health Beauty,64.43
2939,Bed Bath Table Item #655110,Bed Bath Table,99.9
2940,Watches Gifts Item #73bcea,Watches Gifts,134.67
2941,Bed Bath Table Item #13b65d,Bed Bath Table,149.9
2942,Sports Leisure Item #b044bb,Sports Leisure,299.9
2943,Perfumery Item #ccac99,Perfumery,268.38
2944,Baby Item #04ea63,Baby,63.99
2945,Sports Leisure Item #9a803c,Sports Leisure,159.4
2946,Uncategorized Item #631cc3,Uncategorized,79.9
2947,Auto Item #fd4243,Auto,76.38
2948,Housewares Item #78976d,Housewares,387.2
2949,Sports Leisure Item #f449d5,Sports Leisure,133.0
2950,Furniture Mattress And Upholstery Item #5f5d00,Furniture Mattress And Upholstery,44.7
2951,Computers Accessories Item #ecaaac,Computers Accessories,339.46
2952,Housewares Item #44afeb,Housewares,92.5
2953,Housewares Item #bb567c,Housewares,81.99
2954,Office Furniture Item #eb7151,Office Furniture,229.99
2955,Luggage Accessories Item #1a980a,Luggage Accessories,36.9
2956,Sports Leisure Item #21a133,Sports Leisure,22.9
2957,Housewares Item #964093,Housewares,25.0
2958,Furniture Decor Item #d4ad7e,Furniture Decor,69.9
2959,Stationery Item #1defdb,Stationery,19.0
2960,Housewares Item #293547,Housewares,49.9
2961,Sports Leisure Item #587daf,Sports Leisure,99.9
2962,Sports Leisure Item #44a342,Sports Leisure,29.5
2963,Housewares Item #d2169b,Housewares,9.6
2964,Furniture Decor Item #a8fd27,Furniture Decor,57.5
2965,Auto Item #71a8be,Auto,28.0
2966,Bed Bath Table Item #2ba4f7,Bed Bath Table,56.0
2967,Bed Bath Table Item #3e9d1d,Bed Bath Table,108.99
2968,Sports Leisure Item #6e835a,Sports Leisure,69.9
2969,Furniture Decor Item #6b4f6a,Furniture Decor,44.9
2970,Perfumery Item #78b7b1,Perfumery,292.9
2971,Christmas Supplies Item #dd72d8,Christmas Supplies,95.0
2972,Baby Item #fc2351,Baby,52.0
2973,Computers Accessories Item #fcb0e3,Computers Accessories,20.9
2974,Auto Item #50e1cb,Auto,37.0
2975,Musical Instruments Item #e7be84,Musical Instruments,4.9
2976,Toys Item #d517de,Toys,76.99
2977,Garden Tools Item #9b6b39,Garden Tools,289.0
2978,Computers Accessories Item #51380e,Computers Accessories,89.9
2979,Sports Leisure Item #0a8b35,Sports Leisure,62.37
2980,Bed Bath Table Item #c5e31b,Bed Bath Table,48.0
2981,Costruction Tools Garden Item #fef029,Costruction Tools Garden,25.64
2982,Toys Item #12a947,Toys,50.0
2983,Furniture Decor Item #daf8ad,Furniture Decor,41.89
2984,Bed Bath Table Item #08e2eb,Bed Bath Table,71.9
2985,Sports Leisure Item #4ed6af,Sports Leisure,26.0
2986,Stationery Item #323716,Stationery,166.0
2987,Housewares Item #8b50a7,Housewares,48.32
2988,Computers Accessories Item #fe077e,Computers Accessories,135.0
2989,Uncategorized Item #88d6c3,Uncategorized,34.3
2990,Toys Item #175075,Toys,36.9
2991,Fashion Shoes Item #0d77d6,Fashion Shoes,109.9
2992,Auto Item #6c1df9,Auto,92.96
2993,Health Beauty Item #0f784f,Health Beauty,26.0
2994,Uncategorized Item #c638e2,Uncategorized,195.0
2995,Fashion Bags Accessories Item #96bdf8,Fashion Bags Accessories,24.99
2996,Furniture Decor Item #0d3847,Furniture Decor,176.99
2997,Fashion Bags Accessories Item #090610,Fashion Bags Accessories,59.9
2998,Garden Tools Item #f1fe59,Garden Tools,99.9
2999,Perfumery Item #6b3e61,Perfumery,210.0
3000,Computers Accessories Item #f8b29b,Computers Accessories,18.9
3001,Furniture Decor Item #004154,Furniture Decor,14.9
3002,Stationery Item #07a446,Stationery,289.0
3003,Sports Leisure Item #c384e8,Sports Leisure,89.99
3004,Housewares Item #ae6b73,Housewares,32.0
3005,Sports Leisure Item #6c4d1d,Sports Leisure,85.0
3006,Luggage Accessories Item #01caf5,Luggage Accessories,54.9
3007,Office Furniture Item #eab67b,Office Furniture,149.99
3008,Bed Bath Table Item #5fc997,Bed Bath Table,79.99
3009,Housewares Item #0f6aa6,Housewares,249.0
3010,Telephony Item #17c4bd,Telephony,279.99
3011,Sports Leisure Item #034ecc,Sports Leisure,44.9
3012,Bed Bath Table Item #838445,Bed Bath Table,17.5
3013,Health Beauty Item #797897,Health Beauty,2899.0
3014,Sports Leisure Item #9b2a0b,Sports Leisure,89.9
3015,Bed Bath Table Item #afcb7e,Bed Bath Table,89.9
3016,Cool Stuff Item #ffa402,Cool Stuff,217.9
3017,Watches Gifts Item #914426,Watches Gifts,55.0
3018,Electronics Item #474bb6,Electronics,21.9
3019,Bed Bath Table Item #6a0713,Bed Bath Table,72.9
3020,Auto Item #41fbde,Auto,54.9
3021,Furniture Decor Item #3cf032,Furniture Decor,275.31
3022,Furniture Decor Item #108952,Furniture Decor,39.98
3023,Pet Shop Item #f6eda4,Pet Shop,96.43
3024,Toys Item #aa53f2,Toys,45.0
3025,Home Construction Item #003a31,Home Construction,222.0
3026,Consoles Games Item #65735d,Consoles Games,155.99
3027,Sports Leisure Item #0a4169,Sports Leisure,44.99
3028,Sports Leisure Item #46a037,Sports Leisure,59.99
3029,Sports Leisure Item #fb495e,Sports Leisure,79.0
3030,Toys Item #c8f7df,Toys,84.99
3031,Computers Accessories Item #fa335d,Computers Accessories,27.9
3032,Sports Leisure Item #a5e66f,Sports Leisure,89.49
3033,Sports Leisure Item #f691cd,Sports Leisure,189.9
3034,Health Beauty Item #e28fdc,Health Beauty,50.0
3035,Health Beauty Item #e3dd33,Health Beauty,417.65
3036,Bed Bath Table Item #22c5e1,Bed Bath Table,69.9
3037,Baby Item #4410b4,Baby,169.9
3038,Construction Tools Lights Item #b729b3,Construction Tools Lights,49.9
3039,Home Appliances Item #c900bb,Home Appliances,35.7
3040,Furniture Decor Item #6d59a3,Furniture Decor,29.9
3041,Cool Stuff Item #3a7c9b,Cool Stuff,129.99
3042,Computers Accessories Item #b3b0bc,Computers Accessories,24.98
3043,Bed Bath Table Item #afbe1e,Bed Bath Table,68.9
3044,Home Confort Item #ebe0c2,Home Confort,89.9
3045,Construction Tools Safety Item #e3bd2b,Construction Tools Safety,76.45
3046,Toys Item #3c2420,Toys,89.99
3047,Computers Accessories Item #e5ae72,Computers Accessories,63.12
3048,Bed Bath Table Item #d30115,Bed Bath Table,19.9
3049,Computers Accessories Item #bc055a,Computers Accessories,70.9
3050,Perfumery Item #c0205b,Perfumery,35.0
3051,Bed Bath Table Item #9cbe4a,Bed Bath Table,27.9
3052,Computers Accessories Item #d04857,Computers Accessories,68.32
3053,Home Appliances Item #69b454,Home Appliances,79.9
3054,Furniture Decor Item #87d604,Furniture Decor,34.99
3055,Telephony Item #9afaad,Telephony,196.5
3056,Auto Item #f75230,Auto,59.9
3057,Telephony Item #fcf28a,Telephony,27.99
3058,Health Beauty Item #ca349c,Health Beauty,39.99
3059,Toys Item #d06368,Toys,229.9
3060,Sports Leisure Item #aa5d6a,Sports Leisure,130.0
3061,Small Appliances Item #98712b,Small Appliances,50.0
3062,Sports Leisure Item #b342ef,Sports Leisure,115.0
3063,Watches Gifts Item #fb2de9,Watches Gifts,559.9
3064,Bed Bath Table Item #94e6d7,Bed Bath Table,37.0
3065,Computers Accessories Item #35535e,Computers Accessories,270.0
3066,Auto Item #678f39,Auto,33.9
3067,Furniture Decor Item #b53234,Furniture Decor,35.37
3068,Cool Stuff Item #7f7da1,Cool Stuff,139.9
3069,Computers Accessories Item #071930,Computers Accessories,3699.99
3070,Construction Tools Lights Item #4316b7,Construction Tools Lights,29.9
3071,Watches Gifts Item #514261,Watches Gifts,759.9
3072,Housewares Item #c7aa6e,Housewares,7.75
3073,Sports Leisure Item #006baa,Sports Leisure,99.9
3074,Stationery Item #64b488,Stationery,79.0
3075,Signaling And Security Item #e6a516,Signaling And Security,75.0
3076,Air Conditioning Item #3fc00a,Air Conditioning,99.0
3077,Auto Item #a7c71a,Auto,43.0
3078,Housewares Item #a4bc24,Housewares,59.9
3079,Home Construction Item #64143b,Home Construction,15.18
3080,Health Beauty Item #735b17,Health Beauty,89.99
3081,Bed Bath Table Item #3a0816,Bed Bath Table,61.0
3082,Sports Leisure Item #ed1c1b,Sports Leisure,23.1
3083,Electronics Item #f95dcd,Electronics,60.9
3084,Air Conditioning Item #8cf897,Air Conditioning,79.99
3085,Toys Item #ead6d5,Toys,99.99
3086,Housewares Item #9dfb29,Housewares,50.0
3087,Baby Item #c5a00e,Baby,78.5
3088,Auto Item #30c908,Auto,27.0
3089,Furniture Decor Item #a65220,Furniture Decor,100.0
3090,Bed Bath Table Item #6eb661,Bed Bath Table,34.9
3091,Housewares Item #4f022f,Housewares,239.9
3092,Housewares Item #d1c261,Housewares,72.0
3093,Sports Leisure Item #b6813b,Sports Leisure,64.9
3094,Cool Stuff Item #b82c08,Cool Stuff,599.0
3095,Perfumery Item #e5403f,Perfumery,129.24
3096,Construction Tools Construction Item #ac4d8b,Construction Tools Construction,44.9
3097,Computers Accessories Item #93c480,Computers Accessories,114.0
3098,Telephony Item #df3ad3,Telephony,19.9
3099,Bed Bath Table Item #4f130a,Bed Bath Table,59.9
3100,Health Beauty Item #06ab91,Health Beauty,37.8
3101,Computers Accessories Item #caf1ca,Computers Accessories,87.0
3102,Watches Gifts Item #103cc8,Watches Gifts,168.9
3103,Furniture Decor Item #c3b271,Furniture Decor,45.9
3104,Pet Shop Item #def59e,Pet Shop,22.9
3105,Sports Leisure Item #7b8603,Sports Leisure,88.0
3106,Health Beauty Item #f8c261,Health Beauty,11.04
3107,Bed Bath Table Item #fc1d86,Bed Bath Table,149.9
3108,Health Beauty Item #23c867,Health Beauty,144.9
3109,Perfumery Item #fc5428,Perfumery,219.0
3110,Housewares Item #a2a61e,Housewares,43.0
3111,Electronics Item #7b44e5,Electronics,89.9
3112,Auto Item #bc0246,Auto,125.99
3113,Telephony Item #a2da86,Telephony,24.99
3114,Perfumery Item #bbaa97,Perfumery,399.0
3115,Sports Leisure Item #62dbba,Sports Leisure,220.0
3116,Bed Bath Table Item #02ed3b,Bed Bath Table,40.35
3117,Computers Accessories Item #145978,Computers Accessories,19.93
3118,Bed Bath Table Item #6358f5,Bed Bath Table,53.0
3119,Housewares Item #318026,Housewares,44.9
3120,Pet Shop Item #2e5bdd,Pet Shop,41.7
3121,Bed Bath Table Item #5101f0,Bed Bath Table,79.0
3122,Construction Tools Lights Item #a02d01,Construction Tools Lights,239.75
3123,Furniture Decor Item #55af6f,Furniture Decor,119.9
3124,Sports Leisure Item #ff9fa7,Sports Leisure,119.9
3125,Pet Shop Item #45cfee,Pet Shop,32.64
3126,Baby Item #faa69a,Baby,59.9
3127,Telephony Item #08fb1f,Telephony,24.99
3128,Auto Item #3f0602,Auto,7.5
3129,Stationery Item #d189fb,Stationery,57.4
3130,Watches Gifts Item #6fd82d,Watches Gifts,45.0
3131,Auto Item #f48b7a,Auto,59.9
3132,Construction Tools Construction Item #a56b51,Construction Tools Construction,66.3
3133,Auto Item #9d3248,Auto,699.99
3134,Housewares Item #0587bd,Housewares,139.0
3135,Perfumery Item #e7e5d8,Perfumery,45.9
3136,Sports Leisure Item #5dee2c,Sports Leisure,87.77
3137,Cool Stuff Item #4f288e,Cool Stuff,187.5
3138,Perfumery Item #04c48a,Perfumery,309.9
3139,Watches Gifts Item #46c577,Watches Gifts,29.9
3140,Health Beauty Item #3e7d70,Health Beauty,39.9
3141,Housewares Item #b6bcda,Housewares,31.9
3142,Sports Leisure Item #c777b9,Sports Leisure,249.9
3143,Telephony Item #20d6d5,Telephony,99.0
3144,Furniture Decor Item #cc7ab1,Furniture Decor,198.0
3145,Cool Stuff Item #fad9c2,Cool Stuff,400.0
3146,Housewares Item #7f0c80,Housewares,64.9
3147,Health Beauty Item #c56ecd,Health Beauty,51.67
3148,Watches Gifts Item #b3bce4,Watches Gifts,95.0
3149,Electronics Item #5176d8,Electronics,14.9
3150,Cool Stuff Item #665fa5,Cool Stuff,39.9
3151,Sports Leisure Item #85fd14,Sports Leisure,109.9
3152,Watches Gifts Item #7e7140,Watches Gifts,209.0
3153,Books Imported Item #ac1edb,Books Imported,49.5
3154,Health Beauty Item #ba6c0d,Health Beauty,56.9
3155,Telephony Item #c413fa,Telephony,12.97
3156,Furniture Decor Item #83f1e7,Furniture Decor,115.0
3157,Watches Gifts Item #5c6928,Watches Gifts,29.0
3158,Watches Gifts Item #b67a7d,Watches Gifts,249.48
3159,Sports Leisure Item #8de310,Sports Leisure,9.99
3160,Sports Leisure Item #7c1000,Sports Leisure,129.9
3161,Housewares Item #8b27cb,Housewares,169.0
3162,Sports Leisure Item #b365e3,Sports Leisure,53.9
3163,Telephony Item #0cf573,Telephony,45.9
3164,Auto Item #9ddc42,Auto,108.16
3165,Sports Leisure Item #c4369b,Sports Leisure,99.9
3166,Furniture Decor Item #f646af,Furniture Decor,49.9
3167,Furniture Decor Item #827c4a,Furniture Decor,39.9
3168,Fashion Bags Accessories Item #9a442e,Fashion Bags Accessories,27.3
3169,Computers Accessories Item #e26007,Computers Accessories,69.9
3170,Bed Bath Table Item #2f774e,Bed Bath Table,114.99
3171,Stationery Item #5411e9,Stationery,125.0
3172,Health Beauty Item #a8b3b0,Health Beauty,140.0
3173,Computers Accessories Item #b7d2c9,Computers Accessories,349.0
3174,Housewares Item #776b3d,Housewares,48.9
3175,Fashion Shoes Item #a2c75a,Fashion Shoes,169.79
3176,Housewares Item #8684bd,Housewares,69.0
3177,Fashion Bags Accessories Item #67b0d3,Fashion Bags Accessories,59.9
3178,Toys Item #62e247,Toys,149.99
3179,Books Technical Item #155622,Books Technical,28.9
3180,Sports Leisure Item #f6bcb1,Sports Leisure,93.49
3181,Bed Bath Table Item #777d2e,Bed Bath Table,69.9
3182,Auto Item #576260,Auto,199.0
3183,Sports Leisure Item #8abe43,Sports Leisure,180.0
3184,Telephony Item #e7cc48,Telephony,180.88
3185,Agro Industry And Commerce Item #5f0a49,Agro Industry And Commerce,68.85
3186,Baby Item #f811e4,Baby,15.9
3187,Office Furniture Item #72ef87,Office Furniture,61.5
3188,Furniture Decor Item #810e29,Furniture Decor,78.0
3189,Auto Item #75b1af,Auto,780.0
3190,Stationery Item #4c1fda,Stationery,148.5
3191,Watches Gifts Item #a09fb9,Watches Gifts,88.0
3192,Perfumery Item #9ee8c8,Perfumery,129.9
3193,Baby Item #3efd39,Baby,233.0
3194,Sports Leisure Item #13fcfc,Sports Leisure,74.9
3195,Pet Shop Item #171b50,Pet Shop,38.7
3196,Stationery Item #9007d9,Stationery,7.9
3197,Telephony Item #d24dd3,Telephony,16.97
3198,Health Beauty Item #eb2d12,Health Beauty,128.9
3199,Pet Shop Item #7bc637,Pet Shop,430.0
3200,Computers Accessories Item #3f9609,Computers Accessories,129.99
3201,Home Confort Item #403e95,Home Confort,129.0
3202,Bed Bath Table Item #1e8c9a,Bed Bath Table,399.0
3203,Telephony Item #83e680,Telephony,49.99
3204,Bed Bath Table Item #5496a0,Bed Bath Table,216.0
3205,Bed Bath Table Item #af0a91,Bed Bath Table,89.9
3206,Health Beauty Item #cfd414,Health Beauty,86.23
3207,Construction Tools Construction Item #3777da,Construction Tools Construction,289.0
3208,Signaling And Security Item #7d6f35,Signaling And Security,29.49
3209,Furniture Decor Item #f6e6c6,Furniture Decor,169.99
3210,Baby Item #2ac0cc,Baby,119.9
3211,Sports Leisure Item #6a33f8,Sports Leisure,24.99
3212,Auto Item #90efe6,Auto,189.0
3213,Auto Item #410dd3,Auto,69.9
3214,Computers Accessories Item #a5e28e,Computers Accessories,32.99
3215,Housewares Item #37bc5c,Housewares,15.96
3216,Sports Leisure Item #9cb2ed,Sports Leisure,39.9
3217,Pet Shop Item #e1bf2f,Pet Shop,169.8
3218,Perfumery Item #01ff1f,Perfumery,51.6
3219,Furniture Decor Item #fc8405,Furniture Decor,169.9
3220,Baby Item #f46856,Baby,43.99
3221,Books Technical Item #b8998c,Books Technical,45.0
3222,Books General Interest Item #e04493,Books General Interest,48.9
3223,Sports Leisure Item #3eae31,Sports Leisure,11.98
3224,Furniture Decor Item #bcf8ab,Furniture Decor,399.8
3225,Sports Leisure Item #57aae7,Sports Leisure,252.0
3226,Computers Accessories Item #afa3bc,Computers Accessories,69.9
3227,Bed Bath Table Item #952e73,Bed Bath Table,54.5
3228,Auto Item #9a63d4,Auto,169.9
3229,Baby Item #600266,Baby,59.99
3230,Perfumery Item #62c89a,Perfumery,259.0
3231,Home Construction Item #5926c5,Home Construction,386.75
3232,Sports Leisure Item #c06252,Sports Leisure,99.9
3233,Cool Stuff Item #9da950,Cool Stuff,209.99
3234,Health Beauty Item #47b8c7,Health Beauty,205.0
3235,Fashion Bags Accessories Item #8301e4,Fashion Bags Accessories,29.9
3236,Fashion Shoes Item #f1e258,Fashion Shoes,199.7
3237,Housewares Item #5f0968,Housewares,99.9
3238,Bed Bath Table Item #8a72ec,Bed Bath Table,103.83
3239,Construction Tools Construction Item #08ef61,Construction Tools Construction,590.0
3240,Fashion Bags Accessories Item #183c95,Fashion Bags Accessories,49.9
3241,Pet Shop Item #4bf108,Pet Shop,12.99
3242,Watches Gifts Item #e489b4,Watches Gifts,159.0
3243,Housewares Item #fb338b,Housewares,174.97
3244,Uncategorized Item #e0f33a,Uncategorized,48.9
3245,Drinks Item #2b2428,Drinks,59.9
3246,Health Beauty Item #9bb8ca,Health Beauty,59.9
3247,Furniture Decor Item #9e440e,Furniture Decor,128.89
3248,Housewares Item #26a6aa,Housewares,34.9
3249,Construction Tools Construction Item #c9e3b9,Construction Tools Construction,188.16
3250,Sports Leisure Item #55552e,Sports Leisure,219.9
3251,Computers Accessories Item #bee2e0,Computers Accessories,148.0
3252,Computers Accessories Item #dd4744,Computers Accessories,73.4
3253,Pet Shop Item #a65c52,Pet Shop,109.9
3254,Telephony Item #ffeb22,Telephony,34.99
3255,Auto Item #c8a4ec,Auto,45.9
3256,Telephony Item #b5b207,Telephony,9.99
3257,Furniture Decor Item #e11b7a,Furniture Decor,207.06
3258,Fashion Underwear Beach Item #0b5029,Fashion Underwear Beach,24.99
3259,Garden Tools Item #aa9077,Garden Tools,31.2
3260,Fashion Underwear Beach Item #b73091,Fashion Underwear Beach,59.9
3261,Housewares Item #146f7b,Housewares,359.99
3262,Housewares Item #542143,Housewares,19.9
3263,Sports Leisure Item #a2fa8a,Sports Leisure,49.9
3264,Furniture Decor Item #824479,Furniture Decor,29.9
3265,Watches Gifts Item #a367f8,Watches Gifts,149.0
3266,Baby Item #49cd59,Baby,47.5
3267,Toys Item #41c1f0,Toys,122.61
3268,Bed Bath Table Item #528dac,Bed Bath Table,16.9
3269,Bed Bath Table Item #c045b1,Bed Bath Table,56.57
3270,Housewares Item #5d2d01,Housewares,31.2
3271,Consoles Games Item #17c971,Consoles Games,516.59
3272,Pet Shop Item #7f9763,Pet Shop,44.99
3273,Luggage Accessories Item #d34ec3,Luggage Accessories,58.0
3274,Sports Leisure Item #12b5c2,Sports Leisure,259.0
3275,Home Appliances Item #60c4a6,Home Appliances,57.0
3276,Toys Item #808190,Toys,168.9
3277,Baby Item #b5e04f,Baby,59.9
3278,Sports Leisure Item #f9a782,Sports Leisure,29.9
3279,Perfumery Item #4be784,Perfumery,29.95
3280,Furniture Decor Item #a0d20b,Furniture Decor,49.9
3281,Computers Accessories Item #5e70a4,Computers Accessories,299.99
3282,Sports Leisure Item #4651b3,Sports Leisure,78.0
3283,Computers Accessories Item #d1847c,Computers Accessories,269.0
3284,Costruction Tools Garden Item #07ffc0,Costruction Tools Garden,28.45
3285,Office Furniture Item #68a058,Office Furniture,125.99
3286,Fashion Bags Accessories Item #51967f,Fashion Bags Accessories,29.99
3287,Home Construction Item #9291bd,Home Construction,548.06
3288,Housewares Item #076e36,Housewares,33.0
3289,Bed Bath Table Item #8a27fb,Bed Bath Table,59.9
3290,Bed Bath Table Item #193c2c,Bed Bath Table,49.0
3291,Sports Leisure Item #41817d,Sports Leisure,128.0
3292,Small Appliances Item #79366d,Small Appliances,193.0
3293,Health Beauty Item #bb50f2,Health Beauty,328.16
3294,Furniture Decor Item #4eb99b,Furniture Decor,45.2
3295,Uncategorized Item #2beff6,Uncategorized,49.99
3296,Computers Accessories Item #8983a3,Computers Accessories,99.0
3297,Perfumery Item #6782d5,Perfumery,27.9
3298,Watches Gifts Item #423b46,Watches Gifts,50.0
3299,Stationery Item #d35839,Stationery,29.7
3300,Perfumery Item #0a1ca6,Perfumery,81.35
3301,Housewares Item #fa39c6,Housewares,82.72
3302,Toys Item #ea06ed,Toys,179.9
3303,Office Furniture Item #81ad2a,Office Furniture,179.9
3304,Furniture Decor Item #d7973e,Furniture Decor,13.9
3305,Luggage Accessories Item #1ea666,Luggage Accessories,48.0
3306,Cine Photo Item #d55487,Cine Photo,10.0
3307,Furniture Decor Item #a0ed1a,Furniture Decor,149.96
3308,Bed Bath Table Item #d6bd99,Bed Bath Table,12.49
3309,Health Beauty Item #17704d,Health Beauty,179.9
3310,Watches Gifts Item #41b4ba,Watches Gifts,22.9
3311,Health Beauty Item #05b515,Health Beauty,1.2
3312,Sports Leisure Item #bb9598,Sports Leisure,199.9
3313,Computers Accessories Item #a233df,Computers Accessories,2649.99
3314,Uncategorized Item #69c2f0,Uncategorized,89.9
3315,Watches Gifts Item #cf8587,Watches Gifts,961.6
3316,Perfumery Item #cd0725,Perfumery,303.99
3317,Sports Leisure Item #210a83,Sports Leisure,36.9
3318,Toys Item #5d0a7c,Toys,49.9
3319,Bed Bath Table Item #b48ac8,Bed Bath Table,179.9
3320,Kitchen Dining Laundry Garden Furniture Item #cdad30,Kitchen Dining Laundry Garden Furniture,129.0
3321,Sports Leisure Item #516d61,Sports Leisure,23.9
3322,Garden Tools Item #6c8b29,Garden Tools,53.33
3323,Bed Bath Table Item #77fdeb,Bed Bath Table,119.9
3324,Computers Accessories Item #462ca8,Computers Accessories,27.9
3325,Telephony Item #36eabb,Telephony,39.99
3326,Bed Bath Table Item #9bdc5f,Bed Bath Table,113.99
3327,Bed Bath Table Item #10244e,Bed Bath Table,79.0
3328,Costruction Tools Tools Item #99d254,Costruction Tools Tools,189.9
3329,Bed Bath Table Item #90b86c,Bed Bath Table,23.9
3330,Auto Item #d41d8c,Auto,244.9
3331,Garden Tools Item #b162df,Garden Tools,18.1
3332,Furniture Decor Item #fa2954,Furniture Decor,119.9
3333,Kitchen Dining Laundry Garden Furniture Item #bf5d13,Kitchen Dining Laundry Garden Furniture,140.0
3334,Furniture Decor Item #2c3d5c,Furniture Decor,109.99
3335,Toys Item #40639c,Toys,94.9
3336,Auto Item #d220fd,Auto,349.9
3337,Housewares Item #eb38a7,Housewares,14.78
3338,Computers Accessories Item #8de2f4,Computers Accessories,270.0
3339,Health Beauty Item #fe9dfb,Health Beauty,324.44
3340,Furniture Decor Item #e6506b,Furniture Decor,429.0
3341,Sports Leisure Item #a8a775,Sports Leisure,169.0
3342,Office Furniture Item #145028,Office Furniture,399.0
3343,Food Item #3d7e90,Food,47.0
3344,Telephony Item #23365b,Telephony,17.2
3345,Home Construction Item #a0b7b6,Home Construction,119.99
3346,Agro Industry And Commerce Item #a79e27,Agro Industry And Commerce,25.0
3347,Cool Stuff Item #316399,Cool Stuff,64.9
3348,Telephony Item #694cbe,Telephony,24.99
3349,Furniture Decor Item #742a85,Furniture Decor,89.9
3350,Furniture Decor Item #b88bec,Furniture Decor,44.99
3351,Watches Gifts Item #e6d3e3,Watches Gifts,219.0
3352,Sports Leisure Item #29ef8f,Sports Leisure,171.9
3353,Auto Item #cfc486,Auto,98.7
3354,Furniture Decor Item #c2bd03,Furniture Decor,51.92
3355,Bed Bath Table Item #8384a4,Bed Bath Table,21.99
3356,Housewares Item #cfdc07,Housewares,269.89
3357,Construction Tools Construction Item #134529,Construction Tools Construction,39.5
3358,Small Appliances Item #304104,Small Appliances,299.0
3359,Fixed Telephony Item #f4a53b,Fixed Telephony,18.99
3360,Auto Item #fee073,Auto,165.9
3361,Kitchen Dining Laundry Garden Furniture Item #29dde5,Kitchen Dining Laundry Garden Furniture,67.9
3362,Toys Item #ac0bb4,Toys,98.9
3363,Home Confort Item #d399df,Home Confort,199.0
3364,Housewares Item #d02e5b,Housewares,59.9
3365,Bed Bath Table Item #f1565c,Bed Bath Table,147.9
3366,Perfumery Item #a892ca,Perfumery,28.99
3367,Toys Item #5f8410,Toys,79.99
3368,Health Beauty Item #821f6f,Health Beauty,299.99
3369,Home Construction Item #bddc14,Home Construction,74.0
3370,Sports Leisure Item #a696d5,Sports Leisure,68.4
3371,Auto Item #675235,Auto,37.0
3372,Furniture Decor Item #5b6df3,Furniture Decor,66.9
3373,Furniture Decor Item #e9dd44,Furniture Decor,27.99
3374,Bed Bath Table Item #94fb18,Bed Bath Table,43.8
3375,Furniture Living Room Item #a069fc,Furniture Living Room,179.99
3376,Fashion Bags Accessories Item #355c91,Fashion Bags Accessories,20.3
3377,Furniture Decor Item #569ffd,Furniture Decor,16.9
3378,Housewares Item #ccf722,Housewares,46.9
3379,Toys Item #d5394d,Toys,89.9
3380,Electronics Item #50fd2b,Electronics,21.9
3381,Sports Leisure Item #5d720f,Sports Leisure,104.0
3382,Fashion Bags Accessories Item #60bf1b,Fashion Bags Accessories,19.9
3383,Watches Gifts Item #ba74c6,Watches Gifts,184.91
3384,Furniture Decor Item #67fe44,Furniture Decor,75.9
3385,Computers Accessories Item #c3f611,Computers Accessories,18.9
3386,Small Appliances Item #1e9f40,Small Appliances,37.9
3387,Electronics Item #bcaccc,Electronics,22.0
3388,Telephony Item #15e71c,Telephony,130.0
3389,Furniture Decor Item #b35370,Furniture Decor,499.0
3390,Construction Tools Lights Item #d9235f,Construction Tools Lights,120.0
3391,Health Beauty Item #9a2156,Health Beauty,21.9
3392,Bed Bath Table Item #3b10cf,Bed Bath Table,89.0
3393,Bed Bath Table Item #5d92ab,Bed Bath Table,112.0
3394,Garden Tools Item #b57509,Garden Tools,1455.0
3395,Luggage Accessories Item #6e59a5,Luggage Accessories,109.9
3396,Furniture Decor Item #f08b29,Furniture Decor,102.0
3397,Health Beauty Item #70869a,Health Beauty,109.32
3398,Telephony Item #de89f3,Telephony,679.0
3399,Musical Instruments Item #ccdb0e,Musical Instruments,278.9
3400,Housewares Item #a2bd7f,Housewares,67.9
3401,Sports Leisure Item #2fcef9,Sports Leisure,49.99
3402,Toys Item #9d5aab,Toys,249.99
3403,Sports Leisure Item #da9323,Sports Leisure,42.0
3404,Auto Item #62b345,Auto,58.5
3405,Computers Accessories Item #909b87,Computers Accessories,39.9
3406,Computers Accessories Item #054b1a,Computers Accessories,18.0
3407,Watches Gifts Item #7703b8,Watches Gifts,39.0
3408,Auto Item #0ad48b,Auto,176.21
3409,Fashion Bags Accessories Item #aaa09c,Fashion Bags Accessories,69.9
3410,Home Confort Item #b3d1d2,Home Confort,89.9
3411,Housewares Item #15be8a,Housewares,139.0
3412,Health Beauty Item #0b0c71,Health Beauty,56.0
3413,Small Appliances Item #fb88d2,Small Appliances,71.32
3414,Perfumery Item #64874a,Perfumery,271.0
3415,Fashion Bags Accessories Item #e85219,Fashion Bags Accessories,42.9
3416,Baby Item #a10e0f,Baby,50.67
3417,Kitchen Dining Laundry Garden Furniture Item #de1398,Kitchen Dining Laundry Garden Furniture,54.9
3418,Pet Shop Item #39d4f8,Pet Shop,99.9
3419,Garden Tools Item #684083,Garden Tools,18.95
3420,Baby Item #aa765c,Baby,179.99
3421,Bed Bath Table Item #fb18a1,Bed Bath Table,16.24
3422,Sports Leisure Item #054515,Sports Leisure,43.0
3423,Home Appliances 2 Item #9d99a7,Home Appliances 2,154.0
3424,Health Beauty Item #776ef0,Health Beauty,98.0
3425,Sports Leisure Item #b5f079,Sports Leisure,99.9
3426,Watches Gifts Item #98a41c,Watches Gifts,528.0
3427,Sports Leisure Item #f1a8bf,Sports Leisure,645.0
3428,Bed Bath Table Item #7b1f55,Bed Bath Table,159.9
3429,Stationery Item #ef5c31,Stationery,79.0
3430,Watches Gifts Item #7f0645,Watches Gifts,49.0
3431,Electronics Item #83ed3c,Electronics,69.9
3432,Toys Item #c081e0,Toys,102.5
3433,Baby Item #706982,Baby,898.0
3434,Health Beauty Item #43c78c,Health Beauty,67.0
3435,Watches Gifts Item #c924e0,Watches Gifts,649.99
3436,Books General Interest Item #cee4eb,Books General Interest,159.9
3437,Watches Gifts Item #fcd0a7,Watches Gifts,2299.0
3438,Housewares Item #940d38,Housewares,84.0
3439,Baby Item #6ed0ed,Baby,109.9
3440,Auto Item #99a0e0,Auto,59.9
3441,Fashion Bags Accessories Item #7d4e36,Fashion Bags Accessories,34.9
3442,Toys Item #6513f1,Toys,15.99
3443,Books General Interest Item #a0f27f,Books General Interest,35.9
3444,Sports Leisure Item #1e946c,Sports Leisure,39.0
3445,Sports Leisure Item #87c9f9,Sports Leisure,21.9
3446,Sports Leisure Item #f28a5b,Sports Leisure,42.9
3447,Furniture Living Room Item #2ff995,Furniture Living Room,80.66
3448,Furniture Decor Item #52b3af,Furniture Decor,48.9
3449,Sports Leisure Item #57f2de,Sports Leisure,39.0
3450,Auto Item #977622,Auto,179.49
3451,Sports Leisure Item #fd1abe,Sports Leisure,30.0
3452,Sports Leisure Item #84d0e9,Sports Leisure,104.0
3453,Housewares Item #eaee6d,Housewares,27.16
3454,Stationery Item #7935dd,Stationery,99.0
3455,Auto Item #e724a0,Auto,95.9
3456,Sports Leisure Item #ce6ffe,Sports Leisure,115.0
3457,Cool Stuff Item #0e529c,Cool Stuff,49.9
3458,Sports Leisure Item #65769f,Sports Leisure,29.99
3459,Telephony Item #45e1e8,Telephony,9.9
3460,Books Technical Item #043f91,Books Technical,49.0
3461,Watches Gifts Item #7961be,Watches Gifts,189.0
3462,Home Appliances Item #189921,Home Appliances,24.9
3463,Health Beauty Item #612c7f,Health Beauty,33.29
3464,Housewares Item #59fc88,Housewares,57.9
3465,Baby Item #955d15,Baby,14.0
3466,Sports Leisure Item #4d9b24,Sports Leisure,45.0
3467,Computers Accessories Item #db52f1,Computers Accessories,59.9
3468,Sports Leisure Item #4cb6e8,Sports Leisure,104.0
3469,Fixed Telephony Item #a53400,Fixed Telephony,39.99
3470,Sports Leisure Item #454ae5,Sports Leisure,21.0
3471,Housewares Item #4b24b3,Housewares,48.0
3472,Bed Bath Table Item #b8ee2d,Bed Bath Table,49.0
3473,Books General Interest Item #6617dc,Books General Interest,19.9
3474,Health Beauty Item #dbd553,Health Beauty,102.0
3475,Small Appliances Home Oven And Coffee Item #f49e98,Small Appliances Home Oven And Coffee,795.0
3476,Furniture Decor Item #043d7f,Furniture Decor,160.0
3477,Housewares Item #07e1da,Housewares,324.0
3478,Sports Leisure Item #81e686,Sports Leisure,105.0
3479,Electronics Item #308a73,Electronics,25.9
3480,Musical Instruments Item #a5bbc5,Musical Instruments,70.0
3481,Stationery Item #4c68fa,Stationery,125.0
3482,Bed Bath Table Item #0efc91,Bed Bath Table,106.32
3483,Housewares Item #93a99b,Housewares,8.0
3484,Computers Accessories Item #ff149b,Computers Accessories,59.9
3485,Furniture Decor Item #95107d,Furniture Decor,174.9
3486,Health Beauty Item #b751dd,Health Beauty,135.0
3487,Luggage Accessories Item #069766,Luggage Accessories,102.9
3488,Bed Bath Table Item #7358fa,Bed Bath Table,73.5
3489,Cool Stuff Item #4ebb87,Cool Stuff,119.99
3490,Bed Bath Table Item #399656,Bed Bath Table,129.99
3491,Sports Leisure Item #d3f521,Sports Leisure,115.0
3492,Computers Accessories Item #beeafa,Computers Accessories,207.91
3493,Construction Tools Safety Item #82c51c,Construction Tools Safety,99.0
3494,Cool Stuff Item #3f0190,Cool Stuff,99.99
3495,Housewares Item #b5e87f,Housewares,99.9
3496,Bed Bath Table Item #8d9d31,Bed Bath Table,49.9
3497,Fashion Bags Accessories Item #da02ed,Fashion Bags Accessories,54.99
3498,Sports Leisure Item #671d1f,Sports Leisure,42.6
3499,Computers Accessories Item #56cdfe,Computers Accessories,119.86
3500,Bed Bath Table Item #62d8da,Bed Bath Table,27.9
3501,Bed Bath Table Item #4a01cb,Bed Bath Table,64.9
3502,Bed Bath Table Item #abe236,Bed Bath Table,59.9
3503,Garden Tools Item #a67612,Garden Tools,164.99
3504,Furniture Living Room Item #e85cdc,Furniture Living Room,57.49
3505,Sports Leisure Item #6ab41d,Sports Leisure,114.9
3506,Housewares Item #fe2207,Housewares,89.9
3507,Furniture Decor Item #ef4d46,Furniture Decor,19.9
3508,Computers Item #f3783f,Computers,1200.0
3509,Sports Leisure Item #aa8fce,Sports Leisure,127.48
3510,Uncategorized Item #3128a1,Uncategorized,65.0
3511,Electronics Item #fb09ab,Electronics,169.9
3512,Computers Accessories Item #33e04b,Computers Accessories,119.99
3513,Furniture Decor Item #8e87f0,Furniture Decor,32.0
3514,Housewares Item #62892a,Housewares,197.9
3515,Perfumery Item #d401d9,Perfumery,104.9
3516,Computers Accessories Item #e3b5a4,Computers Accessories,127.42
3517,Toys Item #242325,Toys,150.9
3518,Housewares Item #b05ec8,Housewares,126.99
3519,Toys Item #faab97,Toys,229.99
3520,Furniture Decor Item #12abc3,Furniture Decor,12.99
3521,Bed Bath Table Item #c5c7ca,Bed Bath Table,149.9
3522,Housewares Item #d83cba,Housewares,49.9
3523,Luggage Accessories Item #995a61,Luggage Accessories,329.9
3524,Sports Leisure Item #0fef1e,Sports Leisure,119.0
3525,Bed Bath Table Item #382db2,Bed Bath Table,102.46
3526,Housewares Item #5994a2,Housewares,129.97
3527,Pet Shop Item #7c77aa,Pet Shop,19.99
3528,Computers Accessories Item #079819,Computers Accessories,289.0
3529,Health Beauty Item #12bc89,Health Beauty,34.0
3530,Furniture Decor Item #774c67,Furniture Decor,120.0
3531,Bed Bath Table Item #e9e1e0,Bed Bath Table,53.9
3532,Musical Instruments Item #db71a8,Musical Instruments,629.9
3533,Health Beauty Item #7b9435,Health Beauty,211.0
3534,Toys Item #f7d4df,Toys,14.03
3535,Watches Gifts Item #852b19,Watches Gifts,334.9
3536,Housewares Item #fbd403,Housewares,138.0
3537,Watches Gifts Item #2136c7,Watches Gifts,29.0
3538,Telephony Item #2ae47b,Telephony,21.99
3539,Uncategorized Item #68fb1d,Uncategorized,139.0
3540,Perfumery Item #8712db,Perfumery,199.9
3541,Stationery Item #e5cfe2,Stationery,449.99
3542,Sports Leisure Item #504f07,Sports Leisure,89.99
3543,Fashion Sport Item #cc6966,Fashion Sport,24.99
3544,Housewares Item #adf67f,Housewares,21.8
3545,Health Beauty Item #ffc9ca,Health Beauty,199.89
3546,Fashion Bags Accessories Item #3a9523,Fashion Bags Accessories,19.0
3547,Bed Bath Table Item #3ddc79,Bed Bath Table,64.9
3548,Housewares Item #d34efb,Housewares,37.4
3549,Furniture Decor Item #bc45f8,Furniture Decor,49.7
3550,Garden Tools Item #0521fe,Garden Tools,99.76
3551,Computers Accessories Item #127c0c,Computers Accessories,129.9
3552,Computers Accessories Item #d9545b,Computers Accessories,349.49
3553,Bed Bath Table Item #d59349,Bed Bath Table,68.0
3554,Pet Shop Item #8aaeae,Pet Shop,189.99
3555,Computers Accessories Item #547ef2,Computers Accessories,174.9
3556,Perfumery Item #2947c2,Perfumery,169.9
3557,Office Furniture Item #2b7aa3,Office Furniture,116.32
3558,Kitchen Dining Laundry Garden Furniture Item #7698e9,Kitchen Dining Laundry Garden Furniture,48.0
3559,Telephony Item #fb78b1,Telephony,94.99
3560,Telephony Item #c8f3af,Telephony,199.0
3561,Toys Item #5d4375,Toys,49.9
3562,Stationery Item #3ff53c,Stationery,59.0
3563,Housewares Item #9fbfc0,Housewares,288.0
3564,Sports Leisure Item #8ef3e9,Sports Leisure,99.9
3565,Watches Gifts Item #586328,Watches Gifts,79.0
3566,Home Appliances 2 Item #bb3542,Home Appliances 2,2070.0
3567,Housewares Item #f71a8f,Housewares,16.8
3568,Health Beauty Item #ed321c,Health Beauty,110.32
3569,Furniture Decor Item #820304,Furniture Decor,52.64
3570,Sports Leisure Item #af9e89,Sports Leisure,32.9
3571,Sports Leisure Item #284d7e,Sports Leisure,173.9
3572,Sports Leisure Item #7d0263,Sports Leisure,299.9
3573,Bed Bath Table Item #952670,Bed Bath Table,194.83
3574,Bed Bath Table Item #d40ab3,Bed Bath Table,68.5
3575,Watches Gifts Item #912d1f,Watches Gifts,110.65
3576,Health Beauty Item #ab8b5a,Health Beauty,58.9
3577,Stationery Item #3b9ae3,Stationery,59.0
3578,Auto Item #03ed33,Auto,37.99
3579,Home Appliances Item #a000c3,Home Appliances,10.0
3580,Books General Interest Item #d1b5b0,Books General Interest,24.9
3581,Housewares Item #4b9678,Housewares,129.0
3582,Uncategorized Item #c73ce4,Uncategorized,20.0
3583,Fashion Bags Accessories Item #87283a,Fashion Bags Accessories,49.9
3584,Computers Accessories Item #d53fa4,Computers Accessories,19.0
3585,Toys Item #e107fe,Toys,64.98
3586,Toys Item #5b3b5f,Toys,137.48
3587,Health Beauty Item #b17a66,Health Beauty,24.9
3588,Watches Gifts Item #707bca,Watches Gifts,81.25
3589,Bed Bath Table Item #8f2c82,Bed Bath Table,54.99
3590,Bed Bath Table Item #076a61,Bed Bath Table,169.4
3591,Auto Item #c8181e,Auto,69.4
3592,Furniture Decor Item #663048,Furniture Decor,29.99
3593,Auto Item #70aa49,Auto,129.49
3594,Auto Item #6c1942,Auto,10.9
3595,Cool Stuff Item #2bf5f3,Cool Stuff,299.0
3596,Perfumery Item #cfe6a5,Perfumery,20.9
3597,Portateis Cozinha E Preparadores De Alimentos Item #c7a3f1,Portateis Cozinha E Preparadores De Alimentos,979.0
3598,Computers Accessories Item #4cd429,Computers Accessories,56.9
3599,Electronics Item #3377b4,Electronics,69.9
3600,Musical Instruments Item #b25286,Musical Instruments,99.0
3601,Cool Stuff Item #725cbf,Cool Stuff,48.9
3602,Construction Tools Construction Item #242e43,Construction Tools Construction,31.9
3603,Books General Interest Item #15182e,Books General Interest,29.9
3604,Stationery Item #e47d15,Stationery,139.0
3605,Pet Shop Item #fb979d,Pet Shop,49.0
3606,Bed Bath Table Item #f07dfd,Bed Bath Table,14.9
3607,Pet Shop Item #e98800,Pet Shop,88.6
3608,Garden Tools Item #b93164,Garden Tools,69.0
3609,Health Beauty Item #5e2ba7,Health Beauty,69.9
3610,Furniture Decor Item #5f2d2e,Furniture Decor,109.9
3611,Home Appliances Item #7ba65a,Home Appliances,29.9
3612,Auto Item #9bda16,Auto,122.11
3613,Housewares Item #343952,Housewares,86.5
3614,Health Beauty Item #c69534,Health Beauty,14.32
3615,Auto Item #3aeed1,Auto,99.0
3616,Telephony Item #ad1128,Telephony,45.0
3617,Furniture Decor Item #e95703,Furniture Decor,79.0
3618,Telephony Item #c44447,Telephony,13.97
3619,Bed Bath Table Item #0a8611,Bed Bath Table,59.9
3620,Computers Accessories Item #ed7090,Computers Accessories,189.89
3621,Furniture Decor Item #7cdf06,Furniture Decor,250.0
3622,Toys Item #ea57ad,Toys,126.5
3623,Health Beauty Item #425966,Health Beauty,119.9
3624,Furniture Decor Item #e819fd,Furniture Decor,39.0
3625,Baby Item #7fa3e1,Baby,139.0
3626,Garden Tools Item #c148ea,Garden Tools,489.0
3627,Pet Shop Item #e1da6a,Pet Shop,47.9
3628,Housewares Item #27da9f,Housewares,86.57
3629,Furniture Decor Item #471538,Furniture Decor,34.0
3630,Luggage Accessories Item #c3e34c,Luggage Accessories,34.9
3631,Stationery Item #9c985e,Stationery,149.99
3632,Bed Bath Table Item #c3cdb2,Bed Bath Table,126.99
3633,Musical Instruments Item #114917,Musical Instruments,126.12
3634,Health Beauty Item #65aad7,Health Beauty,155.0
3635,Furniture Decor Item #3487b8,Furniture Decor,29.9
3636,Health Beauty Item #609c35,Health Beauty,7.5
3637,Baby Item #b6ada7,Baby,79.9
3638,Health Beauty Item #6968d8,Health Beauty,132.0
3639,Baby Item #30a47c,Baby,55.0
3640,Books General Interest Item #30dd24,Books General Interest,119.9
3641,Auto Item #dc523b,Auto,249.9
3642,Furniture Decor Item #ed3557,Furniture Decor,109.78
3643,Perfumery Item #d1c965,Perfumery,289.9
3644,Sports Leisure Item #bc1441,Sports Leisure,185.49
3645,Computers Accessories Item #de480e,Computers Accessories,28.9
3646,Food Item #ed2067,Food,56.97
3647,Garden Tools Item #1d27f1,Garden Tools,719.0
3648,Telephony Item #556849,Telephony,21.99
3649,Garden Tools Item #5af8f9,Garden Tools,17.4
3650,Office Furniture Item #b2855c,Office Furniture,289.9
3651,Toys Item #b45e1c,Toys,479.9
3652,Office Furniture Item #f2399c,Office Furniture,94.9
3653,Consoles Games Item #f6e3ae,Consoles Games,40.0
3654,Sports Leisure Item #5d5288,Sports Leisure,46.9
3655,Signaling And Security Item #668c66,Signaling And Security,60.0
3656,Bed Bath Table Item #8fa15c,Bed Bath Table,89.97
3657,Health Beauty Item #ae083e,Health Beauty,270.9
3658,Housewares Item #d144b2,Housewares,28.9
3659,Furniture Decor Item #202d70,Furniture Decor,295.0
3660,Party Supplies Item #9dfb6a,Party Supplies,69.9
3661,Books General Interest Item #38f21c,Books General Interest,18.0
3662,Auto Item #c09fe7,Auto,89.0
3663,Garden Tools Item #01ebdb,Garden Tools,28.96
3664,Watches Gifts Item #f3a67a,Watches Gifts,47.9
3665,Sports Leisure Item #a09640,Sports Leisure,43.2
3666,Housewares Item #9d0e4c,Housewares,144.9
3667,Bed Bath Table Item #0ec7b6,Bed Bath Table,152.57
3668,Cool Stuff Item #06bb6e,Cool Stuff,141.75
3669,Furniture Decor Item #a9e189,Furniture Decor,49.5
3670,Auto Item #7b5dd4,Auto,110.0
3671,Home Confort Item #ca0019,Home Confort,219.0
3672,Housewares Item #1cee48,Housewares,34.9
3673,Home Appliances Item #a1f7da,Home Appliances,49.29
3674,Stationery Item #944750,Stationery,50.95
3675,Toys Item #44b6fc,Toys,65.0
3676,Cool Stuff Item #edfbb2,Cool Stuff,339.2
3677,Housewares Item #45f7c4,Housewares,279.97
3678,Pet Shop Item #3f40e0,Pet Shop,144.9
3679,Electronics Item #fc7138,Electronics,13.0
3680,Toys Item #47f758,Toys,25.99
3681,Stationery Item #16ce89,Stationery,79.61
3682,Small Appliances Item #9434f2,Small Appliances,59.42
3683,Bed Bath Table Item #8e312c,Bed Bath Table,27.93
3684,Furniture Decor Item #6e0b3b,Furniture Decor,76.8
3685,Housewares Item #f71050,Housewares,72.0
3686,Food Drink Item #a2307a,Food Drink,38.99
3687,Electronics Item #b06f80,Electronics,145.99
3688,Computers Accessories Item #08a58d,Computers Accessories,129.0
3689,Furniture Bedroom Item #0b814a,Furniture Bedroom,169.0
3690,Bed Bath Table Item #562f00,Bed Bath Table,77.94
3691,Fashion Bags Accessories Item #e9d9bd,Fashion Bags Accessories,229.9
3692,Sports Leisure Item #c63a88,Sports Leisure,45.0
3693,Telephony Item #aad1c3,Telephony,12.5
3694,Bed Bath Table Item #c53ca8,Bed Bath Table,149.99
3695,Watches Gifts Item #1cbae9,Watches Gifts,81.25
3696,Health Beauty Item #65610b,Health Beauty,114.0
3697,Bed Bath Table Item #deb826,Bed Bath Table,549.1
3698,Cool Stuff Item #071b82,Cool Stuff,129.99
3699,Computers Accessories Item #078219,Computers Accessories,141.5
3700,Art Item #538948,Art,37.0
3701,Bed Bath Table Item #5f00c5,Bed Bath Table,89.99
3702,Construction Tools Construction Item #4a5c39,Construction Tools Construction,104.9
3703,Furniture Decor Item #95ae48,Furniture Decor,69.99
3704,Baby Item #7480c9,Baby,65.97
3705,Housewares Item #12ae2f,Housewares,43.9
3706,Furniture Decor Item #56b81e,Furniture Decor,44.35
3707,Books General Interest Item #e2cac6,Books General Interest,39.9
3708,Pet Shop Item #0294e3,Pet Shop,6.5
3709,Computers Accessories Item #5f622d,Computers Accessories,59.99
3710,Health Beauty Item #252924,Health Beauty,1149.65
3711,Housewares Item #7aa6e0,Housewares,6.9
3712,Baby Item #163e64,Baby,50.0
3713,Electronics Item #3a6b0b,Electronics,89.9
3714,Sports Leisure Item #152919,Sports Leisure,61.6
3715,Sports Leisure Item #918467,Sports Leisure,138.26
3716,Sports Leisure Item #ba9801,Sports Leisure,12.9
3717,Sports Leisure Item #fa66c4,Sports Leisure,20.9
3718,Toys Item #41c816,Toys,155.9
3719,Bed Bath Table Item #1891f2,Bed Bath Table,24.9
3720,Furniture Decor Item #c39071,Furniture Decor,16.9
3721,Bed Bath Table Item #286bcf,Bed Bath Table,199.9
3722,Watches Gifts Item #6c55ba,Watches Gifts,29.0
3723,Baby Item #050ab8,Baby,449.0
3724,Uncategorized Item #6ab9d4,Uncategorized,8.99
3725,Health Beauty Item #0a9a9c,Health Beauty,14.97
3726,Toys Item #7e68b5,Toys,119.2
3727,Electronics Item #cadb69,Electronics,13.65
3728,Perfumery Item #e30d5b,Perfumery,39.0
3729,Home Appliances Item #37470d,Home Appliances,57.0
3730,Perfumery Item #6c69e1,Perfumery,339.0
3731,Toys Item #561bea,Toys,1499.99
3732,Bed Bath Table Item #53b796,Bed Bath Table,53.0
3733,Furniture Decor Item #acc444,Furniture Decor,120.0
3734,Health Beauty Item #691c1c,Health Beauty,493.0
3735,Watches Gifts Item #380b46,Watches Gifts,29.0
3736,Office Furniture Item #ba4a91,Office Furniture,139.99
3737,Office Furniture Item #579447,Office Furniture,139.99
3738,Watches Gifts Item #186fe0,Watches Gifts,29.0
3739,Sports Leisure Item #948347,Sports Leisure,23.4
3740,Food Item #1e1140,Food,149.3
3741,Furniture Decor Item #20e512,Furniture Decor,129.0
3742,Perfumery Item #2b8d2d,Perfumery,199.99
3743,Bed Bath Table Item #24c5c7,Bed Bath Table,174.0
3744,Cool Stuff Item #7220c6,Cool Stuff,199.0
3745,Garden Tools Item #629397,Garden Tools,220.0
3746,Furniture Decor Item #5f88f5,Furniture Decor,89.9
3747,Bed Bath Table Item #134afb,Bed Bath Table,39.9
3748,Furniture Decor Item #a2a1a6,Furniture Decor,44.9
3749,Baby Item #84a87d,Baby,59.9
3750,Electronics Item #5d6671,Electronics,19.71
3751,Baby Item #230518,Baby,12.9
3752,Watches Gifts Item #f93abb,Watches Gifts,189.0
3753,Housewares Item #a11998,Housewares,59.99
3754,Toys Item #ae5f5d,Toys,79.9
3755,Air Conditioning Item #caacfe,Air Conditioning,49.9
3756,Telephony Item #dc491f,Telephony,18.9
3757,Sports Leisure Item #e424f6,Sports Leisure,136.0
3758,Stationery Item #786733,Stationery,79.0
3759,Cool Stuff Item #4a5cc9,Cool Stuff,449.9
3760,Sports Leisure Item #b18e00,Sports Leisure,179.9
3761,Sports Leisure Item #2b0c89,Sports Leisure,79.99
3762,Health Beauty Item #b038e0,Health Beauty,52.99
3763,Computers Accessories Item #115e60,Computers Accessories,39.9
3764,Consoles Games Item #22500b,Consoles Games,23.89
3765,Fashion Bags Accessories Item #e83aa5,Fashion Bags Accessories,76.9
3766,Auto Item #eb2e51,Auto,24.9
3767,Small Appliances Item #84ef57,Small Appliances,69.9
3768,Housewares Item #f7f59e,Housewares,34.9
3769,Housewares Item #c20a3f,Housewares,32.71
3770,Computers Accessories Item #780d24,Computers Accessories,44.99
3771,Health Beauty Item #a4d087,Health Beauty,26.9
3772,Electronics Item #f4a389,Electronics,13.65
3773,Small Appliances Home Oven And Coffee Item #eee404,Small Appliances Home Oven And Coffee,30.0
3774,Pet Shop Item #49a486,Pet Shop,79.0
3775,Pet Shop Item #6733b0,Pet Shop,36.8
3776,Watches Gifts Item #b6b76b,Watches Gifts,99.0
3777,Watches Gifts Item #564a04,Watches Gifts,2200.0
3778,Furniture Decor Item #9ecadb,Furniture Decor,35.0
3779,Auto Item #060cb1,Auto,147.9
3780,Telephony Item #676771,Telephony,839.99
3781,Furniture Decor Item #b39592,Furniture Decor,24.75
3782,Home Appliances Item #d1fd2c,Home Appliances,133.69
3783,Bed Bath Table Item #4cc8bf,Bed Bath Table,56.99
3784,Toys Item #aad0c9,Toys,49.99
3785,Toys Item #ac0ac7,Toys,60.0
3786,Bed Bath Table Item #87c622,Bed Bath Table,31.9
3787,Home Appliances Item #6f5d88,Home Appliances,20.9
3788,Sports Leisure Item #eab4c9,Sports Leisure,22.0
3789,Consoles Games Item #c7dc39,Consoles Games,40.0
3790,Furniture Decor Item #7ec731,Furniture Decor,16.9
3791,Bed Bath Table Item #06de2a,Bed Bath Table,219.9
3792,Drinks Item #ff8ece,Drinks,29.65
3793,Fashion Bags Accessories Item #1afdb4,Fashion Bags Accessories,44.0
3794,Sports Leisure Item #77ff4f,Sports Leisure,149.9
3795,Small Appliances Item #2de2a4,Small Appliances,140.0
3796,Housewares Item #226be9,Housewares,40.5
3797,Computers Accessories Item #351663,Computers Accessories,74.68
3798,Construction Tools Construction Item #308e5a,Construction Tools Construction,182.95
3799,Watches Gifts Item #1a0805,Watches Gifts,584.5
3800,Auto Item #7f4572,Auto,24.99
3801,Perfumery Item #1cc5f0,Perfumery,105.43
3802,Health Beauty Item #abad2a,Health Beauty,141.64
3803,Computers Accessories Item #078a6c,Computers Accessories,69.0
3804,Uncategorized Item #5eb564,Uncategorized,39.0
3805,Perfumery Item #84003e,Perfumery,150.49
3806,Telephony Item #430d21,Telephony,104.0
3807,Market Place Item #f5d8fd,Market Place,184.9
3808,Fashion Bags Accessories Item #d97cfa,Fashion Bags Accessories,34.3
3809,Watches Gifts Item #89ea72,Watches Gifts,119.9
3810,Electronics Item #ab959a,Electronics,16.9
3811,Housewares Item #161ccc,Housewares,28.5
3812,Fashion Male Clothing Item #b4ea7a,Fashion Male Clothing,43.0
3813,Construction Tools Construction Item #4cd531,Construction Tools Construction,500.0
3814,Fashion Bags Accessories Item #25c774,Fashion Bags Accessories,33.9
3815,Toys Item #bb72e3,Toys,84.9
3816,Furniture Decor Item #0e4fe8,Furniture Decor,35.0
3817,Bed Bath Table Item #af14fe,Bed Bath Table,105.0
3818,Cool Stuff Item #11fd9d,Cool Stuff,137.4
3819,Pet Shop Item #e0bdfa,Pet Shop,29.9
3820,Pet Shop Item #3bbacb,Pet Shop,159.9
3821,Housewares Item #c9341f,Housewares,37.9
3822,Housewares Item #9592ea,Housewares,49.9
3823,Construction Tools Lights Item #216bb0,Construction Tools Lights,46.0
3824,Housewares Item #004636,Housewares,49.0
3825,Stationery Item #b95aa5,Stationery,69.9
3826,Auto Item #1463ac,Auto,19.0
3827,Furniture Decor Item #f7e5d0,Furniture Decor,12.99
3828,Housewares Item #7d4293,Housewares,19.71
3829,Garden Tools Item #5825c8,Garden Tools,589.0
3830,Housewares Item #100260,Housewares,21.9
3831,Sports Leisure Item #f90889,Sports Leisure,79.99
3832,Baby Item #30e2b9,Baby,59.0
3833,Furniture Decor Item #46b0ed,Furniture Decor,114.9
3834,Stationery Item #8db97c,Stationery,100.79
3835,Bed Bath Table Item #f58890,Bed Bath Table,49.9
3836,Food Drink Item #c39e38,Food Drink,40.0
3837,Uncategorized Item #a08e08,Uncategorized,177.0
3838,Computers Accessories Item #e8b2fe,Computers Accessories,29.35
3839,Stationery Item #efe483,Stationery,64.9
3840,Health Beauty Item #6cdd53,Health Beauty,351.3
3841,Bed Bath Table Item #cfa284,Bed Bath Table,95.03
3842,Sports Leisure Item #cb89df,Sports Leisure,35.0
3843,Sports Leisure Item #64f905,Sports Leisure,159.9
3844,Bed Bath Table Item #bfde09,Bed Bath Table,69.99
3845,Pet Shop Item #6af5ae,Pet Shop,16.9
3846,Bed Bath Table Item #790b3e,Bed Bath Table,262.0
3847,Bed Bath Table Item #f2bcc8,Bed Bath Table,59.9
3848,Sports Leisure Item #f1da61,Sports Leisure,134.0
3849,Watches Gifts Item #b84520,Watches Gifts,45.0
3850,Sports Leisure Item #f1f01d,Sports Leisure,279.99
3851,Health Beauty Item #98e029,Health Beauty,146.11
3852,Pet Shop Item #0f56d6,Pet Shop,94.9
3853,Cool Stuff Item #99a9a8,Cool Stuff,199.99
3854,Garden Tools Item #48f933,Garden Tools,105.7
3855,Furniture Decor Item #196687,Furniture Decor,69.9
3856,Perfumery Item #2ddf91,Perfumery,45.9
3857,Sports Leisure Item #302530,Sports Leisure,66.9
3858,Perfumery Item #4a41bf,Perfumery,52.9
3859,Audio Item #6fab1c,Audio,49.9
3860,Sports Leisure Item #576787,Sports Leisure,210.0
3861,Health Beauty Item #77ccda,Health Beauty,418.0
3862,Auto Item #febdb2,Auto,70.0
3863,Housewares Item #6f86fa,Housewares,45.0
3864,Watches Gifts Item #0f3de2,Watches Gifts,629.0
3865,Dvds Blu Ray Item #f2f643,Dvds Blu Ray,19.9
3866,Telephony Item #04262a,Telephony,19.9
3867,Home Confort Item #5594eb,Home Confort,179.0
3868,Bed Bath Table Item #fb98e8,Bed Bath Table,64.9
3869,Watches Gifts Item #b67841,Watches Gifts,160.0
3870,Housewares Item #28dfc4,Housewares,224.1
3871,Stationery Item #28a652,Stationery,119.0
3872,Sports Leisure Item #583f15,Sports Leisure,45.0
3873,Toys Item #f03548,Toys,94.9
3874,Bed Bath Table Item #a04f52,Bed Bath Table,79.9
3875,Bed Bath Table Item #0d86ff,Bed Bath Table,94.99
3876,Telephony Item #407729,Telephony,25.99
3877,Bed Bath Table Item #1b1bde,Bed Bath Table,19.9
3878,Housewares Item #aa968a,Housewares,329.9
3879,Furniture Decor Item #4e72c1,Furniture Decor,59.89
3880,Sports Leisure Item #8a231b,Sports Leisure,74.9
3881,Telephony Item #b38416,Telephony,98.0
3882,Housewares Item #4c8415,Housewares,54.9
3883,Auto Item #b31f14,Auto,85.0
3884,Food Drink Item #7edfb4,Food Drink,12.99
3885,Furniture Decor Item #f9e5ef,Furniture Decor,59.9
3886,Furniture Decor Item #243c2f,Furniture Decor,207.83
3887,Small Appliances Item #4a211f,Small Appliances,15.9
3888,Luggage Accessories Item #c45f01,Luggage Accessories,102.9
3889,Toys Item #1341fe,Toys,229.9
3890,Auto Item #1a796d,Auto,35.0
3891,Housewares Item #a2a91f,Housewares,25.0
3892,Housewares Item #2701fc,Housewares,42.0
3893,Toys Item #0496f3,Toys,38.0
3894,Consoles Games Item #a3cdb8,Consoles Games,19.9
3895,Auto Item #acde6b,Auto,24.9
3896,Watches Gifts Item #1600dc,Watches Gifts,44.0
3897,Watches Gifts Item #a290d1,Watches Gifts,219.9
3898,Auto Item #c73628,Auto,112.33
3899,Fashion Male Clothing Item #66bd6e,Fashion Male Clothing,24.9
3900,Perfumery Item #c0315b,Perfumery,109.0
3901,Cool Stuff Item #29427d,Cool Stuff,99.99
3902,Sports Leisure Item #d9880e,Sports Leisure,69.9
3903,Furniture Decor Item #a9b36a,Furniture Decor,79.9
3904,Health Beauty Item #7fb047,Health Beauty,83.08
3905,Uncategorized Item #3b60d5,Uncategorized,154.77
3906,Watches Gifts Item #072346,Watches Gifts,128.99
3907,Telephony Item #1191e6,Telephony,24.99
3908,Sports Leisure Item #570df4,Sports Leisure,148.0
3909,Housewares Item #9ef351,Housewares,93.5
3910,Furniture Decor Item #09cbb5,Furniture Decor,59.9
3911,Watches Gifts Item #aa8d88,Watches Gifts,55.0
3912,Watches Gifts Item #b2e22c,Watches Gifts,419.0
3913,Housewares Item #d3d2f3,Housewares,139.9
3914,Perfumery Item #1c3a3b,Perfumery,324.0
3915,Computers Accessories Item #95ed6e,Computers Accessories,92.0
3916,Health Beauty Item #8bba4a,Health Beauty,124.0
3917,Toys Item #e9c49f,Toys,349.9
3918,Signaling And Security Item #5900bd,Signaling And Security,195.0
3919,Housewares Item #905a4d,Housewares,49.9
3920,Auto Item #1c9283,Auto,15.0
3921,Bed Bath Table Item #64fb26,Bed Bath Table,93.07
3922,Baby Item #c55c23,Baby,28.0
3923,Office Furniture Item #d4257b,Office Furniture,116.99
3924,Auto Item #afdb06,Auto,135.0
3925,Furniture Decor Item #b19a23,Furniture Decor,19.99
3926,Uncategorized Item #d85783,Uncategorized,30.0
3927,Electronics Item #c3097e,Electronics,13.7
3928,Housewares Item #c36bf0,Housewares,25.9
3929,Computers Accessories Item #ad673c,Computers Accessories,25.0
3930,Health Beauty Item #9b1954,Health Beauty,53.0
3931,Health Beauty Item #b84c4c,Health Beauty,119.9
3932,Computers Accessories Item #6d4c6c,Computers Accessories,79.99
3933,Toys Item #3ba2b0,Toys,103.29
3934,Watches Gifts Item #461f43,Watches Gifts,141.36
3935,Sports Leisure Item #c72edc,Sports Leisure,73.0
3936,Home Construction Item #687739,Home Construction,79.9
3937,Watches Gifts Item #df6768,Watches Gifts,2200.0
3938,Sports Leisure Item #fa3ca0,Sports Leisure,258.99
3939,Auto Item #c22133,Auto,535.0
3940,Furniture Decor Item #e19ddc,Furniture Decor,29.99
3941,Perfumery Item #9a63fa,Perfumery,53.78
3942,Construction Tools Safety Item #9e47ae,Construction Tools Safety,25.0
3943,Party Supplies Item #cc6a0d,Party Supplies,231.2
3944,Baby Item #2dc2ef,Baby,130.0
3945,Health Beauty Item #8ee57a,Health Beauty,39.9
3946,Sports Leisure Item #b9da28,Sports Leisure,159.9
3947,Musical Instruments Item #03fbf7,Musical Instruments,525.0
3948,Watches Gifts Item #8b5a20,Watches Gifts,149.8
3949,Garden Tools Item #0c8862,Garden Tools,1099.0
3950,Health Beauty Item #a55b43,Health Beauty,79.0
3951,Telephony Item #7ea6e4,Telephony,29.99
3952,Telephony Item #f5043f,Telephony,35.99
3953,Bed Bath Table Item #a3c933,Bed Bath Table,69.9
3954,Food Drink Item #a17986,Food Drink,18.9
3955,Telephony Item #468d0a,Telephony,28.99
3956,Computers Accessories Item #ee7597,Computers Accessories,95.0
3957,Bed Bath Table Item #4e1221,Bed Bath Table,57.0
3958,Furniture Decor Item #a0f3c4,Furniture Decor,99.8
3959,Health Beauty Item #2033d0,Health Beauty,52.74
3960,Sports Leisure Item #9fc0c7,Sports Leisure,68.0
3961,Sports Leisure Item #1d2d3b,Sports Leisure,194.99
3962,Stationery Item #20fcf5,Stationery,69.9
3963,Perfumery Item #02ee08,Perfumery,199.0
3964,Furniture Decor Item #790696,Furniture Decor,110.0
3965,Construction Tools Safety Item #4fe43f,Construction Tools Safety,130.9
3966,Perfumery Item #24fffb,Perfumery,279.9
3967,Sports Leisure Item #cd8ae7,Sports Leisure,19.9
3968,Health Beauty Item #63de27,Health Beauty,16.58
3969,Pet Shop Item #74f666,Pet Shop,99.99
3970,Sports Leisure Item #8b39be,Sports Leisure,49.9
3971,Cool Stuff Item #14e957,Cool Stuff,229.99
3972,Health Beauty Item #e4985e,Health Beauty,97.65
3973,Computers Accessories Item #1d52a1,Computers Accessories,99.49
3974,Telephony Item #c0c17f,Telephony,59.9
3975,Fashion Bags Accessories Item #471e71,Fashion Bags Accessories,55.9
3976,Auto Item #89a85f,Auto,45.9
3977,Sports Leisure Item #c82c97,Sports Leisure,261.0
3978,Computers Accessories Item #19b252,Computers Accessories,39.0
3979,Auto Item #45817b,Auto,50.89
3980,Home Construction Item #d6dc2d,Home Construction,225.0
3981,Stationery Item #1becf3,Stationery,89.9
3982,Sports Leisure Item #3abb0e,Sports Leisure,79.9
3983,Health Beauty Item #4af84a,Health Beauty,20.9
3984,Stationery Item #3c0f50,Stationery,89.0
3985,Toys Item #3e4684,Toys,153.78
3986,Cool Stuff Item #da2d3c,Cool Stuff,129.99
3987,Construction Tools Construction Item #3a5bfc,Construction Tools Construction,289.0
3988,Uncategorized Item #e87866,Uncategorized,149.0
3989,Perfumery Item #b2a276,Perfumery,85.9
3990,Stationery Item #3de040,Stationery,55.0
3991,Uncategorized Item #f2317e,Uncategorized,39.9
3992,Watches Gifts Item #9c7ce5,Watches Gifts,29.0
3993,Bed Bath Table Item #d73a7e,Bed Bath Table,39.9
3994,Sports Leisure Item #194210,Sports Leisure,47.9
3995,Perfumery Item #ee0c1c,Perfumery,52.49
3996,Toys Item #5b8423,Toys,129.99
3997,Health Beauty Item #11bbef,Health Beauty,336.66
3998,Furniture Decor Item #15cd17,Furniture Decor,89.99
3999,Cool Stuff Item #9295e6,Cool Stuff,57.99
4000,Sports Leisure Item #24bf01,Sports Leisure,999.99
4001,Telephony Item #1e662f,Telephony,33.9
4002,Baby Item #484970,Baby,89.0
4003,Perfumery Item #f7ee07,Perfumery,37.9
4004,Cool Stuff Item #542b3d,Cool Stuff,35.9
4005,Baby Item #1e1a18,Baby,69.5
4006,Bed Bath Table Item #4e1346,Bed Bath Table,11.99
4007,Housewares Item #310b99,Housewares,179.0
4008,Consoles Games Item #6c3eff,Consoles Games,24.13
4009,Books Technical Item #8e9696,Books Technical,14.95
4010,Luggage Accessories Item #106686,Luggage Accessories,320.0
4011,Telephony Item #e5bd49,Telephony,19.99
4012,Baby Item #b43ceb,Baby,34.9
4013,Watches Gifts Item #741ab0,Watches Gifts,84.9
4014,Baby Item #ca4b7e,Baby,55.0
4015,Health Beauty Item #51f876,Health Beauty,9.8
4016,Food Drink Item #e1b711,Food Drink,65.0
4017,Sports Leisure Item #87a9ce,Sports Leisure,69.95
4018,Home Appliances Item #d66c72,Home Appliances,19.9
4019,Bed Bath Table Item #a1c4fe,Bed Bath Table,121.99
4020,Construction Tools Safety Item #7d490f,Construction Tools Safety,349.9
4021,Health Beauty Item #0cbb82,Health Beauty,69.19
4022,Pet Shop Item #e94df7,Pet Shop,94.9
4023,Auto Item #98d610,Auto,164.78
4024,Furniture Living Room Item #b61876,Furniture Living Room,56.9
4025,Fashion Bags Accessories Item #9cc688,Fashion Bags Accessories,199.9
4026,Sports Leisure Item #8eb72e,Sports Leisure,149.0
4027,Housewares Item #814532,Housewares,24.7
4028,Health Beauty Item #64b23f,Health Beauty,32.9
4029,Bed Bath Table Item #7e67ad,Bed Bath Table,134.9
4030,Auto Item #b5c1a1,Auto,99.0
4031,Garden Tools Item #7fbbe4,Garden Tools,25.99
4032,Watches Gifts Item #5a1155,Watches Gifts,325.0
4033,Sports Leisure Item #2bba3a,Sports Leisure,181.0
4034,Toys Item #dc404a,Toys,324.99
4035,Air Conditioning Item #cdc731,Air Conditioning,25.2
4036,Furniture Decor Item #3889a0,Furniture Decor,34.9
4037,Bed Bath Table Item #a2975d,Bed Bath Table,34.99
4038,Bed Bath Table Item #10717f,Bed Bath Table,138.0
4039,Baby Item #9361d7,Baby,51.45
4040,Cool Stuff Item #4247f6,Cool Stuff,68.9
4041,Health Beauty Item #4c8541,Health Beauty,63.36
4042,Housewares Item #88e2fc,Housewares,46.1
4043,Toys Item #e9def9,Toys,69.99
4044,Bed Bath Table Item #4fc38c,Bed Bath Table,112.99
4045,Cool Stuff Item #7c20ca,Cool Stuff,340.0
4046,Sports Leisure Item #10fcf4,Sports Leisure,295.9
4047,Home Appliances Item #50c3b0,Home Appliances,32.0
4048,Bed Bath Table Item #2cd486,Bed Bath Table,422.0
4049,Telephony Item #59ebd2,Telephony,27.99
4050,Housewares Item #b45cf1,Housewares,340.0
4051,Furniture Decor Item #aa7fd7,Furniture Decor,289.0
4052,Bed Bath Table Item #0856c4,Bed Bath Table,432.3
4053,Housewares Item #f487b1,Housewares,70.9
4054,Telephony Item #eebe36,Telephony,18.99
4055,Health Beauty Item #101c02,Health Beauty,97.9
4056,Home Confort Item #7a764d,Home Confort,329.0
4057,Toys Item #c5db51,Toys,162.9
4058,Auto Item #038967,Auto,34.75
4059,Sports Leisure Item #24d8da,Sports Leisure,19.9
4060,Watches Gifts Item #115f1b,Watches Gifts,188.0
4061,Bed Bath Table Item #aae719,Bed Bath Table,94.9
4062,Furniture Living Room Item #c42a54,Furniture Living Room,125.9
4063,Kitchen Dining Laundry Garden Furniture Item #0454c9,Kitchen Dining Laundry Garden Furniture,299.0
4064,Computers Accessories Item #dcea90,Computers Accessories,37.8
4065,Electronics Item #f5c47e,Electronics,55.0
4066,Furniture Decor Item #5f6906,Furniture Decor,24.75
4067,Watches Gifts Item #0dce09,Watches Gifts,125.0
4068,Fashion Bags Accessories Item #108c2b,Fashion Bags Accessories,109.5
4069,Pet Shop Item #a87595,Pet Shop,735.0
4070,Baby Item #1f851a,Baby,529.0
4071,Dvds Blu Ray Item #c82cf1,Dvds Blu Ray,19.9
4072,Bed Bath Table Item #7e50b7,Bed Bath Table,245.9
4073,Toys Item #05fb09,Toys,138.9
4074,Musical Instruments Item #9048cb,Musical Instruments,59.9
4075,Bed Bath Table Item #e707c5,Bed Bath Table,169.9
4076,Cool Stuff Item #20090b,Cool Stuff,158.4
4077,Perfumery Item #566d57,Perfumery,219.9
4078,Telephony Item #cb3fe5,Telephony,69.9
4079,Furniture Decor Item #3630df,Furniture Decor,75.07
4080,Housewares Item #03c942,Housewares,149.9
4081,Bed Bath Table Item #6c273b,Bed Bath Table,26.9
4082,Furniture Decor Item #4cde3f,Furniture Decor,129.9
4083,Baby Item #63649d,Baby,125.0
4084,Housewares Item #5ed1d6,Housewares,19.9
4085,Bed Bath Table Item #0693bc,Bed Bath Table,15.9
4086,Small Appliances Item #d6b4d1,Small Appliances,388.9
4087,Bed Bath Table Item #3bdb08,Bed Bath Table,48.04
4088,Toys Item #25e202,Toys,119.99
4089,Bed Bath Table Item #95d930,Bed Bath Table,245.9
4090,Fashion Bags Accessories Item #f177b4,Fashion Bags Accessories,29.99
4091,Toys Item #fe1cef,Toys,69.99
4092,Fashion Bags Accessories Item #9da1c8,Fashion Bags Accessories,54.9
4093,Cool Stuff Item #59d853,Cool Stuff,298.9
4094,Bed Bath Table Item #9290dc,Bed Bath Table,89.99
4095,Fashion Bags Accessories Item #ce49d8,Fashion Bags Accessories,89.0
4096,Baby Item #dbfa74,Baby,157.9
4097,Electronics Item #67af46,Electronics,11.9
4098,Computers Accessories Item #e2b02d,Computers Accessories,109.9
4099,Drinks Item #aa24c8,Drinks,38.49
4100,Sports Leisure Item #6edf19,Sports Leisure,138.0
4101,Telephony Item #c98455,Telephony,28.99
4102,Bed Bath Table Item #3f4a7c,Bed Bath Table,149.9
4103,Health Beauty Item #450c25,Health Beauty,399.0
4104,Furniture Decor Item #7f5576,Furniture Decor,39.99
4105,Cool Stuff Item #723ab6,Cool Stuff,199.0
4106,Baby Item #d4b65a,Baby,38.97
4107,Bed Bath Table Item #704ef6,Bed Bath Table,74.9
4108,Garden Tools Item #7e0dc1,Garden Tools,35.73
4109,Toys Item #e4da15,Toys,37.5
4110,Furniture Decor Item #149c06,Furniture Decor,44.5
4111,Industry Commerce And Business Item #3a97c3,Industry Commerce And Business,85.0
4112,Furniture Decor Item #c28294,Furniture Decor,18.9
4113,Bed Bath Table Item #6cbfc7,Bed Bath Table,89.9
4114,Musical Instruments Item #09661a,Musical Instruments,114.45
4115,Baby Item #014a8a,Baby,36.6
4116,Computers Accessories Item #252dc7,Computers Accessories,101.54
4117,Small Appliances Item #937ac3,Small Appliances,19.35
4118,Furniture Decor Item #d4a8ab,Furniture Decor,45.9
4119,Toys Item #765424,Toys,369.0
4120,Baby Item #8a8f06,Baby,669.99
4121,Furniture Decor Item #5eedf4,Furniture Decor,99.0
4122,Sports Leisure Item #1937b3,Sports Leisure,45.0
4123,Computers Accessories Item #be0dbd,Computers Accessories,79.87
4124,Books General Interest Item #442fbd,Books General Interest,30.0
4125,Bed Bath Table Item #cba545,Bed Bath Table,37.0
4126,Books General Interest Item #916bcf,Books General Interest,129.9
4127,Health Beauty Item #421895,Health Beauty,99.89
4128,Bed Bath Table Item #aa36c2,Bed Bath Table,119.9
4129,Furniture Decor Item #7fe14f,Furniture Decor,48.99
4130,Bed Bath Table Item #509db8,Bed Bath Table,159.9
4131,Furniture Decor Item #c900ee,Furniture Decor,89.18
4132,Sports Leisure Item #41b24e,Sports Leisure,74.99
4133,Construction Tools Construction Item #99f83c,Construction Tools Construction,18.0
4134,Cine Photo Item #e0fddc,Cine Photo,119.0
4135,Health Beauty Item #b56d20,Health Beauty,498.0
4136,Books General Interest Item #976ab5,Books General Interest,19.95
4137,Health Beauty Item #2d0090,Health Beauty,30.0
4138,Baby Item #c319f4,Baby,39.99
4139,Industry Commerce And Business Item #48401d,Industry Commerce And Business,99.99
4140,Housewares Item #3c3b94,Housewares,309.99
4141,Health Beauty Item #190d95,Health Beauty,39.99
4142,Perfumery Item #ddc01d,Perfumery,8.9
4143,Sports Leisure Item #ca33db,Sports Leisure,28.0
4144,Health Beauty Item #7a3bc1,Health Beauty,357.0
4145,Toys Item #a06a7d,Toys,85.9
4146,Fashion Underwear Beach Item #2cb21a,Fashion Underwear Beach,79.9
4147,Health Beauty Item #e67307,Health Beauty,18.67
4148,Home Appliances Item #b0ed7f,Home Appliances,29.0
4149,Housewares Item #056193,Housewares,129.99
4150,Furniture Decor Item #e17928,Furniture Decor,59.99
4151,Telephony Item #d72542,Telephony,21.99
4152,Housewares Item #580472,Housewares,139.0
4153,Bed Bath Table Item #fbce4c,Bed Bath Table,141.73
4154,Bed Bath Table Item #c91d8f,Bed Bath Table,35.4
4155,Bed Bath Table Item #a2133c,Bed Bath Table,94.9
4156,Garden Tools Item #07b6a2,Garden Tools,135.5
4157,Kitchen Dining Laundry Garden Furniture Item #48cce5,Kitchen Dining Laundry Garden Furniture,139.0
4158,Uncategorized Item #fe1341,Uncategorized,23.79
4159,Health Beauty Item #d47ac6,Health Beauty,55.0
4160,Furniture Decor Item #91f2cf,Furniture Decor,129.9
4161,Watches Gifts Item #b5adf7,Watches Gifts,241.0
4162,Fashion Bags Accessories Item #a215a5,Fashion Bags Accessories,39.9
4163,Computers Accessories Item #dbb677,Computers Accessories,80.77
4164,Furniture Decor Item #0c7ec2,Furniture Decor,61.2
4165,Bed Bath Table Item #ee4a51,Bed Bath Table,150.0
4166,Fashion Underwear Beach Item #2a4147,Fashion Underwear Beach,51.0
4167,Furniture Decor Item #8973d7,Furniture Decor,230.0
4168,Baby Item #b8ce63,Baby,130.0
4169,Home Confort Item #439569,Home Confort,149.0
4170,Electronics Item #b096d9,Electronics,499.0
4171,Sports Leisure Item #c63857,Sports Leisure,20.0
4172,Construction Tools Construction Item #75a1a9,Construction Tools Construction,78.0
4173,Toys Item #d60c7a,Toys,309.99
4174,Sports Leisure Item #a080d0,Sports Leisure,35.0
4175,Stationery Item #5aa24a,Stationery,229.79
4176,Sports Leisure Item #e44f67,Sports Leisure,105.97
4177,Construction Tools Construction Item #71f2ce,Construction Tools Construction,579.99
4178,Fashion Bags Accessories Item #3ac233,Fashion Bags Accessories,132.0
4179,Auto Item #c8d34c,Auto,73.8
4180,Baby Item #4a68f1,Baby,75.0
4181,Bed Bath Table Item #17eebb,Bed Bath Table,139.0
4182,Perfumery Item #595fac,Perfumery,119.91
4183,Garden Tools Item #4bf69d,Garden Tools,38.89
4184,Stationery Item #3731a0,Stationery,29.3
4185,Uncategorized Item #b983a4,Uncategorized,119.9
4186,Office Furniture Item #8d0700,Office Furniture,116.99
4187,Sports Leisure Item #978323,Sports Leisure,19.9
4188,Construction Tools Construction Item #76603a,Construction Tools Construction,172.04
4189,Watches Gifts Item #a92930,Watches Gifts,78.0
4190,Cool Stuff Item #86133a,Cool Stuff,54.9
4191,Sports Leisure Item #ffccf0,Sports Leisure,619.0
4192,Furniture Decor Item #76bf75,Furniture Decor,99.9
4193,Sports Leisure Item #bc911e,Sports Leisure,65.0
4194,Computers Accessories Item #7b07e5,Computers Accessories,42.48
4195,Consoles Games Item #0a74b9,Consoles Games,89.45
4196,Furniture Decor Item #d54c5b,Furniture Decor,249.45
4197,Housewares Item #574597,Housewares,49.0
4198,Construction Tools Construction Item #915ff3,Construction Tools Construction,310.0
4199,Computers Accessories Item #419055,Computers Accessories,14.99
4200,Signaling And Security Item #914323,Signaling And Security,4.5
4201,Bed Bath Table Item #2fd409,Bed Bath Table,55.99
4202,Furniture Decor Item #5d8b16,Furniture Decor,250.0
4203,Home Comfort 2 Item #19de58,Home Comfort 2,219.99
4204,Telephony Item #b254de,Telephony,24.9
4205,Cool Stuff Item #66a0a6,Cool Stuff,122.85
4206,Bed Bath Table Item #a6d040,Bed Bath Table,79.99
4207,Food Drink Item #a54244,Food Drink,56.16
4208,Sports Leisure Item #79f20b,Sports Leisure,29.9
4209,Computers Accessories Item #920413,Computers Accessories,62.89
4210,Watches Gifts Item #86c431,Watches Gifts,35.0
4211,Bed Bath Table Item #36a3aa,Bed Bath Table,153.0
4212,Furniture Decor Item #40256a,Furniture Decor,71.9
4213,Uncategorized Item #b36f3c,Uncategorized,150.0
4214,Market Place Item #f1d3e7,Market Place,176.57
4215,Health Beauty Item #5c78cd,Health Beauty,149.0
4216,Sports Leisure Item #3ae133,Sports Leisure,369.9
4217,Sports Leisure Item #6bd904,Sports Leisure,15.33
4218,Art Item #a793f6,Art,68.9
4219,Health Beauty Item #758c72,Health Beauty,16.43
4220,Housewares Item #d51f9e,Housewares,55.0
4221,Toys Item #2c2b1d,Toys,64.9
4222,Air Conditioning Item #98a5e0,Air Conditioning,249.9
4223,Auto Item #0d04a8,Auto,39.9
4224,Toys Item #c3ccc0,Toys,44.9
4225,Auto Item #9e054e,Auto,43.7
4226,Telephony Item #a53d94,Telephony,21.9
4227,Computers Accessories Item #fe59a1,Computers Accessories,809.1
4228,Pet Shop Item #ca9bcd,Pet Shop,39.9
4229,Health Beauty Item #c3779d,Health Beauty,111.27
4230,Electronics Item #3e0bf1,Electronics,24.89
4231,Toys Item #be7648,Toys,126.79
4232,Sports Leisure Item #aa5889,Sports Leisure,152.0
4233,Auto Item #94ab89,Auto,169.99
4234,Sports Leisure Item #e4d58f,Sports Leisure,30.3
4235,Furniture Decor Item #59a052,Furniture Decor,49.9
4236,Watches Gifts Item #efaee6,Watches Gifts,98.9
4237,Health Beauty Item #e648fe,Health Beauty,69.9
4238,Bed Bath Table Item #ceeb8b,Bed Bath Table,53.0
4239,Computers Accessories Item #27a8b4,Computers Accessories,35.7
4240,Telephony Item #ef7de0,Telephony,18.99
4241,Bed Bath Table Item #8d944f,Bed Bath Table,114.9
4242,Garden Tools Item #58674b,Garden Tools,7.49
4243,Sports Leisure Item #a869ec,Sports Leisure,162.9
4244,Stationery Item #f30bed,Stationery,33.33
4245,Watches Gifts Item #1d54b9,Watches Gifts,45.0
4246,Electronics Item #df9259,Electronics,129.99
4247,Health Beauty Item #2fea0f,Health Beauty,73.25
4248,Computers Accessories Item #9d838a,Computers Accessories,59.0
4249,Telephony Item #edcda2,Telephony,24.99
4250,Musical Instruments Item #ec19e3,Musical Instruments,39.5
4251,Fashion Bags Accessories Item #258063,Fashion Bags Accessories,41.9
4252,Consoles Games Item #0418d6,Consoles Games,339.0
4253,Furniture Living Room Item #21d2fd,Furniture Living Room,169.99
4254,Home Appliances Item #7e637e,Home Appliances,34.9
4255,Computers Accessories Item #472e64,Computers Accessories,69.9
4256,Watches Gifts Item #ca0081,Watches Gifts,55.88
4257,Furniture Decor Item #2d37d1,Furniture Decor,74.9
4258,Bed Bath Table Item #4cd28a,Bed Bath Table,105.1
4259,Office Furniture Item #b73f68,Office Furniture,73.31
4260,Computers Accessories Item #e280ca,Computers Accessories,49.9
4261,Cool Stuff Item #e7f85e,Cool Stuff,259.99
4262,Construction Tools Lights Item #5a75c3,Construction Tools Lights,320.0
4263,Watches Gifts Item #beb8e0,Watches Gifts,53.0
4264,Furniture Decor Item #562502,Furniture Decor,79.9
4265,Furniture Decor Item #4a028b,Furniture Decor,99.8
4266,Health Beauty Item #9f65cd,Health Beauty,84.9
4267,Furniture Decor Item #ca9f73,Furniture Decor,59.9
4268,Bed Bath Table Item #06ad93,Bed Bath Table,219.9
4269,Telephony Item #1629b4,Telephony,29.99
4270,Fixed Telephony Item #389d38,Fixed Telephony,34.9
4271,Computers Accessories Item #7053ea,Computers Accessories,172.5
4272,Cool Stuff Item #892832,Cool Stuff,174.0
4273,Bed Bath Table Item #50e1b1,Bed Bath Table,39.99
4274,Sports Leisure Item #91c30c,Sports Leisure,291.0
4275,Watches Gifts Item #a7d5ec,Watches Gifts,159.9
4276,Furniture Decor Item #ea922d,Furniture Decor,46.0
4277,Auto Item #4cac1a,Auto,25.99
4278,Furniture Decor Item #72d2aa,Furniture Decor,14.9
4279,Housewares Item #2413f6,Housewares,46.55
4280,Baby Item #aaf821,Baby,29.9
4281,Musical Instruments Item #87349b,Musical Instruments,35.9
4282,Books Imported Item #5b6686,Books Imported,44.99
4283,Audio Item #13db47,Audio,495.96
4284,Uncategorized Item #a4d8f7,Uncategorized,25.0
4285,Garden Tools Item #07b90e,Garden Tools,12.9
4286,Bed Bath Table Item #13944d,Bed Bath Table,59.9
4287,Musical Instruments Item #bc9340,Musical Instruments,169.0
4288,Luggage Accessories Item #f71973,Luggage Accessories,89.9
4289,Auto Item #236b6a,Auto,19.9
4290,Watches Gifts Item #b866fe,Watches Gifts,189.0
4291,Auto Item #811ea0,Auto,119.9
4292,Sports Leisure Item #a906f3,Sports Leisure,116.0
4293,Sports Leisure Item #6cbbce,Sports Leisure,68.99
4294,Toys Item #96ea4f,Toys,59.99
4295,Health Beauty Item #af0a99,Health Beauty,527.9
4296,Watches Gifts Item #96d824,Watches Gifts,165.0
4297,Consoles Games Item #618c8a,Consoles Games,159.9
4298,Bed Bath Table Item #e8750c,Bed Bath Table,53.0
4299,Computers Accessories Item #927b37,Computers Accessories,209.9
4300,Sports Leisure Item #c1d487,Sports Leisure,29.9
4301,Pet Shop Item #12cc2e,Pet Shop,148.0
4302,Computers Accessories Item #990dda,Computers Accessories,108.0
4303,Luggage Accessories Item #7ba897,Luggage Accessories,71.9
4304,Bed Bath Table Item #33cf50,Bed Bath Table,81.99
4305,Computers Accessories Item #86bddf,Computers Accessories,479.0
4306,Telephony Item #c35498,Telephony,76.0
4307,Baby Item #cfe6e9,Baby,110.0
4308,Small Appliances Item #381f27,Small Appliances,38.0
4309,Telephony Item #e335de,Telephony,19.9
4310,Housewares Item #b00ac0,Housewares,69.9
4311,Watches Gifts Item #c80c37,Watches Gifts,44.9
4312,Small Appliances Item #5a0783,Small Appliances,61.49
4313,Baby Item #9d6e01,Baby,700.0
4314,Garden Tools Item #35557c,Garden Tools,16.9
4315,Computers Accessories Item #f405ca,Computers Accessories,139.9
4316,Computers Accessories Item #d443be,Computers Accessories,125.99
4317,Fashion Bags Accessories Item #bd61ab,Fashion Bags Accessories,19.9
4318,Furniture Decor Item #84d096,Furniture Decor,258.0
4319,Furniture Decor Item #2481a4,Furniture Decor,59.55
4320,Housewares Item #9b53e2,Housewares,19.9
4321,Sports Leisure Item #be703d,Sports Leisure,251.9
4322,Furniture Decor Item #29b85c,Furniture Decor,192.45
4323,Sports Leisure Item #fce1a7,Sports Leisure,18.0
4324,Pet Shop Item #a8cd4a,Pet Shop,724.0
4325,Sports Leisure Item #0d070b,Sports Leisure,369.49
4326,Fashion Bags Accessories Item #5800e9,Fashion Bags Accessories,29.99
4327,Bed Bath Table Item #55b878,Bed Bath Table,159.9
4328,Books Technical Item #4eda4a,Books Technical,25.0
4329,Bed Bath Table Item #9eae06,Bed Bath Table,53.98
4330,Home Construction Item #71540d,Home Construction,115.85
4331,Watches Gifts Item #4e5e41,Watches Gifts,669.0
4332,Stationery Item #4e25c6,Stationery,34.0
4333,Garden Tools Item #519f3a,Garden Tools,30.99
4334,Pet Shop Item #54f8f2,Pet Shop,28.9
4335,Furniture Decor Item #556139,Furniture Decor,61.9
4336,Bed Bath Table Item #1d33fe,Bed Bath Table,195.9
4337,Construction Tools Construction Item #d266bd,Construction Tools Construction,1299.99
4338,Garden Tools Item #4e1ccc,Garden Tools,329.9
4339,Housewares Item #b0edba,Housewares,259.9
4340,Toys Item #60575d,Toys,44.9
4341,Electronics Item #1358be,Electronics,9.5
4342,Watches Gifts Item #251661,Watches Gifts,52.9
4343,Baby Item #0cf411,Baby,35.9
4344,Sports Leisure Item #2a0556,Sports Leisure,235.0
4345,Office Furniture Item #1176fc,Office Furniture,39.9
4346,Bed Bath Table Item #8a852e,Bed Bath Table,104.9
4347,Sports Leisure Item #159677,Sports Leisure,49.9
4348,Sports Leisure Item #e95ee6,Sports Leisure,23.3
4349,Garden Tools Item #4a90b4,Garden Tools,380.0
4350,Bed Bath Table Item #9394f8,Bed Bath Table,54.9
4351,Telephony Item #c9c6fd,Telephony,29.99
4352,Baby Item #eba9bf,Baby,109.9
4353,Housewares Item #d26580,Housewares,169.99
4354,Fashion Male Clothing Item #e336c6,Fashion Male Clothing,59.9
4355,Watches Gifts Item #99827f,Watches Gifts,539.9
4356,Cine Photo Item #88a122,Cine Photo,69.0
4357,Computers Accessories Item #e53e55,Computers Accessories,84.56
4358,Bed Bath Table Item #bb18d0,Bed Bath Table,49.0
4359,Bed Bath Table Item #f3a0e8,Bed Bath Table,159.0
4360,Cool Stuff Item #8a9efe,Cool Stuff,63.32
4361,Toys Item #c64ff7,Toys,15.0
4362,Musical Instruments Item #b0c657,Musical Instruments,89.0
4363,Home Construction Item #45eb55,Home Construction,520.0
4364,Music Item #0eeeb4,Music,3.85
4365,Health Beauty Item #92db64,Health Beauty,164.9
4366,Computers Accessories Item #99f5b2,Computers Accessories,116.36
4367,Furniture Decor Item #698b3d,Furniture Decor,249.3
4368,Housewares Item #3fc18e,Housewares,75.33
4369,Sports Leisure Item #f63729,Sports Leisure,204.95
4370,Health Beauty Item #acdd9e,Health Beauty,99.9
4371,Food Item #9ba8f1,Food,79.99
4372,Telephony Item #4428f4,Telephony,22.99
4373,Construction Tools Lights Item #197f7d,Construction Tools Lights,88.0
4374,Sports Leisure Item #7e0995,Sports Leisure,40.0
4375,Fashion Bags Accessories Item #d3b24c,Fashion Bags Accessories,55.0
4376,Furniture Decor Item #0d5340,Furniture Decor,79.9
4377,Drinks Item #cd48f2,Drinks,49.99
4378,Bed Bath Table Item #b35350,Bed Bath Table,21.9
4379,Toys Item #87b77b,Toys,699.99
4380,Sports Leisure Item #eb6b6f,Sports Leisure,159.9
4381,Computers Accessories Item #ae5cad,Computers Accessories,15.0
4382,Luggage Accessories Item #ffad98,Luggage Accessories,13.33
4383,Housewares Item #51eddd,Housewares,10.9
4384,Toys Item #201fc8,Toys,99.0
4385,Health Beauty Item #6a057a,Health Beauty,149.9
4386,Home Construction Item #0a80f0,Home Construction,71.5
4387,Computers Accessories Item #80df62,Computers Accessories,34.9
4388,Perfumery Item #ed3d4d,Perfumery,30.9
4389,Bed Bath Table Item #0dd8f2,Bed Bath Table,18.74
4390,Health Beauty Item #58b921,Health Beauty,349.65
4391,Garden Tools Item #c0c4cf,Garden Tools,119.9
4392,Housewares Item #2852bc,Housewares,24.99
4393,Furniture Decor Item #be3ee4,Furniture Decor,39.98
4394,Auto Item #0d1b16,Auto,1312.0
4395,Auto Item #98d2c6,Auto,29.0
4396,Watches Gifts Item #e20334,Watches Gifts,278.98
4397,Cool Stuff Item #1a3845,Cool Stuff,43.99
4398,Toys Item #d83418,Toys,49.9
4399,Telephony Item #f76648,Telephony,349.9
4400,Musical Instruments Item #1bad1f,Musical Instruments,1038.0
4401,Health Beauty Item #1eb0f2,Health Beauty,183.37
4402,Perfumery Item #f5a9be,Perfumery,140.88
4403,Sports Leisure Item #de1dab,Sports Leisure,127.48
4404,Telephony Item #352710,Telephony,19.9
4405,Auto Item #b5841e,Auto,199.9
4406,Sports Leisure Item #779559,Sports Leisure,27.9
4407,Furniture Decor Item #764292,Furniture Decor,89.9
4408,Housewares Item #635098,Housewares,47.99
4409,Computers Accessories Item #cc3c07,Computers Accessories,260.0
4410,Luggage Accessories Item #c92f0e,Luggage Accessories,147.9
4411,Electronics Item #982565,Electronics,79.0
4412,Bed Bath Table Item #94976c,Bed Bath Table,139.0
4413,Auto Item #e0b695,Auto,107.99
4414,Furniture Decor Item #776361,Furniture Decor,119.9
4415,Toys Item #640799,Toys,45.0
4416,Health Beauty Item #5522d9,Health Beauty,49.39
4417,Electronics Item #111825,Electronics,96.0
4418,Computers Accessories Item #05542c,Computers Accessories,92.65
4419,Bed Bath Table Item #84f456,Bed Bath Table,93.35
4420,Housewares Item #186d7d,Housewares,23.98
4421,Furniture Living Room Item #84f47b,Furniture Living Room,36.5
4422,Health Beauty Item #471381,Health Beauty,110.32
4423,Office Furniture Item #7e646f,Office Furniture,129.99
4424,Cool Stuff Item #b82564,Cool Stuff,67.5
4425,Consoles Games Item #19f091,Consoles Games,89.99
4426,Bed Bath Table Item #84b88b,Bed Bath Table,154.9
4427,Auto Item #fd0065,Auto,1999.99
4428,Health Beauty Item #d9ba93,Health Beauty,590.0
4429,Luggage Accessories Item #93da34,Luggage Accessories,49.4
4430,Fashion Shoes Item #4563d9,Fashion Shoes,29.9
4431,Health Beauty Item #3a603f,Health Beauty,39.9
4432,Home Appliances Item #cc128c,Home Appliances,26.0
4433,Bed Bath Table Item #c403e1,Bed Bath Table,38.9
4434,Toys Item #781999,Toys,119.9
4435,Bed Bath Table Item #4c2a40,Bed Bath Table,599.99
4436,Bed Bath Table Item #56d45b,Bed Bath Table,163.99
4437,Furniture Decor Item #199dfd,Furniture Decor,95.9
4438,Garden Tools Item #b09617,Garden Tools,58.36
4439,Baby Item #cf857b,Baby,149.94
4440,Furniture Decor Item #3eeb04,Furniture Decor,168.0
4441,Construction Tools Lights Item #8e0be6,Construction Tools Lights,119.85
4442,Stationery Item #e03102,Stationery,35.33
4443,Housewares Item #c13753,Housewares,59.54
4444,Electronics Item #a86751,Electronics,750.0
4445,Telephony Item #737c8b,Telephony,34.99
4446,Furniture Decor Item #dd8c23,Furniture Decor,32.6
4447,Health Beauty Item #b9ac73,Health Beauty,564.78
4448,Housewares Item #a35c14,Housewares,43.98
4449,Consoles Games Item #83e5ad,Consoles Games,164.9
4450,Sports Leisure Item #aa7f70,Sports Leisure,38.8
4451,Fixed Telephony Item #4b5b55,Fixed Telephony,32.99
4452,Furniture Decor Item #f08c59,Furniture Decor,50.9
4453,Stationery Item #48698b,Stationery,39.0
4454,Fashion Underwear Beach Item #a70d74,Fashion Underwear Beach,49.9
4455,Watches Gifts Item #c041a3,Watches Gifts,594.9
4456,Fashion Bags Accessories Item #adc872,Fashion Bags Accessories,49.99
4457,Fashion Bags Accessories Item #44d097,Fashion Bags Accessories,69.0
4458,Furniture Decor Item #28b4ec,Furniture Decor,59.9
4459,Cool Stuff Item #05833d,Cool Stuff,80.1
4460,Pet Shop Item #99f8a7,Pet Shop,32.64
4461,Electronics Item #6ab6d9,Electronics,189.9
4462,Home Appliances Item #855bbe,Home Appliances,11.9
4463,Auto Item #8839ac,Auto,56.7
4464,Stationery Item #e4f304,Stationery,169.99
4465,Perfumery Item #fcf64c,Perfumery,35.9
4466,Auto Item #089447,Auto,91.0
4467,Small Appliances Item #5ca5d4,Small Appliances,998.0
4468,Furniture Decor Item #b98468,Furniture Decor,109.0
4469,Furniture Decor Item #446f79,Furniture Decor,139.99
4470,Auto Item #6e29f8,Auto,59.9
4471,Furniture Living Room Item #d1ca56,Furniture Living Room,83.9
4472,Consoles Games Item #9e0abf,Consoles Games,23.0
4473,Housewares Item #3ec743,Housewares,25.99
4474,Perfumery Item #f2ecbb,Perfumery,13.99
4475,Auto Item #362fe8,Auto,349.0
4476,Electronics Item #7ce94a,Electronics,13.65
4477,Toys Item #5c5f3e,Toys,119.9
4478,Auto Item #6139fa,Auto,58.5
4479,Bed Bath Table Item #8ae119,Bed Bath Table,115.99
4480,Bed Bath Table Item #d6fad9,Bed Bath Table,19.97
4481,Watches Gifts Item #12667a,Watches Gifts,39.0
4482,Sports Leisure Item #c1cf8f,Sports Leisure,35.0
4483,Furniture Decor Item #7743cd,Furniture Decor,110.99
4484,Computers Accessories Item #5cde85,Computers Accessories,218.36
4485,Computers Accessories Item #b20676,Computers Accessories,37.57
4486,Housewares Item #95ad87,Housewares,110.0
4487,Toys Item #398eb7,Toys,149.99
4488,Toys Item #06be2e,Toys,79.0
4489,Sports Leisure Item #e1e004,Sports Leisure,111.49
4490,Sports Leisure Item #277bf2,Sports Leisure,75.5
4491,Agro Industry And Commerce Item #a6bfd5,Agro Industry And Commerce,22.0
4492,Telephony Item #cd0c6e,Telephony,16.99
4493,Auto Item #a91c1a,Auto,90.0
4494,Health Beauty Item #66a7ca,Health Beauty,65.99
4495,Telephony Item #b6bdeb,Telephony,25.99
4496,Garden Tools Item #4e56c4,Garden Tools,23.9
4497,Sports Leisure Item #4a9389,Sports Leisure,89.0
4498,Auto Item #5ccd64,Auto,19.99
4499,Stationery Item #787a7f,Stationery,19.9
4500,Housewares Item #f3bbba,Housewares,25.9
4501,Bed Bath Table Item #f4f130,Bed Bath Table,89.0
4502,Bed Bath Table Item #264722,Bed Bath Table,42.9
4503,Cool Stuff Item #aa995b,Cool Stuff,57.99
4504,Electronics Item #87a71a,Electronics,12.9
4505,Cool Stuff Item #1020d1,Cool Stuff,299.0
4506,Construction Tools Safety Item #3b473a,Construction Tools Safety,199.9
4507,Bed Bath Table Item #7583d9,Bed Bath Table,199.0
4508,Perfumery Item #6eb6c5,Perfumery,143.23
4509,Bed Bath Table Item #88a3a8,Bed Bath Table,109.9
4510,Pet Shop Item #0ef8c1,Pet Shop,119.9
4511,Baby Item #e7db7c,Baby,109.9
4512,Consoles Games Item #234295,Consoles Games,68.0
4513,Health Beauty Item #72aa1e,Health Beauty,199.0
4514,Toys Item #6e514b,Toys,70.9
4515,Electronics Item #b944aa,Electronics,18.9
4516,Furniture Living Room Item #58efb9,Furniture Living Room,103.97
4517,Pet Shop Item #599999,Pet Shop,36.99
4518,Baby Item #bc1372,Baby,29.99
4519,Sports Leisure Item #141a1b,Sports Leisure,200.36
4520,Furniture Decor Item #65b89f,Furniture Decor,74.9
4521,Health Beauty Item #fc8595,Health Beauty,139.0
4522,Bed Bath Table Item #17f05c,Bed Bath Table,180.99
4523,Computers Accessories Item #c2e158,Computers Accessories,29.9
4524,Watches Gifts Item #c10d7c,Watches Gifts,212.4
4525,Housewares Item #2f9959,Housewares,36.75
4526,Health Beauty Item #98fe8f,Health Beauty,935.0
4527,Telephony Item #4e31a3,Telephony,21.99
4528,Watches Gifts Item #92d5ae,Watches Gifts,200.0
4529,Health Beauty Item #3bf95c,Health Beauty,91.49
4530,Perfumery Item #31b12c,Perfumery,39.5
4531,Auto Item #93313b,Auto,124.8
4532,Electronics Item #3f3695,Electronics,13.3
4533,Telephony Item #f71e07,Telephony,19.9
4534,Small Appliances Item #0a9b9a,Small Appliances,949.99
4535,Furniture Decor Item #def358,Furniture Decor,139.94
4536,Bed Bath Table Item #e34f7a,Bed Bath Table,139.9
4537,Home Confort Item #c80124,Home Confort,299.0
4538,Telephony Item #a0cb23,Telephony,19.9
4539,Cool Stuff Item #c6e513,Cool Stuff,27.4
4540,Toys Item #d86a6c,Toys,39.9
4541,Baby Item #1c63d0,Baby,51.87
4542,Garden Tools Item #1fb344,Garden Tools,127.27
4543,Perfumery Item #fb0e97,Perfumery,310.0
4544,Bed Bath Table Item #b3be1f,Bed Bath Table,110.99
4545,Furniture Decor Item #0c80d4,Furniture Decor,158.99
4546,Sports Leisure Item #10575a,Sports Leisure,109.9
4547,Furniture Bedroom Item #d8c365,Furniture Bedroom,9.9
4548,Stationery Item #2dbc49,Stationery,29.9
4549,Musical Instruments Item #16b366,Musical Instruments,177.9
4550,Health Beauty Item #b141c6,Health Beauty,29.9
4551,Furniture Decor Item #5fda5f,Furniture Decor,52.99
4552,Bed Bath Table Item #8ebb1b,Bed Bath Table,49.9
4553,Garden Tools Item #3478e8,Garden Tools,509.0
4554,Bed Bath Table Item #093f73,Bed Bath Table,54.9
4555,Health Beauty Item #fdd84a,Health Beauty,56.57
4556,Health Beauty Item #ef7f13,Health Beauty,49.9
4557,Drinks Item #157ee9,Drinks,34.0
4558,Computers Accessories Item #d5c736,Computers Accessories,31.9
4559,Costruction Tools Tools Item #c8eca1,Costruction Tools Tools,232.75
4560,Bed Bath Table Item #0781ed,Bed Bath Table,62.7
4561,Cool Stuff Item #3354a4,Cool Stuff,91.36
4562,Sports Leisure Item #1139f0,Sports Leisure,283.0
4563,Home Construction Item #820fa1,Home Construction,630.5
4564,Watches Gifts Item #140048,Watches Gifts,189.0
4565,Sports Leisure Item #d918b3,Sports Leisure,139.9
4566,Health Beauty Item #72d607,Health Beauty,139.65
4567,Health Beauty Item #f1f41c,Health Beauty,394.7
4568,Bed Bath Table Item #28bc7d,Bed Bath Table,39.97
4569,Bed Bath Table Item #61963c,Bed Bath Table,69.9
4570,Sports Leisure Item #31dd3d,Sports Leisure,99.99
4571,Garden Tools Item #6fb427,Garden Tools,16.17
4572,Housewares Item #04e90f,Housewares,174.0
4573,Costruction Tools Garden Item #666696,Costruction Tools Garden,118.0
4574,Fashion Bags Accessories Item #e2b2f1,Fashion Bags Accessories,300.0
4575,Stationery Item #bc23e7,Stationery,119.0
4576,Housewares Item #ed47a4,Housewares,22.9
4577,Food Drink Item #aef3e3,Food Drink,40.5
4578,Perfumery Item #46e494,Perfumery,39.99
4579,Toys Item #4c6aa2,Toys,99.9
4580,Computers Accessories Item #47e544,Computers Accessories,109.9
4581,Health Beauty Item #921d31,Health Beauty,90.29
4582,Fashion Bags Accessories Item #e2bfd7,Fashion Bags Accessories,69.9
4583,Market Place Item #9af7b4,Market Place,47.9
4584,Market Place Item #c5d8b8,Market Place,79.9
4585,Fashion Underwear Beach Item #1de74e,Fashion Underwear Beach,79.9
4586,Furniture Decor Item #e966f1,Furniture Decor,199.9
4587,Computers Accessories Item #68e1b5,Computers Accessories,218.2
4588,Bed Bath Table Item #48972c,Bed Bath Table,79.05
4589,Telephony Item #fb1f07,Telephony,73.99
4590,Kitchen Dining Laundry Garden Furniture Item #79c0ac,Kitchen Dining Laundry Garden Furniture,379.0
4591,Health Beauty Item #236634,Health Beauty,32.99
4592,Telephony Item #b7639d,Telephony,32.99
4593,Cool Stuff Item #07fe9f,Cool Stuff,65.0
4594,Bed Bath Table Item #867dda,Bed Bath Table,49.9
4595,Pet Shop Item #80067e,Pet Shop,25.9
4596,Health Beauty Item #25e9a0,Health Beauty,129.0
4597,Sports Leisure Item #aefae6,Sports Leisure,194.0
4598,Bed Bath Table Item #8562e2,Bed Bath Table,79.9
4599,Computers Accessories Item #dd9b78,Computers Accessories,29.9
4600,Baby Item #fabfac,Baby,40.0
4601,Bed Bath Table Item #7340a3,Bed Bath Table,69.55
4602,Electronics Item #8883cd,Electronics,664.99
4603,Computers Accessories Item #5fc3e6,Computers Accessories,89.0
4604,Office Furniture Item #86f241,Office Furniture,159.94
4605,Fashion Bags Accessories Item #fde4e9,Fashion Bags Accessories,79.9
4606,Bed Bath Table Item #2475f9,Bed Bath Table,47.6
4607,Electronics Item #191c65,Electronics,138.0
4608,Computers Accessories Item #0dcf82,Computers Accessories,20.0
4609,Sports Leisure Item #3c4223,Sports Leisure,58.9
4610,Computers Accessories Item #130482,Computers Accessories,105.0
4611,Perfumery Item #484280,Perfumery,50.99
4612,Housewares Item #6c09be,Housewares,45.0
4613,Sports Leisure Item #ee278d,Sports Leisure,255.0
4614,Toys Item #4ca6bd,Toys,27.24
4615,Garden Tools Item #c3960e,Garden Tools,38.99
4616,Electronics Item #01cf56,Electronics,175.97
4617,Home Appliances Item #e9aa3f,Home Appliances,14.96
4618,Furniture Decor Item #e478d0,Furniture Decor,29.9
4619,Health Beauty Item #14137f,Health Beauty,37.9
4620,Uncategorized Item #8c0bd0,Uncategorized,27.99
4621,Perfumery Item #11e02f,Perfumery,115.0
4622,Bed Bath Table Item #d8a314,Bed Bath Table,55.0
4623,Housewares Item #c32788,Housewares,47.99
4624,Telephony Item #58ebe3,Telephony,269.9
4625,Telephony Item #32ee76,Telephony,39.9
4626,Watches Gifts Item #c3ba4e,Watches Gifts,95.0
4627,Garden Tools Item #90f2ea,Garden Tools,59.0
4628,Toys Item #ccd686,Toys,140.99
4629,Bed Bath Table Item #5257dd,Bed Bath Table,34.99
4630,Telephony Item #7f0362,Telephony,20.89
4631,Cine Photo Item #e98809,Cine Photo,49.8
4632,Toys Item #596faa,Toys,99.99
4633,Auto Item #32d058,Auto,179.49
4634,Books Technical Item #6d6811,Books Technical,28.0
4635,Home Appliances Item #211231,Home Appliances,97.0
4636,Health Beauty Item #0a783d,Health Beauty,182.0
4637,Health Beauty Item #feba83,Health Beauty,8.6
4638,Telephony Item #500870,Telephony,27.99
4639,Furniture Decor Item #5d84f1,Furniture Decor,31.99
4640,Housewares Item #d5766f,Housewares,34.98
4641,Sports Leisure Item #9e8642,Sports Leisure,140.0
4642,Bed Bath Table Item #4673b6,Bed Bath Table,7.99
4643,Sports Leisure Item #0705b3,Sports Leisure,22.5
4644,Housewares Item #26d7ca,Housewares,32.79
4645,Bed Bath Table Item #9077a1,Bed Bath Table,319.9
4646,Bed Bath Table Item #be59d6,Bed Bath Table,135.0
4647,Auto Item #9d90d4,Auto,46.99
4648,Telephony Item #0736b2,Telephony,13.87
4649,Fashion Shoes Item #e5eaae,Fashion Shoes,29.9
4650,Stationery Item #61eee7,Stationery,122.9
4651,Luggage Accessories Item #06f756,Luggage Accessories,129.9
4652,Bed Bath Table Item #19f78d,Bed Bath Table,142.9
4653,Computers Accessories Item #163da8,Computers Accessories,99.0
4654,Sports Leisure Item #fecf62,Sports Leisure,69.9
4655,Baby Item #57552a,Baby,29.99
4656,Auto Item #d9f29c,Auto,698.98
4657,Uncategorized Item #bb8064,Uncategorized,343.0
4658,Bed Bath Table Item #c927fb,Bed Bath Table,109.0
4659,Health Beauty Item #62a5a3,Health Beauty,145.95
4660,Watches Gifts Item #6adb88,Watches Gifts,449.9
4661,Auto Item #ea6617,Auto,55.65
4662,Housewares Item #5bd3ba,Housewares,187.57
4663,Fashion Bags Accessories Item #2c28b6,Fashion Bags Accessories,20.3
4664,Bed Bath Table Item #421158,Bed Bath Table,49.8
4665,Stationery Item #1a0971,Stationery,149.0
4666,Bed Bath Table Item #7b3b38,Bed Bath Table,99.9
4667,Pet Shop Item #d4e9d0,Pet Shop,59.9
4668,Auto Item #f515fd,Auto,86.25
4669,Sports Leisure Item #c71bf9,Sports Leisure,300.0
4670,Stationery Item #e38349,Stationery,58.9
4671,Kitchen Dining Laundry Garden Furniture Item #109983,Kitchen Dining Laundry Garden Furniture,72.0
4672,Bed Bath Table Item #14081f,Bed Bath Table,149.9
4673,Sports Leisure Item #a88957,Sports Leisure,65.0
4674,Watches Gifts Item #387737,Watches Gifts,1350.0
4675,Toys Item #0f6e2c,Toys,29.89
4676,Perfumery Item #afd664,Perfumery,13.99
4677,Computers Accessories Item #b0fd7a,Computers Accessories,64.9
4678,Pet Shop Item #2cbef7,Pet Shop,59.0
4679,Sports Leisure Item #75285f,Sports Leisure,129.9
4680,Furniture Decor Item #095ccd,Furniture Decor,29.9
4681,Furniture Decor Item #e799a2,Furniture Decor,129.0
4682,Sports Leisure Item #89de41,Sports Leisure,21.5
4683,Sports Leisure Item #131792,Sports Leisure,19.9
4684,Housewares Item #76c94f,Housewares,33.0
4685,Watches Gifts Item #40c7fd,Watches Gifts,39.0
4686,Perfumery Item #8ba8c9,Perfumery,175.01
4687,Telephony Item #66602b,Telephony,378.0
4688,Home Confort Item #9d2ee3,Home Confort,269.0
4689,Cool Stuff Item #54d9ac,Cool Stuff,31.62
4690,Computers Accessories Item #ca94d7,Computers Accessories,38.8
4691,Health Beauty Item #1a432f,Health Beauty,109.9
4692,Perfumery Item #49e9c5,Perfumery,16.9
4693,Telephony Item #e0ad25,Telephony,27.99
4694,Auto Item #23d625,Auto,39.9
4695,Uncategorized Item #a18042,Uncategorized,49.9
4696,Furniture Living Room Item #3c0c5e,Furniture Living Room,109.97
4697,Housewares Item #cac52d,Housewares,32.0
4698,Toys Item #85f958,Toys,64.9
4699,Bed Bath Table Item #eeb2d1,Bed Bath Table,75.5
4700,Uncategorized Item #62ea5d,Uncategorized,27.3
4701,Health Beauty Item #599f8b,Health Beauty,75.0
4702,Bed Bath Table Item #3ff90d,Bed Bath Table,87.0
4703,Housewares Item #c8e796,Housewares,89.5
4704,Pet Shop Item #ae16b1,Pet Shop,107.32
4705,Computers Accessories Item #af751f,Computers Accessories,1260.0
4706,Furniture Decor Item #05d0a8,Furniture Decor,37.0
4707,Bed Bath Table Item #e2cd18,Bed Bath Table,135.0
4708,Stationery Item #13c20e,Stationery,30.9
4709,Office Furniture Item #73bc42,Office Furniture,297.32
4710,Computers Accessories Item #64a830,Computers Accessories,195.0
4711,Uncategorized Item #96aca2,Uncategorized,79.0
4712,Toys Item #1b90b4,Toys,16.9
4713,Furniture Decor Item #2597fa,Furniture Decor,69.9
4714,Furniture Decor Item #dc6012,Furniture Decor,167.84
4715,Construction Tools Construction Item #e708a4,Construction Tools Construction,23.5
4716,Perfumery Item #2800a9,Perfumery,257.9
4717,Health Beauty Item #40631f,Health Beauty,287.7
4718,Construction Tools Construction Item #5479f0,Construction Tools Construction,188.0
4719,Telephony Item #16d928,Telephony,829.0
4720,Telephony Item #a96162,Telephony,94.99
4721,Sports Leisure Item #aa175e,Sports Leisure,9.9
4722,Food Item #3d0552,Food,130.0
4723,Watches Gifts Item #6cf22b,Watches Gifts,158.95
4724,Bed Bath Table Item #50cc66,Bed Bath Table,49.0
4725,Housewares Item #306dcb,Housewares,39.9
4726,Bed Bath Table Item #4ee854,Bed Bath Table,29.99
4727,Stationery Item #82f02f,Stationery,317.99
4728,Pet Shop Item #587a77,Pet Shop,21.5
4729,Furniture Decor Item #6bf1cd,Furniture Decor,37.99
4730,Home Appliances 2 Item #2d0639,Home Appliances 2,89.99
4731,Perfumery Item #160482,Perfumery,113.81
4732,Bed Bath Table Item #87d780,Bed Bath Table,109.9
4733,Bed Bath Table Item #f4041d,Bed Bath Table,39.99
4734,Audio Item #e6b6e1,Audio,92.15
4735,Furniture Decor Item #1b2066,Furniture Decor,20.89
4736,Luggage Accessories Item #9630b8,Luggage Accessories,157.9
4737,Sports Leisure Item #9ede6b,Sports Leisure,109.9
4738,Books Technical Item #ce4951,Books Technical,33.0
4739,Furniture Decor Item #a54f35,Furniture Decor,39.9
4740,Musical Instruments Item #978d5e,Musical Instruments,385.0
4741,Sports Leisure Item #d986e4,Sports Leisure,154.9
4742,Computers Accessories Item #247fa5,Computers Accessories,27.9
4743,Auto Item #a21ff4,Auto,435.0
4744,Fashion Bags Accessories Item #852b4b,Fashion Bags Accessories,35.0
4745,Sports Leisure Item #10714d,Sports Leisure,59.9
4746,Home Confort Item #f4cd11,Home Confort,29.5
4747,Books General Interest Item #625a5d,Books General Interest,27.12
4748,Perfumery Item #22c5dd,Perfumery,56.99
4749,Health Beauty Item #b6d96e,Health Beauty,20.0
4750,Cool Stuff Item #e05f6c,Cool Stuff,119.99
4751,Sports Leisure Item #7e857e,Sports Leisure,36.23
4752,Sports Leisure Item #3cebb9,Sports Leisure,59.9
4753,Cool Stuff Item #4178e1,Cool Stuff,266.33
4754,Bed Bath Table Item #1d6d7b,Bed Bath Table,48.9
4755,Consoles Games Item #f3c62f,Consoles Games,79.9
4756,Cool Stuff Item #252641,Cool Stuff,169.97
4757,Pet Shop Item #f66b96,Pet Shop,39.99
4758,Musical Instruments Item #d38b4b,Musical Instruments,79.9
4759,Computers Accessories Item #c519f4,Computers Accessories,27.9
4760,Telephony Item #0988b6,Telephony,109.89
4761,Auto Item #5b910c,Auto,83.41
4762,Garden Tools Item #4d0322,Garden Tools,1663.0
4763,Health Beauty Item #415229,Health Beauty,68.9
4764,Uncategorized Item #26a4f6,Uncategorized,299.9
4765,Computers Accessories Item #fe92a2,Computers Accessories,28.0
4766,Luggage Accessories Item #29d6d1,Luggage Accessories,198.9
4767,Sports Leisure Item #183770,Sports Leisure,19.9
4768,Garden Tools Item #8d404e,Garden Tools,16.0
4769,Bed Bath Table Item #d7b0d6,Bed Bath Table,99.0
4770,Cool Stuff Item #e095c9,Cool Stuff,102.0
4771,Auto Item #8f1567,Auto,59.58
4772,Drinks Item #0210b7,Drinks,142.0
4773,Sports Leisure Item #ee6540,Sports Leisure,59.32
4774,Toys Item #731599,Toys,59.99
4775,Furniture Decor Item #4945f3,Furniture Decor,199.0
4776,Electronics Item #67301e,Electronics,12.25
4777,Health Beauty Item #330144,Health Beauty,199.9
4778,Construction Tools Construction Item #0de59e,Construction Tools Construction,159.0
4779,Computers Accessories Item #ea3681,Computers Accessories,89.9
4780,Stationery Item #2ea92f,Stationery,79.0
4781,Office Furniture Item #143bc7,Office Furniture,176.96
4782,Auto Item #3360da,Auto,19.99
4783,Furniture Decor Item #202461,Furniture Decor,19.9
4784,Auto Item #c0aed8,Auto,79.9
4785,Toys Item #ddf035,Toys,97.0
4786,Furniture Living Room Item #e5431f,Furniture Living Room,99.99
4787,Bed Bath Table Item #5b226d,Bed Bath Table,80.0
4788,Computers Accessories Item #2ced45,Computers Accessories,110.0
4789,Housewares Item #a6f609,Housewares,47.9
4790,Auto Item #d5e568,Auto,259.25
4791,Computers Accessories Item #49e204,Computers Accessories,49.9
4792,Musical Instruments Item #cb4283,Musical Instruments,379.0
4793,Bed Bath Table Item #06dce4,Bed Bath Table,39.0
4794,Computers Accessories Item #955129,Computers Accessories,75.0
4795,Cool Stuff Item #28e844,Cool Stuff,199.0
4796,Health Beauty Item #008b0e,Health Beauty,69.49
4797,Furniture Decor Item #c5f5b4,Furniture Decor,69.0
4798,Housewares Item #b0517e,Housewares,49.78
4799,Computers Accessories Item #470433,Computers Accessories,2999.89
4800,Housewares Item #bdb4be,Housewares,85.0
4801,Watches Gifts Item #37bb05,Watches Gifts,119.0
4802,Pet Shop Item #56d360,Pet Shop,26.9
4803,Bed Bath Table Item #568b50,Bed Bath Table,22.99
4804,Luggage Accessories Item #adcadc,Luggage Accessories,39.9
4805,Christmas Supplies Item #c88eaf,Christmas Supplies,225.9
4806,Electronics Item #7a49ad,Electronics,19.4
4807,Sports Leisure Item #5fe011,Sports Leisure,104.9
4808,Health Beauty Item #413487,Health Beauty,89.9
4809,Housewares Item #28e547,Housewares,91.28
4810,Housewares Item #70c9d3,Housewares,193.95
4811,Furniture Decor Item #53bd0c,Furniture Decor,79.9
4812,Fashion Underwear Beach Item #b8c916,Fashion Underwear Beach,192.0
4813,Home Appliances 2 Item #79af04,Home Appliances 2,359.9
4814,Auto Item #32419e,Auto,9.99
4815,Baby Item #30b686,Baby,69.9
4816,Bed Bath Table Item #72c6ce,Bed Bath Table,240.0
4817,Watches Gifts Item #837030,Watches Gifts,299.9
4818,Watches Gifts Item #e57eb0,Watches Gifts,80.0
4819,Bed Bath Table Item #b217a3,Bed Bath Table,16.9
4820,Stationery Item #058b37,Stationery,44.0
4821,Bed Bath Table Item #75b65b,Bed Bath Table,99.9
4822,Garden Tools Item #cd0b48,Garden Tools,229.0
4823,Telephony Item #4cf2a0,Telephony,91.89
4824,Auto Item #cd89ce,Auto,134.9
4825,Agro Industry And Commerce Item #66e94c,Agro Industry And Commerce,495.6
4826,Toys Item #09d0b4,Toys,81.2
4827,Furniture Decor Item #4949bc,Furniture Decor,191.4
4828,Toys Item #19ac68,Toys,99.9
4829,Toys Item #3ae28b,Toys,99.99
4830,Fashion Bags Accessories Item #ffd4bf,Fashion Bags Accessories,29.99
4831,Bed Bath Table Item #0e942b,Bed Bath Table,89.99
4832,Auto Item #ac2c77,Auto,295.0
4833,Furniture Decor Item #1975ce,Furniture Decor,139.99
4834,Bed Bath Table Item #7bb73f,Bed Bath Table,94.9
4835,Food Item #f0c1c1,Food,59.9
4836,Auto Item #706949,Auto,409.9
4837,Computers Accessories Item #d33a74,Computers Accessories,14.99
4838,Watches Gifts Item #e8c603,Watches Gifts,23.23
4839,Watches Gifts Item #7bc171,Watches Gifts,199.99
4840,Bed Bath Table Item #cda960,Bed Bath Table,25.99
4841,Toys Item #9df634,Toys,82.0
4842,Bed Bath Table Item #fa304c,Bed Bath Table,59.9
4843,Computers Accessories Item #a2df39,Computers Accessories,629.99
4844,Health Beauty Item #45e9db,Health Beauty,63.9
4845,Cool Stuff Item #ab50aa,Cool Stuff,2499.99
4846,Housewares Item #1ec8a5,Housewares,733.3
4847,Cool Stuff Item #0e87ff,Cool Stuff,199.0
4848,Auto Item #22f80c,Auto,31.76
4849,Auto Item #489885,Auto,119.99
4850,Sports Leisure Item #72a304,Sports Leisure,89.1
4851,Furniture Decor Item #3efe69,Furniture Decor,189.9
4852,Air Conditioning Item #c52388,Air Conditioning,24.99
4853,Health Beauty Item #1d16c0,Health Beauty,760.0
4854,Health Beauty Item #cf41f7,Health Beauty,279.49
4855,Baby Item #59a6f4,Baby,59.9
4856,Housewares Item #a45af8,Housewares,28.9
4857,Furniture Living Room Item #f3dc21,Furniture Living Room,125.9
4858,Perfumery Item #fbc148,Perfumery,118.58
4859,Bed Bath Table Item #59b215,Bed Bath Table,39.9
4860,Bed Bath Table Item #ce6f74,Bed Bath Table,109.9
4861,Auto Item #803f77,Auto,68.66
4862,Bed Bath Table Item #06bfe7,Bed Bath Table,16.9
4863,Furniture Bedroom Item #aff39c,Furniture Bedroom,185.0
4864,Watches Gifts Item #ed0423,Watches Gifts,289.4
4865,Costruction Tools Garden Item #983426,Costruction Tools Garden,36.9
4866,Bed Bath Table Item #f12617,Bed Bath Table,104.0
4867,Bed Bath Table Item #878446,Bed Bath Table,91.0
4868,Health Beauty Item #c4036b,Health Beauty,220.0
4869,Bed Bath Table Item #8d1224,Bed Bath Table,109.73
4870,Computers Accessories Item #6642e6,Computers Accessories,155.4
4871,Garden Tools Item #82bdb2,Garden Tools,169.9
4872,Watches Gifts Item #a6fe71,Watches Gifts,159.0
4873,Sports Leisure Item #1b708f,Sports Leisure,149.8
4874,Small Appliances Item #53f94c,Small Appliances,25.0
4875,Electronics Item #f62cbf,Electronics,13.65
4876,Arts And Craftmanship Item #b9976e,Arts And Craftmanship,129.49
4877,Musical Instruments Item #860ad4,Musical Instruments,35.0
4878,Perfumery Item #b5ac08,Perfumery,189.9
4879,Housewares Item #7fb7c9,Housewares,28.99
4880,Sports Leisure Item #2b2d4a,Sports Leisure,42.9
4881,Bed Bath Table Item #448726,Bed Bath Table,54.9
4882,Consoles Games Item #f03859,Consoles Games,35.0
4883,Costruction Tools Garden Item #8f3e65,Costruction Tools Garden,35.0
4884,Bed Bath Table Item #9478ba,Bed Bath Table,54.72
4885,Sports Leisure Item #48eac3,Sports Leisure,99.9
4886,Housewares Item #fe7f10,Housewares,72.0
4887,Housewares Item #985d0e,Housewares,135.0
4888,Sports Leisure Item #67d87e,Sports Leisure,64.9
4889,Electronics Item #75c2fa,Electronics,100.0
4890,Housewares Item #727017,Housewares,59.9
4891,Sports Leisure Item #1acb18,Sports Leisure,135.0
4892,Sports Leisure Item #833984,Sports Leisure,65.9
4893,Christmas Supplies Item #3bd700,Christmas Supplies,12.06
4894,Bed Bath Table Item #4363f2,Bed Bath Table,89.0
4895,Auto Item #d9933d,Auto,26.9
4896,Cool Stuff Item #e68a5a,Cool Stuff,204.99
4897,Furniture Decor Item #abb9de,Furniture Decor,24.9
4898,Telephony Item #8d139b,Telephony,60.0
4899,Bed Bath Table Item #c6ea63,Bed Bath Table,207.45
4900,Sports Leisure Item #cb26d1,Sports Leisure,945.67
4901,Perfumery Item #232b2e,Perfumery,62.9
4902,Baby Item #e8fc96,Baby,49.9
4903,Electronics Item #0b039b,Electronics,23.7
4904,Sports Leisure Item #98ae51,Sports Leisure,45.0
4905,Housewares Item #58e8a5,Housewares,28.45
4906,Furniture Decor Item #90ebb7,Furniture Decor,293.23
4907,Furniture Decor Item #363a74,Furniture Decor,126.69
4908,Telephony Item #dab241,Telephony,29.98
4909,Furniture Decor Item #b3145c,Furniture Decor,64.9
4910,Bed Bath Table Item #750a49,Bed Bath Table,89.9
4911,Fashion Shoes Item #8205c4,Fashion Shoes,29.9
4912,Sports Leisure Item #b59fb7,Sports Leisure,9.9
4913,Telephony Item #c21afe,Telephony,29.99
4914,Perfumery Item #75d6b6,Perfumery,56.77
4915,Furniture Decor Item #947d8c,Furniture Decor,90.0
4916,Sports Leisure Item #5be097,Sports Leisure,85.0
4917,Health Beauty Item #9545d4,Health Beauty,125.7
4918,Computers Accessories Item #0a197d,Computers Accessories,119.0
4919,Fashion Underwear Beach Item #fa1016,Fashion Underwear Beach,59.9
4920,Furniture Decor Item #555cf2,Furniture Decor,118.0
4921,Housewares Item #d7522f,Housewares,139.0
4922,Perfumery Item #a01c3a,Perfumery,171.75
4923,Costruction Tools Garden Item #84c798,Costruction Tools Garden,34.85
4924,Furniture Decor Item #d5140e,Furniture Decor,75.9
4925,Toys Item #1261bc,Toys,86.99
4926,Housewares Item #11dcc9,Housewares,68.9
4927,Telephony Item #431d67,Telephony,269.96
4928,Telephony Item #299095,Telephony,27.99
4929,Bed Bath Table Item #7ca5f5,Bed Bath Table,13.9
4930,Toys Item #bcee0d,Toys,39.9
4931,Health Beauty Item #6408c3,Health Beauty,37.0
4932,Stationery Item #ca804b,Stationery,149.0
4933,Bed Bath Table Item #429e74,Bed Bath Table,199.9
4934,Fashion Underwear Beach Item #83639e,Fashion Underwear Beach,49.9
4935,Watches Gifts Item #bce474,Watches Gifts,178.3
4936,Watches Gifts Item #d28536,Watches Gifts,262.85
4937,Toys Item #91dbbc,Toys,179.99
4938,Health Beauty Item #04cfe2,Health Beauty,47.0
4939,Auto Item #ac305a,Auto,20.0
4940,Fashion Bags Accessories Item #1ec486,Fashion Bags Accessories,49.9
4941,Furniture Decor Item #f614b0,Furniture Decor,59.9
4942,Bed Bath Table Item #429386,Bed Bath Table,119.9
4943,Baby Item #d812b3,Baby,169.89
4944,Bed Bath Table Item #fafa8d,Bed Bath Table,113.22
4945,Fashion Shoes Item #47fc9a,Fashion Shoes,84.9
4946,Bed Bath Table Item #287aaf,Bed Bath Table,50.0
4947,Computers Accessories Item #616916,Computers Accessories,20.0
4948,Computers Accessories Item #93614a,Computers Accessories,64.9
4949,Luggage Accessories Item #46fe74,Luggage Accessories,19.99
4950,Bed Bath Table Item #1f30aa,Bed Bath Table,135.0
4951,Toys Item #b65214,Toys,69.99
4952,Watches Gifts Item #cdc4af,Watches Gifts,29.9
4953,Auto Item #18ebcd,Auto,50.0
4954,Bed Bath Table Item #28fd72,Bed Bath Table,21.99
4955,Baby Item #53a72a,Baby,169.9
4956,Furniture Decor Item #eb8c62,Furniture Decor,36.43
4957,Telephony Item #bd6e8c,Telephony,69.0
4958,Books Imported Item #f6c69d,Books Imported,49.5
4959,Telephony Item #7a9cf1,Telephony,20.49
4960,Health Beauty Item #c2ccc7,Health Beauty,159.9
4961,Baby Item #5418df,Baby,169.89
4962,Computers Accessories Item #8e3eb3,Computers Accessories,120.0
4963,Electronics Item #904a9e,Electronics,59.99
4964,Bed Bath Table Item #b22fd9,Bed Bath Table,69.9
4965,Food Item #4e2e67,Food,22.13
4966,Perfumery Item #017692,Perfumery,14.96
4967,Sports Leisure Item #2ee4be,Sports Leisure,94.0
4968,Bed Bath Table Item #76cd64,Bed Bath Table,229.9
4969,Bed Bath Table Item #69ddd0,Bed Bath Table,89.99
4970,Health Beauty Item #d39421,Health Beauty,49.99
4971,Toys Item #4e0f5e,Toys,139.0
4972,Toys Item #880be3,Toys,43.94
4973,Bed Bath Table Item #553e0e,Bed Bath Table,46.07
4974,Auto Item #a659cb,Auto,84.9
4975,Health Beauty Item #a3bd84,Health Beauty,199.0
4976,Bed Bath Table Item #b7a812,Bed Bath Table,26.4
4977,Sports Leisure Item #6f5a84,Sports Leisure,199.9
4978,Housewares Item #6917f2,Housewares,189.99
4979,Bed Bath Table Item #056d01,Bed Bath Table,116.9
4980,Signaling And Security Item #150c69,Signaling And Security,116.0
4981,Sports Leisure Item #2b6d84,Sports Leisure,65.0
4982,Housewares Item #2f5e48,Housewares,45.99
4983,Toys Item #e54464,Toys,59.9
4984,Garden Tools Item #0466aa,Garden Tools,1670.0
4985,Bed Bath Table Item #47cc91,Bed Bath Table,87.5
4986,Bed Bath Table Item #372645,Bed Bath Table,114.9
4987,Electronics Item #19b714,Electronics,157.49
4988,Bed Bath Table Item #564f6f,Bed Bath Table,159.9
4989,Baby Item #ccacef,Baby,67.99
4990,Housewares Item #570509,Housewares,133.0
4991,Furniture Decor Item #6dbee6,Furniture Decor,60.0
4992,Books Technical Item #cd9dfd,Books Technical,65.0
4993,Housewares Item #6bd4c5,Housewares,67.45
4994,Market Place Item #c31e1b,Market Place,94.9
4995,Kitchen Dining Laundry Garden Furniture Item #183b0c,Kitchen Dining Laundry Garden Furniture,145.0
4996,Watches Gifts Item #202bd8,Watches Gifts,35.0
4997,Sports Leisure Item #f93213,Sports Leisure,244.99
4998,Auto Item #1b30d1,Auto,145.99
4999,Garden Tools Item #7d1de1,Garden Tools,110.0
5000,Furniture Decor Item #e5f416,Furniture Decor,67.9
5001,Auto Item #db8d62,Auto,16.0
5002,Auto Item #04fa58,Auto,289.9
5003,Computers Accessories Item #4310db,Computers Accessories,129.0
5004,Fixed Telephony Item #d670c0,Fixed Telephony,178.9
5005,Bed Bath Table Item #bd6e6f,Bed Bath Table,56.99
5006,Health Beauty Item #121f7f,Health Beauty,75.5
5007,Luggage Accessories Item #af51d4,Luggage Accessories,259.93
5008,Housewares Item #264595,Housewares,220.0
5009,Pet Shop Item #2772d1,Pet Shop,95.28
5010,Home Appliances Item #f083f2,Home Appliances,15.82
5011,Sports Leisure Item #a10fa9,Sports Leisure,104.9
5012,Perfumery Item #dd1759,Perfumery,169.0
5013,Fashion Shoes Item #4e6554,Fashion Shoes,84.9
5014,Small Appliances Item #e34c56,Small Appliances,725.0
5015,Garden Tools Item #52c80c,Garden Tools,173.85
5016,Health Beauty Item #7d681d,Health Beauty,39.9
5017,Fashion Bags Accessories Item #07a2b4,Fashion Bags Accessories,59.99
5018,Bed Bath Table Item #e840aa,Bed Bath Table,75.27
5019,Sports Leisure Item #329ee7,Sports Leisure,179.49
5020,Toys Item #815ab0,Toys,10.99
5021,Perfumery Item #12dc5e,Perfumery,10.6
5022,Telephony Item #1ccef9,Telephony,35.0
5023,Computers Accessories Item #85095e,Computers Accessories,199.0
5024,Luggage Accessories Item #3e4176,Luggage Accessories,129.99
5025,Uncategorized Item #f5a0cf,Uncategorized,20.3
5026,Pet Shop Item #fab829,Pet Shop,142.9
5027,Electronics Item #c37e77,Electronics,11.99
5028,Watches Gifts Item #a2c499,Watches Gifts,154.9
5029,Kitchen Dining Laundry Garden Furniture Item #c84abe,Kitchen Dining Laundry Garden Furniture,159.99
5030,Watches Gifts Item #f819f0,Watches Gifts,575.94
5031,Consoles Games Item #d74235,Consoles Games,69.99
5032,Furniture Decor Item #e3d56b,Furniture Decor,65.0
5033,Sports Leisure Item #804276,Sports Leisure,255.0
5034,Furniture Decor Item #03c1fa,Furniture Decor,284.9
5035,Furniture Living Room Item #572ce8,Furniture Living Room,22.9
5036,Pet Shop Item #3ef694,Pet Shop,49.99
5037,Sports Leisure Item #b9ee75,Sports Leisure,69.9
5038,Furniture Decor Item #3303c5,Furniture Decor,89.91
5039,Sports Leisure Item #0043c6,Sports Leisure,527.99
5040,Perfumery Item #b0d010,Perfumery,129.9
5041,Fashion Bags Accessories Item #cf9630,Fashion Bags Accessories,48.3
5042,Construction Tools Construction Item #543cc0,Construction Tools Construction,68.0
5043,Bed Bath Table Item #9e0bbe,Bed Bath Table,83.99
5044,Cool Stuff Item #df3a82,Cool Stuff,65.0
5045,Furniture Decor Item #7cb2ff,Furniture Decor,24.9
5046,Stationery Item #85d4c1,Stationery,59.0
5047,Books General Interest Item #72af22,Books General Interest,117.5
5048,Fashion Bags Accessories Item #52c87e,Fashion Bags Accessories,28.0
5049,Fashion Male Clothing Item #c354b3,Fashion Male Clothing,96.9
5050,Music Item #06a2ab,Music,14.3
5051,Health Beauty Item #c2f914,Health Beauty,219.9
5052,Health Beauty Item #b76688,Health Beauty,63.0
5053,Baby Item #235e0d,Baby,110.0
5054,Cool Stuff Item #32b168,Cool Stuff,48.91
5055,Bed Bath Table Item #73fbb5,Bed Bath Table,69.99
5056,Bed Bath Table Item #d692d1,Bed Bath Table,127.0
5057,Pet Shop Item #a4aa7c,Pet Shop,92.67
5058,Sports Leisure Item #4fce0e,Sports Leisure,23.8
5059,Housewares Item #3cb0ec,Housewares,21.65
5060,Auto Item #e72e59,Auto,399.0
5061,Pet Shop Item #fcf6ad,Pet Shop,83.66
5062,Housewares Item #573eca,Housewares,44.9
5063,Perfumery Item #ea54f7,Perfumery,9.9
5064,Telephony Item #31c791,Telephony,24.99
5065,Toys Item #f98941,Toys,499.99
5066,Baby Item #560ed8,Baby,388.0
5067,Watches Gifts Item #81ffa5,Watches Gifts,699.9
5068,Furniture Decor Item #bc5b67,Furniture Decor,159.0
5069,Housewares Item #871950,Housewares,59.0
5070,Toys Item #a701c0,Toys,19.9
5071,Computers Accessories Item #2e0ce4,Computers Accessories,25.9
5072,Sports Leisure Item #b2b227,Sports Leisure,75.0
5073,Pet Shop Item #9f404f,Pet Shop,99.0
5074,Sports Leisure Item #2ed521,Sports Leisure,179.0
5075,Stationery Item #d37abf,Stationery,97.9
5076,Housewares Item #f35377,Housewares,82.5
5077,Housewares Item #6cdedc,Housewares,135.0
5078,Baby Item #0878b8,Baby,110.0
5079,Sports Leisure Item #6cff6d,Sports Leisure,51.99
5080,Housewares Item #fb4dc3,Housewares,34.9
5081,Fashion Bags Accessories Item #ccf8c7,Fashion Bags Accessories,31.0
5082,Pet Shop Item #10876f,Pet Shop,45.9
5083,Toys Item #7ac6cd,Toys,199.99
5084,Telephony Item #632b3e,Telephony,19.9
5085,Musical Instruments Item #3b17f6,Musical Instruments,485.0
5086,Sports Leisure Item #6f248e,Sports Leisure,14.49
5087,Furniture Decor Item #985c41,Furniture Decor,68.9
5088,Toys Item #b480b7,Toys,85.0
5089,Computers Accessories Item #b0c8da,Computers Accessories,66.63
5090,Computers Accessories Item #7ace8e,Computers Accessories,29.9
5091,Home Construction Item #c5ef13,Home Construction,79.9
5092,Musical Instruments Item #718194,Musical Instruments,70.0
5093,Books Technical Item #9d7e2c,Books Technical,58.99
5094,Electronics Item #44fded,Electronics,15.0
5095,Baby Item #c84624,Baby,49.5
5096,Furniture Decor Item #eb3569,Furniture Decor,99.9
5097,Baby Item #bd158b,Baby,36.9
5098,Auto Item #4a6321,Auto,59.9
5099,Sports Leisure Item #ba45ed,Sports Leisure,89.0
5100,Auto Item #3a7494,Auto,18.0
5101,Furniture Living Room Item #579beb,Furniture Living Room,329.9
5102,Construction Tools Construction Item #8ab78b,Construction Tools Construction,46.99
5103,Computers Accessories Item #b192be,Computers Accessories,191.63
5104,Perfumery Item #57d2fa,Perfumery,89.9
5105,Furniture Decor Item #851f48,Furniture Decor,59.99
5106,Watches Gifts Item #523773,Watches Gifts,820.05
5107,Computers Accessories Item #62f423,Computers Accessories,179.9
5108,Housewares Item #ecf948,Housewares,265.0
5109,Fashion Bags Accessories Item #a92068,Fashion Bags Accessories,24.9
5110,Electronics Item #e25f22,Electronics,89.9
5111,Electronics Item #96d80c,Electronics,119.99
5112,Sports Leisure Item #12cfb7,Sports Leisure,58.9
5113,Perfumery Item #96b4ce,Perfumery,47.9
5114,Musical Instruments Item #cc8243,Musical Instruments,198.9
5115,Air Conditioning Item #a3f986,Air Conditioning,125.9
5116,Books General Interest Item #78bef8,Books General Interest,35.0
5117,Telephony Item #95bc21,Telephony,79.49
5118,Health Beauty Item #a41d9e,Health Beauty,39.99
5119,Auto Item #8edf8f,Auto,173.95
5120,Bed Bath Table Item #47cd48,Bed Bath Table,87.5
5121,Computers Accessories Item #fcf397,Computers Accessories,48.99
5122,Art Item #486332,Art,44.9
5123,Computers Accessories Item #09481a,Computers Accessories,999.0
5124,Sports Leisure Item #8d7824,Sports Leisure,199.99
5125,Computers Accessories Item #e6c281,Computers Accessories,45.0
5126,Musical Instruments Item #8e2de8,Musical Instruments,52.0
5127,Housewares Item #8a8d87,Housewares,149.0
5128,Housewares Item #00ba6d,Housewares,45.0
5129,Toys Item #de916c,Toys,19.9
5130,Home Construction Item #801a69,Home Construction,146.9
5131,Housewares Item #20415e,Housewares,99.0
5132,Housewares Item #641a45,Housewares,25.99
5133,Office Furniture Item #4efd35,Office Furniture,79.99
5134,Books Technical Item #652683,Books Technical,41.65
5135,Auto Item #1b2875,Auto,260.0
5136,Computers Accessories Item #2caf3d,Computers Accessories,40.0
5137,Bed Bath Table Item #36c2fb,Bed Bath Table,70.0
5138,Toys Item #54f757,Toys,149.99
5139,Perfumery Item #e7f79c,Perfumery,105.0
5140,Perfumery Item #d1040c,Perfumery,44.0
5141,Housewares Item #937a43,Housewares,174.9
5142,Perfumery Item #23ed7a,Perfumery,449.9
5143,Auto Item #cf16b2,Auto,35.0
5144,Toys Item #f9be99,Toys,1164.9
5145,Health Beauty Item #14d6a4,Health Beauty,149.0
5146,Sports Leisure Item #35582c,Sports Leisure,119.8
5147,Office Furniture Item #7c898e,Office Furniture,159.94
5148,Bed Bath Table Item #62953a,Bed Bath Table,230.0
5149,Fashion Childrens Clothes Item #57bdf3,Fashion Childrens Clothes,39.99
5150,Computers Accessories Item #e1a698,Computers Accessories,38.9
5151,Watches Gifts Item #59d924,Watches Gifts,179.0
5152,Costruction Tools Garden Item #0fb9aa,Costruction Tools Garden,34.99
5153,Bed Bath Table Item #9fc98e,Bed Bath Table,45.15
5154,Furniture Decor Item #a97a0e,Furniture Decor,35.0
5155,Bed Bath Table Item #37eb54,Bed Bath Table,19.9
5156,Uncategorized Item #f524a0,Uncategorized,249.9
5157,Garden Tools Item #beda52,Garden Tools,112.99
5158,Health Beauty Item #cbff1d,Health Beauty,168.48
5159,Sports Leisure Item #4a5b6d,Sports Leisure,58.7
5160,Watches Gifts Item #6f3b5b,Watches Gifts,172.06
5161,Bed Bath Table Item #ad8efe,Bed Bath Table,99.9
5162,Market Place Item #e9b3cf,Market Place,143.0
5163,Fashion Bags Accessories Item #9b50f2,Fashion Bags Accessories,12.6
5164,Food Item #40eb3d,Food,29.15
5165,Baby Item #25c385,Baby,1008.16
5166,Food Item #58816c,Food,99.0
5167,Computers Accessories Item #d34347,Computers Accessories,59.5
5168,Food Drink Item #1b28df,Food Drink,60.0
5169,Bed Bath Table Item #e27e68,Bed Bath Table,41.32
5170,Watches Gifts Item #6a3de1,Watches Gifts,1623.9
5171,Baby Item #e4a559,Baby,35.0
5172,Housewares Item #5dbd7c,Housewares,350.0
5173,Stationery Item #68bf40,Stationery,79.0
5174,Auto Item #46e6a3,Auto,63.0
5175,Health Beauty Item #ef5554,Health Beauty,20.9
5176,Office Furniture Item #eea1d0,Office Furniture,279.99
5177,Sports Leisure Item #14555b,Sports Leisure,87.99
5178,Telephony Item #89e82f,Telephony,25.99
5179,Bed Bath Table Item #54bb34,Bed Bath Table,39.9
5180,Furniture Decor Item #f52181,Furniture Decor,99.67
5181,Telephony Item #2acce4,Telephony,17.99
5182,Sports Leisure Item #3efc7a,Sports Leisure,54.9
5183,Bed Bath Table Item #559f77,Bed Bath Table,119.9
5184,Health Beauty Item #31cddb,Health Beauty,84.6
5185,Pet Shop Item #672a21,Pet Shop,35.9
5186,Industry Commerce And Business Item #4cafc4,Industry Commerce And Business,79.9
5187,Sports Leisure Item #46f9a2,Sports Leisure,38.9
5188,Auto Item #35fedf,Auto,383.5
5189,Sports Leisure Item #b3da02,Sports Leisure,28.89
5190,Pet Shop Item #f9f8bd,Pet Shop,43.0
5191,Bed Bath Table Item #5a9e59,Bed Bath Table,19.9
5192,Construction Tools Lights Item #349ce4,Construction Tools Lights,164.28
5193,Computers Accessories Item #c6745a,Computers Accessories,35.99
5194,Cool Stuff Item #ee406b,Cool Stuff,140.29
5195,Bed Bath Table Item #99407e,Bed Bath Table,237.99
5196,Home Appliances Item #c0ad08,Home Appliances,40.0
5197,Perfumery Item #65586e,Perfumery,108.0
5198,Small Appliances Item #4ba926,Small Appliances,50.0
5199,Housewares Item #82b731,Housewares,93.1
5200,Auto Item #629e01,Auto,110.01
5201,Baby Item #4b04a7,Baby,112.8
5202,Housewares Item #af3355,Housewares,25.0
5203,Office Furniture Item #7fa380,Office Furniture,164.98
5204,Health Beauty Item #d78c52,Health Beauty,95.0
5205,Housewares Item #f68db1,Housewares,22.99
5206,Baby Item #14ad68,Baby,75.0
5207,Fashion Bags Accessories Item #751a90,Fashion Bags Accessories,129.99
5208,Auto Item #f7b99d,Auto,429.9
5209,Sports Leisure Item #668627,Sports Leisure,49.89
5210,Bed Bath Table Item #3b0fbb,Bed Bath Table,79.9
5211,Perfumery Item #7bcf22,Perfumery,42.9
5212,Pet Shop Item #4372c5,Pet Shop,89.99
5213,Watches Gifts Item #274c0b,Watches Gifts,429.0
5214,Health Beauty Item #3429d7,Health Beauty,370.47
5215,Bed Bath Table Item #52d7a7,Bed Bath Table,53.96
5216,Auto Item #84bfcd,Auto,285.0
5217,Telephony Item #223d34,Telephony,246.62
5218,Housewares Item #090d6d,Housewares,62.99
5219,Bed Bath Table Item #555b27,Bed Bath Table,82.99
5220,Health Beauty Item #5562c7,Health Beauty,110.32
5221,Audio Item #dca8cb,Audio,89.0
5222,Garden Tools Item #094611,Garden Tools,379.0
5223,Construction Tools Lights Item #1302fd,Construction Tools Lights,297.0
5224,Housewares Item #b8762d,Housewares,24.38
5225,Cool Stuff Item #424473,Cool Stuff,61.9
5226,Electronics Item #e4ca5b,Electronics,19.9
5227,Electronics Item #c71a9c,Electronics,10.9
5228,Books General Interest Item #b9ca57,Books General Interest,334.9
5229,Computers Accessories Item #c19d5b,Computers Accessories,75.0
5230,Health Beauty Item #2e16e3,Health Beauty,72.38
5231,Stationery Item #e4ad97,Stationery,84.0
5232,Housewares Item #1fd3bb,Housewares,27.0
5233,Sports Leisure Item #616042,Sports Leisure,54.9
5234,Uncategorized Item #e0cc4c,Uncategorized,55.3
5235,Furniture Decor Item #f77f20,Furniture Decor,109.78
5236,Furniture Decor Item #b2572a,Furniture Decor,113.9
5237,Sports Leisure Item #f9259c,Sports Leisure,69.9
5238,Fashion Bags Accessories Item #b82355,Fashion Bags Accessories,27.3
5239,Bed Bath Table Item #64464a,Bed Bath Table,16.9
5240,Telephony Item #8aefc2,Telephony,17.99
5241,Baby Item #b8fbd6,Baby,159.9
5242,Auto Item #0c79aa,Auto,58.5
5243,Sports Leisure Item #dad26c,Sports Leisure,133.0
5244,Telephony Item #88bd84,Telephony,11.95
5245,Electronics Item #b60856,Electronics,9.0
5246,Furniture Decor Item #81de65,Furniture Decor,240.0
5247,Audio Item #fc8b21,Audio,129.9
5248,Pet Shop Item #9a858b,Pet Shop,34.9
5249,Bed Bath Table Item #fdd6cd,Bed Bath Table,49.9
5250,Food Item #89321f,Food,27.9
5251,Bed Bath Table Item #718538,Bed Bath Table,141.75
5252,Home Appliances Item #576dca,Home Appliances,130.8
5253,Garden Tools Item #900a10,Garden Tools,174.8
5254,Perfumery Item #75c06e,Perfumery,14.96
5255,Pet Shop Item #a177ae,Pet Shop,139.0
5256,Home Appliances Item #dbc7aa,Home Appliances,164.0
5257,Bed Bath Table Item #2ab7dc,Bed Bath Table,140.0
5258,Cool Stuff Item #b69eb2,Cool Stuff,199.0
5259,Health Beauty Item #933f4f,Health Beauty,1429.9
5260,Bed Bath Table Item #25f861,Bed Bath Table,153.9
5261,Health Beauty Item #af3da1,Health Beauty,138.9
5262,Drinks Item #ad2037,Drinks,55.49
5263,Bed Bath Table Item #0bb987,Bed Bath Table,65.9
5264,Drinks Item #8eae30,Drinks,23.9
5265,Bed Bath Table Item #073afd,Bed Bath Table,96.0
5266,Uncategorized Item #9b564a,Uncategorized,129.99
5267,Signaling And Security Item #de9e51,Signaling And Security,84.99
5268,Uncategorized Item #3d4784,Uncategorized,142.9
5269,Perfumery Item #40e9fb,Perfumery,81.9
5270,Fashion Bags Accessories Item #078be1,Fashion Bags Accessories,169.99
5271,Bed Bath Table Item #979473,Bed Bath Table,52.99
5272,Housewares Item #8e62a6,Housewares,159.0
5273,Perfumery Item #dbd91d,Perfumery,159.9
5274,Toys Item #06bf70,Toys,75.9
5275,Health Beauty Item #943c81,Health Beauty,141.0
5276,Bed Bath Table Item #cad2db,Bed Bath Table,104.4
5277,Luggage Accessories Item #8cd9fd,Luggage Accessories,49.4
5278,Computers Accessories Item #89b121,Computers Accessories,79.9
5279,Telephony Item #6e77b8,Telephony,40.32
5280,Toys Item #49e142,Toys,36.0
5281,Housewares Item #3da76d,Housewares,139.0
5282,Watches Gifts Item #26a2fb,Watches Gifts,267.76
5283,Baby Item #ac9461,Baby,54.9
5284,Telephony Item #abc343,Telephony,40.72
5285,Construction Tools Construction Item #a319b6,Construction Tools Construction,2300.0
5286,Books Technical Item #cdd914,Books Technical,93.99
5287,Health Beauty Item #337f10,Health Beauty,19.9
5288,Computers Accessories Item #5b8a5a,Computers Accessories,74.9
5289,Sports Leisure Item #c710ab,Sports Leisure,17.5
5290,Perfumery Item #bf3531,Perfumery,56.99
5291,Sports Leisure Item #507860,Sports Leisure,75.0
5292,Computers Accessories Item #2edda1,Computers Accessories,12.9
5293,Watches Gifts Item #6b8ad8,Watches Gifts,149.0
5294,Auto Item #f84d16,Auto,115.0
5295,Small Appliances Item #24dd44,Small Appliances,98.0
5296,Telephony Item #4a25d7,Telephony,18.98
5297,Bed Bath Table Item #cbb698,Bed Bath Table,179.9
5298,Computers Accessories Item #d1a796,Computers Accessories,69.9
5299,Agro Industry And Commerce Item #6ff1fc,Agro Industry And Commerce,45.0
5300,Housewares Item #31f2e4,Housewares,79.9
5301,Computers Accessories Item #a39d32,Computers Accessories,94.99
5302,Baby Item #ae7893,Baby,14.7
5303,Bed Bath Table Item #386f49,Bed Bath Table,134.9
5304,Cool Stuff Item #7958e9,Cool Stuff,177.0
5305,Housewares Item #96ce4f,Housewares,142.0
5306,Sports Leisure Item #04a4e9,Sports Leisure,91.99
5307,Bed Bath Table Item #7f9475,Bed Bath Table,79.9
5308,Computers Accessories Item #3f14d7,Computers Accessories,84.89
5309,Perfumery Item #7c9d0c,Perfumery,145.0
5310,Watches Gifts Item #f890ca,Watches Gifts,659.99
5311,Audio Item #ec2f95,Audio,179.9
5312,Cool Stuff Item #e19ed2,Cool Stuff,49.9
5313,Watches Gifts Item #0bdd9a,Watches Gifts,55.0
5314,Sports Leisure Item #5a4491,Sports Leisure,200.0
5315,Housewares Item #01bacc,Housewares,28.78
5316,Watches Gifts Item #ac9fba,Watches Gifts,52.5
5317,Furniture Living Room Item #4fc596,Furniture Living Room,529.99
5318,Sports Leisure Item #5650f9,Sports Leisure,99.99
5319,Cool Stuff Item #68c923,Cool Stuff,70.99
5320,Watches Gifts Item #7d4e1d,Watches Gifts,88.0
5321,Electronics Item #3ce735,Electronics,199.0
5322,Sports Leisure Item #b4fc7e,Sports Leisure,125.0
5323,Luggage Accessories Item #dec088,Luggage Accessories,158.26
5324,Home Appliances Item #520ac0,Home Appliances,39.6
5325,Toys Item #6d43aa,Toys,99.0
5326,Health Beauty Item #6463e4,Health Beauty,110.32
5327,Auto Item #993488,Auto,49.7
5328,Bed Bath Table Item #b10eba,Bed Bath Table,39.0
5329,Cool Stuff Item #195d8e,Cool Stuff,279.0
5330,Cool Stuff Item #246d85,Cool Stuff,129.99
5331,Fashion Male Clothing Item #e69d97,Fashion Male Clothing,69.9
5332,Computers Accessories Item #7bf115,Computers Accessories,40.7
5333,Sports Leisure Item #ecbe1e,Sports Leisure,89.1
5334,Stationery Item #90f39a,Stationery,289.9
5335,Computers Accessories Item #ad4b5d,Computers Accessories,23.48
5336,Sports Leisure Item #911cfb,Sports Leisure,47.9
5337,Electronics Item #394b16,Electronics,14.4
5338,Toys Item #009af1,Toys,54.9
5339,Toys Item #83fe1e,Toys,44.9
5340,Stationery Item #c1a299,Stationery,119.0
5341,Cool Stuff Item #7c21d2,Cool Stuff,62.99
5342,Stationery Item #92503f,Stationery,29.9
5343,Sports Leisure Item #3a5d57,Sports Leisure,113.9
5344,Computers Accessories Item #4606f0,Computers Accessories,154.89
5345,Bed Bath Table Item #9ad75b,Bed Bath Table,99.9
5346,Uncategorized Item #c600d7,Uncategorized,168.9
5347,Industry Commerce And Business Item #62177b,Industry Commerce And Business,125.0
5348,Agro Industry And Commerce Item #11250b,Agro Industry And Commerce,438.5
5349,Bed Bath Table Item #1dd901,Bed Bath Table,26.9
5350,Sports Leisure Item #40f9d7,Sports Leisure,239.99
5351,Electronics Item #0b0172,Electronics,28.9
5352,Computers Item #caaa71,Computers,849.99
5353,Health Beauty Item #f889fb,Health Beauty,110.32
5354,Home Confort Item #4e191b,Home Confort,149.99
5355,Auto Item #76bfc9,Auto,537.49
5356,Watches Gifts Item #e2bb00,Watches Gifts,56.0
5357,Health Beauty Item #0a9bba,Health Beauty,31.0
5358,Stationery Item #f8e7c2,Stationery,274.9
5359,Watches Gifts Item #adcbd0,Watches Gifts,68.9
5360,Fashion Bags Accessories Item #6d9a61,Fashion Bags Accessories,35.9
5361,Computers Item #a5215a,Computers,1340.0
5362,Computers Accessories Item #1177a4,Computers Accessories,69.9
5363,Health Beauty Item #f98dbc,Health Beauty,90.49
5364,Bed Bath Table Item #bc4d8a,Bed Bath Table,230.85
5365,Cine Photo Item #c5f917,Cine Photo,159.0
5366,Toys Item #383cef,Toys,34.99
5367,Sports Leisure Item #137cf4,Sports Leisure,49.99
5368,Furniture Decor Item #f6d1df,Furniture Decor,49.0
5369,Market Place Item #905099,Market Place,322.75
5370,Christmas Supplies Item #f3ccdb,Christmas Supplies,116.9
5371,Telephony Item #33a556,Telephony,27.99
5372,Sports Leisure Item #942a3f,Sports Leisure,169.99
5373,Housewares Item #2d4910,Housewares,259.0
5374,Small Appliances Item #c6aab6,Small Appliances,712.5
5375,Toys Item #f908d3,Toys,37.5
5376,Toys Item #d6bbda,Toys,54.99
5377,Auto Item #7f10c4,Auto,155.32
5378,Construction Tools Lights Item #258447,Construction Tools Lights,74.9
5379,Construction Tools Safety Item #42fd6f,Construction Tools Safety,128.25
5380,Consoles Games Item #cd8737,Consoles Games,104.0
5381,Housewares Item #205204,Housewares,25.9
5382,Sports Leisure Item #58727e,Sports Leisure,175.99
5383,Bed Bath Table Item #24908b,Bed Bath Table,89.9
5384,Telephony Item #9f2575,Telephony,25.99
5385,Cool Stuff Item #cc971e,Cool Stuff,232.49
5386,Health Beauty Item #a0b706,Health Beauty,69.9
5387,Perfumery Item #f6bbec,Perfumery,68.0
5388,Health Beauty Item #294865,Health Beauty,113.75
5389,Housewares Item #af4d2e,Housewares,8.9
5390,Furniture Decor Item #063d96,Furniture Decor,199.99
5391,Baby Item #2f26be,Baby,184.94
5392,Bed Bath Table Item #3b4224,Bed Bath Table,69.2
5393,Stationery Item #7c1e2b,Stationery,110.0
5394,Housewares Item #ce9b5e,Housewares,59.9
5395,Perfumery Item #0de1e6,Perfumery,309.9
5396,Sports Leisure Item #bda14a,Sports Leisure,115.0
5397,Home Appliances Item #98a20a,Home Appliances,57.4
5398,Perfumery Item #9fa1e9,Perfumery,364.5
5399,Home Appliances 2 Item #1743a9,Home Appliances 2,626.0
5400,Computers Accessories Item #53db18,Computers Accessories,196.0
5401,Health Beauty Item #430843,Health Beauty,184.99
5402,Cool Stuff Item #6b7739,Cool Stuff,19.9
5403,Telephony Item #d72385,Telephony,17.99
5404,Telephony Item #b24af8,Telephony,49.99
5405,Computers Accessories Item #742586,Computers Accessories,487.0
5406,Fashion Bags Accessories Item #c4fc1d,Fashion Bags Accessories,39.9
5407,Health Beauty Item #0c5193,Health Beauty,20.99
5408,Stationery Item #a5db7a,Stationery,9.9
5409,Bed Bath Table Item #b791d5,Bed Bath Table,25.99
5410,Toys Item #4d94f5,Toys,225.0
5411,Watches Gifts Item #09cd1c,Watches Gifts,665.56
5412,Stationery Item #91e2aa,Stationery,99.9
5413,Furniture Decor Item #71b3b7,Furniture Decor,119.9
5414,Stationery Item #bd3367,Stationery,44.9
5415,Fashion Shoes Item #fb7eda,Fashion Shoes,157.9
5416,Cool Stuff Item #5a419d,Cool Stuff,39.9
5417,Electronics Item #4e18c6,Electronics,24.99
5418,Telephony Item #e7dc0d,Telephony,26.99
5419,Cool Stuff Item #19d1f9,Cool Stuff,199.99
5420,Musical Instruments Item #8fc237,Musical Instruments,74.9
5421,Costruction Tools Tools Item #2c8e38,Costruction Tools Tools,19.99
5422,Home Appliances 2 Item #ba230f,Home Appliances 2,229.99
5423,Baby Item #990d13,Baby,80.38
5424,Furniture Decor Item #ca0439,Furniture Decor,149.99
5425,Auto Item #719b8a,Auto,25.0
5426,Sports Leisure Item #83d24e,Sports Leisure,23.4
5427,Telephony Item #44c339,Telephony,18.99
5428,Computers Item #588531,Computers,1437.0
5429,Sports Leisure Item #d0ce66,Sports Leisure,25.5
5430,Health Beauty Item #cc62ab,Health Beauty,29.99
5431,Construction Tools Construction Item #0da9ff,Construction Tools Construction,106.0
5432,Electronics Item #36fc6e,Electronics,9.5
5433,Perfumery Item #47ed47,Perfumery,123.65
5434,Home Appliances Item #48116a,Home Appliances,30.0
5435,Watches Gifts Item #bc7952,Watches Gifts,19.9
5436,Industry Commerce And Business Item #173255,Industry Commerce And Business,111.0
5437,Christmas Supplies Item #40e8b4,Christmas Supplies,79.9
5438,Watches Gifts Item #d032d8,Watches Gifts,311.94
5439,Cool Stuff Item #3db0b7,Cool Stuff,2299.95
5440,Cool Stuff Item #a760ef,Cool Stuff,76.05
5441,Telephony Item #a564f5,Telephony,98.0
5442,Furniture Decor Item #8fbf10,Furniture Decor,9.99
5443,Toys Item #d5dcee,Toys,56.99
5444,Toys Item #6daadc,Toys,299.99
5445,Perfumery Item #699183,Perfumery,79.9
5446,Telephony Item #77115c,Telephony,29.99
5447,Cool Stuff Item #83d55c,Cool Stuff,46.9
5448,Housewares Item #9a323a,Housewares,69.9
5449,Sports Leisure Item #a9fa04,Sports Leisure,40.49
5450,Watches Gifts Item #d322eb,Watches Gifts,229.45
5451,Computers Accessories Item #fd4a96,Computers Accessories,89.0
5452,Furniture Decor Item #878188,Furniture Decor,166.99
5453,Watches Gifts Item #e06f99,Watches Gifts,59.0
5454,Telephony Item #91b08d,Telephony,11.99
5455,Garden Tools Item #4efaaa,Garden Tools,69.79
5456,Home Appliances Item #b30d7b,Home Appliances,112.0
5457,Housewares Item #18aee3,Housewares,49.99
5458,Cool Stuff Item #6413f7,Cool Stuff,144.99
5459,Food Drink Item #26f039,Food Drink,21.5
5460,Uncategorized Item #1c6a5f,Uncategorized,109.03
5461,Auto Item #efb23b,Auto,88.9
5462,Housewares Item #918bc9,Housewares,126.8
5463,Books General Interest Item #3b2171,Books General Interest,119.5
5464,Bed Bath Table Item #b17808,Bed Bath Table,68.9
5465,Cool Stuff Item #74e48c,Cool Stuff,75.0
5466,Cool Stuff Item #7f1a77,Cool Stuff,58.9
5467,Sports Leisure Item #9b22f7,Sports Leisure,49.9
5468,Toys Item #0ef539,Toys,469.9
5469,Bed Bath Table Item #cce679,Bed Bath Table,17.9
5470,Health Beauty Item #63444b,Health Beauty,64.9
5471,Computers Accessories Item #90aaf7,Computers Accessories,189.0
5472,Health Beauty Item #8215db,Health Beauty,33.8
5473,Furniture Decor Item #16241e,Furniture Decor,29.9
5474,Furniture Living Room Item #0ffd7e,Furniture Living Room,99.96
5475,Furniture Decor Item #d249f9,Furniture Decor,29.9
5476,Cool Stuff Item #4a69bf,Cool Stuff,139.9
5477,Bed Bath Table Item #ac374e,Bed Bath Table,39.0
5478,Watches Gifts Item #d7cdea,Watches Gifts,531.9
5479,Watches Gifts Item #b273b6,Watches Gifts,110.0
5480,Fixed Telephony Item #913580,Fixed Telephony,10.99
5481,Toys Item #7c2450,Toys,35.9
5482,Watches Gifts Item #0a57f7,Watches Gifts,125.66
5483,Health Beauty Item #14bcfd,Health Beauty,369.0
5484,Furniture Decor Item #288dbc,Furniture Decor,125.13
5485,Office Furniture Item #a6dfe3,Office Furniture,199.9
5486,Bed Bath Table Item #13befa,Bed Bath Table,18.9
5487,Books General Interest Item #c1aabb,Books General Interest,39.9
5488,Consoles Games Item #6cbe4b,Consoles Games,38.9
5489,Auto Item #2362d3,Auto,76.49
5490,Bed Bath Table Item #48b099,Bed Bath Table,34.9
5491,Cool Stuff Item #d56195,Cool Stuff,109.89
5492,Cool Stuff Item #7d854a,Cool Stuff,59.9
5493,Watches Gifts Item #4b6b3a,Watches Gifts,55.0
5494,Telephony Item #be4611,Telephony,34.9
5495,Electronics Item #ecbe40,Electronics,89.0
5496,Garden Tools Item #14aa8b,Garden Tools,57.7
5497,Bed Bath Table Item #316993,Bed Bath Table,75.5
5498,Health Beauty Item #ffbe3d,Health Beauty,47.99
5499,Furniture Living Room Item #c94d19,Furniture Living Room,103.97
5500,Watches Gifts Item #11f97b,Watches Gifts,179.0
5501,Sports Leisure Item #fc3e97,Sports Leisure,67.91
5502,Cool Stuff Item #3d74d7,Cool Stuff,40.0
5503,Housewares Item #82291b,Housewares,35.9
5504,Auto Item #07c410,Auto,89.9
5505,Computers Accessories Item #1f32fa,Computers Accessories,469.0
5506,Telephony Item #8ce0b4,Telephony,149.99
5507,Luggage Accessories Item #657247,Luggage Accessories,248.99
5508,Telephony Item #a7c738,Telephony,241.4
5509,Sports Leisure Item #8cfcfc,Sports Leisure,38.0
5510,Fixed Telephony Item #b4f953,Fixed Telephony,90.0
5511,Telephony Item #4debd9,Telephony,12.67
5512,Sports Leisure Item #c7a94c,Sports Leisure,85.9
5513,Telephony Item #d58020,Telephony,29.99
5514,Cool Stuff Item #62644f,Cool Stuff,243.89
5515,Fashion Male Clothing Item #9d47dd,Fashion Male Clothing,129.99
5516,Bed Bath Table Item #9a7c07,Bed Bath Table,54.99
5517,Books General Interest Item #9f39e0,Books General Interest,152.19
5518,Health Beauty Item #c46c87,Health Beauty,98.0
5519,Computers Item #1f411e,Computers,619.99
5520,Computers Accessories Item #967f92,Computers Accessories,94.9
5521,Books Technical Item #4d5bb9,Books Technical,130.8
5522,Books General Interest Item #13d451,Books General Interest,40.0
5523,Housewares Item #013fef,Housewares,13.5
5524,Auto Item #1dec4c,Auto,559.0
5525,Furniture Decor Item #207831,Furniture Decor,49.9
5526,Cool Stuff Item #9f1c3e,Cool Stuff,10.93
5527,Housewares Item #7c55ea,Housewares,420.0
5528,Cool Stuff Item #b77ae1,Cool Stuff,219.99
5529,Bed Bath Table Item #cfb763,Bed Bath Table,49.95
5530,Cool Stuff Item #780185,Cool Stuff,139.99
5531,Cool Stuff Item #d17fe0,Cool Stuff,14.8
5532,Telephony Item #d952c0,Telephony,18.99
5533,Bed Bath Table Item #c96dae,Bed Bath Table,78.9
5534,Furniture Decor Item #c6f463,Furniture Decor,49.0
5535,Health Beauty Item #44a6e4,Health Beauty,41.4
5536,Health Beauty Item #fdb86e,Health Beauty,359.0
5537,Sports Leisure Item #400e2e,Sports Leisure,139.9
5538,Bed Bath Table Item #777a18,Bed Bath Table,286.4
5539,Housewares Item #33489f,Housewares,6.9
5540,Health Beauty Item #08fe42,Health Beauty,27.9
5541,Health Beauty Item #513136,Health Beauty,97.49
5542,Fashion Bags Accessories Item #5d7c23,Fashion Bags Accessories,49.0
5543,Furniture Decor Item #c92b08,Furniture Decor,16.9
5544,Computers Accessories Item #167b4b,Computers Accessories,149.87
5545,Sports Leisure Item #ac8e7c,Sports Leisure,107.0
5546,Health Beauty Item #331a9e,Health Beauty,98.0
5547,Auto Item #08a1ca,Auto,69.9
5548,Furniture Decor Item #468633,Furniture Decor,119.9
5549,Health Beauty Item #209699,Health Beauty,69.5
5550,Watches Gifts Item #be4c9d,Watches Gifts,123.43
5551,Sports Leisure Item #28e164,Sports Leisure,109.99
5552,Pet Shop Item #0c7125,Pet Shop,112.0
5553,Sports Leisure Item #247f3c,Sports Leisure,19.99
5554,Electronics Item #d4ed98,Electronics,12.9
5555,Fashion Bags Accessories Item #76132a,Fashion Bags Accessories,20.3
5556,Home Appliances Item #4ac095,Home Appliances,177.32
5557,Books Technical Item #08bcc2,Books Technical,19.9
5558,Auto Item #6f2093,Auto,56.99
5559,Consoles Games Item #0f5332,Consoles Games,49.9
5560,Costruction Tools Tools Item #e5f20b,Costruction Tools Tools,93.44
5561,Sports Leisure Item #c25a30,Sports Leisure,148.75
5562,Health Beauty Item #edae5a,Health Beauty,19.9
5563,Uncategorized Item #9032c8,Uncategorized,89.9
5564,Books Technical Item #761a7d,Books Technical,89.0
5565,Toys Item #65a487,Toys,48.9
5566,Office Furniture Item #7d96d1,Office Furniture,179.99
5567,Office Furniture Item #1bfb29,Office Furniture,80.77
5568,Bed Bath Table Item #2e4bf3,Bed Bath Table,119.99
5569,Watches Gifts Item #17ad13,Watches Gifts,55.0
5570,Bed Bath Table Item #5b59b0,Bed Bath Table,69.9
5571,Stationery Item #d1299c,Stationery,95.0
5572,Telephony Item #ecc7e6,Telephony,99.0
5573,Food Drink Item #992197,Food Drink,215.56
5574,Garden Tools Item #7b0d4f,Garden Tools,469.0
5575,Computers Accessories Item #f998f7,Computers Accessories,31.25
5576,Computers Accessories Item #13e65d,Computers Accessories,209.9
5577,Bed Bath Table Item #1b88c1,Bed Bath Table,359.9
5578,Health Beauty Item #16679d,Health Beauty,28.0
5579,Stationery Item #39eef1,Stationery,97.47
5580,Pet Shop Item #84a50f,Pet Shop,99.9
5581,Toys Item #73a79a,Toys,75.0
5582,Housewares Item #32e18e,Housewares,26.18
5583,Pet Shop Item #c15938,Pet Shop,39.0
5584,Computers Accessories Item #06c6e0,Computers Accessories,39.9
5585,Computers Accessories Item #d03495,Computers Accessories,67.0
5586,Uncategorized Item #80872f,Uncategorized,843.0
5587,Stationery Item #49adae,Stationery,95.0
5588,Furniture Decor Item #1b820c,Furniture Decor,169.9
5589,Furniture Decor Item #ab9456,Furniture Decor,43.99
5590,Toys Item #ba9f16,Toys,120.9
5591,Housewares Item #6a3119,Housewares,118.13
5592,Furniture Decor Item #2ef36e,Furniture Decor,84.0
5593,Health Beauty Item #d950ce,Health Beauty,74.9
5594,Construction Tools Construction Item #9a694e,Construction Tools Construction,169.0
5595,Luggage Accessories Item #750e3a,Luggage Accessories,189.9
5596,Health Beauty Item #da6f9d,Health Beauty,97.9
5597,Telephony Item #4bb4fb,Telephony,37.99
5598,Computers Accessories Item #81be03,Computers Accessories,78.0
5599,Sports Leisure Item #f8d864,Sports Leisure,60.0
5600,Toys Item #e14736,Toys,37.0
5601,Watches Gifts Item #431772,Watches Gifts,89.0
5602,Computers Accessories Item #3a6e11,Computers Accessories,46.0
5603,Cool Stuff Item #4283bf,Cool Stuff,120.0
5604,Furniture Living Room Item #1b8ee1,Furniture Living Room,139.9
5605,Sports Leisure Item #2feb70,Sports Leisure,190.0
5606,Housewares Item #887dba,Housewares,17.37
5607,Toys Item #c90526,Toys,37.5
5608,Fashion Bags Accessories Item #d017a2,Fashion Bags Accessories,49.0
5609,Health Beauty Item #a703f5,Health Beauty,23.9
5610,Furniture Decor Item #5d6bea,Furniture Decor,150.0
5611,Perfumery Item #deb523,Perfumery,195.9
5612,Telephony Item #4e3218,Telephony,59.99
5613,Bed Bath Table Item #548e5b,Bed Bath Table,89.9
5614,Cool Stuff Item #6a162a,Cool Stuff,649.9
5615,Telephony Item #42f61c,Telephony,27.99
5616,Furniture Decor Item #d8a4f1,Furniture Decor,129.9
5617,Small Appliances Item #61a410,Small Appliances,586.56
5618,Furniture Decor Item #370a70,Furniture Decor,21.9
5619,Health Beauty Item #437c05,Health Beauty,49.42
5620,Cool Stuff Item #3f994e,Cool Stuff,212.5
5621,Furniture Decor Item #3ff365,Furniture Decor,67.5
5622,Luggage Accessories Item #aede48,Luggage Accessories,82.9
5623,Electronics Item #1b7ce9,Electronics,19.9
5624,Furniture Decor Item #a0eef9,Furniture Decor,69.9
5625,Sports Leisure Item #eb3ba9,Sports Leisure,15.0
5626,Sports Leisure Item #ebefb6,Sports Leisure,99.99
5627,Toys Item #0d1d0d,Toys,59.9
5628,Bed Bath Table Item #cc253b,Bed Bath Table,99.9
5629,Toys Item #79e98b,Toys,45.99
5630,Sports Leisure Item #0b305b,Sports Leisure,90.0
5631,Toys Item #9d4a7b,Toys,59.99
5632,Watches Gifts Item #e9d4cb,Watches Gifts,30.9
5633,Housewares Item #3bdc89,Housewares,262.5
5634,Perfumery Item #9c8a36,Perfumery,42.9
5635,Housewares Item #90dda5,Housewares,75.0
5636,Bed Bath Table Item #c211ff,Bed Bath Table,24.9
5637,Computers Accessories Item #efa490,Computers Accessories,47.27
5638,Sports Leisure Item #56ac95,Sports Leisure,31.9
5639,Watches Gifts Item #b40bd3,Watches Gifts,215.9
5640,Housewares Item #ac7e98,Housewares,28.14
5641,Telephony Item #7e56c4,Telephony,16.99
5642,Health Beauty Item #e2372f,Health Beauty,194.0
5643,Sports Leisure Item #f78b9b,Sports Leisure,99.9
5644,Perfumery Item #9649ca,Perfumery,19.99
5645,Stationery Item #8ba011,Stationery,219.9
5646,Sports Leisure Item #0fc9a9,Sports Leisure,149.0
5647,Furniture Decor Item #817e1c,Furniture Decor,159.0
5648,Sports Leisure Item #cddf97,Sports Leisure,20.7
5649,Garden Tools Item #42faf2,Garden Tools,14.46
5650,Baby Item #b865ae,Baby,149.9
5651,Consoles Games Item #c2e327,Consoles Games,19.9
5652,Auto Item #494c9e,Auto,59.9
5653,Furniture Decor Item #118c95,Furniture Decor,29.9
5654,Telephony Item #b9454f,Telephony,27.99
5655,Computers Accessories Item #0d85c4,Computers Accessories,73.4
5656,Housewares Item #9ed2b9,Housewares,36.0
5657,Furniture Decor Item #28fe66,Furniture Decor,39.0
5658,Telephony Item #127d3b,Telephony,12.97
5659,Home Appliances Item #e06d5e,Home Appliances,95.0
5660,Perfumery Item #735541,Perfumery,189.9
5661,Books General Interest Item #42c9f3,Books General Interest,97.2
5662,Bed Bath Table Item #48f866,Bed Bath Table,153.0
5663,Computers Accessories Item #9f2d98,Computers Accessories,151.9
5664,Bed Bath Table Item #78d641,Bed Bath Table,173.99
5665,Office Furniture Item #6a23c2,Office Furniture,123.27
5666,Housewares Item #157b4f,Housewares,35.0
5667,Stationery Item #b761e3,Stationery,49.9
5668,Watches Gifts Item #f6085e,Watches Gifts,211.0
5669,Sports Leisure Item #a7bcee,Sports Leisure,59.9
5670,Computers Accessories Item #42e3e1,Computers Accessories,19.69
5671,Sports Leisure Item #a42d9c,Sports Leisure,69.9
5672,Electronics Item #27fdfa,Electronics,13.2
5673,Telephony Item #2832d1,Telephony,49.9
5674,Office Furniture Item #02ce46,Office Furniture,169.99
5675,Toys Item #677ea6,Toys,99.9
5676,Stationery Item #8481b7,Stationery,99.99
5677,Uncategorized Item #ad8864,Uncategorized,157.77
5678,Housewares Item #4a613d,Housewares,49.89
5679,Furniture Decor Item #b75683,Furniture Decor,39.9
5680,Bed Bath Table Item #2fe0cc,Bed Bath Table,114.9
5681,Baby Item #0a5a41,Baby,48.9
5682,Air Conditioning Item #83ca77,Air Conditioning,834.95
5683,Office Furniture Item #f94648,Office Furniture,101.99
5684,Health Beauty Item #08b2b9,Health Beauty,55.0
5685,Stationery Item #31cf1c,Stationery,15.45
5686,Sports Leisure Item #d02df2,Sports Leisure,99.9
5687,Luggage Accessories Item #a1507b,Luggage Accessories,1197.9
5688,Sports Leisure Item #826a5f,Sports Leisure,168.99
5689,Computers Accessories Item #084461,Computers Accessories,69.9
5690,Auto Item #25c0a9,Auto,119.9
5691,Garden Tools Item #0354c6,Garden Tools,34.99
5692,Consoles Games Item #67d413,Consoles Games,12.99
5693,Bed Bath Table Item #5360ec,Bed Bath Table,39.0
5694,Computers Accessories Item #78214a,Computers Accessories,49.0
5695,Cool Stuff Item #e1717e,Cool Stuff,75.0
5696,Stationery Item #0858dd,Stationery,22.0
5697,Small Appliances Item #a203dd,Small Appliances,139.0
5698,Baby Item #d321d5,Baby,59.9
5699,Construction Tools Construction Item #cd360a,Construction Tools Construction,24.33
5700,Luggage Accessories Item #8a3cc0,Luggage Accessories,48.9
5701,Bed Bath Table Item #fad534,Bed Bath Table,44.9
5702,Electronics Item #4542ee,Electronics,189.0
5703,Bed Bath Table Item #cd32c1,Bed Bath Table,79.9
5704,Musical Instruments Item #c19965,Musical Instruments,39.9
5705,Furniture Decor Item #9a6fea,Furniture Decor,169.0
5706,Health Beauty Item #b95ce1,Health Beauty,209.99
5707,Computers Accessories Item #0ecade,Computers Accessories,27.9
5708,Telephony Item #41db6d,Telephony,12.97
5709,Housewares Item #1078e0,Housewares,24.9
5710,Computers Accessories Item #1ac8f5,Computers Accessories,299.9
5711,Bed Bath Table Item #68bf2e,Bed Bath Table,79.9
5712,Health Beauty Item #e2998b,Health Beauty,120.0
5713,Bed Bath Table Item #eace26,Bed Bath Table,39.9
5714,Furniture Decor Item #da41ea,Furniture Decor,44.9
5715,Pet Shop Item #b27ff4,Pet Shop,99.9
5716,Sports Leisure Item #ef30fd,Sports Leisure,379.0
5717,Sports Leisure Item #008cff,Sports Leisure,134.99
5718,Bed Bath Table Item #e4bc98,Bed Bath Table,83.33
5719,Sports Leisure Item #c9c455,Sports Leisure,109.95
5720,Drinks Item #3a7d90,Drinks,36.49
5721,Stationery Item #425db5,Stationery,49.9
5722,Books Technical Item #4535b0,Books Technical,53.99
5723,Sports Leisure Item #ce066f,Sports Leisure,69.9
5724,Sports Leisure Item #72461d,Sports Leisure,149.9
5725,Telephony Item #dc387d,Telephony,159.0
5726,Auto Item #0e9966,Auto,6.84
5727,Fixed Telephony Item #777ce6,Fixed Telephony,269.0
5728,Pet Shop Item #a5ae84,Pet Shop,105.0
5729,Market Place Item #20518c,Market Place,180.0
5730,Sports Leisure Item #f4621f,Sports Leisure,101.7
5731,Watches Gifts Item #e5e8d1,Watches Gifts,492.02
5732,Furniture Decor Item #f9f260,Furniture Decor,49.9
5733,Computers Accessories Item #4ce9ab,Computers Accessories,41.9
5734,Health Beauty Item #9453bd,Health Beauty,495.74
5735,Housewares Item #451f60,Housewares,27.5
5736,Auto Item #c71b27,Auto,595.0
5737,Toys Item #e649a8,Toys,260.0
5738,Books Imported Item #82d7b2,Books Imported,18.99
5739,Auto Item #fb3b0e,Auto,88.0
5740,Furniture Decor Item #0b01d0,Furniture Decor,59.9
5741,Baby Item #81e793,Baby,67.49
5742,Telephony Item #466d26,Telephony,25.99
5743,Fashion Bags Accessories Item #ccadfe,Fashion Bags Accessories,86.5
5744,Perfumery Item #ec1faa,Perfumery,29.99
5745,Small Appliances Item #b76364,Small Appliances,48.9
5746,Pet Shop Item #6e4abd,Pet Shop,339.9
5747,Diapers And Hygiene Item #3cc7ec,Diapers And Hygiene,37.0
5748,Housewares Item #20531b,Housewares,138.0
5749,Construction Tools Safety Item #50b812,Construction Tools Safety,430.0
5750,Computers Accessories Item #35bc6c,Computers Accessories,155.0
5751,Health Beauty Item #5c6a3e,Health Beauty,104.99
5752,Telephony Item #b0835e,Telephony,15.99
5753,Housewares Item #d10458,Housewares,189.0
5754,Toys Item #1bfe62,Toys,54.9
5755,Sports Leisure Item #afa3a5,Sports Leisure,29.9
5756,Housewares Item #ef2946,Housewares,130.0
5757,Bed Bath Table Item #21a2d8,Bed Bath Table,39.0
5758,Sports Leisure Item #913803,Sports Leisure,120.0
5759,Bed Bath Table Item #0152f6,Bed Bath Table,15.61
5760,Sports Leisure Item #5a47c5,Sports Leisure,128.56
5761,Musical Instruments Item #d10234,Musical Instruments,1335.0
5762,Furniture Decor Item #165b39,Furniture Decor,125.0
5763,Sports Leisure Item #dea837,Sports Leisure,60.0
5764,Pet Shop Item #e966b1,Pet Shop,100.0
5765,Stationery Item #fcaab5,Stationery,109.0
5766,Auto Item #6a595b,Auto,179.49
5767,Health Beauty Item #338925,Health Beauty,760.0
5768,Stationery Item #e8f48f,Stationery,49.9
5769,Health Beauty Item #0aa03b,Health Beauty,59.0
5770,Cool Stuff Item #8317b1,Cool Stuff,215.84
5771,Art Item #4b90d2,Art,9.0
5772,Baby Item #cac9e5,Baby,110.55
5773,Perfumery Item #de000d,Perfumery,141.31
5774,Cool Stuff Item #791132,Cool Stuff,56.89
5775,Furniture Decor Item #c8894c,Furniture Decor,49.9
5776,Fashion Bags Accessories Item #e45672,Fashion Bags Accessories,29.9
5777,Health Beauty Item #974913,Health Beauty,59.7
5778,Sports Leisure Item #07bec8,Sports Leisure,34.9
5779,Construction Tools Construction Item #5292d2,Construction Tools Construction,49.6
5780,Health Beauty Item #5c7236,Health Beauty,109.9
5781,Office Furniture Item #848d1c,Office Furniture,279.9
5782,Telephony Item #3f26cc,Telephony,48.99
5783,Bed Bath Table Item #b8fefc,Bed Bath Table,79.9
5784,Housewares Item #38f367,Housewares,138.0
5785,Toys Item #2fd91b,Toys,34.99
5786,Watches Gifts Item #42567b,Watches Gifts,775.0
5787,Auto Item #fb4fe6,Auto,19.99
5788,Electronics Item #22d371,Electronics,59.95
5789,Bed Bath Table Item #0fb428,Bed Bath Table,75.0
5790,Sports Leisure Item #621929,Sports Leisure,63.8
5791,Food Drink Item #84f5c4,Food Drink,42.97
5792,Bed Bath Table Item #703d74,Bed Bath Table,56.1
5793,Books Imported Item #604f77,Books Imported,103.0
5794,Electronics Item #e6a5c3,Electronics,469.0
5795,Bed Bath Table Item #078e8d,Bed Bath Table,48.0
5796,Office Furniture Item #d6fe3b,Office Furniture,199.97
5797,Auto Item #025dcf,Auto,19.0
5798,Housewares Item #b7387e,Housewares,32.9
5799,Health Beauty Item #586117,Health Beauty,199.99
5800,Computers Accessories Item #011bb8,Computers Accessories,31.58
5801,Perfumery Item #ac8af9,Perfumery,682.98
5802,Telephony Item #ba5fb4,Telephony,24.99
5803,Housewares Item #7b453a,Housewares,109.9
5804,Health Beauty Item #e9c1ab,Health Beauty,349.0
5805,Fashion Bags Accessories Item #89e436,Fashion Bags Accessories,89.9
5806,Housewares Item #b0c61d,Housewares,34.78
5807,Sports Leisure Item #848486,Sports Leisure,545.0
5808,Fashion Bags Accessories Item #c0350d,Fashion Bags Accessories,34.99
5809,Pet Shop Item #ac00a8,Pet Shop,30.0
5810,Bed Bath Table Item #98a430,Bed Bath Table,53.0
5811,Bed Bath Table Item #bd5110,Bed Bath Table,69.99
5812,Sports Leisure Item #a8856d,Sports Leisure,59.9
5813,Bed Bath Table Item #5d90b8,Bed Bath Table,39.9
5814,Stationery Item #879f3f,Stationery,31.0
5815,Bed Bath Table Item #d63c71,Bed Bath Table,119.9
5816,Housewares Item #cbb19a,Housewares,19.9
5817,Watches Gifts Item #df4495,Watches Gifts,180.54
5818,Office Furniture Item #9a78fb,Office Furniture,164.98
5819,Auto Item #bb1713,Auto,30.0
5820,Housewares Item #c4ee44,Housewares,26.4
5821,Computers Accessories Item #b1f32f,Computers Accessories,47.7
5822,Cool Stuff Item #77e18e,Cool Stuff,25.0
5823,Bed Bath Table Item #692b73,Bed Bath Table,54.9
5824,Furniture Decor Item #dd841b,Furniture Decor,119.0
5825,Sports Leisure Item #083078,Sports Leisure,139.8
5826,Home Appliances Item #389711,Home Appliances,37.8
5827,Perfumery Item #287398,Perfumery,449.0
5828,Watches Gifts Item #124a1e,Watches Gifts,898.0
5829,Books Technical Item #a71f21,Books Technical,130.0
5830,Telephony Item #1ee1a3,Telephony,21.99
5831,Furniture Bedroom Item #1b0fb6,Furniture Bedroom,199.0
5832,Furniture Decor Item #722f84,Furniture Decor,253.52
5833,Industry Commerce And Business Item #9b4d59,Industry Commerce And Business,79.0
5834,Auto Item #02cd69,Auto,22.0
5835,Computers Accessories Item #757e03,Computers Accessories,65.0
5836,Fixed Telephony Item #4633df,Fixed Telephony,29.9
5837,Baby Item #3ce21e,Baby,58.9
5838,Computers Accessories Item #632ba0,Computers Accessories,129.9
5839,Home Appliances Item #be363f,Home Appliances,26.0
5840,Health Beauty Item #9cde4f,Health Beauty,29.9
5841,Furniture Decor Item #cd66fd,Furniture Decor,129.05
5842,Books Technical Item #3bd016,Books Technical,35.0
5843,Cool Stuff Item #d5e448,Cool Stuff,129.0
5844,Books Imported Item #81fe54,Books Imported,63.0
5845,Health Beauty Item #c0704b,Health Beauty,33.9
5846,Fashion Bags Accessories Item #693a4e,Fashion Bags Accessories,24.9
5847,Housewares Item #a7d2c9,Housewares,19.9
5848,Computers Accessories Item #1af2a3,Computers Accessories,42.79
5849,Sports Leisure Item #f699b2,Sports Leisure,125.0
5850,Auto Item #020a80,Auto,47.9
5851,Stationery Item #177d3d,Stationery,118.67
5852,Sports Leisure Item #ff3ec9,Sports Leisure,219.99
5853,Toys Item #f47aba,Toys,129.9
5854,Auto Item #be8a95,Auto,49.9
5855,Sports Leisure Item #fa23bf,Sports Leisure,59.99
5856,Cool Stuff Item #439da2,Cool Stuff,189.9
5857,Stationery Item #5a0146,Stationery,120.0
5858,Sports Leisure Item #96629e,Sports Leisure,42.9
5859,Bed Bath Table Item #cf8316,Bed Bath Table,124.9
5860,Luggage Accessories Item #5245da,Luggage Accessories,109.9
5861,Furniture Decor Item #573722,Furniture Decor,49.0
5862,Perfumery Item #2708ea,Perfumery,129.9
5863,Sports Leisure Item #a19c7f,Sports Leisure,74.99
5864,Consoles Games Item #f9982e,Consoles Games,399.0
5865,Home Construction Item #a39cc5,Home Construction,150.0
5866,Electronics Item #cf6c3d,Electronics,76.0
5867,Fixed Telephony Item #80dfe6,Fixed Telephony,16.99
5868,Baby Item #853cab,Baby,32.98
5869,Computers Accessories Item #72602b,Computers Accessories,38.9
5870,Office Furniture Item #d02d1f,Office Furniture,146.99
5871,Housewares Item #699137,Housewares,14.9
5872,Auto Item #6cd94c,Auto,215.0
5873,Audio Item #17ad67,Audio,129.9
5874,Sports Leisure Item #7d5093,Sports Leisure,59.9
5875,Pet Shop Item #6f017e,Pet Shop,5.99
5876,Computers Accessories Item #184866,Computers Accessories,82.9
5877,Watches Gifts Item #e78907,Watches Gifts,59.0
5878,Furniture Decor Item #acc10c,Furniture Decor,34.0
5879,Health Beauty Item #f78c2e,Health Beauty,69.9
5880,Home Appliances Item #1e89bd,Home Appliances,53.55
5881,Computers Accessories Item #e86b81,Computers Accessories,99.0
5882,Garden Tools Item #fec3b4,Garden Tools,44.95
5883,Health Beauty Item #0a4f9f,Health Beauty,110.32
5884,Health Beauty Item #079189,Health Beauty,394.65
5885,Bed Bath Table Item #4845d1,Bed Bath Table,109.9
5886,Furniture Decor Item #59b475,Furniture Decor,120.0
5887,Telephony Item #b39f07,Telephony,220.0
5888,Watches Gifts Item #bd8c09,Watches Gifts,172.0
5889,Health Beauty Item #27c5d1,Health Beauty,59.9
5890,Garden Tools Item #f66053,Garden Tools,72.2
5891,Housewares Item #357a9e,Housewares,32.0
5892,Musical Instruments Item #4f1a7a,Musical Instruments,46.9
5893,Bed Bath Table Item #4ff37a,Bed Bath Table,118.58
5894,Toys Item #bd8555,Toys,17.9
5895,Housewares Item #c44343,Housewares,149.97
5896,Bed Bath Table Item #b4b817,Bed Bath Table,86.92
5897,Auto Item #e2d5a7,Auto,599.0
5898,Toys Item #e899d4,Toys,99.98
5899,Toys Item #adf9f5,Toys,139.99
5900,Perfumery Item #fd0f74,Perfumery,69.9
5901,Computers Accessories Item #3dd2a1,Computers Accessories,149.9
5902,Furniture Decor Item #c14888,Furniture Decor,38.5
5903,Sports Leisure Item #36038d,Sports Leisure,69.9
5904,Garden Tools Item #25a1c5,Garden Tools,48.0
5905,Toys Item #e3af4b,Toys,45.99
5906,Bed Bath Table Item #23384f,Bed Bath Table,20.0
5907,Health Beauty Item #160077,Health Beauty,129.9
5908,Housewares Item #df4742,Housewares,55.98
5909,Drinks Item #7cb5b9,Drinks,45.0
5910,Auto Item #2d71e1,Auto,94.49
5911,Sports Leisure Item #55ca1e,Sports Leisure,33.33
5912,Bed Bath Table Item #efafd2,Bed Bath Table,68.9
5913,Home Construction Item #10070e,Home Construction,95.2
5914,Small Appliances Home Oven And Coffee Item #dcbe94,Small Appliances Home Oven And Coffee,90.0
5915,Furniture Living Room Item #a7742a,Furniture Living Room,75.0
5916,Fashion Bags Accessories Item #d6ed08,Fashion Bags Accessories,150.0
5917,Electronics Item #b83738,Electronics,132.23
5918,Bed Bath Table Item #9ddd76,Bed Bath Table,199.9
5919,Housewares Item #0fb3fa,Housewares,749.0
5920,Cool Stuff Item #e494f2,Cool Stuff,319.9
5921,Construction Tools Construction Item #adc32e,Construction Tools Construction,108.9
5922,Agro Industry And Commerce Item #1df1a2,Agro Industry And Commerce,439.99
5923,Garden Tools Item #a7b497,Garden Tools,43.43
5924,Bed Bath Table Item #f1c7f3,Bed Bath Table,202.64
5925,Sports Leisure Item #5c9f86,Sports Leisure,89.9
5926,Sports Leisure Item #baa1af,Sports Leisure,92.34
5927,Toys Item #2f9c82,Toys,49.9
5928,Computers Accessories Item #1ca737,Computers Accessories,127.9
5929,Telephony Item #33f17e,Telephony,27.99
5930,Furniture Bedroom Item #d22458,Furniture Bedroom,140.0
5931,Computers Accessories Item #8db563,Computers Accessories,160.0
5932,Bed Bath Table Item #1de133,Bed Bath Table,135.0
5933,Home Appliances 2 Item #c8c073,Home Appliances 2,559.0
5934,Watches Gifts Item #91c82a,Watches Gifts,176.45
5935,Home Appliances 2 Item #c3182d,Home Appliances 2,17.66
5936,Uncategorized Item #24b1fc,Uncategorized,22.0
5937,Furniture Mattress And Upholstery Item #726b4e,Furniture Mattress And Upholstery,86.25
5938,Sports Leisure Item #5357a1,Sports Leisure,21.99
5939,Sports Leisure Item #9fe0fa,Sports Leisure,9.83
5940,Fashion Bags Accessories Item #b5c315,Fashion Bags Accessories,49.99
5941,Toys Item #011ae9,Toys,599.9
5942,Sports Leisure Item #1deda1,Sports Leisure,33.9
5943,Pet Shop Item #f89eba,Pet Shop,29.99
5944,Sports Leisure Item #dfb928,Sports Leisure,320.0
5945,Auto Item #fe8f34,Auto,199.9
5946,Musical Instruments Item #69d3ff,Musical Instruments,1146.0
5947,Baby Item #c904e2,Baby,49.9
5948,Bed Bath Table Item #8c49cb,Bed Bath Table,149.9
5949,Pet Shop Item #5cc3b3,Pet Shop,99.9
5950,Telephony Item #ee8ac6,Telephony,37.99
5951,Consoles Games Item #1201cf,Consoles Games,210.0
5952,Perfumery Item #47a4d6,Perfumery,15.99
5953,Furniture Decor Item #36c63c,Furniture Decor,84.9
5954,Sports Leisure Item #f7bb50,Sports Leisure,99.7
5955,Auto Item #4af81c,Auto,49.4
5956,Cool Stuff Item #e59dd2,Cool Stuff,147.28
5957,Watches Gifts Item #a62e25,Watches Gifts,106.65
5958,Computers Accessories Item #dc9471,Computers Accessories,276.89
5959,Health Beauty Item #108dbd,Health Beauty,38.99
5960,Computers Accessories Item #a783f0,Computers Accessories,34.9
5961,Home Appliances Item #1347d4,Home Appliances,129.99
5962,Bed Bath Table Item #fa814e,Bed Bath Table,69.2
5963,Health Beauty Item #77da35,Health Beauty,64.49
5964,Fashion Male Clothing Item #c2ccd1,Fashion Male Clothing,169.9
5965,Bed Bath Table Item #8ced26,Bed Bath Table,49.95
5966,Perfumery Item #66ef20,Perfumery,289.0
5967,Watches Gifts Item #6dcaca,Watches Gifts,159.9
5968,Watches Gifts Item #7cc676,Watches Gifts,29.99
5969,Toys Item #45f597,Toys,119.9
5970,Housewares Item #7fd769,Housewares,33.99
5971,Sports Leisure Item #a7f4ab,Sports Leisure,69.0
5972,Health Beauty Item #3e87e7,Health Beauty,39.9
5973,Books General Interest Item #f61dcc,Books General Interest,19.95
5974,Sports Leisure Item #b9dac4,Sports Leisure,31.9
5975,Perfumery Item #3cb86c,Perfumery,329.0
5976,Sports Leisure Item #a1e903,Sports Leisure,42.0
5977,Health Beauty Item #8c292c,Health Beauty,158.5
5978,Construction Tools Construction Item #e6fd83,Construction Tools Construction,249.9
5979,Watches Gifts Item #633ab0,Watches Gifts,1298.9
5980,Health Beauty Item #04b48e,Health Beauty,40.9
5981,Health Beauty Item #8d7654,Health Beauty,49.9
5982,Computers Accessories Item #1e1302,Computers Accessories,29.74
5983,Musical Instruments Item #47b49b,Musical Instruments,63.3
5984,Luggage Accessories Item #1cab19,Luggage Accessories,83.0
5985,Furniture Decor Item #333789,Furniture Decor,69.99
5986,Housewares Item #597723,Housewares,98.75
5987,Bed Bath Table Item #7724d1,Bed Bath Table,299.0
5988,Books General Interest Item #435528,Books General Interest,24.99
5989,Air Conditioning Item #0e3418,Air Conditioning,201.0
5990,Sports Leisure Item #369dfa,Sports Leisure,177.67
5991,Perfumery Item #fc2a10,Perfumery,39.9
5992,Auto Item #09c85a,Auto,98.0
5993,Telephony Item #0f2c63,Telephony,19.9
5994,Telephony Item #b1ffef,Telephony,14.9
5995,Telephony Item #7040ef,Telephony,19.9
5996,Home Confort Item #9391a5,Home Confort,230.0
5997,Uncategorized Item #5a848e,Uncategorized,122.99
5998,Watches Gifts Item #24e8c7,Watches Gifts,71.45
5999,Baby Item #8232a2,Baby,59.99
6000,Furniture Decor Item #e766d0,Furniture Decor,119.0
6001,Bed Bath Table Item #9b6bc7,Bed Bath Table,159.9
6002,Perfumery Item #73de16,Perfumery,33.9
6003,Cine Photo Item #1f5f0f,Cine Photo,99.95
6004,Computers Accessories Item #d88d70,Computers Accessories,109.9
6005,Housewares Item #277e5a,Housewares,199.0
6006,Baby Item #189f16,Baby,63.99
6007,Perfumery Item #e4d325,Perfumery,349.9
6008,Telephony Item #fca324,Telephony,19.9
6009,Auto Item #a50acd,Auto,117.3
6010,Baby Item #657aa5,Baby,129.0
6011,Computers Accessories Item #c7849d,Computers Accessories,69.0
6012,Uncategorized Item #584d28,Uncategorized,409.9
6013,Cool Stuff Item #db34e1,Cool Stuff,499.9
6014,Home Construction Item #9b6537,Home Construction,78.0
6015,Perfumery Item #cd46fb,Perfumery,151.31
6016,Books General Interest Item #1cc61b,Books General Interest,524.9
6017,Housewares Item #4720b3,Housewares,49.99
6018,Uncategorized Item #65ab2b,Uncategorized,122.9
6019,Cool Stuff Item #717e96,Cool Stuff,229.99
6020,Furniture Decor Item #1d0d35,Furniture Decor,120.0
6021,Electronics Item #9fe520,Electronics,65.0
6022,Consoles Games Item #3763ff,Consoles Games,39.9
6023,Health Beauty Item #24c66f,Health Beauty,177.4
6024,Housewares Item #b64792,Housewares,369.0
6025,Fashion Bags Accessories Item #39c0f8,Fashion Bags Accessories,139.9
6026,Electronics Item #6a8631,Electronics,27.15
6027,Food Drink Item #d9a519,Food Drink,18.6
6028,Baby Item #bee760,Baby,25.0
6029,Toys Item #3d5837,Toys,113.2
6030,Bed Bath Table Item #4680d0,Bed Bath Table,53.0
6031,Telephony Item #7d3297,Telephony,24.99
6032,Health Beauty Item #c4a235,Health Beauty,74.9
6033,Perfumery Item #c429a7,Perfumery,69.9
6034,Consoles Games Item #f39a8b,Consoles Games,345.67
6035,Fixed Telephony Item #f9e490,Fixed Telephony,19.99
6036,Sports Leisure Item #0f4a3e,Sports Leisure,169.0
6037,Drinks Item #d99526,Drinks,58.7
6038,Computers Accessories Item #64fb13,Computers Accessories,79.95
6039,Bed Bath Table Item #99444c,Bed Bath Table,52.9
6040,Small Appliances Item #e297f3,Small Appliances,169.9
6041,Computers Accessories Item #5d7903,Computers Accessories,97.0
6042,Watches Gifts Item #e6fc61,Watches Gifts,199.9
6043,Watches Gifts Item #dee98c,Watches Gifts,55.0
6044,Toys Item #fbaefa,Toys,29.9
6045,Baby Item #7af541,Baby,419.9
6046,Health Beauty Item #4ff38d,Health Beauty,79.9
6047,Watches Gifts Item #1468c4,Watches Gifts,155.99
6048,Furniture Decor Item #7c4248,Furniture Decor,99.0
6049,Electronics Item #9b0ad2,Electronics,18.9
6050,Pet Shop Item #abcfce,Pet Shop,164.9
6051,Watches Gifts Item #b7edca,Watches Gifts,279.9
6052,Watches Gifts Item #feeed1,Watches Gifts,182.0
6053,Housewares Item #b7d9db,Housewares,59.9
6054,Sports Leisure Item #85d619,Sports Leisure,14.0
6055,Watches Gifts Item #1be9a7,Watches Gifts,124.9
6056,Sports Leisure Item #42629e,Sports Leisure,169.9
6057,Perfumery Item #c1a940,Perfumery,250.9
6058,Housewares Item #f8b624,Housewares,179.0
6059,Housewares Item #19944b,Housewares,24.95
6060,Sports Leisure Item #7405b5,Sports Leisure,149.9
6061,Industry Commerce And Business Item #d04bba,Industry Commerce And Business,104.0
6062,Toys Item #6f33a4,Toys,139.99
6063,Bed Bath Table Item #f9b4f8,Bed Bath Table,199.0
6064,Auto Item #159088,Auto,37.9
6065,Computers Accessories Item #a0ad09,Computers Accessories,42.9
6066,Auto Item #4638e4,Auto,378.0
6067,Portateis Cozinha E Preparadores De Alimentos Item #cb9d76,Portateis Cozinha E Preparadores De Alimentos,34.9
6068,Baby Item #236012,Baby,109.9
6069,Construction Tools Construction Item #4b54b3,Construction Tools Construction,148.0
6070,Uncategorized Item #abe135,Uncategorized,16.9
6071,Bed Bath Table Item #372124,Bed Bath Table,24.9
6072,Sports Leisure Item #09f6dc,Sports Leisure,29.99
6073,Computers Item #e004a3,Computers,730.0
6074,Toys Item #70d01a,Toys,89.99
6075,Sports Leisure Item #271ce3,Sports Leisure,72.62
6076,Cool Stuff Item #9b9d1c,Cool Stuff,99.99
6077,Furniture Decor Item #d2347f,Furniture Decor,44.99
6078,Bed Bath Table Item #59af5c,Bed Bath Table,117.99
6079,Home Appliances 2 Item #0fa690,Home Appliances 2,599.5
6080,Stationery Item #8603fd,Stationery,139.9
6081,Health Beauty Item #48a59a,Health Beauty,380.0
6082,Cool Stuff Item #9165e7,Cool Stuff,125.9
6083,Computers Accessories Item #f71f42,Computers Accessories,32.7
6084,Housewares Item #601420,Housewares,52.11
6085,Bed Bath Table Item #4ed803,Bed Bath Table,68.5
6086,Telephony Item #a2a074,Telephony,18.77
6087,Perfumery Item #ebc9e1,Perfumery,123.62
6088,Electronics Item #421556,Electronics,48.99
6089,Electronics Item #f832d1,Electronics,120.0
6090,Signaling And Security Item #d057ce,Signaling And Security,79.9
6091,Bed Bath Table Item #f82d1e,Bed Bath Table,199.0
6092,Health Beauty Item #bc74f6,Health Beauty,219.5
6093,Health Beauty Item #648b8a,Health Beauty,157.5
6094,Furniture Decor Item #af6219,Furniture Decor,169.0
6095,Bed Bath Table Item #6e6760,Bed Bath Table,16.9
6096,Auto Item #435fc6,Auto,27.9
6097,Baby Item #664217,Baby,79.9
6098,Auto Item #6e3e56,Auto,94.99
6099,Furniture Decor Item #8b5632,Furniture Decor,179.0
6100,Luggage Accessories Item #608af6,Luggage Accessories,299.9
6101,Computers Accessories Item #1789a1,Computers Accessories,99.0
6102,Sports Leisure Item #064841,Sports Leisure,24.99
6103,Housewares Item #94eecc,Housewares,68.88
6104,Housewares Item #41e153,Housewares,39.8
6105,Stationery Item #216ac7,Stationery,44.0
6106,Furniture Decor Item #d8aed4,Furniture Decor,129.0
6107,Telephony Item #8db8c6,Telephony,29.9
6108,Furniture Decor Item #5d6bc7,Furniture Decor,28.9
6109,Housewares Item #29b18b,Housewares,290.0
6110,Furniture Decor Item #cf321a,Furniture Decor,22.9
6111,Telephony Item #84d205,Telephony,27.99
6112,Furniture Bedroom Item #4f18ca,Furniture Bedroom,87.5
6113,Watches Gifts Item #53d8ee,Watches Gifts,597.0
6114,Furniture Decor Item #cd3de1,Furniture Decor,59.33
6115,Garden Tools Item #fb20d3,Garden Tools,34.9
6116,Perfumery Item #a30ea5,Perfumery,25.0
6117,Pet Shop Item #67018a,Pet Shop,99.9
6118,Cool Stuff Item #b04876,Cool Stuff,45.0
6119,Pet Shop Item #6adab2,Pet Shop,49.9
6120,Health Beauty Item #db6677,Health Beauty,59.99
6121,Bed Bath Table Item #7d4cc5,Bed Bath Table,239.9
6122,Bed Bath Table Item #fad474,Bed Bath Table,49.9
6123,Home Appliances Item #1b979e,Home Appliances,66.7
6124,Computers Item #2fde77,Computers,530.0
6125,Bed Bath Table Item #73f835,Bed Bath Table,74.9
6126,Baby Item #22d65c,Baby,57.99
6127,Food Drink Item #3394bd,Food Drink,39.9
6128,Furniture Decor Item #119add,Furniture Decor,59.9
6129,Housewares Item #acc864,Housewares,7.63
6130,Consoles Games Item #6525c6,Consoles Games,133.22
6131,Small Appliances Item #63d6e7,Small Appliances,85.46
6132,Toys Item #23bcd6,Toys,129.8
6133,Toys Item #a0755b,Toys,384.99
6134,Office Furniture Item #701228,Office Furniture,319.9
6135,Home Construction Item #cce794,Home Construction,21.7
6136,Furniture Decor Item #a00d11,Furniture Decor,99.9
6137,Furniture Living Room Item #79fc4c,Furniture Living Room,95.0
6138,Furniture Living Room Item #583378,Furniture Living Room,179.9
6139,Perfumery Item #4fa339,Perfumery,149.0
6140,Uncategorized Item #3895c3,Uncategorized,41.3
6141,Garden Tools Item #389d11,Garden Tools,53.32
6142,Health Beauty Item #67bd61,Health Beauty,14.49
6143,Health Beauty Item #9384e6,Health Beauty,35.9
6144,Sports Leisure Item #6cb486,Sports Leisure,25.2
6145,Cool Stuff Item #018279,Cool Stuff,199.0
6146,Telephony Item #bba2c8,Telephony,15.99
6147,Computers Accessories Item #34d630,Computers Accessories,69.0
6148,Watches Gifts Item #a3b358,Watches Gifts,1500.0
6149,Pet Shop Item #8ab5f8,Pet Shop,17.63
6150,Toys Item #2d4114,Toys,189.99
6151,Furniture Decor Item #514a05,Furniture Decor,49.9
6152,Perfumery Item #5cbca8,Perfumery,133.0
6153,Pet Shop Item #cbf065,Pet Shop,179.17
6154,Garden Tools Item #554fc3,Garden Tools,41.31
6155,Telephony Item #090ab1,Telephony,22.99
6156,Toys Item #07133e,Toys,216.5
6157,Health Beauty Item #3af6d5,Health Beauty,32.9
6158,Furniture Decor Item #0cf13a,Furniture Decor,47.0
6159,Bed Bath Table Item #51ce08,Bed Bath Table,209.9
6160,Cool Stuff Item #ed6fbe,Cool Stuff,39.9
6161,Sports Leisure Item #81288d,Sports Leisure,109.99
6162,Fashion Bags Accessories Item #bb15f9,Fashion Bags Accessories,35.0
6163,Art Item #d62ed9,Art,28.0
6164,Fashion Bags Accessories Item #39d593,Fashion Bags Accessories,15.99
6165,Cool Stuff Item #54e593,Cool Stuff,44.4
6166,Bed Bath Table Item #209fa5,Bed Bath Table,82.99
6167,Sports Leisure Item #694e58,Sports Leisure,52.5
6168,Telephony Item #44a227,Telephony,259.0
6169,Furniture Decor Item #a237de,Furniture Decor,40.86
6170,Housewares Item #61ea03,Housewares,90.99
6171,Fashion Bags Accessories Item #b866da,Fashion Bags Accessories,255.0
6172,Consoles Games Item #e74384,Consoles Games,1599.0
6173,Furniture Decor Item #704e26,Furniture Decor,99.0
6174,Auto Item #b787c1,Auto,58.5
6175,Health Beauty Item #9eca7d,Health Beauty,44.9
6176,Watches Gifts Item #cca44f,Watches Gifts,492.04
6177,Watches Gifts Item #53ea9d,Watches Gifts,259.0
6178,Garden Tools Item #5e9f7e,Garden Tools,105.25
6179,Housewares Item #a95b1b,Housewares,14.9
6180,Bed Bath Table Item #595199,Bed Bath Table,99.9
6181,Health Beauty Item #12a591,Health Beauty,40.0
6182,Housewares Item #219370,Housewares,12.0
6183,Air Conditioning Item #e60baf,Air Conditioning,159.9
6184,Health Beauty Item #830345,Health Beauty,420.0
6185,Cool Stuff Item #992feb,Cool Stuff,1119.9
6186,Health Beauty Item #4c9fe8,Health Beauty,95.0
6187,Perfumery Item #8817f0,Perfumery,13.99
6188,Food Drink Item #42eb53,Food Drink,29.7
6189,Bed Bath Table Item #c0400a,Bed Bath Table,26.0
6190,Uncategorized Item #cbe247,Uncategorized,16.0
6191,Furniture Living Room Item #bd6b7d,Furniture Living Room,37.9
6192,Health Beauty Item #a58618,Health Beauty,69.9
6193,Sports Leisure Item #e72952,Sports Leisure,59.9
6194,Furniture Decor Item #a32a25,Furniture Decor,9.4
6195,Bed Bath Table Item #b9d493,Bed Bath Table,69.9
6196,Musical Instruments Item #fdc3af,Musical Instruments,29.45
6197,Perfumery Item #500cf2,Perfumery,589.9
6198,Toys Item #2ff677,Toys,99.9
6199,Sports Leisure Item #ad5e26,Sports Leisure,1190.0
6200,Small Appliances Item #44fc45,Small Appliances,950.0
6201,Computers Accessories Item #d6d88b,Computers Accessories,70.9
6202,Sports Leisure Item #541fe3,Sports Leisure,19.99
6203,Garden Tools Item #8c591a,Garden Tools,106.24
6204,Housewares Item #724d87,Housewares,5.85
6205,Toys Item #45a9a8,Toys,99.99
6206,Perfumery Item #35488a,Perfumery,89.9
6207,Toys Item #a7bd5c,Toys,68.8
6208,Food Item #378bb6,Food,27.5
6209,Baby Item #cde89c,Baby,50.0
6210,Furniture Decor Item #f2e829,Furniture Decor,59.9
6211,Housewares Item #ae2531,Housewares,14.8
6212,Garden Tools Item #a87d9e,Garden Tools,151.24
6213,Housewares Item #7052c5,Housewares,7.5
6214,Computers Item #6e135c,Computers,730.0
6215,Auto Item #4532fa,Auto,19.99
6216,Construction Tools Construction Item #207053,Construction Tools Construction,59.0
6217,Furniture Decor Item #a7b975,Furniture Decor,330.0
6218,Fashion Bags Accessories Item #1ba74b,Fashion Bags Accessories,350.0
6219,Garden Tools Item #0fc323,Garden Tools,60.54
6220,Housewares Item #d2e1ee,Housewares,29.9
6221,Telephony Item #50bec4,Telephony,39.99
6222,Auto Item #c69ee3,Auto,85.5
6223,Musical Instruments Item #6147f3,Musical Instruments,75.0
6224,Furniture Decor Item #43a888,Furniture Decor,31.46
6225,Furniture Decor Item #689a9f,Furniture Decor,50.0
6226,Uncategorized Item #4914f8,Uncategorized,49.77
6227,Office Furniture Item #759d6e,Office Furniture,149.99
6228,Furniture Decor Item #e00a60,Furniture Decor,74.9
6229,Housewares Item #f77394,Housewares,15.0
6230,Bed Bath Table Item #430f4c,Bed Bath Table,79.9
6231,Sports Leisure Item #fe1b68,Sports Leisure,89.9
6232,Sports Leisure Item #826f5b,Sports Leisure,43.9
6233,Furniture Decor Item #298532,Furniture Decor,129.9
6234,Bed Bath Table Item #0d2c4e,Bed Bath Table,64.0
6235,Perfumery Item #c48ac4,Perfumery,19.99
6236,Telephony Item #4eeb34,Telephony,75.0
6237,Home Appliances Item #50a3ca,Home Appliances,190.0
6238,Computers Accessories Item #ff469d,Computers Accessories,168.9
6239,Fashion Bags Accessories Item #4cb4ef,Fashion Bags Accessories,34.9
6240,Fixed Telephony Item #6f4314,Fixed Telephony,14.99
6241,Bed Bath Table Item #3e5201,Bed Bath Table,121.19
6242,Furniture Decor Item #c7fd13,Furniture Decor,59.6
6243,Bed Bath Table Item #946344,Bed Bath Table,29.99
6244,Furniture Decor Item #414c53,Furniture Decor,17.9
6245,Bed Bath Table Item #95882a,Bed Bath Table,44.99
6246,Garden Tools Item #68cd3f,Garden Tools,19.9
6247,Bed Bath Table Item #b2d98b,Bed Bath Table,115.0
6248,Cool Stuff Item #14b4ba,Cool Stuff,59.9
6249,Watches Gifts Item #77f70a,Watches Gifts,129.0
6250,Housewares Item #672cd5,Housewares,5.99
6251,Musical Instruments Item #44e086,Musical Instruments,65.67
6252,Auto Item #243bb5,Auto,27.99
6253,Sports Leisure Item #cd935d,Sports Leisure,69.9
6254,Housewares Item #ac850a,Housewares,298.6
6255,Health Beauty Item #cf5fb1,Health Beauty,94.32
6256,Perfumery Item #f40db2,Perfumery,171.57
6257,Sports Leisure Item #b796b4,Sports Leisure,99.0
6258,Home Construction Item #d97928,Home Construction,208.0
6259,Uncategorized Item #5368f8,Uncategorized,11.9
6260,Computers Accessories Item #b40ec4,Computers Accessories,176.9
6261,Small Appliances Item #8016b7,Small Appliances,319.0
6262,Health Beauty Item #2722b7,Health Beauty,27.9
6263,Perfumery Item #f731f8,Perfumery,56.99
6264,Health Beauty Item #ecb092,Health Beauty,38.0
6265,Sports Leisure Item #bd9117,Sports Leisure,599.99
6266,Market Place Item #0e1eb2,Market Place,29.9
6267,Cool Stuff Item #8bc9de,Cool Stuff,399.0
6268,Furniture Decor Item #dc68ee,Furniture Decor,289.0
6269,Electronics Item #bdc329,Electronics,28.29
6270,Cool Stuff Item #f3dd57,Cool Stuff,129.9
6271,Watches Gifts Item #623fb8,Watches Gifts,24.9
6272,Construction Tools Construction Item #de36d2,Construction Tools Construction,299.9
6273,Housewares Item #30d554,Housewares,44.5
6274,Bed Bath Table Item #5ee245,Bed Bath Table,42.0
6275,Furniture Living Room Item #0db01f,Furniture Living Room,419.0
6276,Computers Accessories Item #729be5,Computers Accessories,262.0
6277,Health Beauty Item #016711,Health Beauty,99.0
6278,Health Beauty Item #4ad4cf,Health Beauty,79.9
6279,Telephony Item #e5da60,Telephony,29.99
6280,Health Beauty Item #55945c,Health Beauty,103.49
6281,Housewares Item #1b90a8,Housewares,29.9
6282,Costruction Tools Tools Item #e91042,Costruction Tools Tools,1899.0
6283,Sports Leisure Item #873ecb,Sports Leisure,199.0
6284,Watches Gifts Item #aa2070,Watches Gifts,499.9
6285,Watches Gifts Item #4df83a,Watches Gifts,858.9
6286,Health Beauty Item #4660d9,Health Beauty,76.99
6287,Fashion Bags Accessories Item #e74d82,Fashion Bags Accessories,59.9
6288,Sports Leisure Item #169e1f,Sports Leisure,69.49
6289,Musical Instruments Item #729734,Musical Instruments,725.0
6290,Telephony Item #f2c9d5,Telephony,46.99
6291,Stationery Item #2e8316,Stationery,2.99
6292,Books General Interest Item #69afe1,Books General Interest,30.4
6293,Housewares Item #43979b,Housewares,489.9
6294,Fashion Bags Accessories Item #60567e,Fashion Bags Accessories,169.99
6295,Bed Bath Table Item #25915a,Bed Bath Table,115.9
6296,Fashion Bags Accessories Item #5a745a,Fashion Bags Accessories,43.8
6297,Furniture Decor Item #78f5f8,Furniture Decor,109.78
6298,Housewares Item #e255eb,Housewares,9.9
6299,Construction Tools Construction Item #311693,Construction Tools Construction,282.0
6300,Bed Bath Table Item #a04a24,Bed Bath Table,99.97
6301,Musical Instruments Item #a1beef,Musical Instruments,4399.87
6302,Housewares Item #8545c1,Housewares,35.0
6303,Furniture Decor Item #fd91e2,Furniture Decor,44.9
6304,Bed Bath Table Item #426537,Bed Bath Table,82.69
6305,Furniture Bedroom Item #428f4b,Furniture Bedroom,174.45
6306,Telephony Item #86ecc2,Telephony,29.99
6307,Telephony Item #2ebe00,Telephony,26.9
6308,Auto Item #c89d56,Auto,36.33
6309,Garden Tools Item #865bfa,Garden Tools,459.0
6310,Perfumery Item #a25583,Perfumery,7.0
6311,Toys Item #1d38e8,Toys,39.7
6312,Housewares Item #91c8b0,Housewares,7.63
6313,Toys Item #8cdcb4,Toys,49.9
6314,Watches Gifts Item #97170c,Watches Gifts,129.0
6315,Bed Bath Table Item #49ef75,Bed Bath Table,198.0
6316,Computers Accessories Item #3871b7,Computers Accessories,17.99
6317,Bed Bath Table Item #1a2d00,Bed Bath Table,79.9
6318,Cool Stuff Item #47376b,Cool Stuff,28.7
6319,Computers Accessories Item #060c17,Computers Accessories,24.99
6320,Luggage Accessories Item #242edc,Luggage Accessories,54.9
6321,Housewares Item #149e60,Housewares,25.0
6322,Sports Leisure Item #362b77,Sports Leisure,49.9
6323,Perfumery Item #d0b195,Perfumery,78.5
6324,Housewares Item #c009a1,Housewares,173.68
6325,Toys Item #6b0259,Toys,44.99
6326,Stationery Item #5ad2b7,Stationery,85.0
6327,Stationery Item #4df790,Stationery,79.0
6328,Sports Leisure Item #ba2a4b,Sports Leisure,24.9
6329,Watches Gifts Item #739ec9,Watches Gifts,163.0
6330,Stationery Item #59eec1,Stationery,27.99
6331,Bed Bath Table Item #90aa2a,Bed Bath Table,113.23
6332,Sports Leisure Item #d2a78d,Sports Leisure,209.0
6333,Watches Gifts Item #93a5fd,Watches Gifts,129.9
6334,Uncategorized Item #d4959e,Uncategorized,319.0
6335,Bed Bath Table Item #8a4436,Bed Bath Table,109.9
6336,Sports Leisure Item #65e52a,Sports Leisure,19.99
6337,Housewares Item #03233a,Housewares,79.8
6338,Furniture Decor Item #7868a6,Furniture Decor,59.9
6339,Furniture Decor Item #31a7ed,Furniture Decor,299.0
6340,Construction Tools Construction Item #1065e0,Construction Tools Construction,309.0
6341,Watches Gifts Item #228f57,Watches Gifts,187.9
6342,Bed Bath Table Item #592962,Bed Bath Table,116.9
6343,Telephony Item #95c2c1,Telephony,18.99
6344,Toys Item #1603fa,Toys,198.9
6345,Auto Item #b7ee4f,Auto,179.49
6346,Musical Instruments Item #b8c472,Musical Instruments,578.9
6347,Garden Tools Item #c4baed,Garden Tools,104.52
6348,Furniture Decor Item #873514,Furniture Decor,102.0
6349,Home Appliances 2 Item #28dc76,Home Appliances 2,131.0
6350,Food Item #861857,Food,177.0
6351,Uncategorized Item #e034d9,Uncategorized,570.0
6352,Health Beauty Item #54a961,Health Beauty,65.9
6353,Health Beauty Item #4c5507,Health Beauty,32.3
6354,Telephony Item #110705,Telephony,24.99
6355,Baby Item #48a4f3,Baby,64.99
6356,Health Beauty Item #a8d2c5,Health Beauty,88.0
6357,Watches Gifts Item #69d980,Watches Gifts,219.0
6358,Luggage Accessories Item #77b544,Luggage Accessories,70.0
6359,Telephony Item #2c0c95,Telephony,42.0
6360,Art Item #cbf96c,Art,97.5
6361,Sports Leisure Item #48b6c3,Sports Leisure,85.0
6362,Sports Leisure Item #fb1c85,Sports Leisure,64.9
6363,Sports Leisure Item #94ea36,Sports Leisure,140.0
6364,Home Construction Item #ef4f75,Home Construction,79.9
6365,Toys Item #7fab1a,Toys,69.52
6366,Health Beauty Item #d5f4f4,Health Beauty,174.9
6367,Uncategorized Item #6f3ec6,Uncategorized,25.9
6368,Telephony Item #9319e2,Telephony,22.99
6369,Luggage Accessories Item #6109d0,Luggage Accessories,84.9
6370,Health Beauty Item #d77d9f,Health Beauty,129.07
6371,Computers Accessories Item #6b61c9,Computers Accessories,17.5
6372,Bed Bath Table Item #996ae0,Bed Bath Table,99.9
6373,Health Beauty Item #841839,Health Beauty,54.9
6374,Watches Gifts Item #7daeca,Watches Gifts,999.0
6375,Sports Leisure Item #7c7588,Sports Leisure,224.9
6376,Housewares Item #3ece0f,Housewares,209.9
6377,Christmas Supplies Item #ac50a8,Christmas Supplies,19.83
6378,Health Beauty Item #8844bd,Health Beauty,84.99
6379,Consoles Games Item #71f5ca,Consoles Games,99.0
6380,Health Beauty Item #243332,Health Beauty,120.0
6381,Sports Leisure Item #364816,Sports Leisure,99.9
6382,Baby Item #af2d50,Baby,48.9
6383,Computers Accessories Item #ebe4b5,Computers Accessories,199.0
6384,Musical Instruments Item #46ca95,Musical Instruments,48.0
6385,Furniture Decor Item #bd121e,Furniture Decor,349.3
6386,Watches Gifts Item #5c688a,Watches Gifts,479.75
6387,Cool Stuff Item #8bad0b,Cool Stuff,29.99
6388,Fashion Male Clothing Item #fa35b4,Fashion Male Clothing,139.9
6389,Computers Accessories Item #599dc3,Computers Accessories,235.0
6390,Watches Gifts Item #82caf2,Watches Gifts,170.0
6391,Stationery Item #cf9eef,Stationery,159.9
6392,Health Beauty Item #c099de,Health Beauty,298.0
6393,Cool Stuff Item #ec02a5,Cool Stuff,131.9
6394,Fashion Bags Accessories Item #6ff595,Fashion Bags Accessories,79.9
6395,Home Appliances Item #dae734,Home Appliances,47.9
6396,Electronics Item #0e0487,Electronics,22.0
6397,Cool Stuff Item #21a3fd,Cool Stuff,460.0
6398,Bed Bath Table Item #d8dd98,Bed Bath Table,95.0
6399,Auto Item #7b67d4,Auto,150.0
6400,Sports Leisure Item #38fa75,Sports Leisure,40.98
6401,Perfumery Item #00066f,Perfumery,101.65
6402,Uncategorized Item #bfa0e3,Uncategorized,224.99
6403,Consoles Games Item #db7f3f,Consoles Games,38.0
6404,Furniture Decor Item #a6b0f0,Furniture Decor,174.42
6405,Perfumery Item #8bf16c,Perfumery,289.9
6406,Uncategorized Item #b1d207,Uncategorized,149.0
6407,Sports Leisure Item #0bbdc9,Sports Leisure,299.0
6408,Construction Tools Construction Item #fad6e3,Construction Tools Construction,35.9
6409,Construction Tools Lights Item #8365b2,Construction Tools Lights,182.72
6410,Bed Bath Table Item #fc6b29,Bed Bath Table,23.99
6411,Food Drink Item #c18ab1,Food Drink,18.49
6412,Computers Accessories Item #178784,Computers Accessories,140.9
6413,Watches Gifts Item #0f67b4,Watches Gifts,248.25
6414,Computers Accessories Item #ae52ee,Computers Accessories,69.9
6415,Housewares Item #4d37f9,Housewares,79.9
6416,Books General Interest Item #93f5c3,Books General Interest,32.49
6417,Bed Bath Table Item #665aa1,Bed Bath Table,99.9
6418,Uncategorized Item #9689d8,Uncategorized,20.3
6419,Computers Accessories Item #adb5b8,Computers Accessories,189.98
6420,Health Beauty Item #159dc4,Health Beauty,458.0
6421,Bed Bath Table Item #cf28a2,Bed Bath Table,24.9
6422,Baby Item #c8cfa6,Baby,134.9
6423,Uncategorized Item #fbb1cf,Uncategorized,44.9
6424,Computers Accessories Item #752cc7,Computers Accessories,298.13
6425,Bed Bath Table Item #60deed,Bed Bath Table,271.99
6426,Electronics Item #35ebf0,Electronics,15.39
6427,Food Item #733268,Food,84.77
6428,Musical Instruments Item #3c139d,Musical Instruments,389.0
6429,Computers Accessories Item #95c40b,Computers Accessories,29.9
6430,Stationery Item #0663a3,Stationery,48.9
6431,Housewares Item #42e3fe,Housewares,239.9
6432,Sports Leisure Item #c0e80f,Sports Leisure,29.8
6433,Electronics Item #fbd925,Electronics,12.3
6434,Luggage Accessories Item #58b81e,Luggage Accessories,106.8
6435,Sports Leisure Item #8c6610,Sports Leisure,229.9
6436,Furniture Decor Item #9f684e,Furniture Decor,46.99
6437,Furniture Decor Item #05fa32,Furniture Decor,66.0
6438,Books General Interest Item #cea898,Books General Interest,69.9
6439,Bed Bath Table Item #ddb902,Bed Bath Table,149.9
6440,Bed Bath Table Item #344f1e,Bed Bath Table,145.99
6441,Bed Bath Table Item #f09f62,Bed Bath Table,79.9
6442,Furniture Decor Item #bcda94,Furniture Decor,44.9
6443,Office Furniture Item #46073e,Office Furniture,139.99
6444,Health Beauty Item #062619,Health Beauty,121.99
6445,Small Appliances Item #6b80b9,Small Appliances,119.0
6446,Bed Bath Table Item #149a3f,Bed Bath Table,288.9
6447,Computers Accessories Item #af6323,Computers Accessories,539.0
6448,Fashion Underwear Beach Item #cb097e,Fashion Underwear Beach,59.9
6449,Telephony Item #6f1b34,Telephony,259.99
6450,Uncategorized Item #bff35d,Uncategorized,21.0
6451,Watches Gifts Item #cdd0b7,Watches Gifts,59.49
6452,Health Beauty Item #ee294f,Health Beauty,27.9
6453,Small Appliances Item #ffc48c,Small Appliances,712.5
6454,Musical Instruments Item #17a019,Musical Instruments,23.99
6455,Construction Tools Construction Item #dd4e0a,Construction Tools Construction,33.99
6456,Luggage Accessories Item #f0bbc1,Luggage Accessories,19.99
6457,Baby Item #f3d733,Baby,36.75
6458,Baby Item #7893c6,Baby,110.0
6459,Cine Photo Item #099e24,Cine Photo,94.9
6460,Bed Bath Table Item #3c79a7,Bed Bath Table,164.9
6461,Bed Bath Table Item #6a73bd,Bed Bath Table,25.9
6462,Electronics Item #7b52ce,Electronics,42.95
6463,Fashion Bags Accessories Item #3daf57,Fashion Bags Accessories,19.9
6464,Sports Leisure Item #179d85,Sports Leisure,68.9
6465,Health Beauty Item #2ada82,Health Beauty,35.9
6466,Computers Accessories Item #bb9020,Computers Accessories,199.9
6467,Baby Item #db31be,Baby,48.9
6468,Fixed Telephony Item #d4999f,Fixed Telephony,109.9
6469,Small Appliances Item #6fe2e0,Small Appliances,109.0
6470,Stationery Item #c58a00,Stationery,79.0
6471,Furniture Decor Item #f82114,Furniture Decor,119.99
6472,Home Confort Item #35afc9,Home Confort,87.48
6473,Small Appliances Item #417c36,Small Appliances,89.0
6474,Bed Bath Table Item #6cc448,Bed Bath Table,99.9
6475,Computers Accessories Item #05a9da,Computers Accessories,161.5
6476,Health Beauty Item #ad148e,Health Beauty,99.99
6477,Furniture Living Room Item #f8fd8c,Furniture Living Room,99.0
6478,Stationery Item #0d4e8d,Stationery,98.0
6479,Telephony Item #5d98f7,Telephony,29.99
6480,Health Beauty Item #2cb04e,Health Beauty,91.9
6481,Bed Bath Table Item #49eeae,Bed Bath Table,70.25
6482,Furniture Bedroom Item #91b07e,Furniture Bedroom,126.99
6483,Consoles Games Item #e4efc5,Consoles Games,91.99
6484,Luggage Accessories Item #a13374,Luggage Accessories,149.99
6485,Bed Bath Table Item #96af56,Bed Bath Table,75.99
6486,Bed Bath Table Item #e673e9,Bed Bath Table,129.9
6487,Computers Accessories Item #4c82c8,Computers Accessories,14.96
6488,Housewares Item #154169,Housewares,47.99
6489,Garden Tools Item #53759a,Garden Tools,55.18
6490,Fashion Bags Accessories Item #4a05ba,Fashion Bags Accessories,20.3
6491,Auto Item #4bb715,Auto,59.8
6492,Electronics Item #e96bb4,Electronics,210.0
6493,Sports Leisure Item #ab3727,Sports Leisure,260.0
6494,Health Beauty Item #65d5bf,Health Beauty,76.2
6495,Home Appliances Item #081cac,Home Appliances,29.0
6496,Telephony Item #b7dbc7,Telephony,24.9
6497,Toys Item #7f72a8,Toys,65.34
6498,Toys Item #6ac9af,Toys,59.9
6499,Housewares Item #42a2c9,Housewares,59.35
6500,Stationery Item #fb5598,Stationery,81.0
6501,Furniture Decor Item #85bc75,Furniture Decor,79.9
6502,Consoles Games Item #2bd9b5,Consoles Games,79.0
6503,Garden Tools Item #638882,Garden Tools,88.9
6504,Sports Leisure Item #e09025,Sports Leisure,54.0
6505,Furniture Decor Item #21fb50,Furniture Decor,55.0
6506,Bed Bath Table Item #fe4069,Bed Bath Table,78.0
6507,Furniture Decor Item #2624c8,Furniture Decor,249.0
6508,Watches Gifts Item #82b710,Watches Gifts,359.0
6509,Sports Leisure Item #b38038,Sports Leisure,109.0
6510,Audio Item #ad1738,Audio,88.5
6511,Auto Item #28e9ba,Auto,199.99
6512,Housewares Item #8eb7b3,Housewares,24.9
6513,Sports Leisure Item #55b71b,Sports Leisure,74.99
6514,Home Confort Item #c6bf8c,Home Confort,14.0
6515,Auto Item #3061f2,Auto,159.99
6516,Office Furniture Item #a9516a,Office Furniture,124.99
6517,Fashion Underwear Beach Item #3ead98,Fashion Underwear Beach,89.9
6518,Telephony Item #9e10eb,Telephony,35.0
6519,Furniture Decor Item #d3f53b,Furniture Decor,59.9
6520,Garden Tools Item #4b9e70,Garden Tools,74.9
6521,Furniture Decor Item #3d39ad,Furniture Decor,155.0
6522,Health Beauty Item #0eda6e,Health Beauty,104.0
6523,Music Item #a646cf,Music,24.9
6524,Furniture Decor Item #071e6d,Furniture Decor,179.0
6525,Food Item #774e2a,Food,189.9
6526,Housewares Item #ba0aea,Housewares,108.68
6527,Bed Bath Table Item #211d04,Bed Bath Table,84.44
6528,Furniture Decor Item #54d798,Furniture Decor,39.9
6529,Bed Bath Table Item #148c59,Bed Bath Table,22.5
6530,Toys Item #dd6a50,Toys,49.9
6531,Telephony Item #09c8fe,Telephony,49.99
6532,Telephony Item #9fee00,Telephony,27.99
6533,Auto Item #5a4ad4,Auto,79.9
6534,Baby Item #c3b957,Baby,79.0
6535,Luggage Accessories Item #3df027,Luggage Accessories,35.9
6536,Books General Interest Item #f35927,Books General Interest,115.0
6537,Furniture Living Room Item #196616,Furniture Living Room,103.99
6538,Perfumery Item #7dd3fe,Perfumery,276.5
6539,Health Beauty Item #ba7b70,Health Beauty,499.0
6540,Electronics Item #dd0dce,Electronics,23.43
6541,Auto Item #dce7d5,Auto,159.0
6542,Sports Leisure Item #ec268f,Sports Leisure,104.9
6543,Health Beauty Item #b12f82,Health Beauty,30.79
6544,Cool Stuff Item #abe6b1,Cool Stuff,29.9
6545,Health Beauty Item #386eeb,Health Beauty,59.9
6546,Health Beauty Item #5bbcc3,Health Beauty,107.0
6547,Bed Bath Table Item #f89caa,Bed Bath Table,45.9
6548,Furniture Decor Item #fee241,Furniture Decor,69.9
6549,Toys Item #92d68e,Toys,181.55
6550,Pet Shop Item #5ad76c,Pet Shop,11.99
6551,Furniture Living Room Item #02cd41,Furniture Living Room,49.9
6552,Garden Tools Item #01847c,Garden Tools,48.0
6553,Furniture Decor Item #1015f4,Furniture Decor,83.9
6554,Telephony Item #6490b9,Telephony,280.0
6555,Sports Leisure Item #5be51b,Sports Leisure,54.9
6556,Sports Leisure Item #00e928,Sports Leisure,55.9
6557,Luggage Accessories Item #f0f464,Luggage Accessories,123.4
6558,Bed Bath Table Item #03e931,Bed Bath Table,53.0
6559,Bed Bath Table Item #440cb9,Bed Bath Table,207.0
6560,Stationery Item #e9cf37,Stationery,59.99
6561,Cool Stuff Item #2291d0,Cool Stuff,99.9
6562,Garden Tools Item #b249cf,Garden Tools,79.9
6563,Office Furniture Item #dc2cab,Office Furniture,129.99
6564,Books Technical Item #625d78,Books Technical,24.95
6565,Housewares Item #46737a,Housewares,200.0
6566,Computers Accessories Item #18e41d,Computers Accessories,1158.25
6567,Auto Item #b71bc7,Auto,269.0
6568,Health Beauty Item #45f134,Health Beauty,12.99
6569,Luggage Accessories Item #ba1cc0,Luggage Accessories,59.99
6570,Office Furniture Item #dbf47a,Office Furniture,136.99
6571,Housewares Item #44be57,Housewares,24.9
6572,Costruction Tools Tools Item #ba819e,Costruction Tools Tools,32.0
6573,Housewares Item #dff088,Housewares,219.9
6574,Housewares Item #ed7f66,Housewares,9.0
6575,Musical Instruments Item #663d6e,Musical Instruments,65.9
6576,Perfumery Item #d5d7ab,Perfumery,6.3
6577,Sports Leisure Item #d82b82,Sports Leisure,19.99
6578,Bed Bath Table Item #267b51,Bed Bath Table,49.9
6579,Fashion Bags Accessories Item #8920f1,Fashion Bags Accessories,39.99
6580,Furniture Decor Item #00636f,Furniture Decor,27.9
6581,Perfumery Item #b888a0,Perfumery,19.99
6582,Computers Accessories Item #a12c92,Computers Accessories,29.99
6583,Sports Leisure Item #34dc9b,Sports Leisure,119.0
6584,Bed Bath Table Item #905b38,Bed Bath Table,80.0
6585,Computers Accessories Item #748efd,Computers Accessories,639.92
6586,Watches Gifts Item #af940e,Watches Gifts,369.9
6587,Electronics Item #2002fc,Electronics,30.0
6588,Bed Bath Table Item #686b86,Bed Bath Table,279.9
6589,Stationery Item #6e5a50,Stationery,17.9
6590,Housewares Item #aa3cf7,Housewares,72.48
6591,Pet Shop Item #d254a7,Pet Shop,135.9
6592,Auto Item #878c61,Auto,16.9
6593,Sports Leisure Item #64f112,Sports Leisure,440.0
6594,Health Beauty Item #61472b,Health Beauty,159.0
6595,Telephony Item #28beef,Telephony,27.5
6596,Watches Gifts Item #a4385c,Watches Gifts,350.0
6597,Small Appliances Item #2d4500,Small Appliances,1199.0
6598,Housewares Item #adc48f,Housewares,5.3
6599,Fashion Male Clothing Item #e12569,Fashion Male Clothing,99.9
6600,Toys Item #dabbb1,Toys,125.65
6601,Fashion Bags Accessories Item #b9ca19,Fashion Bags Accessories,49.9
6602,Sports Leisure Item #336cfb,Sports Leisure,92.5
6603,Stationery Item #49ebaa,Stationery,25.99
6604,Construction Tools Safety Item #d15768,Construction Tools Safety,178.9
6605,Consoles Games Item #8ae7db,Consoles Games,154.9
6606,Books General Interest Item #edaf40,Books General Interest,29.9
6607,Furniture Decor Item #15b3d4,Furniture Decor,49.9
6608,Sports Leisure Item #934385,Sports Leisure,14.99
6609,Housewares Item #5a9f57,Housewares,69.0
6610,Watches Gifts Item #126abb,Watches Gifts,209.0
6611,Auto Item #01f2d7,Auto,79.9
6612,Auto Item #d3e100,Auto,108.9
6613,Housewares Item #e4ef51,Housewares,98.3
6614,Auto Item #f0146f,Auto,60.0
6615,Computers Accessories Item #478bad,Computers Accessories,54.9
6616,Cool Stuff Item #66b4cb,Cool Stuff,129.99
6617,Housewares Item #79aeb5,Housewares,459.9
6618,Cool Stuff Item #b137e6,Cool Stuff,59.99
6619,Health Beauty Item #6c6c60,Health Beauty,60.9
6620,Computers Accessories Item #acd999,Computers Accessories,60.2
6621,Health Beauty Item #3163d5,Health Beauty,50.4
6622,Computers Accessories Item #3d48b2,Computers Accessories,219.99
6623,Sports Leisure Item #d1b147,Sports Leisure,69.9
6624,Auto Item #6f7df3,Auto,399.9
6625,Toys Item #2fd89f,Toys,34.99
6626,Bed Bath Table Item #4cee3d,Bed Bath Table,69.99
6627,Watches Gifts Item #073ed4,Watches Gifts,379.0
6628,Computers Accessories Item #a75917,Computers Accessories,49.99
6629,Computers Accessories Item #cfc665,Computers Accessories,62.0
6630,Health Beauty Item #9ac56c,Health Beauty,48.4
6631,Bed Bath Table Item #b0c2a0,Bed Bath Table,135.9
6632,Musical Instruments Item #b90647,Musical Instruments,129.9
6633,Sports Leisure Item #2d0756,Sports Leisure,658.9
6634,Sports Leisure Item #edf932,Sports Leisure,140.7
6635,Sports Leisure Item #d91ee2,Sports Leisure,109.0
6636,Housewares Item #9e2ce8,Housewares,69.9
6637,Computers Accessories Item #f9d151,Computers Accessories,30.0
6638,Pet Shop Item #be588e,Pet Shop,265.0
6639,Bed Bath Table Item #41cdaa,Bed Bath Table,49.0
6640,Construction Tools Construction Item #ed00a8,Construction Tools Construction,38.9
6641,Electronics Item #802d4a,Electronics,415.99
6642,Furniture Decor Item #c22dc9,Furniture Decor,29.9
6643,Toys Item #08065c,Toys,84.99
6644,Home Appliances Item #ce9aea,Home Appliances,35.0
6645,Furniture Decor Item #a155b4,Furniture Decor,59.9
6646,Sports Leisure Item #cab49a,Sports Leisure,82.99
6647,Toys Item #f71493,Toys,49.99
6648,Baby Item #cba325,Baby,887.0
6649,Toys Item #fb7a10,Toys,49.99
6650,Telephony Item #1fbb1f,Telephony,39.9
6651,Furniture Decor Item #11185d,Furniture Decor,95.0
6652,Sports Leisure Item #72c4ed,Sports Leisure,31.99
6653,Furniture Decor Item #71a5f1,Furniture Decor,23.23
6654,Food Item #092be1,Food,66.39
6655,Bed Bath Table Item #879257,Bed Bath Table,64.9
6656,Toys Item #a37059,Toys,59.0
6657,Furniture Decor Item #675ead,Furniture Decor,109.9
6658,Uncategorized Item #c4ceee,Uncategorized,12.0
6659,Consoles Games Item #391a01,Consoles Games,129.9
6660,Watches Gifts Item #3e6d2b,Watches Gifts,92.44
6661,Auto Item #feb593,Auto,29.9
6662,Luggage Accessories Item #b0498e,Luggage Accessories,199.99
6663,Luggage Accessories Item #0505f2,Luggage Accessories,19.9
6664,Housewares Item #b18fa7,Housewares,69.0
6665,Health Beauty Item #ff0ba1,Health Beauty,165.7
6666,Telephony Item #022936,Telephony,21.99
6667,Housewares Item #ebb7cc,Housewares,99.99
6668,Housewares Item #70bf4f,Housewares,18.95
6669,Sports Leisure Item #7d1a66,Sports Leisure,112.0
6670,Housewares Item #44493e,Housewares,29.9
6671,Pet Shop Item #c1079a,Pet Shop,48.0
6672,Sports Leisure Item #ca9772,Sports Leisure,42.31
6673,Bed Bath Table Item #624a10,Bed Bath Table,59.0
6674,Computers Accessories Item #708874,Computers Accessories,34.5
6675,Health Beauty Item #c1cf54,Health Beauty,36.5
6676,Bed Bath Table Item #5bde14,Bed Bath Table,75.61
6677,Cool Stuff Item #9ce460,Cool Stuff,119.99
6678,Furniture Decor Item #6f79d5,Furniture Decor,119.9
6679,Computers Accessories Item #59dae5,Computers Accessories,358.0
6680,Bed Bath Table Item #dfec64,Bed Bath Table,84.9
6681,Housewares Item #c4e71b,Housewares,24.33
6682,Furniture Decor Item #a0b7d5,Furniture Decor,69.9
6683,Bed Bath Table Item #9a7c60,Bed Bath Table,127.5
