review_id,order_id,review_score,review_date
1,9272,5,2018-02-17
2,6250,5,2018-08-14
3,2873,5,2017-12-23
4,5808,5,2018-05-23
5,3666,5,2018-07-10
6,3728,5,2017-09-09
7,2915,5,2017-12-01
8,4247,5,2018-06-13
9,7177,5,2017-08-09
10,9498,5,2018-01-12
11,1639,5,2018-04-06
12,2533,5,2018-01-04
13,5733,1,2018-03-07
14,1678,5,2018-04-06
15,6407,5,2017-12-12
16,7266,5,2017-10-31
17,9857,5,2018-01-30
18,2331,4,2018-06-26
19,7821,1,2018-04-05
20,5592,5,2018-04-28
21,5216,5,2017-12-29
22,5051,5,2017-12-02
23,6615,5,2017-08-08
24,3693,5,2018-05-05
25,6088,5,2018-02-20
26,1480,1,2018-02-24
27,8066,5,2018-08-22
28,898,5,2018-02-17
29,7939,1,2018-03-14
30,9126,5,2017-10-08
31,2062,3,2018-06-12
32,3955,1,2018-03-11
33,1892,4,2017-10-22
34,5099,1,2018-08-05
35,1525,5,2017-07-26
36,472,5,2018-03-09
37,9940,5,2017-09-26
38,3236,3,2017-12-30
39,5531,5,2018-04-24
40,7518,1,2018-04-27
41,792,5,2018-03-01
42,1758,5,2017-11-10
43,650,5,2017-07-27
44,9372,5,2018-04-04
45,6041,5,2018-05-10
46,5971,5,2017-09-14
47,8113,4,2018-02-08
48,9197,5,2017-09-06
49,6923,1,2017-11-05
50,6599,5,2017-11-29
51,3980,5,2018-03-27
52,5811,4,2018-08-16
53,8291,5,2018-05-11
54,6856,5,2017-12-07
55,6483,5,2018-06-26
56,4592,3,2018-07-07
57,8827,5,2018-01-10
58,8629,4,2018-06-17
59,7873,5,2018-04-08
60,6243,5,2018-05-11
61,8992,5,2017-04-12
62,3585,5,2018-01-11
63,5124,5,2017-12-08
64,1469,4,2017-08-02
65,1239,1,2017-12-14
66,1570,5,2018-03-01
67,9477,5,2018-04-14
68,8102,5,2017-10-25
69,4145,5,2018-07-03
70,866,5,2018-05-03
71,1342,5,2017-11-01
72,6897,5,2018-05-24
73,9603,5,2018-08-24
74,3642,5,2017-03-15
75,7038,3,2017-06-03
76,5027,5,2018-02-09
77,1699,5,2018-05-18
78,304,1,2017-11-19
79,3576,5,2018-08-07
80,262,5,2018-08-16
81,321,5,2018-04-18
82,473,3,2018-02-16
83,67,4,2018-02-01
84,1661,5,2018-04-19
85,3977,4,2018-08-03
86,3572,5,2018-07-10
87,7263,5,2017-07-20
88,6868,3,2018-05-25
89,5018,3,2018-08-15
90,8362,5,2017-07-14
91,7096,5,2018-08-31
92,1138,5,2018-08-17
93,7959,3,2017-10-22
94,5269,5,2018-07-27
95,6798,2,2018-04-27
96,582,5,2017-10-07
97,7304,5,2018-07-29
98,9865,4,2018-02-28
99,4163,5,2017-11-15
100,7669,3,2018-06-15
101,1957,1,2017-12-31
102,192,5,2017-09-20
103,9736,5,2017-07-29
104,175,4,2018-04-17
105,6031,4,2017-06-06
106,3630,5,2017-09-07
107,9434,4,2017-05-03
108,8854,3,2018-03-22
109,4127,4,2018-01-27
110,6735,5,2017-11-01
111,1573,5,2018-01-05
112,2427,1,2018-07-31
113,3443,5,2018-03-17
114,4250,5,2018-03-16
115,3873,5,2017-10-31
116,1042,1,2017-12-06
117,5029,5,2018-03-17
118,3331,5,2018-06-27
119,3409,5,2018-03-17
120,5965,1,2018-03-21
121,4110,1,2017-11-19
122,4735,5,2017-07-13
123,3245,2,2017-10-01
124,2746,5,2017-03-30
125,5399,2,2017-05-16
126,3942,5,2018-01-01
127,979,4,2017-08-23
128,3179,4,2018-07-08
129,5247,1,2017-06-24
130,9084,4,2017-11-11
131,4972,5,2018-02-17
132,78,3,2018-01-21
133,8824,1,2018-04-28
134,1292,5,2017-12-01
135,1798,5,2017-08-25
136,8459,3,2018-07-11
137,96,5,2017-08-15
138,8071,5,2018-08-25
139,4891,2,2018-06-21
140,7127,5,2018-01-25
141,1960,5,2017-04-05
142,9163,5,2018-02-07
143,5683,5,2018-05-12
144,2923,5,2018-07-24
145,276,5,2017-02-21
146,3477,5,2017-06-06
147,1755,4,2018-05-11
148,1250,3,2018-06-09
149,8578,5,2018-01-12
150,5198,5,2017-10-25
151,126,5,2018-08-11
152,2919,1,2017-06-11
153,7219,4,2017-03-29
154,904,5,2017-10-12
155,7399,5,2017-12-12
156,6505,5,2017-06-01
157,3810,4,2017-10-06
158,119,5,2018-05-12
159,4791,1,2018-04-04
160,6,4,2018-03-02
161,3042,1,2017-05-20
162,8142,5,2018-02-23
163,1146,4,2018-02-07
164,5892,4,2018-07-13
165,9275,5,2018-07-28
166,953,5,2017-02-23
167,348,5,2017-12-13
168,3739,5,2017-03-16
169,7983,5,2017-07-20
170,6754,4,2018-05-11
171,2300,4,2017-12-14
172,1471,5,2017-08-15
173,6167,5,2018-02-20
174,5041,4,2018-08-01
175,2166,5,2018-08-18
176,3265,5,2018-01-07
177,2142,5,2017-08-15
178,5020,4,2017-05-03
179,7740,5,2018-08-01
180,6834,5,2018-08-23
181,476,5,2017-03-25
182,2880,4,2017-12-21
183,9005,1,2018-05-23
184,4364,4,2018-04-24
185,4362,5,2018-04-28
186,195,5,2017-09-01
187,6383,5,2017-11-25
188,1181,5,2017-05-25
189,8035,3,2017-07-18
190,8771,5,2018-01-31
191,1681,5,2018-05-03
192,6224,5,2018-07-24
193,8905,5,2017-09-13
194,351,5,2018-02-28
195,8943,5,2018-02-02
196,9741,5,2018-02-06
197,2472,3,2017-10-04
198,7619,5,2018-02-28
199,2767,4,2018-08-17
200,5343,5,2018-03-20
201,2352,5,2017-10-26
202,3315,4,2018-01-23
203,4566,5,2017-07-11
204,7883,5,2018-08-11
205,2105,5,2018-05-25
206,7720,5,2018-07-26
207,4072,5,2018-05-19
208,4960,5,2017-12-13
209,8993,5,2018-03-24
210,1626,5,2018-05-17
211,9082,5,2018-03-14
212,6252,5,2017-12-05
213,7989,3,2017-10-14
214,1709,5,2018-01-11
215,4210,4,2017-08-13
216,3401,5,2017-12-14
217,3181,3,2018-08-24
218,7009,5,2017-12-18
219,353,5,2017-07-08
220,991,5,2018-04-24
221,3934,5,2017-11-01
222,4831,5,2018-03-14
223,1615,3,2018-02-09
224,3811,5,2018-08-10
225,1764,5,2017-11-08
226,7998,5,2018-08-01
227,6580,5,2018-04-19
228,6337,5,2017-11-19
229,2231,5,2018-03-14
230,4802,5,2018-02-07
231,3167,5,2017-12-01
232,960,5,2018-06-27
233,4764,4,2017-03-22
234,9381,5,2017-03-14
235,3353,5,2018-03-06
236,5301,4,2018-06-05
237,5331,2,2018-06-12
238,2008,4,2018-05-17
239,7329,3,2018-04-07
240,7045,1,2018-03-08
241,9075,5,2017-07-06
242,2927,3,2017-09-17
243,387,4,2018-03-13
244,1381,1,2018-03-02
245,9589,5,2017-02-15
246,4886,4,2017-06-06
247,8116,5,2017-08-01
248,224,4,2018-01-12
249,6732,1,2018-04-04
250,767,5,2017-08-31
251,3891,5,2018-08-08
252,517,5,2018-03-14
253,9492,1,2018-01-06
254,6530,3,2018-04-27
255,4948,5,2017-11-17
256,3430,1,2018-05-25
257,9578,5,2018-04-26
258,4030,5,2017-10-12
259,3499,5,2018-08-07
260,7064,2,2018-08-14
261,8577,5,2017-05-12
262,5348,1,2017-10-18
263,2774,5,2017-05-31
264,1514,1,2018-08-29
265,415,1,2018-08-24
266,6166,5,2018-06-19
267,3010,4,2018-05-01
268,7483,5,2018-08-09
269,147,1,2018-01-07
270,2108,5,2017-12-30
271,6043,5,2017-12-08
272,6372,1,2017-12-29
273,5792,5,2018-02-18
274,5450,4,2017-10-20
275,938,4,2017-11-01
276,7090,5,2018-03-30
277,1645,5,2017-12-06
278,1588,5,2017-03-17
279,5118,5,2017-10-18
280,5620,1,2017-12-23
281,3290,5,2017-04-04
282,5022,5,2018-06-28
283,1182,5,2018-02-27
284,5266,5,2018-05-15
285,3182,4,2018-04-18
286,6356,5,2017-08-23
287,2246,4,2018-05-04
288,5176,5,2017-03-21
289,5315,5,2017-09-14
290,4355,5,2018-01-16
291,5292,4,2018-03-23
292,9396,4,2018-06-16
293,1175,5,2017-12-10
294,5791,5,2018-01-20
295,8239,5,2018-03-06
296,5098,5,2017-05-05
297,6063,5,2017-08-09
298,4005,5,2018-04-11
299,7607,4,2017-10-21
300,4589,5,2018-03-21
301,2999,5,2017-07-30
302,6171,5,2017-04-05
303,3513,1,2018-02-04
304,2819,3,2017-12-29
305,2602,5,2017-08-17
306,2368,5,2018-07-03
307,8778,2,2017-04-08
308,5814,5,2017-12-07
309,6501,5,2018-08-26
310,384,5,2017-09-13
311,4473,5,2017-08-11
312,410,5,2018-01-06
313,7585,5,2018-07-25
314,2848,5,2017-04-08
315,7164,1,2017-09-15
316,5071,4,2018-07-07
317,9664,2,2018-08-24
318,7634,5,2017-10-26
319,2422,5,2017-10-03
320,2865,4,2018-03-07
321,4456,5,2017-08-04
322,547,3,2017-11-01
323,1646,1,2018-03-11
324,6815,4,2018-07-14
325,2220,5,2017-06-06
326,431,2,2017-12-24
327,884,5,2017-10-24
328,7689,4,2018-07-21
329,7454,5,2017-07-22
330,9316,4,2017-12-30
331,4561,5,2018-01-18
332,5521,5,2017-08-26
333,9486,5,2018-08-11
334,1530,5,2017-11-07
335,2475,1,2018-06-09
336,7880,5,2018-07-05
337,5608,4,2017-08-26
338,9242,4,2017-12-06
339,9173,4,2017-08-11
340,3456,4,2018-04-04
341,4927,5,2018-08-14
342,912,1,2018-04-14
343,2130,1,2018-02-17
344,422,5,2018-05-09
345,4643,4,2017-10-20
346,9270,5,2018-07-03
347,9758,5,2017-08-17
348,3753,4,2017-06-04
349,4111,5,2017-02-15
350,7309,5,2018-08-08
351,8782,5,2017-12-04
352,8,5,2018-04-27
353,3251,3,2018-02-17
354,4519,5,2018-01-31
355,267,3,2017-06-03
356,5817,5,2018-02-16
357,8761,5,2017-08-22
358,3471,5,2018-04-03
359,1839,5,2018-04-16
360,1880,5,2018-08-10
361,4934,5,2018-06-25
362,136,4,2017-10-31
363,6295,5,2017-10-18
364,1018,5,2017-08-09
365,3338,1,2018-06-08
366,1369,4,2018-05-06
367,8146,1,2018-04-05
368,1332,5,2017-10-11
369,2853,5,2018-04-08
370,7326,4,2018-02-20
371,2211,3,2017-12-29
372,6447,5,2017-03-14
373,3356,5,2018-07-24
374,6689,4,2018-04-27
375,7053,5,2017-10-28
376,9030,2,2017-10-20
377,4041,5,2018-04-12
378,7268,1,2018-03-31
379,7091,5,2018-03-15
380,6121,1,2018-04-04
381,854,4,2018-08-14
382,2409,2,2018-05-05
383,518,5,2017-12-05
384,6131,4,2018-06-26
385,908,5,2017-05-27
386,1501,5,2018-06-27
387,968,5,2018-08-28
388,1069,3,2018-05-05
389,4783,3,2017-09-01
390,2972,1,2017-12-06
391,8420,3,2017-12-01
392,2599,5,2018-02-22
393,5735,5,2017-11-18
394,9004,5,2018-04-04
395,496,1,2018-02-15
396,4189,5,2017-09-26
397,5193,4,2017-07-13
398,8501,4,2017-03-11
399,1447,5,2018-02-27
400,3704,5,2018-04-25
401,1361,4,2018-04-05
402,2657,1,2018-03-23
403,8833,5,2018-07-11
404,1058,4,2017-08-05
405,5175,5,2018-01-09
406,279,4,2018-02-06
407,4361,1,2017-12-06
408,84,5,2017-07-05
409,2260,5,2018-02-15
410,3411,4,2018-03-09
411,2213,4,2017-10-03
412,3514,5,2018-03-23
413,6113,5,2017-12-23
414,8219,5,2017-06-20
415,9970,5,2017-09-20
416,7058,5,2018-05-20
417,4900,5,2017-05-25
418,2900,5,2018-03-20
419,9630,3,2017-08-25
420,4618,5,2018-06-19
421,3437,1,2018-05-03
422,5895,4,2017-11-07
423,880,5,2018-02-10
424,7245,4,2017-04-18
425,5122,5,2018-06-06
426,125,5,2017-05-30
427,4454,5,2017-03-25
428,2271,5,2017-07-01
429,5999,3,2018-05-09
430,4812,4,2017-08-15
431,3063,5,2018-05-01
432,1647,5,2017-12-03
433,8497,2,2018-08-09
434,1802,3,2018-07-25
435,2916,4,2017-12-13
436,1003,5,2017-09-19
437,5458,5,2018-08-23
438,256,4,2018-06-26
439,8635,5,2017-10-03
440,6159,5,2017-02-22
441,2411,5,2018-04-03
442,8157,3,2018-03-31
443,1565,2,2017-03-25
444,8507,5,2017-09-24
445,745,5,2017-11-10
446,1817,4,2017-10-19
447,4677,1,2017-04-23
448,6717,1,2017-08-17
449,456,5,2018-04-24
450,4246,5,2017-08-05
451,9416,4,2017-05-24
452,9543,5,2018-05-23
453,3332,1,2018-05-04
454,4251,5,2018-02-11
455,9904,5,2018-01-24
456,9714,1,2018-04-08
457,6830,1,2017-09-09
458,515,4,2018-08-17
459,1090,5,2017-07-25
460,3633,5,2018-03-02
461,3888,5,2017-12-30
462,3948,5,2018-01-28
463,3084,5,2018-05-12
464,4689,5,2017-06-01
465,5798,2,2018-08-29
466,9564,5,2017-06-20
467,5075,5,2018-07-04
468,3652,5,2017-03-23
469,2178,3,2018-04-12
470,1968,5,2017-09-13
471,2227,5,2018-08-30
472,1589,4,2017-05-06
473,6199,5,2018-06-25
474,146,5,2018-08-17
475,9081,5,2018-06-16
476,4907,5,2017-12-08
477,7911,4,2018-04-04
478,347,5,2017-10-14
479,8527,5,2017-06-21
480,1827,5,2018-03-01
481,2235,5,2017-12-06
482,8220,5,2017-07-22
483,6467,4,2017-06-28
484,9645,1,2018-02-17
485,6020,5,2017-04-04
486,558,4,2018-07-30
487,9765,5,2018-05-10
488,7447,4,2017-12-27
489,3578,3,2018-06-07
490,6592,5,2017-03-18
491,5529,5,2017-07-04
492,8247,5,2018-02-17
493,3840,3,2018-03-29
494,7818,4,2017-11-26
495,5407,5,2017-09-12
496,2520,5,2018-04-11
497,7944,5,2017-06-27
498,1244,4,2017-08-16
499,7612,5,2017-09-15
500,5568,4,2018-05-17
501,2944,1,2017-06-23
502,8584,5,2017-09-10
503,610,5,2018-03-02
504,8238,5,2018-08-01
505,673,5,2017-02-23
506,5576,5,2017-08-19
507,7723,5,2018-08-08
508,3166,5,2017-11-25
509,8465,3,2017-08-15
510,4916,5,2017-08-17
511,144,5,2018-05-10
512,7626,5,2017-04-19
513,5756,4,2017-05-13
514,7324,3,2018-01-27
515,3060,5,2017-12-16
516,702,1,2018-02-27
517,7158,5,2018-04-17
518,6239,5,2017-08-26
519,6132,5,2018-02-06
520,7063,5,2018-01-07
521,7226,1,2017-08-12
522,6823,1,2017-03-31
523,3467,5,2017-10-25
524,1275,4,2018-05-03
525,9731,4,2018-05-23
526,4282,5,2018-08-09
527,8858,2,2017-08-05
528,1035,5,2017-05-04
529,4276,5,2018-07-12
530,3059,1,2018-02-17
531,6853,4,2018-07-28
532,6402,1,2017-03-29
533,9680,4,2017-12-07
534,3438,5,2017-08-25
535,1243,5,2018-03-20
536,2502,1,2018-02-02
537,3817,5,2017-03-23
538,585,5,2018-03-15
539,508,5,2018-05-30
540,4879,5,2017-05-06
541,588,3,2017-12-28
542,4340,5,2017-11-08
543,3486,5,2017-08-04
544,4829,1,2018-04-08
545,1027,5,2018-08-10
546,3228,5,2017-10-04
547,157,5,2018-08-04
548,8538,5,2017-07-14
549,3208,5,2018-08-07
550,2656,5,2018-08-13
551,3288,3,2018-07-06
552,8319,5,2018-02-16
553,9677,5,2018-06-26
554,3897,1,2018-04-19
555,732,3,2018-05-12
556,9703,3,2018-01-30
557,2809,5,2018-02-17
558,4091,5,2017-09-19
559,2803,5,2018-03-15
560,8405,5,2017-05-18
561,8714,4,2017-10-26
562,8050,4,2017-06-03
563,469,5,2017-03-08
564,316,5,2018-08-30
565,770,5,2017-06-11
566,6914,5,2017-03-23
567,2995,3,2018-01-06
568,7741,5,2017-12-07
569,7947,4,2018-07-27
570,2719,5,2018-01-26
571,3461,5,2017-08-09
572,2173,4,2017-02-11
573,8242,3,2017-09-13
574,7987,2,2018-04-05
575,542,2,2018-04-27
576,5229,5,2018-02-01
577,3470,5,2017-12-19
578,7284,5,2018-02-22
579,6789,5,2017-09-21
580,6327,1,2018-06-17
581,498,2,2017-04-29
582,9673,5,2018-07-05
583,1276,3,2018-05-29
584,5835,5,2018-08-09
585,5652,4,2018-03-27
586,8059,5,2018-05-03
587,3313,5,2018-07-28
588,7077,1,2017-12-30
589,1999,5,2018-07-07
590,4447,4,2017-07-21
591,4011,4,2017-11-04
592,3220,5,2017-09-01
593,8659,5,2018-01-07
594,3909,5,2017-02-01
595,5595,5,2018-01-11
596,8042,5,2017-12-06
597,9961,5,2017-10-21
598,9017,1,2017-06-22
599,8979,5,2017-06-01
600,453,5,2017-07-14
601,7401,4,2018-04-20
602,5738,5,2018-07-10
603,7646,5,2017-06-15
604,7759,5,2018-06-19
605,7339,5,2018-08-03
606,5540,1,2017-12-23
607,1933,3,2017-05-10
608,4945,5,2018-06-30
609,8477,5,2018-03-13
610,5379,4,2018-03-14
611,5507,5,2017-09-14
612,6922,5,2018-03-30
613,2198,1,2018-04-15
614,8045,4,2017-03-03
615,2226,5,2017-10-24
616,1421,5,2018-04-07
617,4420,5,2017-12-15
618,8646,5,2017-02-02
619,7625,5,2017-03-29
620,3711,5,2018-05-06
621,2963,5,2017-05-09
622,5483,1,2018-04-14
623,872,1,2018-07-04
624,8490,2,2017-11-23
625,6352,3,2017-11-29
626,9278,4,2018-06-13
627,1308,5,2017-12-07
628,7488,5,2018-07-03
629,9915,4,2018-02-21
630,7171,5,2017-06-29
631,115,4,2017-11-08
632,8517,2,2018-03-29
633,647,5,2017-12-05
634,9359,5,2017-04-19
635,8745,5,2017-12-16
636,5010,4,2017-04-19
637,5767,4,2017-09-22
638,9922,4,2017-08-05
639,299,5,2018-05-05
640,9792,5,2017-09-30
641,1300,5,2017-11-15
642,9025,4,2017-09-22
643,1608,5,2018-06-06
644,2943,2,2018-07-14
645,239,5,2018-02-17
646,8012,5,2017-03-10
647,7589,1,2018-04-13
648,1237,5,2017-08-24
649,6663,5,2017-09-19
650,2589,3,2018-02-18
651,3672,5,2018-07-04
652,3276,1,2018-02-01
653,3204,5,2018-07-07
654,749,5,2018-06-20
655,2495,5,2017-04-12
656,5473,1,2018-02-23
657,1420,4,2018-02-21
658,7985,4,2018-04-22
659,8395,5,2018-08-28
660,6795,3,2017-10-04
661,8368,2,2018-02-23
662,7891,5,2018-02-20
663,787,3,2018-06-15
664,9109,5,2017-09-22
665,2042,5,2017-04-01
666,4474,1,2018-07-13
667,8403,4,2017-10-12
668,7100,4,2018-03-25
669,8281,5,2018-05-17
670,4042,3,2018-05-01
671,7441,5,2017-09-30
672,6311,5,2017-10-25
673,1123,5,2018-03-22
674,6928,5,2018-01-23
675,3301,4,2018-05-24
676,2897,4,2017-07-22
677,3911,5,2018-08-04
678,5497,5,2017-10-14
679,9158,5,2018-05-24
680,273,1,2018-05-31
681,143,2,2017-08-26
682,19,4,2017-10-07
683,6752,5,2018-02-25
684,9807,2,2017-08-09
685,9921,5,2018-08-08
686,2279,5,2018-06-15
687,1558,5,2018-03-03
688,378,1,2018-01-10
689,6649,5,2018-01-18
690,5372,5,2018-03-29
691,2201,5,2018-02-24
692,4301,4,2017-12-16
693,9192,5,2018-07-31
694,8567,1,2017-07-05
695,4346,4,2018-06-13
696,3310,5,2017-10-08
697,3703,4,2017-12-15
698,7084,1,2017-12-21
699,7198,3,2018-04-19
700,9306,4,2017-09-23
701,1592,1,2018-04-06
702,4398,5,2017-10-11
703,4512,5,2018-03-15
704,5433,5,2017-12-29
705,2120,5,2018-02-07
706,4594,5,2018-08-04
707,8172,5,2018-06-26
708,8512,5,2018-03-28
709,5609,3,2018-04-18
710,9302,5,2018-08-01
711,3832,5,2017-08-24
712,9585,4,2018-03-06
713,7878,5,2018-05-01
714,6051,5,2017-07-08
715,6116,5,2018-08-28
716,7712,5,2018-02-06
717,4718,5,2018-01-27
718,4616,4,2018-06-14
719,6395,5,2017-05-30
720,8819,4,2018-08-11
721,4108,3,2018-04-11
722,8337,3,2018-03-30
723,5621,5,2017-08-24
724,6894,4,2018-08-01
725,4443,5,2018-04-03
726,5064,4,2018-01-05
727,6960,5,2018-04-06
728,9596,4,2018-08-30
729,5544,3,2017-10-27
730,8369,1,2017-12-16
731,8688,5,2018-08-25
732,2608,1,2017-12-12
733,8769,4,2017-12-30
734,9015,5,2018-03-22
735,5004,5,2018-06-23
736,6861,5,2017-08-12
737,3870,5,2018-01-05
738,9838,5,2017-09-13
739,4915,5,2017-08-12
740,6284,5,2017-08-02
741,2001,5,2018-04-24
742,2742,5,2018-03-09
743,1776,5,2017-12-12
744,2333,4,2017-06-09
745,3528,5,2017-06-21
746,2379,4,2018-04-26
747,5131,5,2018-06-16
748,3038,5,2018-05-29
749,483,5,2018-07-31
750,7582,5,2018-01-27
751,1030,1,2018-02-02
752,6225,5,2018-04-27
753,6982,4,2018-02-01
754,102,5,2017-10-12
755,8384,1,2018-04-20
756,5307,4,2017-11-23
757,3895,5,2018-08-01
758,3407,5,2018-05-08
759,2903,3,2017-10-14
760,6972,5,2017-12-31
761,2799,5,2017-04-12
762,9661,5,2018-07-24
763,596,5,2017-12-03
764,9764,5,2018-05-10
765,4962,5,2018-04-07
766,5718,3,2018-04-06
767,5337,5,2018-01-09
768,6852,3,2018-04-13
769,6869,5,2017-05-24
770,4004,5,2017-08-22
771,9813,5,2018-05-19
772,3778,2,2017-11-24
773,3961,5,2018-02-22
774,5935,2,2018-05-17
775,5728,5,2018-08-14
776,2815,5,2017-11-22
777,2078,5,2017-10-01
778,4876,5,2018-04-05
779,5321,5,2018-05-08
780,3093,5,2018-02-26
781,2024,3,2018-08-05
782,6285,5,2018-08-25
783,3410,5,2017-12-21
784,8738,5,2018-01-24
785,2384,4,2018-06-12
786,7428,1,2018-03-16
787,7407,5,2018-05-05
788,1804,5,2017-05-17
789,7554,5,2018-05-19
790,7374,4,2017-09-28
791,5167,4,2018-07-28
792,7955,5,2018-02-18
793,7414,4,2018-01-05
794,5796,1,2018-04-20
795,7461,5,2018-06-28
796,7257,5,2018-06-27
797,1083,5,2018-04-06
798,7497,2,2018-05-04
799,1122,5,2018-03-08
800,1485,5,2018-06-26
801,3594,4,2018-05-05
802,5515,3,2018-01-12
803,1225,5,2018-08-17
804,3659,4,2017-06-06
805,3695,5,2018-04-20
806,2383,4,2017-11-17
807,3527,1,2018-04-14
808,920,5,2017-07-02
809,7448,5,2018-05-23
810,2974,5,2018-02-17
811,8671,4,2017-06-09
812,5391,4,2017-09-14
813,1560,3,2017-07-19
814,5213,5,2017-08-02
815,8234,5,2017-06-11
816,8811,5,2018-04-27
817,9140,5,2018-08-30
818,6333,5,2018-02-26
819,586,5,2017-09-01
820,2850,3,2018-06-27
821,2817,1,2018-03-23
822,8195,4,2018-03-24
823,9657,1,2018-04-19
824,3043,5,2018-03-09
825,966,4,2017-12-19
826,7711,3,2018-07-04
827,4204,5,2017-11-15
828,2554,4,2018-08-21
829,9235,5,2018-02-08
830,1752,4,2018-02-28
831,7132,5,2018-08-01
832,495,4,2017-06-13
833,445,5,2017-08-11
834,7851,2,2018-03-06
835,2992,4,2018-07-25
836,1298,4,2018-08-21
837,1364,5,2017-05-10
838,4698,5,2018-06-12
839,5525,5,2018-01-11
840,7623,4,2018-02-07
841,756,5,2018-03-27
842,791,4,2017-08-29
843,6669,4,2018-04-15
844,2240,5,2017-10-06
845,2404,4,2017-09-15
846,6123,5,2018-04-03
847,155,5,2018-01-19
848,4324,5,2017-12-28
849,3429,1,2018-05-17
850,5028,4,2018-05-24
851,2891,2,2017-02-04
852,5163,5,2017-11-21
853,1828,1,2018-03-14
854,6973,5,2018-08-17
855,3915,5,2018-04-25
856,310,3,2017-03-02
857,5908,5,2017-12-05
858,8098,5,2018-08-15
859,4599,5,2017-12-06
860,6056,4,2017-07-25
861,6762,4,2017-12-04
862,2301,5,2018-02-22
863,5211,5,2018-02-03
864,2104,5,2018-05-23
865,5335,5,2018-06-23
866,1723,4,2017-05-05
867,925,4,2018-06-12
868,9927,5,2017-07-27
869,5017,5,2017-08-12
870,5682,5,2017-06-14
871,3545,5,2018-07-11
872,6768,5,2018-01-24
873,7233,5,2018-02-07
874,2869,5,2018-01-06
875,9473,1,2018-05-12
876,9891,5,2017-12-21
877,1314,5,2018-05-03
878,4287,5,2018-08-08
879,6044,4,2017-02-25
880,5409,4,2018-02-04
881,5913,2,2018-08-09
882,6942,5,2018-08-14
883,1925,4,2017-04-06
884,9456,5,2018-08-29
885,2743,4,2017-12-18
886,4295,5,2017-07-12
887,523,4,2018-05-23
888,6563,4,2018-06-10
889,4932,1,2017-09-20
890,688,5,2018-06-19
891,8506,5,2018-05-12
892,9827,5,2017-11-18
893,9073,1,2017-12-06
894,9349,5,2017-09-29
895,3073,5,2018-07-24
896,7731,1,2017-05-26
897,6312,5,2017-08-25
898,9821,5,2018-03-30
899,2038,4,2018-08-29
900,7790,1,2018-08-23
901,7860,5,2017-10-17
902,7565,5,2018-06-21
903,6445,5,2017-07-26
904,8211,4,2018-06-19
905,1572,5,2018-08-22
906,9923,5,2018-05-01
907,5084,4,2018-01-04
908,6921,5,2018-04-27
909,3104,5,2017-08-29
910,3641,5,2018-05-30
911,6396,5,2018-05-23
912,9304,5,2017-12-28
913,3819,1,2018-04-04
914,6104,5,2018-01-13
915,8342,5,2017-10-08
916,9331,4,2017-12-19
917,5285,4,2017-10-15
918,9690,1,2017-12-16
919,793,5,2018-08-05
920,2716,3,2018-04-11
921,8539,3,2017-11-19
922,5626,5,2017-09-30
923,4405,5,2018-05-05
924,6404,5,2018-03-30
925,9830,5,2017-12-07
926,2132,5,2017-08-31
927,4485,4,2018-05-03
928,7211,4,2018-04-05
929,4567,5,2017-04-06
930,7237,5,2017-12-20
931,4094,5,2018-05-31
932,4871,5,2018-01-17
933,628,4,2017-05-17
934,1928,5,2018-03-10
935,7455,5,2017-12-01
936,4170,4,2017-02-16
937,1026,2,2018-08-14
938,3121,5,2017-12-12
939,9548,4,2018-04-13
940,2095,5,2018-06-06
941,6201,3,2018-07-04
942,7882,5,2017-07-19
943,5169,5,2018-02-24
944,9510,5,2018-05-18
945,4575,5,2018-08-02
946,7501,5,2018-05-22
947,6473,5,2018-04-20
948,480,4,2017-02-21
949,8681,4,2017-11-03
950,4665,5,2018-05-20
951,3186,5,2018-05-11
952,7337,5,2018-03-14
953,5599,5,2018-02-23
954,9225,4,2018-07-06
955,1577,1,2017-09-20
956,7021,4,2018-02-20
957,5186,5,2018-03-13
958,4363,5,2018-06-12
959,5396,5,2018-02-28
960,7583,5,2018-03-29
961,3854,1,2018-03-29
962,6261,5,2018-08-22
963,5963,4,2018-02-06
964,6281,5,2018-08-07
965,8597,3,2017-08-31
966,5898,1,2018-04-07
967,2482,4,2018-07-11
968,5044,5,2017-10-28
969,1313,1,2018-02-22
970,4316,5,2018-06-23
971,3995,5,2018-05-09
972,1724,5,2017-08-23
973,2097,5,2018-05-27
974,5338,5,2017-12-14
975,2454,5,2018-06-19
976,6197,4,2017-11-25
977,4930,5,2017-10-05
978,4215,4,2018-03-10
979,7686,5,2017-06-14
980,3882,5,2018-08-16
981,4707,4,2018-04-28
982,6109,4,2018-02-20
983,3745,5,2017-09-13
984,2261,1,2017-05-10
985,8448,5,2018-07-06
986,2734,5,2017-05-19
987,7415,5,2017-08-19
988,74,5,2017-11-26
989,1584,5,2018-05-24
990,4192,3,2018-05-04
991,1605,4,2017-07-27
992,7408,5,2018-06-06
993,4310,4,2018-04-18
994,6260,1,2017-12-08
995,8404,4,2018-03-18
996,2779,5,2018-06-29
997,8277,5,2018-04-24
998,3219,5,2017-06-13
999,4892,3,2018-02-02
1000,6004,5,2018-04-13
1001,3729,5,2017-10-15
1002,5654,1,2018-01-27
1003,2311,5,2018-04-13
1004,9394,5,2018-04-03
1005,4304,5,2017-07-13
1006,3790,5,2018-04-06
1007,6458,5,2018-08-01
1008,8377,5,2018-04-01
1009,9259,1,2018-08-21
1010,9266,5,2018-04-03
1011,4219,5,2017-08-13
1012,1495,4,2017-09-19
1013,6807,5,2018-08-31
1014,7972,3,2018-08-14
1015,9734,3,2018-01-11
1016,2244,5,2018-07-03
1017,8306,4,2018-03-10
1018,4843,1,2018-02-16
1019,8237,5,2017-09-09
1020,6780,5,2018-06-17
1021,8003,4,2017-06-14
1022,6152,2,2018-02-15
1023,3270,3,2017-08-25
1024,3103,5,2017-11-11
1025,816,1,2018-02-27
1026,5658,5,2018-05-19
1027,90,5,2018-05-04
1028,8724,5,2017-06-08
1029,7043,5,2018-06-06
1030,1818,3,2017-12-12
1031,6303,5,2017-10-27
1032,1574,3,2018-04-18
1033,8607,5,2017-04-04
1034,2961,4,2018-03-02
1035,3358,3,2017-12-22
1036,8087,1,2017-11-02
1037,9059,1,2018-08-03
1038,8840,5,2017-12-29
1039,6842,5,2018-02-09
1040,3912,1,2018-03-23
1041,7382,5,2017-10-20
1042,8620,5,2017-07-21
1043,8956,5,2018-02-01
1044,8511,5,2018-04-20
1045,716,5,2018-07-21
1046,2882,5,2018-04-13
1047,4430,5,2017-10-27
1048,7811,3,2018-05-06
1049,1840,5,2017-10-27
1050,3168,5,2018-06-14
1051,5841,3,2018-03-23
1052,1727,3,2017-03-30
1053,8005,1,2018-01-13
1054,9600,1,2018-03-17
1055,2962,5,2017-09-13
1056,2736,5,2018-08-07
1057,3772,5,2017-08-30
1058,4211,4,2018-03-14
1059,9759,1,2017-12-14
1060,5749,5,2018-08-30
1061,2252,5,2018-03-23
1062,9828,3,2018-01-05
1063,7867,5,2018-02-07
1064,4715,5,2018-07-31
1065,2636,5,2018-06-03
1066,5978,1,2018-03-09
1067,9963,3,2018-04-27
1068,3899,1,2018-02-23
1069,1229,5,2018-03-06
1070,1401,5,2018-08-15
1071,8737,2,2017-10-21
1072,4664,5,2017-11-26
1073,9846,3,2017-06-03
1074,9625,1,2017-12-23
1075,5009,5,2017-12-14
1076,5969,5,2018-01-23
1077,4515,5,2018-07-24
1078,1771,5,2017-07-29
1079,3011,4,2017-08-09
1080,197,1,2017-10-28
1081,6219,5,2017-02-18
1082,1704,3,2017-10-20
1083,2187,4,2018-04-24
1084,9022,3,2018-03-01
1085,533,4,2018-01-31
1086,5975,5,2017-11-28
1087,9706,4,2017-10-07
1088,1790,5,2018-05-27
1089,4574,4,2018-02-21
1090,8830,5,2017-09-15
1091,2085,5,2017-12-19
1092,9763,5,2018-02-16
1093,6334,5,2017-12-07
1094,6509,4,2018-05-29
1095,4586,5,2017-06-03
1096,3145,4,2018-08-16
1097,2698,5,2018-08-28
1098,2033,5,2017-12-13
1099,8275,4,2018-04-18
1100,6234,4,2018-01-19
1101,3120,5,2018-01-17
1102,9240,3,2018-06-13
1103,6271,5,2017-12-20
1104,9884,4,2017-03-07
1105,4496,5,2017-07-21
1106,3505,1,2017-08-23
1107,8407,4,2017-09-14
1108,7785,5,2018-08-17
1109,3158,5,2018-03-21
1110,1862,5,2018-07-11
1111,8437,5,2018-06-14
1112,5453,5,2017-08-29
1113,7222,1,2018-04-13
1114,5961,4,2018-07-28
1115,3007,4,2017-05-13
1116,3543,5,2017-10-02
1117,9007,5,2018-08-29
1118,8766,5,2018-04-27
1119,2910,4,2018-05-24
1120,3080,5,2018-08-25
1121,3035,5,2018-04-11
1122,5880,4,2018-04-01
1123,6339,1,2018-04-07
1124,5487,5,2017-08-27
1125,1532,5,2018-06-26
1126,1677,5,2018-05-15
1127,6255,5,2017-10-07
1128,9995,4,2017-05-25
1129,8894,3,2018-05-20
1130,8137,3,2017-03-03
1131,9390,5,2017-12-19
1132,3113,5,2018-05-12
1133,7770,4,2017-10-11
1134,8385,5,2018-08-21
1135,5502,5,2017-06-22
1136,1974,5,2017-09-12
1137,6933,5,2017-05-03
1138,6920,5,2017-07-21
1139,6749,5,2017-05-24
1140,8152,5,2018-08-10
1141,5602,5,2017-11-30
1142,1765,4,2017-02-15
1143,6816,4,2017-07-19
1144,8808,5,2017-12-21
1145,572,5,2018-01-28
1146,7485,3,2018-08-25
1147,2192,5,2017-07-18
1148,3902,5,2017-06-30
1149,6034,5,2018-05-05
1150,1519,1,2018-08-12
1151,2147,3,2018-02-22
1152,6425,5,2018-03-30
1153,8904,5,2017-12-21
1154,3725,5,2017-09-26
1155,7966,5,2018-03-24
1156,376,5,2017-12-28
1157,5454,5,2017-09-05
1158,9859,4,2017-12-15
1159,5954,5,2018-05-17
1160,969,5,2018-03-18
1161,3782,5,2018-07-12
1162,3661,5,2017-08-26
1163,8505,5,2017-11-24
1164,8177,5,2018-02-22
1165,2073,2,2017-05-13
1166,6903,1,2017-12-29
1167,5825,2,2018-02-02
1168,9165,5,2018-08-18
1169,3597,5,2017-09-22
1170,385,5,2018-07-06
1171,9463,5,2018-06-07
1172,4557,5,2017-11-28
1173,3134,5,2018-01-17
1174,4294,4,2018-04-17
1175,9284,5,2017-11-04
1176,1531,4,2018-05-16
1177,8055,5,2018-08-29
1178,719,5,2018-08-18
1179,5901,5,2017-07-01
1180,6099,5,2018-08-08
1181,4332,3,2018-07-31
1182,407,5,2017-06-29
1183,7392,1,2018-01-04
1184,6959,1,2017-12-09
1185,1294,1,2017-11-25
1186,4856,2,2017-06-22
1187,812,5,2018-06-07
1188,7472,5,2017-10-04
1189,8691,4,2017-07-15
1190,1328,4,2018-08-10
1191,6708,4,2018-08-17
1192,5537,1,2018-02-10
1193,9724,3,2017-07-21
1194,3989,5,2018-01-18
1195,1227,3,2017-07-25
1196,9840,5,2018-07-10
1197,6472,5,2018-08-08
1198,7834,5,2018-04-21
1199,108,5,2018-02-22
1200,2702,5,2018-07-25
1201,2548,4,2018-01-08
1202,1600,5,2018-02-09
1203,3307,1,2018-03-08
1204,6348,5,2018-07-04
1205,53,4,2018-05-04
1206,7539,1,2018-02-26
1207,1725,4,2018-05-15
1208,5580,4,2017-08-05
1209,522,5,2017-05-18
1210,7035,4,2017-12-04
1211,5006,5,2018-04-25
1212,5463,4,2017-12-07
1213,9974,5,2018-03-03
1214,5977,5,2018-04-21
1215,7628,4,2018-01-05
1216,682,1,2018-03-18
1217,1476,5,2018-05-05
1218,9257,1,2017-09-30
1219,6640,5,2018-08-02
1220,7732,1,2018-01-23
1221,4225,5,2017-10-29
1222,2150,5,2018-02-19
1223,1858,5,2017-04-06
1224,1189,3,2017-06-27
1225,4368,5,2017-12-17
1226,9269,5,2018-04-20
1227,9142,5,2018-02-19
1228,8034,5,2018-01-30
1229,1052,5,2018-08-01
1230,4104,5,2017-09-12
1231,4409,5,2018-01-23
1232,7584,5,2018-08-09
1233,3901,5,2018-05-09
1234,9343,5,2017-09-22
1235,5862,2,2017-02-09
1236,7568,3,2018-02-16
1237,3255,5,2017-12-14
1238,8323,4,2018-02-22
1239,30,5,2017-10-18
1240,9145,5,2018-04-03
1241,8670,1,2017-04-04
1242,9383,5,2018-05-05
1243,6292,5,2018-02-17
1244,5970,5,2018-05-22
1245,4223,4,2018-03-30
1246,207,2,2017-02-14
1247,7159,1,2018-08-26
1248,7915,3,2018-05-10
1249,1453,4,2017-11-12
1250,3448,3,2018-05-29
1251,4736,5,2017-10-19
1252,1837,5,2018-02-20
1253,8673,5,2018-04-14
1254,4205,5,2017-12-14
1255,6741,5,2017-05-18
1256,5072,4,2017-11-30
1257,2264,4,2017-08-04
1258,4106,4,2018-08-31
1259,6158,5,2017-06-08
1260,7411,4,2017-12-09
1261,8850,3,2018-03-21
1262,695,5,2017-11-28
1263,2157,5,2017-12-10
1264,9123,5,2017-12-06
1265,4785,3,2018-04-05
1266,8715,5,2018-04-01
1267,3024,5,2018-04-19
1268,3108,1,2018-06-11
1269,1355,5,2018-05-03
1270,8755,5,2017-03-25
1271,3380,1,2017-12-16
1272,1336,5,2017-12-09
1273,7509,5,2018-04-27
1274,6925,5,2018-08-10
1275,9393,5,2018-03-10
1276,1559,5,2017-06-09
1277,1951,5,2018-05-24
1278,7281,5,2018-01-27
1279,6831,5,2017-12-19
1280,5702,5,2017-06-02
1281,5613,5,2017-07-13
1282,6449,5,2017-08-23
1283,9455,5,2017-09-19
1284,4542,2,2018-06-20
1285,5249,5,2018-02-16
1286,9012,5,2018-06-30
1287,655,5,2017-07-27
1288,4351,5,2018-02-03
1289,5832,1,2018-02-09
1290,875,3,2018-03-18
1291,5618,5,2018-07-05
1292,1448,5,2018-04-25
1293,551,1,2018-02-16
1294,1442,1,2018-07-06
1295,5958,5,2018-01-13
1296,4885,5,2017-05-16
1297,6600,4,2017-06-07
1298,2447,5,2017-12-01
1299,5996,5,2018-02-28
1300,5241,1,2018-08-05
1301,6570,5,2017-09-21
1302,2058,5,2018-08-09
1303,3890,5,2018-06-22
1304,4612,1,2017-09-06
1305,349,4,2018-08-08
1306,6324,5,2017-11-30
1307,7481,5,2018-03-28
1308,994,5,2018-06-02
1309,9488,3,2018-05-13
1310,9303,5,2018-05-08
1311,280,5,2017-08-29
1312,3602,5,2018-05-09
1313,7761,3,2018-04-07
1314,6049,5,2017-08-24
1315,6443,4,2018-06-19
1316,2699,5,2017-11-24
1317,5107,4,2017-12-12
1318,1262,4,2018-03-02
1319,6553,1,2018-05-01
1320,4651,5,2018-01-19
1321,3136,5,2017-10-24
1322,4682,5,2017-06-27
1323,2401,4,2017-08-01
1324,2091,5,2018-03-28
1325,8679,5,2018-06-07
1326,4782,4,2018-03-08
1327,956,5,2018-04-21
1328,75,5,2018-03-29
1329,8776,5,2018-01-18
1330,4191,5,2018-05-30
1331,9652,5,2017-11-30
1332,3913,5,2017-05-09
1333,1788,3,2018-04-07
1334,6690,4,2018-03-08
1335,9462,1,2017-12-21
1336,3946,5,2017-05-24
1337,847,5,2017-09-01
1338,3829,5,2017-09-07
1339,9973,5,2018-07-27
1340,2541,5,2017-07-25
1341,8561,5,2018-03-02
1342,3256,5,2018-05-05
1343,9622,3,2017-10-18
1344,8288,5,2017-05-31
1345,6405,5,2017-02-23
1346,8167,5,2017-03-11
1347,9559,3,2018-02-28
1348,2883,2,2018-03-17
1349,2053,5,2018-05-09
1350,4747,3,2017-08-18
1351,212,5,2017-06-15
1352,1360,5,2017-08-08
1353,4416,5,2017-10-28
1354,4442,5,2018-07-05
1355,921,5,2017-07-18
1356,948,5,2017-06-03
1357,3663,4,2018-05-12
1358,5451,4,2017-03-02
1359,6410,5,2018-03-18
1360,6527,4,2017-12-23
1361,8148,5,2018-07-13
1362,7937,5,2018-02-03
1363,14,5,2018-03-20
1364,1017,5,2018-05-09
1365,169,4,2018-06-08
1366,5919,5,2017-11-18
1367,1782,5,2017-09-12
1368,2685,5,2018-01-06
1369,3971,5,2018-01-31
1370,630,5,2018-08-08
1371,6169,3,2018-03-14
1372,8129,4,2018-04-21
1373,4256,4,2018-02-16
1374,8758,2,2018-06-16
1375,9271,5,2017-03-11
1376,5922,5,2018-07-04
1377,6137,2,2018-02-03
1378,997,5,2017-10-24
1379,8560,5,2017-12-20
1380,8097,4,2017-11-16
1381,539,5,2018-06-17
1382,7508,5,2017-07-28
1383,5509,5,2017-12-09
1384,1087,4,2018-08-22
1385,150,4,2018-01-17
1386,9083,1,2018-03-15
1387,332,5,2017-05-14
1388,3431,5,2018-05-11
1389,1523,5,2018-01-25
1390,4751,4,2018-07-03
1391,3278,5,2017-07-04
1392,8272,2,2018-06-01
1393,803,1,2017-12-21
1394,3452,4,2018-05-24
1395,9796,4,2018-03-25
1396,8716,5,2018-06-05
1397,8874,3,2018-06-02
1398,3807,5,2018-07-31
1399,3497,1,2017-12-08
1400,149,3,2017-03-07
1401,1637,5,2017-12-28
1402,210,5,2017-05-16
1403,2705,1,2018-04-18
1404,3143,5,2017-09-30
1405,1805,5,2017-08-10
1406,1060,3,2018-03-17
1407,5575,5,2018-07-04
1408,4828,5,2018-08-10
1409,1936,5,2017-04-01
1410,2146,5,2018-05-05
1411,3604,4,2017-09-20
1412,2924,5,2018-02-15
1413,3885,4,2018-04-10
1414,7332,4,2017-06-14
1415,8007,3,2018-02-07
1416,3930,4,2017-05-31
1417,7658,5,2017-07-19
1418,1386,5,2018-07-12
1419,2945,5,2018-08-15
1420,8911,4,2018-08-16
1421,992,4,2017-05-31
1422,3688,5,2017-10-25
1423,9501,5,2018-03-10
1424,9906,5,2017-12-09
1425,4806,5,2018-05-23
1426,1719,3,2017-09-14
1427,2242,4,2018-03-23
1428,5021,5,2018-02-08
1429,1132,5,2018-01-27
1430,8540,1,2018-04-06
1431,531,5,2017-12-01
1432,9105,2,2018-01-23
1433,906,5,2018-06-14
1434,4725,4,2018-05-24
1435,9328,5,2017-12-13
1436,8611,5,2018-02-02
1437,8872,1,2018-06-10
1438,3650,5,2018-08-08
1439,9307,5,2018-05-24
1440,1191,3,2018-02-22
1441,2267,5,2018-04-06
1442,2393,5,2018-05-31
1443,5465,4,2017-07-26
1444,1683,5,2018-03-22
1445,2642,1,2018-03-24
1446,6550,5,2017-06-08
1447,7854,5,2017-03-28
1448,2668,5,2018-08-02
1449,788,5,2017-09-07
1450,5541,5,2017-12-10
1451,5370,5,2018-06-06
1452,2174,1,2018-04-21
1453,9653,4,2018-03-29
1454,2494,5,2018-01-19
1455,4175,1,2018-04-07
1456,1556,1,2017-10-10
1457,1918,4,2018-02-11
1458,7032,5,2017-08-24
1459,8282,5,2017-11-24
1460,6782,5,2017-08-17
1461,6228,5,2018-08-16
1462,8229,5,2017-06-01
1463,8668,5,2017-11-25
1464,7580,4,2017-05-09
1465,4637,2,2017-08-27
1466,1222,2,2017-10-07
1467,7243,4,2017-10-05
1468,4826,5,2017-11-25
1469,8068,5,2017-12-06
1470,2446,5,2018-03-15
1471,2781,4,2018-03-21
1472,1916,5,2017-05-16
1473,5441,5,2017-10-12
1474,4074,3,2018-08-22
1475,823,5,2017-08-20
1476,8329,5,2018-08-08
1477,8335,4,2017-03-18
1478,7457,5,2017-01-26
1479,8027,5,2017-08-29
1480,7287,5,2017-11-29
1481,6326,5,2018-08-31
1482,3229,5,2018-05-19
1483,253,3,2018-07-24
1484,9605,1,2017-12-08
1485,1641,5,2018-01-13
1486,5830,5,2017-12-24
1487,8331,5,2018-04-15
1488,4935,2,2018-04-05
1489,8428,1,2018-04-08
1490,3211,5,2017-11-28
1491,8656,5,2017-12-31
1492,4095,5,2017-07-28
1493,967,5,2018-07-27
1494,4431,5,2017-08-23
1495,6999,5,2017-07-13
1496,8308,5,2018-08-08
1497,8413,5,2017-06-30
1498,616,5,2017-12-14
1499,9956,5,2018-07-01
1500,1279,4,2018-06-15
1501,4272,4,2018-05-04
1502,2280,4,2018-07-21
1503,3605,5,2017-07-05
1504,7510,5,2017-08-01
1505,7507,5,2017-12-27
1506,4348,1,2018-03-09
1507,59,5,2017-09-14
1508,5016,4,2018-08-14
1509,6233,5,2017-07-04
1510,9489,4,2018-08-11
1511,9880,5,2017-05-08
1512,7146,5,2018-05-10
1513,929,5,2018-05-16
1514,4990,1,2018-08-09
1515,5627,5,2017-12-06
1516,5929,5,2018-03-08
1517,1084,3,2017-12-17
1518,3349,5,2017-09-07
1519,7775,3,2018-01-13
1520,2592,5,2017-12-28
1521,9150,3,2017-02-16
1522,3988,4,2018-01-25
1523,1607,5,2018-02-15
1524,9289,5,2017-11-24
1525,5085,5,2017-10-26
1526,9889,4,2017-02-04
1527,6204,2,2018-01-11
1528,1619,5,2018-04-07
1529,6321,4,2018-08-24
1530,2416,5,2017-11-02
1531,4157,3,2018-02-22
1532,5157,5,2018-02-01
1533,7938,5,2018-01-14
1534,4441,3,2018-05-04
1535,43,4,2017-06-13
1536,5551,4,2017-05-20
1537,7717,5,2017-12-16
1538,404,5,2018-04-24
1539,2671,5,2017-12-13
1540,7714,1,2018-06-19
1541,2731,4,2017-11-29
1542,9221,2,2017-11-28
1543,2045,4,2017-06-22
1544,3996,4,2017-12-21
1545,7645,5,2018-08-29
1546,7696,4,2018-05-12
1547,3259,4,2018-08-01
1548,8140,4,2018-02-22
1549,3391,4,2017-10-12
1550,191,5,2017-06-29
1551,9118,5,2018-03-06
1552,55,5,2018-01-04
1553,6808,4,2018-07-06
1554,4788,5,2017-10-20
1555,9861,4,2018-04-26
1556,4134,5,2018-05-08
1557,5704,5,2018-03-08
1558,3657,5,2017-09-27
1559,5392,5,2017-09-07
1560,1141,1,2018-08-29
1561,8588,1,2017-12-24
1562,2813,4,2018-08-02
1563,2037,5,2017-12-15
1564,7468,4,2018-08-03
1565,964,4,2017-10-31
1566,7480,2,2018-07-03
1567,7992,5,2017-12-08
1568,2519,5,2018-06-05
1569,9836,5,2017-06-25
1570,3455,3,2017-05-24
1571,520,5,2018-04-04
1572,2434,5,2017-08-26
1573,3462,1,2018-03-10
1574,3952,5,2017-11-09
1575,8964,5,2017-09-20
1576,3006,1,2017-09-02
1577,1844,5,2017-08-25
1578,58,5,2018-08-17
1579,1043,3,2018-02-01
1580,1439,5,2018-07-10
1581,8451,5,2017-07-19
1582,2565,5,2018-02-20
1583,2402,5,2017-12-13
1584,5506,5,2018-07-14
1585,7066,5,2018-05-18
1586,7390,1,2017-10-29
1587,40,5,2018-07-31
1588,1833,3,2017-04-21
1589,8435,4,2017-12-02
1590,3149,5,2018-04-13
1591,3805,5,2018-02-16
1592,6792,5,2017-01-26
1593,1635,4,2017-11-04
1594,8980,4,2018-04-05
1595,4034,4,2018-06-09
1596,8807,5,2018-03-06
1597,2432,5,2017-12-20
1598,5793,5,2018-03-02
1599,7649,4,2018-06-07
1600,7971,1,2017-08-23
1601,9280,5,2018-05-05
1602,9753,5,2018-04-03
1603,6790,4,2018-08-08
1604,748,5,2017-08-10
1605,6956,1,2018-03-29
1606,6516,1,2018-06-13
1607,7476,5,2017-07-19
1608,1582,4,2018-06-12
1609,5403,5,2018-05-09
1610,9035,5,2017-09-05
1611,6416,3,2017-04-06
1612,4359,2,2018-02-15
1613,8605,5,2018-08-14
1614,2123,5,2017-05-24
1615,6980,5,2018-07-05
1616,8545,5,2018-05-16
1617,8583,5,2017-06-14
1618,5185,5,2017-12-20
1619,6478,5,2018-06-09
1620,6117,3,2018-08-01
1621,6461,5,2017-02-22
1622,9530,5,2017-12-08
1623,3610,5,2017-11-25
1624,7653,4,2018-03-08
1625,7648,5,2018-01-12
1626,9258,5,2018-01-23
1627,2543,5,2017-12-02
1628,45,5,2017-12-07
1629,7316,4,2018-03-15
1630,7335,5,2017-03-04
1631,6226,4,2018-05-30
1632,4148,4,2017-08-22
1633,6587,5,2018-04-12
1634,3651,4,2018-02-07
1635,9229,4,2017-11-29
1636,9557,5,2017-09-14
1637,5019,5,2018-03-20
1638,6291,3,2018-05-17
1639,6380,4,2017-12-20
1640,4588,1,2018-04-08
1641,8793,5,2017-12-10
1642,9315,5,2017-10-27
1643,5126,4,2017-11-02
1644,896,2,2017-07-15
1645,4084,5,2018-02-26
1646,696,5,2017-02-21
1647,6147,5,2017-10-12
1648,2047,4,2017-08-25
1649,6098,5,2018-04-18
1650,7473,5,2017-12-28
1651,5931,3,2017-02-07
1652,3640,5,2018-08-11
1653,94,5,2017-09-03
1654,9930,5,2017-07-26
1655,3775,5,2018-03-06
1656,7801,5,2018-03-20
1657,7559,5,2017-08-19
1658,8839,1,2018-01-20
1659,8546,2,2018-03-06
1660,710,4,2018-08-15
1661,2569,5,2018-08-21
1662,1507,5,2018-05-20
1663,7895,5,2017-09-27
1664,4248,5,2018-08-18
1665,8382,5,2017-07-11
1666,3422,5,2018-08-02
1667,4385,4,2018-07-27
1668,9539,5,2017-09-26
1669,8114,5,2018-02-15
1670,2573,3,2018-01-25
1671,4999,5,2018-08-05
1672,4029,5,2018-06-28
1673,3708,5,2018-05-01
1674,3698,5,2018-02-15
1675,9512,5,2017-06-15
1676,6119,5,2018-04-20
1677,5244,5,2018-03-28
1678,5089,1,2018-03-23
1679,3275,1,2018-03-24
1680,2723,3,2018-01-05
1681,1429,5,2018-07-06
1682,3770,4,2017-06-15
1683,6084,1,2018-03-10
1684,1208,4,2018-03-28
1685,5745,5,2018-04-03
1686,1400,5,2017-08-05
1687,2324,4,2018-05-04
1688,6562,5,2018-08-26
1689,2938,5,2018-07-13
1690,8128,4,2017-08-15
1691,592,2,2017-03-24
1692,3299,5,2017-11-07
1693,507,5,2017-07-13
1694,4645,5,2018-05-04
1695,761,5,2018-01-30
1696,311,4,2017-03-17
1697,6269,5,2018-03-06
1698,9574,5,2017-12-28
1699,827,5,2018-01-17
1700,1803,4,2018-08-14
1701,5267,4,2017-12-09
1702,2487,5,2018-04-19
1703,7575,5,2018-01-24
1704,2998,4,2018-08-26
1705,4954,5,2018-03-15
1706,3950,1,2017-03-12
1707,9709,1,2018-05-16
1708,7299,5,2018-08-31
1709,4178,3,2017-03-18
1710,9901,1,2018-06-06
1711,8082,5,2017-12-03
1712,2841,5,2018-06-09
1713,8231,1,2018-04-15
1714,2833,1,2017-04-21
1715,5499,5,2018-08-11
1716,7185,1,2018-04-04
1717,5111,5,2018-05-10
1718,478,1,2017-12-29
1719,6129,5,2017-05-04
1720,717,1,2018-03-08
1721,2885,5,2018-02-21
1722,1112,5,2018-08-02
1723,5221,5,2018-07-10
1724,8976,3,2018-02-04
1725,6338,4,2017-04-05
1726,9668,5,2018-02-24
1727,6038,4,2018-05-08
1728,8902,5,2017-08-18
1729,4421,5,2017-04-11
1730,1022,4,2018-04-05
1731,4746,4,2018-01-04
1732,6814,3,2017-11-02
1733,9100,5,2017-06-03
1734,1832,4,2018-08-15
1735,8271,5,2018-02-22
1736,8374,5,2017-08-25
1737,3536,3,2017-12-12
1738,9788,5,2018-05-10
1739,526,5,2018-05-19
1740,4444,5,2017-09-06
1741,965,5,2018-01-26
1742,7133,5,2017-12-28
1743,9509,5,2017-10-07
1744,685,5,2018-08-18
1745,3716,5,2018-03-24
1746,2566,4,2018-06-21
1747,7173,5,2017-08-08
1748,7796,5,2018-08-10
1749,1693,5,2017-08-05
1750,9460,4,2017-12-01
1751,5079,4,2018-02-28
1752,4942,3,2017-10-05
1753,6642,5,2017-11-19
1754,4020,3,2018-07-27
1755,4097,5,2018-04-05
1756,1033,3,2017-06-10
1757,5759,5,2017-11-15
1758,8944,4,2017-03-22
1759,4245,5,2017-11-14
1760,2994,5,2018-04-13
1761,5888,1,2018-02-03
1762,3022,5,2017-03-25
1763,9395,5,2018-04-18
1764,6653,4,2018-07-07
1765,6784,4,2018-04-17
1766,8100,5,2018-01-19
1767,9662,5,2018-05-06
1768,878,5,2018-08-17
1769,8415,5,2018-08-02
1770,4238,4,2018-07-10
1771,774,5,2018-08-01
1772,2932,3,2018-08-30
1773,8367,1,2017-12-03
1774,2868,5,2017-10-06
1775,5578,5,2017-04-29
1776,6247,5,2017-10-21
1777,6706,5,2017-11-18
1778,6873,4,2017-10-14
1779,3377,5,2017-06-27
1780,4858,4,2018-05-05
1781,5312,4,2018-03-09
1782,9672,5,2018-03-06
1783,2797,5,2018-06-15
1784,5881,5,2018-06-16
1785,2791,5,2018-06-22
1786,9688,5,2018-05-01
1787,9514,1,2017-11-02
1788,8524,5,2017-02-21
1789,9929,5,2018-03-06
1790,8649,5,2018-08-25
1791,1157,5,2017-05-05
1792,4014,4,2018-01-30
1793,6480,1,2017-11-01
1794,7367,5,2018-05-26
1795,4853,1,2017-08-02
1796,536,5,2018-08-14
1797,1491,4,2018-08-16
1798,7373,5,2017-10-20
1799,7704,1,2018-02-02
1800,5828,1,2017-08-31
1801,1067,5,2017-11-07
1802,3758,5,2018-01-31
1803,9171,5,2017-08-25
1804,712,4,2017-12-09
1805,218,5,2017-11-17
1806,4811,5,2017-04-28
1807,669,3,2018-01-19
1808,8510,5,2018-03-16
1809,4833,5,2018-07-08
1810,5234,5,2018-08-11
1811,3612,4,2018-03-21
1812,9546,3,2018-08-10
1813,1177,5,2018-07-28
1814,5623,4,2018-01-25
1815,5449,5,2017-08-23
1816,1744,5,2017-08-02
1817,4212,5,2018-08-14
1818,8879,5,2017-10-07
1819,5751,4,2017-10-24
1820,7843,5,2017-04-13
1821,3584,5,2017-11-07
1822,6175,5,2017-12-13
1823,52,5,2018-07-05
1824,9558,1,2017-12-13
1825,5181,4,2018-01-27
1826,6750,5,2018-06-08
1827,5482,5,2017-11-26
1828,5227,5,2018-05-22
1829,9137,5,2018-08-04
1830,2582,5,2018-03-08
1831,39,1,2017-08-05
1832,9608,1,2018-06-30
1833,1047,1,2018-04-28
1834,1825,5,2017-08-08
1835,2364,2,2017-11-18
1836,5261,5,2017-04-08
1837,7578,5,2017-10-24
1838,1431,5,2018-04-11
1839,6877,1,2018-03-16
1840,9793,1,2018-04-21
1841,4384,5,2018-07-10
1842,7394,5,2018-03-16
1843,4554,5,2018-01-04
1844,9576,3,2018-01-14
1845,1267,5,2018-05-22
1846,9189,4,2018-04-18
1847,9093,5,2017-12-13
1848,924,5,2018-05-06
1849,4775,3,2017-06-22
1850,9944,5,2018-05-08
1851,4517,5,2018-08-22
1852,4846,5,2018-07-31
1853,3932,1,2017-12-19
1854,9454,5,2017-11-10
1855,1665,4,2017-09-15
1856,7312,5,2018-05-22
1857,5377,1,2018-08-15
1858,1034,5,2017-07-26
1859,8461,5,2017-06-25
1860,3321,5,2018-01-11
1861,5030,5,2017-07-25
1862,2492,5,2018-01-16
1863,3521,2,2017-05-22
1864,6837,4,2018-08-11
1865,5960,4,2017-03-09
1866,1506,1,2017-08-17
1867,2328,5,2017-07-19
1868,4085,5,2017-10-24
1869,5516,5,2018-05-07
1870,3057,5,2018-05-23
1871,6477,5,2018-04-17
1872,5039,5,2018-07-31
1873,9779,5,2017-07-29
1874,4720,5,2018-03-03
1875,7558,5,2017-05-18
1876,127,3,2017-02-17
1877,9002,5,2017-05-20
1878,5291,4,2018-03-08
1879,4394,5,2018-05-25
1880,4983,5,2018-04-10
1881,235,5,2018-04-25
1882,141,4,2017-12-31
1883,81,5,2018-02-07
1884,4066,5,2018-08-17
1885,8445,5,2017-01-18
1886,5785,4,2018-04-19
1887,145,5,2018-06-30
1888,4341,5,2018-03-06
1889,5842,1,2017-11-16
1890,5772,3,2018-03-08
1891,325,5,2018-04-18
1892,9357,5,2017-02-09
1893,8720,5,2017-06-01
1894,6767,4,2018-04-12
1895,1198,5,2018-02-01
1896,3975,4,2018-04-21
1897,5670,3,2017-08-18
1898,511,1,2017-12-20
1899,5281,4,2017-11-02
1900,5023,5,2017-07-19
1901,1291,5,2018-06-07
1902,744,4,2017-03-16
1903,9469,5,2017-06-15
1904,8287,5,2018-05-16
1905,9461,4,2018-05-04
1906,8672,5,2017-09-13
1907,2126,5,2018-03-25
1908,6302,1,2017-12-24
1909,772,5,2018-08-28
1910,3114,4,2018-07-25
1911,7974,5,2018-05-04
1912,3416,1,2017-06-28
1913,3551,5,2017-06-30
1914,8796,3,2018-07-07
1915,6342,4,2017-02-23
1916,3489,5,2018-03-30
1917,8970,5,2018-05-05
1918,2010,5,2018-03-21
1919,6858,5,2017-12-15
1920,3889,1,2017-09-13
1921,8373,3,2017-11-14
1922,8932,5,2018-02-27
1923,9384,5,2018-05-23
1924,5336,5,2018-06-30
1925,8732,3,2018-07-24
1926,360,1,2018-02-03
1927,5258,5,2018-06-27
1928,9577,1,2018-03-01
1929,2981,5,2017-06-29
1930,9475,5,2018-03-09
1931,2708,5,2017-06-21
1932,2158,5,2018-06-07
1933,9794,5,2017-10-17
1934,993,5,2018-08-22
1935,3076,5,2018-03-27
1936,9285,3,2018-05-16
1937,7196,5,2017-04-01
1938,1289,4,2017-09-21
1939,6069,4,2017-12-15
1940,690,5,2017-12-10
1941,7837,4,2018-04-07
1942,9804,5,2018-05-13
1943,8197,3,2018-02-28
1944,4300,1,2018-02-21
1945,4354,5,2018-08-23
1946,2273,4,2018-03-21
1947,1105,1,2018-03-21
1948,6490,5,2018-06-08
1949,2370,5,2018-01-07
1950,261,4,2018-01-19
1951,28,5,2017-03-18
1952,6015,5,2018-07-06
1953,7699,5,2018-05-08
1954,5384,4,2017-12-27
1955,1587,5,2017-11-19
1956,3065,5,2017-02-10
1957,9001,5,2018-07-07
1958,6254,5,2018-01-06
1959,3860,4,2017-10-19
1960,7238,5,2017-03-23
1961,2855,3,2017-05-14
1962,9984,5,2017-10-11
1963,2217,4,2017-04-12
1964,6353,3,2017-05-05
1965,9037,4,2017-10-19
1966,7787,5,2017-12-19
1967,5205,1,2017-06-16
1968,4898,5,2017-10-17
1969,7,5,2017-05-11
1970,3618,1,2017-03-08
1971,5383,5,2017-10-05
1972,2223,5,2017-10-08
1973,5879,4,2018-04-10
1974,3917,2,2018-05-02
1975,3579,5,2018-03-18
1976,602,1,2017-09-10
1977,504,1,2018-01-05
1978,789,2,2018-03-30
1979,7825,5,2018-05-22
1980,8788,4,2017-11-04
1981,862,5,2018-01-10
1982,8076,4,2018-08-29
1983,4759,5,2018-03-25
1984,6747,5,2018-07-31
1985,4814,3,2018-04-17
1986,3070,4,2017-03-14
1987,802,4,2017-03-31
1988,7602,2,2018-05-17
1989,2808,1,2018-03-25
1990,6652,1,2018-08-14
1991,3119,5,2018-03-02
1992,8603,5,2018-08-07
1993,3424,5,2018-03-28
1994,9318,5,2017-09-19
1995,5640,5,2017-12-22
1996,174,5,2018-08-03
1997,6379,4,2018-07-25
1998,163,3,2017-06-07
1999,6662,5,2017-10-06
2000,8556,4,2018-04-28
2001,2914,5,2017-11-29
2002,2858,1,2017-05-31
2003,3014,5,2017-09-28
2004,6511,5,2017-11-25
2005,6904,5,2018-01-20
2006,8482,5,2018-04-12
2007,356,5,2018-01-23
2008,4406,2,2018-05-22
2009,1156,5,2018-06-21
2010,8709,5,2017-10-06
2011,7819,3,2017-08-03
2012,4704,5,2018-04-18
2013,20,5,2018-07-24
2014,5350,5,2018-03-28
2015,1390,1,2018-01-24
2016,9503,5,2018-08-16
2017,931,1,2017-05-24
2018,6763,5,2018-05-03
2019,4228,5,2018-01-06
2020,9582,2,2018-08-17
2021,7729,1,2018-03-21
2022,8522,5,2018-03-30
2023,7504,5,2018-05-08
2024,5003,5,2018-04-08
2025,9700,5,2018-03-23
2026,9376,1,2018-02-07
2027,5920,5,2018-02-18
2028,5341,5,2018-01-06
2029,6917,5,2017-10-19
2030,6698,1,2018-06-10
2031,9726,5,2018-06-16
2032,6648,5,2018-03-20
2033,5693,4,2018-08-28
2034,6590,5,2018-03-15
2035,5528,4,2018-04-07
2036,7081,5,2018-03-11
2037,9388,3,2017-10-12
2038,3747,1,2017-08-09
2039,2672,5,2018-01-16
2040,7672,5,2018-03-28
2041,556,5,2018-08-23
2042,7435,4,2017-10-02
2043,1746,5,2017-11-25
2044,7458,4,2018-08-15
2045,608,5,2018-04-19
2046,4224,5,2017-09-13
2047,4002,5,2018-01-27
2048,1050,4,2018-05-05
2049,775,4,2018-03-25
2050,1095,5,2017-12-06
2051,4601,5,2018-05-05
2052,6581,2,2018-06-03
2053,186,5,2017-07-15
2054,9011,5,2018-03-29
2055,7982,1,2017-05-31
2056,9042,1,2017-11-11
2057,7318,3,2017-11-30
2058,6161,4,2017-06-21
2059,6386,4,2018-08-23
2060,364,5,2018-03-20
2061,1738,5,2018-01-11
2062,2639,5,2018-08-01
2063,438,4,2018-07-27
2064,9533,4,2017-12-01
2065,2154,3,2017-12-11
2066,2181,5,2018-04-17
2067,9222,5,2018-04-12
2068,2245,4,2017-11-15
2069,1822,5,2018-06-15
2070,1742,3,2018-05-01
2071,835,5,2017-03-29
2072,1911,4,2018-05-08
2073,7165,4,2018-03-18
2074,1785,1,2018-07-01
2075,1474,5,2018-07-24
2076,6428,1,2017-12-28
2077,7534,3,2017-06-01
2078,3750,1,2017-07-29
2079,5967,5,2017-09-14
2080,7753,5,2018-02-09
2081,6519,3,2018-03-28
2082,3260,5,2018-05-03
2083,8388,2,2017-02-22
2084,4779,5,2017-06-15
2085,5456,1,2018-08-01
2086,5714,5,2018-06-26
2087,2593,5,2017-06-01
2088,8884,5,2018-08-08
2089,5538,5,2018-01-30
2090,4635,5,2017-10-12
2091,2806,1,2017-09-29
2092,9026,5,2017-07-13
2093,1357,5,2018-02-16
2094,7025,5,2018-05-15
2095,1610,1,2017-11-26
2096,5466,1,2018-03-18
2097,3751,5,2017-09-14
2098,7680,5,2017-09-14
2099,4716,5,2018-03-03
2100,31,1,2018-06-09
2101,7161,4,2018-05-16
2102,4333,5,2018-08-31
2103,1914,5,2018-07-24
2104,4654,5,2018-03-30
2105,2151,5,2018-01-27
2106,6641,5,2018-05-30
2107,6976,3,2018-04-10
2108,8595,5,2017-11-23
2109,9518,3,2018-08-22
2110,860,5,2017-03-02
2111,6125,5,2018-08-21
2112,7322,4,2018-02-01
2113,6267,5,2018-02-02
2114,1148,4,2018-04-01
2115,1137,5,2018-05-30
2116,3053,3,2017-07-22
2117,9104,1,2018-06-03
2118,4501,4,2018-03-28
2119,5982,4,2017-11-01
2120,3858,3,2018-06-15
2121,2270,5,2018-05-10
2122,6074,5,2018-06-05
2123,4544,1,2018-08-02
2124,9220,5,2018-02-01
2125,5070,3,2017-09-01
2126,6290,5,2017-11-07
2127,392,4,2018-04-19
2128,8480,5,2017-11-04
2129,6448,5,2018-07-21
2130,3968,5,2018-02-06
2131,3417,5,2018-05-22
2132,8104,5,2018-05-09
2133,5818,3,2017-02-17
2134,3163,2,2017-09-16
2135,2844,5,2018-06-15
2136,9631,4,2018-02-21
2137,6582,5,2018-05-13
2138,8985,5,2017-06-29
2139,1611,5,2017-12-17
2140,700,2,2018-04-25
2141,574,4,2018-07-05
2142,3547,5,2018-08-18
2143,9323,4,2018-08-11
2144,6695,3,2018-02-20
2145,3015,5,2018-06-29
2146,1299,4,2017-07-16
2147,4745,5,2018-03-17
2148,5943,5,2018-04-08
2149,4397,2,2018-01-11
2150,3593,5,2018-04-21
2151,8500,1,2018-05-04
2152,7842,5,2017-11-25
2153,6549,5,2017-09-21
2154,4353,5,2018-06-27
2155,5189,5,2017-08-29
2156,2293,5,2018-03-14
2157,6902,4,2018-08-21
2158,6711,1,2018-05-19
2159,4928,5,2017-10-17
2160,2660,5,2018-03-13
2161,3588,5,2017-08-31
2162,6723,2,2018-03-07
2163,9707,4,2018-04-05
2164,727,4,2017-08-16
2165,1209,5,2018-08-17
2166,9290,1,2018-01-19
2167,8502,4,2018-08-04
2168,7946,4,2017-09-26
2169,128,5,2017-09-12
2170,5859,5,2018-05-08
2171,3187,5,2018-03-27
2172,7208,5,2018-07-13
2173,5619,5,2018-02-09
2174,3966,3,2018-03-15
2175,1246,5,2017-11-23
2176,4626,4,2018-06-03
2177,7385,1,2018-01-14
2178,33,5,2018-05-23
2179,2057,4,2018-08-04
2180,7930,5,2018-08-30
2181,3336,5,2017-12-12
2182,3306,5,2018-03-20
2183,5566,5,2017-12-12
2184,6468,5,2018-06-05
2185,6081,4,2017-05-30
2186,7526,5,2018-07-13
2187,1929,5,2018-06-22
2188,6504,4,2017-05-16
2189,1316,5,2017-06-20
2190,7531,4,2017-10-01
2191,2804,5,2018-06-18
2192,8001,5,2018-08-15
2193,7463,1,2018-07-04
2194,699,5,2017-08-19
2195,6052,5,2017-11-15
2196,3364,5,2017-05-20
2197,8498,5,2018-07-27
2198,1504,5,2017-05-26
2199,5860,5,2017-05-27
2200,7683,4,2017-12-13
2201,7926,5,2018-04-17
2202,7800,1,2018-04-14
2203,6344,5,2017-08-10
2204,8327,4,2018-03-23
2205,9633,5,2017-12-17
2206,2396,5,2017-11-14
2207,9021,5,2018-06-15
2208,4199,1,2018-04-22
2209,6630,5,2017-08-02
2210,3689,5,2017-03-21
2211,797,5,2018-04-13
2212,6709,5,2017-08-27
2213,3390,5,2017-12-22
2214,5389,5,2017-10-20
2215,199,4,2018-07-28
2216,2371,5,2018-05-05
2217,2107,2,2018-03-16
2218,2576,5,2017-09-27
2219,4875,5,2018-05-01
2220,4767,4,2018-08-01
2221,3231,5,2018-06-07
2222,3194,4,2018-05-09
2223,7858,5,2018-04-20
2224,8685,4,2017-08-04
2225,4681,5,2017-06-11
2226,490,5,2018-01-16
2227,1826,5,2018-04-11
2228,8184,2,2017-08-20
2229,4565,5,2018-05-15
2230,6940,5,2018-06-29
2231,9074,5,2018-01-24
2232,6136,5,2017-11-10
2233,1511,1,2018-03-21
2234,5008,3,2018-03-15
2235,9077,4,2018-04-08
2236,9971,5,2017-05-31
2237,3647,5,2018-03-07
2238,4758,5,2017-07-06
2239,209,5,2017-10-14
2240,5117,3,2017-05-09
2241,9034,5,2018-04-13
2242,1920,5,2018-08-30
2243,5002,5,2017-11-08
2244,2730,1,2018-03-07
2245,3370,4,2018-02-15
2246,9190,4,2018-01-12
2247,986,5,2017-09-14
2248,8246,5,2018-04-19
2249,4692,5,2018-05-15
2250,6810,4,2018-08-29
2251,3317,5,2017-11-30
2252,446,5,2017-12-08
2253,4632,3,2018-04-08
2254,412,1,2017-07-13
2255,4230,5,2017-05-12
2256,9671,4,2018-05-09
2257,7235,5,2017-09-06
2258,1644,5,2018-05-15
2259,4984,5,2017-06-23
2260,2594,4,2018-06-01
2261,3023,1,2018-08-25
2262,9553,5,2018-05-04
2263,1694,5,2017-05-23
2264,9341,5,2018-05-25
2265,5790,5,2018-08-16
2266,2082,5,2017-12-07
2267,459,4,2018-05-17
2268,2792,1,2018-04-15
2269,2429,5,2017-09-19
2270,4268,5,2018-02-21
2271,7924,2,2017-04-18
2272,6437,5,2018-05-15
2273,1614,5,2018-07-05
2274,6846,5,2017-03-28
2275,5947,4,2018-06-03
2276,3495,1,2018-08-25
2277,4328,5,2018-04-21
2278,3258,2,2018-06-08
2279,2032,5,2018-08-11
2280,5539,5,2018-01-24
2281,6594,1,2017-06-02
2282,5038,4,2017-12-14
2283,646,1,2017-05-12
2284,8535,5,2018-07-25
2285,2019,5,2018-01-20
2286,4424,1,2018-02-22
2287,808,5,2017-12-23
2288,8973,3,2017-07-01
2289,7134,4,2018-01-30
2290,4413,5,2018-08-22
2291,7182,2,2017-07-30
2292,9069,5,2018-03-13
2293,2895,5,2017-10-18
2294,4460,1,2018-05-01
2295,5773,4,2018-07-28
2296,2770,1,2018-05-15
2297,8549,5,2018-06-29
2298,4344,5,2017-10-07
2299,4345,5,2018-05-19
2300,9086,5,2018-02-01
2301,7678,4,2017-11-22
2302,9090,5,2018-07-13
2303,6080,3,2018-06-02
2304,6469,3,2017-06-06
2305,3526,5,2017-08-18
2306,7345,1,2017-08-02
2307,8161,5,2018-06-30
2308,7056,5,2017-08-29
2309,5789,4,2017-05-23
2310,8683,5,2018-08-15
2311,3052,1,2018-08-17
2312,4320,4,2018-08-18
2313,3887,4,2018-07-15
2314,8217,1,2018-04-17
2315,9772,5,2018-04-18
2316,7674,1,2018-02-15
2317,2575,5,2018-06-06
2318,6566,5,2018-03-22
2319,6974,4,2017-08-26
2320,9320,5,2018-05-15
2321,1206,5,2018-08-23
2322,4872,5,2018-06-23
2323,1773,5,2018-06-06
2324,525,5,2017-09-29
2325,8798,5,2017-11-27
2326,3718,5,2017-02-17
2327,3316,5,2017-09-07
2328,2164,4,2018-07-27
2329,8360,5,2018-01-11
2330,206,5,2017-11-14
2331,9669,5,2017-07-27
2332,2392,5,2018-06-23
2333,6671,4,2018-02-02
2334,1178,4,2018-07-24
2335,4842,4,2018-02-24
2336,6202,5,2018-06-02
2337,3347,5,2018-03-28
2338,1309,3,2018-08-16
2339,9634,1,2018-03-16
2340,2570,4,2018-08-16
2341,7319,5,2017-01-27
2342,1736,5,2018-02-07
2343,2580,4,2018-06-15
2344,3664,5,2018-02-15
2345,5217,3,2017-10-14
2346,4159,4,2017-09-01
2347,6073,5,2018-05-15
2348,1632,1,2018-03-24
2349,891,2,2018-08-24
2350,7106,1,2018-05-17
2351,1251,5,2017-09-06
2352,9814,5,2018-08-31
2353,9065,5,2018-06-26
2354,5065,5,2017-08-17
2355,9219,1,2017-05-17
2356,4503,5,2018-08-17
2357,8887,3,2017-05-17
2358,2444,5,2017-04-01
2359,3520,1,2017-02-17
2360,1886,2,2018-04-21
2361,8526,4,2018-08-29
2362,8953,4,2017-12-15
2363,8565,3,2017-07-11
2364,4558,5,2017-11-09
2365,4278,5,2018-08-22
2366,7321,5,2018-07-14
2367,7061,3,2018-01-27
2368,897,1,2018-03-22
2369,9036,4,2018-02-22
2370,922,4,2017-12-20
2371,1354,5,2018-02-15
2372,2340,5,2018-04-07
2373,8017,1,2018-05-16
2374,9715,5,2018-04-25
2375,5803,5,2017-06-22
2376,9716,5,2018-08-21
2377,1777,5,2018-05-01
2378,1664,5,2017-12-19
2379,3444,1,2018-03-04
2380,9027,4,2017-03-21
2381,565,5,2018-01-26
2382,4630,5,2018-01-06
2383,2630,5,2018-08-25
2384,3883,1,2018-01-09
2385,3408,5,2018-08-05
2386,6157,4,2017-05-06
2387,784,5,2017-12-19
2388,4116,5,2018-07-26
2389,1547,5,2018-04-04
2390,874,5,2017-06-07
2391,5488,5,2018-03-27
2392,2562,5,2017-12-15
2393,3765,5,2018-04-07
2394,87,5,2018-03-06
2395,21,2,2017-12-20
2396,2917,5,2018-06-26
2397,1648,3,2018-04-07
2398,4598,5,2017-05-27
2399,3898,4,2017-02-16
2400,9776,5,2017-08-29
2401,2314,5,2018-02-04
2402,606,1,2018-08-01
2403,9806,5,2017-05-18
2404,3992,5,2017-04-06
2405,2161,5,2018-07-01
2406,1686,5,2018-01-24
2407,2406,3,2018-05-23
2408,4902,4,2017-09-27
2409,4805,4,2017-12-27
2410,5294,5,2018-05-05
2411,7083,5,2017-04-04
2412,1347,3,2018-05-18
2413,9425,5,2017-10-03
2414,3771,5,2017-12-27
2415,513,5,2017-02-11
2416,7078,5,2018-03-07
2417,2339,5,2017-12-19
2418,6398,4,2018-02-01
2419,8391,5,2018-05-08
2420,1710,4,2017-11-04
2421,245,5,2017-12-19
2422,1011,3,2017-04-12
2423,3561,5,2017-12-27
2424,9991,3,2018-03-06
2425,5309,5,2017-05-25
2426,4347,1,2018-08-22
2427,6609,3,2017-03-10
2428,1819,3,2018-06-21
2429,1215,5,2018-03-27
2430,380,5,2018-06-17
2431,1633,4,2017-07-25
2432,5287,5,2017-12-07
2433,6502,4,2017-10-03
2434,3381,4,2017-08-04
2435,1789,4,2018-01-24
2436,7240,4,2018-01-16
2437,4446,5,2018-08-21
2438,5997,2,2017-07-13
2439,383,1,2018-03-17
2440,5721,5,2018-02-20
2441,1815,5,2017-04-19
2442,5910,1,2017-03-04
2443,759,4,2018-08-09
2444,5557,5,2018-04-03
2445,6180,2,2017-12-28
2446,4708,5,2018-04-14
2447,8800,5,2017-06-01
2448,6886,4,2017-05-30
2449,7896,5,2017-12-06
2450,2202,5,2018-03-16
2451,8345,3,2017-12-14
2452,4818,5,2018-07-31
2453,8460,5,2018-05-19
2454,6086,5,2018-04-12
2455,8043,5,2018-06-07
2456,2611,4,2018-04-27
2457,2508,5,2017-08-02
2458,5503,4,2018-08-14
2459,3504,5,2017-11-18
2460,3441,5,2017-05-03
2461,7993,4,2018-06-21
2462,341,4,2018-08-07
2463,6370,5,2017-10-31
2464,3558,3,2017-10-24
2465,8842,5,2018-02-24
2466,4926,5,2018-07-04
2467,7766,5,2018-05-19
2468,5768,4,2017-09-23
2469,2989,3,2018-04-03
2470,2902,5,2018-07-04
2471,6860,4,2018-05-05
2472,7573,4,2018-06-05
2473,9604,5,2017-05-24
2474,3365,1,2017-12-17
2475,781,5,2017-08-31
2476,5905,5,2018-05-12
2477,5573,4,2017-06-25
2478,4834,4,2017-11-25
2479,8387,5,2018-08-14
2480,7973,4,2017-12-17
2481,312,1,2018-01-04
2482,6833,4,2018-08-24
2483,6288,5,2017-12-17
2484,7980,5,2018-04-29
2485,5831,4,2018-04-27
2486,3628,5,2017-10-04
2487,8494,5,2018-01-26
2488,3896,5,2017-06-15
2489,4866,5,2017-11-12
2490,5663,1,2017-12-15
2491,903,4,2018-05-26
2492,2163,5,2018-02-06
2493,6946,5,2017-10-22
2494,5923,5,2017-10-12
2495,6200,5,2017-11-10
2496,9686,3,2017-04-07
2497,7639,5,2018-08-10
2498,7241,5,2018-08-08
2499,5141,5,2017-12-30
2500,5655,4,2018-01-04
2501,1377,4,2018-02-20
2502,4490,5,2018-07-10
2503,6725,1,2017-04-15
2504,5916,3,2018-08-09
2505,8906,1,2017-11-12
2506,9370,4,2018-04-07
2507,8121,4,2017-07-27
2508,981,4,2017-11-19
2509,5695,1,2018-05-06
2510,3614,5,2017-06-21
2511,2552,5,2017-12-06
2512,3246,5,2017-12-20
2513,9832,5,2018-05-08
2514,2259,5,2018-08-15
2515,327,5,2018-04-28
2516,5243,5,2018-04-21
2517,2236,5,2018-01-06
2518,2455,5,2018-01-29
2519,9692,5,2018-06-02
2520,6470,4,2018-06-26
2521,7541,4,2017-02-15
2522,4760,5,2017-12-19
2523,1359,4,2018-03-06
2524,2982,4,2017-12-28
2525,9417,1,2018-03-02
2526,5863,5,2018-02-24
2527,9890,4,2018-08-10
2528,995,5,2018-05-17
2529,9982,2,2017-09-12
2530,3515,5,2018-04-26
2531,4445,1,2018-08-11
2532,9654,5,2018-07-25
2533,7293,4,2018-05-22
2534,9048,2,2018-08-11
2535,6567,1,2018-03-01
2536,4201,4,2018-06-13
2537,9209,5,2018-03-20
2538,5069,5,2017-05-09
2539,2794,5,2018-05-23
2540,4053,4,2018-05-15
2541,868,5,2017-08-18
2542,7644,5,2017-06-30
2543,915,5,2018-07-13
2544,1649,5,2018-05-16
2545,4149,5,2018-08-03
2546,4540,5,2018-03-08
2547,7643,3,2018-01-06
2548,2060,5,2017-10-21
2549,5605,5,2017-11-01
2550,2772,5,2017-04-20
2551,2189,5,2017-10-26
2552,2083,5,2017-08-03
2553,9953,1,2017-12-07
2554,1845,5,2017-09-14
2555,4109,5,2017-08-05
2556,8169,4,2017-09-02
2557,3580,1,2018-01-11
2558,3188,5,2017-04-19
2559,1195,1,2018-07-28
2560,2258,1,2017-12-06
2561,8248,4,2018-05-22
2562,4213,5,2017-09-09
2563,9696,4,2017-10-06
2564,8258,5,2017-04-28
2565,6654,5,2017-11-24
2566,8748,3,2018-07-26
2567,4504,5,2018-02-02
2568,6378,5,2018-01-18
2569,971,5,2017-03-18
2570,9938,5,2017-11-29
2571,5417,5,2017-12-16
2572,6629,4,2018-04-14
2573,6743,5,2017-12-07
2574,4092,5,2018-08-21
2575,6438,4,2018-02-27
2576,3990,5,2018-06-19
2577,7523,4,2018-01-24
2578,3382,1,2018-06-16
2579,8173,3,2017-10-11
2580,9215,5,2017-11-28
2581,6966,5,2017-12-23
2582,2518,4,2017-12-21
2583,7465,1,2017-07-22
2584,4206,1,2017-11-23
2585,5293,4,2018-06-06
2586,643,1,2018-05-22
2587,8312,4,2018-07-29
2588,8015,5,2017-06-30
2589,668,4,2017-05-18
2590,6014,5,2017-12-21
2591,961,4,2017-11-08
2592,6442,3,2018-05-09
2593,7872,5,2018-07-24
2594,2839,4,2018-03-24
2595,8809,5,2018-08-10
2596,4807,5,2018-03-09
2597,764,5,2018-04-06
2598,1456,5,2018-06-20
2599,4883,5,2017-02-14
2600,5489,2,2018-03-21
2601,2726,4,2017-09-19
2602,6406,5,2018-08-15
2603,9515,5,2018-06-09
2604,3987,3,2018-03-17
2605,6163,5,2017-12-24
2606,5594,5,2018-02-25
2607,9317,4,2017-06-23
2608,6983,5,2018-01-12
2609,7877,5,2018-03-28
2610,6753,5,2018-08-22
2611,5582,1,2018-06-30
2612,589,5,2018-03-27
2613,6484,1,2017-12-24
2614,51,5,2017-05-03
2615,2877,5,2017-07-28
2616,3615,4,2018-01-23
2617,9856,1,2017-03-21
2618,2744,4,2017-01-31
2619,2148,5,2018-04-27
2620,5059,5,2017-05-12
2621,3974,5,2018-08-03
2622,2071,5,2017-12-19
2623,4970,3,2018-03-06
2624,194,1,2017-12-14
2625,2978,4,2017-08-22
2626,1437,1,2018-03-11
2627,1538,5,2018-05-22
2628,9052,4,2017-12-06
2629,5948,2,2018-04-17
2630,9544,5,2018-06-29
2631,6212,5,2017-11-28
2632,2180,4,2018-08-29
2633,9743,5,2018-05-03
2634,3233,3,2017-05-23
2635,1841,4,2017-09-12
2636,4845,4,2017-05-17
2637,2686,5,2017-07-01
2638,1970,4,2017-04-18
2639,7097,5,2017-09-19
2640,7831,5,2018-05-11
2641,4860,4,2017-11-02
2642,5345,5,2018-01-25
2643,5369,4,2018-02-24
2644,9097,4,2018-08-31
2645,4686,1,2018-04-19
2646,8401,5,2017-12-24
2647,6001,5,2018-02-21
2648,9243,5,2017-11-18
2649,3213,4,2018-08-14
2650,7593,3,2017-05-11
2651,8853,5,2018-07-26
2652,275,5,2018-06-14
2653,2845,5,2017-11-25
2654,8016,5,2017-12-06
2655,5257,5,2018-08-07
2656,8636,4,2018-05-15
2657,9200,5,2017-08-26
2658,5598,4,2017-04-16
2659,1385,4,2017-10-11
2660,5827,5,2018-07-21
2661,7001,5,2018-01-19
2662,3746,4,2017-10-19
2663,4854,3,2018-03-22
2664,5736,5,2017-07-13
2665,2278,5,2018-05-31
2666,447,5,2017-11-10
2667,7889,5,2018-05-15
2668,3343,5,2018-06-19
2669,4662,4,2017-07-08
2670,3282,5,2017-08-04
2671,4107,5,2017-06-21
2672,2152,5,2017-01-17
2673,7513,5,2018-06-20
2674,2535,4,2017-09-23
2675,220,4,2017-12-07
2676,4065,3,2018-07-06
2677,1248,3,2017-03-17
2678,8936,1,2017-12-05
2679,6726,5,2018-01-25
2680,2000,1,2018-03-29
2681,3118,3,2017-11-17
2682,2356,5,2018-03-29
2683,4961,2,2017-05-16
2684,1808,5,2018-02-20
2685,1008,5,2017-08-25
2686,8293,5,2017-05-12
2687,3676,5,2017-06-17
2688,7506,5,2018-08-30
2689,6172,3,2017-03-18
2690,8767,2,2017-09-14
2691,8803,4,2017-10-26
2692,9411,5,2017-11-25
2693,1036,4,2018-02-28
2694,9893,4,2018-08-09
2695,6748,5,2018-03-17
2696,5933,5,2017-07-18
2697,9248,5,2017-07-13
2698,8998,5,2018-02-08
2699,4455,4,2018-06-05
2700,1032,5,2018-05-06
2701,7431,5,2018-05-08
2702,2437,4,2017-08-22
2703,9175,4,2017-10-07
2704,4780,5,2018-03-30
2705,4792,5,2018-02-15
2706,8786,5,2018-02-19
2707,4951,1,2018-03-15
2708,4978,4,2017-10-26
2709,463,5,2018-07-27
2710,3124,4,2017-09-28
2711,7713,1,2017-08-31
2712,7111,5,2018-08-10
2713,6162,5,2017-06-13
2714,916,5,2018-04-20
2715,2003,5,2017-08-09
2716,1287,4,2017-11-08
2717,3413,3,2018-07-24
2718,7656,5,2017-03-16
2719,200,4,2018-04-09
2720,3385,5,2018-06-30
2721,7606,1,2018-05-04
2722,5917,5,2017-06-15
2723,1375,2,2018-07-26
2724,7664,5,2017-11-26
2725,475,5,2018-05-31
2726,7087,5,2018-08-09
2727,7140,5,2018-07-04
2728,7922,5,2018-06-14
2729,1380,4,2017-05-30
2730,1518,5,2018-04-06
2731,7920,5,2017-05-18
2732,5548,4,2018-01-13
2733,9067,4,2018-04-20
2734,8987,4,2017-05-25
2735,9849,5,2018-03-23
2736,9168,5,2017-09-30
2737,2128,1,2017-11-02
2738,8207,4,2017-10-26
2739,5770,5,2017-02-08
2740,9800,5,2017-04-06
2741,8508,5,2018-07-16
2742,2951,1,2017-05-23
2743,4150,1,2018-05-10
2744,1562,5,2018-03-21
2745,5940,5,2017-11-02
2746,8083,5,2017-11-09
2747,5876,5,2017-12-03
2748,5276,1,2018-03-30
2749,5034,1,2018-04-25
2750,5637,3,2018-03-01
2751,3157,5,2018-03-27
2752,4981,5,2018-06-20
2753,1534,5,2018-04-25
2754,3129,5,2017-02-09
2755,4156,4,2018-05-11
2756,268,5,2018-03-25
2757,9609,5,2018-03-01
2758,3796,5,2017-11-02
2759,5166,5,2018-07-07
2760,9790,5,2018-06-26
2761,879,3,2017-03-07
2762,9203,5,2018-02-20
2763,1545,5,2017-01-26
2764,7364,5,2017-06-17
2765,5289,5,2017-08-12
2766,9526,5,2017-03-15
2767,5560,4,2017-01-27
2768,1950,5,2018-07-25
2769,3314,1,2018-06-23
2770,4297,4,2018-02-23
2771,7057,1,2018-03-03
2772,7595,4,2018-04-18
2773,5747,5,2018-01-19
2774,9031,5,2018-02-12
2775,6503,5,2018-06-13
2776,8684,4,2018-07-31
2777,2074,1,2017-07-04
2778,9733,5,2018-08-04
2779,254,5,2018-04-12
2780,6731,5,2018-07-31
2781,5635,5,2018-03-17
2782,1977,4,2017-11-01
2783,8609,4,2017-12-16
2784,7684,4,2017-10-25
2785,7365,3,2017-12-02
2786,3779,5,2018-07-10
2787,5246,4,2017-07-20
2788,566,4,2017-06-27
2789,1663,5,2018-03-27
2790,8566,3,2018-06-08
2791,5742,5,2018-07-24
2792,3786,5,2018-04-25
2793,4055,5,2017-02-11
2794,9324,4,2017-09-05
2795,3861,5,2017-10-18
2796,7537,5,2017-02-24
2797,1949,5,2018-01-24
2798,5687,5,2018-08-04
2799,5490,5,2017-12-13
2800,8815,5,2018-02-15
2801,3404,1,2018-06-07
2802,4607,5,2017-12-19
2803,2440,5,2018-07-21
2804,1902,5,2017-09-28
2805,9124,3,2018-03-01
2806,6309,5,2018-04-28
2807,8520,3,2018-08-24
2808,8156,4,2017-10-19
2809,3842,5,2018-01-17
2810,7620,5,2018-01-25
2811,741,5,2018-03-17
2812,9632,5,2018-07-27
2813,9853,5,2017-09-30
2814,8474,5,2018-08-08
2815,8995,5,2018-06-09
2816,7890,3,2018-01-12
2817,1254,5,2018-06-19
2818,7034,5,2017-10-19
2819,3979,5,2018-03-08
2820,7280,4,2017-08-27
2821,2692,4,2018-05-25
2822,8443,5,2018-02-12
2823,4480,4,2018-01-16
2824,837,3,2017-11-23
2825,6122,4,2017-02-14
2826,9883,5,2017-05-17
2827,2188,4,2018-06-05
2828,9933,2,2018-03-14
2829,2666,2,2017-03-22
2830,7738,5,2018-02-21
2831,8695,5,2017-05-20
2832,6710,5,2017-07-18
2833,8791,4,2017-10-05
2834,609,5,2017-09-15
2835,99,5,2017-12-28
2836,8890,5,2017-11-08
2837,2251,5,2018-04-01
2838,1492,5,2018-08-31
2839,2199,3,2018-05-04
2840,8677,5,2018-08-18
2841,6149,1,2017-06-03
2842,7594,5,2018-06-09
2843,6401,1,2017-11-22
2844,1405,4,2018-01-23
2845,3302,5,2017-04-08
2846,5565,5,2018-07-21
2847,8574,5,2018-01-06
2848,6330,5,2018-04-14
2849,2814,4,2017-06-03
2850,9337,5,2018-07-25
2851,8880,5,2018-05-17
2852,2184,5,2018-06-19
2853,3074,5,2018-04-26
2854,8090,4,2017-03-21
2855,1770,5,2017-06-28
2856,8201,5,2018-07-24
2857,2292,5,2018-05-10
2858,7442,5,2018-05-10
2859,7014,4,2018-01-25
2860,1010,5,2018-03-16
2861,3029,5,2017-11-25
2862,6394,2,2017-12-12
2863,9139,5,2017-10-03
2864,2215,5,2017-10-03
2865,4821,4,2017-10-06
2866,9491,4,2017-11-21
2867,1774,4,2018-03-17
2868,5423,5,2017-04-08
2869,470,2,2017-09-23
2870,9055,2,2017-12-10
2871,8203,3,2017-09-09
2872,2711,5,2018-06-16
2873,3777,4,2017-09-12
2874,9647,5,2018-07-31
2875,389,4,2018-05-24
2876,849,5,2017-09-12
2877,4909,3,2018-01-17
2878,5317,5,2018-07-27
2879,9129,5,2018-05-19
2880,1720,5,2018-02-15
2881,9120,5,2018-02-20
2882,581,5,2018-08-10
2883,8432,5,2018-01-10
2884,5190,5,2017-08-03
2885,3886,4,2017-02-03
2886,7840,4,2018-05-16
2887,1041,5,2017-05-25
2888,1341,5,2018-06-21
2889,7007,1,2018-02-03
2890,5552,1,2018-01-23
2891,8479,3,2018-07-06
2892,6719,5,2017-07-04
2893,4427,5,2018-08-29
2894,638,4,2017-08-05
2895,6523,1,2017-04-28
2896,258,1,2018-01-18
2897,1151,5,2018-08-01
2898,1502,4,2018-06-09
2899,416,4,2018-08-01
2900,2854,5,2017-09-12
2901,8617,1,2018-04-25
2902,1467,4,2018-08-04
2903,839,1,2017-12-21
2904,5232,5,2017-08-25
2905,8462,5,2017-06-24
2906,9044,3,2018-06-13
2907,7095,5,2018-06-02
2908,9018,5,2017-03-09
2909,5468,1,2018-05-19
2910,1870,5,2018-06-02
2911,9615,5,2018-01-07
2912,5477,3,2018-03-15
2913,9060,5,2018-06-21
2914,5741,4,2018-02-01
2915,9511,5,2018-07-24
2916,2287,5,2018-05-26
2917,3509,4,2017-12-09
2918,7215,5,2017-06-17
2919,9263,5,2018-02-23
2920,7126,5,2017-05-23
2921,4862,5,2018-03-03
2922,5275,5,2018-01-11
2923,8795,4,2018-05-18
2924,7315,4,2018-04-27
2925,815,4,2018-06-29
2926,8452,5,2017-12-20
2927,4796,5,2017-09-12
2928,6655,5,2018-07-27
2929,5000,5,2018-07-05
2930,5149,5,2018-06-23
2931,3183,5,2018-06-09
2932,6584,4,2017-10-22
2933,4884,4,2018-03-22
2934,3787,4,2018-05-01
2935,8765,5,2018-01-03
2936,4874,4,2017-08-25
2937,4591,5,2017-12-20
2938,7033,1,2018-03-17
2939,9227,5,2017-06-07
2940,3868,4,2018-05-12
2941,1938,5,2018-05-09
2942,5894,5,2018-08-23
2943,6040,5,2017-12-06
2944,7702,4,2017-10-25
2945,9420,4,2017-07-05
2946,7550,1,2017-10-18
2947,7402,4,2018-04-11
2948,6872,5,2017-05-13
2949,1692,5,2017-12-27
2950,8730,5,2017-07-28
2951,7195,5,2017-04-29
2952,1162,4,2017-12-06
2953,4088,5,2018-08-19
2954,3985,5,2018-03-21
2955,7757,5,2017-06-22
2956,5153,5,2018-06-19
2957,1473,5,2017-12-24
2958,9127,1,2018-02-08
2959,2341,5,2017-02-10
2960,4452,3,2017-09-07
2961,9070,3,2017-12-24
2962,2997,5,2017-08-18
2963,9783,4,2018-06-23
2964,9291,4,2018-05-31
2965,4130,5,2017-09-23
2966,2290,1,2018-06-26
2967,8519,5,2017-04-21
2968,1695,5,2018-01-24
2969,1352,5,2018-08-07
2970,3951,5,2017-05-04
2971,2489,1,2018-02-09
2972,7082,4,2018-08-28
2973,3004,5,2018-03-01
2974,6258,3,2018-08-31
2975,846,5,2018-01-10
2976,2879,4,2018-06-21
2977,8216,4,2017-12-22
2978,5703,4,2018-08-25
2979,3088,3,2017-09-30
2980,9112,4,2018-03-17
2981,9294,4,2017-07-13
2982,361,5,2018-05-01
2983,9096,5,2018-05-19
2984,6010,5,2018-02-01
2985,4684,4,2018-02-06
2986,6857,4,2018-06-20
2987,8354,4,2018-01-25
2988,3827,5,2018-07-02
2989,7276,5,2017-06-17
2990,8399,2,2017-05-27
2991,4676,5,2017-03-30
2992,1161,4,2017-04-06
2993,1242,5,2018-08-21
2994,2177,3,2017-10-27
2995,8966,5,2017-12-02
2996,8601,4,2018-04-03
2997,4186,5,2017-07-06
2998,7548,1,2017-10-28
2999,1268,5,2018-03-18
3000,2590,5,2017-04-14
3001,7879,5,2018-06-07
3002,7369,4,2018-08-07
3003,2289,4,2017-10-12
3004,8061,1,2018-05-18
3005,466,4,2018-06-26
3006,9478,1,2017-12-20
3007,1391,5,2018-01-17
3008,8235,1,2018-03-25
3009,9886,1,2017-08-10
3010,737,4,2018-08-01
3011,8190,5,2018-06-19
3012,6414,1,2018-01-19
3013,4258,1,2017-12-16
3014,5239,5,2018-06-22
3015,4180,3,2018-05-12
3016,6696,5,2018-07-31
3017,1543,5,2018-04-05
3018,9506,5,2017-11-28
3019,428,3,2017-09-23
3020,4803,3,2018-02-25
3021,6799,1,2017-09-30
3022,2257,5,2018-01-23
3023,9689,3,2018-06-05
3024,3352,5,2017-05-16
3025,8600,5,2017-08-04
3026,8304,3,2018-05-17
3027,6190,4,2018-07-04
3028,8762,5,2018-06-04
3029,6341,4,2018-03-17
3030,6466,5,2018-03-25
3031,8204,5,2018-01-17
3032,683,1,2018-02-16
3033,471,2,2017-08-30
3034,4103,4,2017-09-21
3035,4131,5,2018-02-22
3036,6614,2,2018-04-08
3037,7614,4,2018-03-17
3038,7311,5,2017-09-12
3039,1319,3,2018-08-24
3040,1433,4,2018-03-15
3041,9373,5,2017-08-04
3042,2087,4,2018-08-24
3043,9407,4,2017-12-22
3044,6160,5,2018-02-07
3045,733,4,2018-06-07
3046,7900,5,2018-07-07
3047,7453,5,2018-07-24
3048,6108,5,2018-08-08
3049,5585,5,2018-04-17
3050,8590,4,2017-11-11
3051,6222,5,2017-11-23
3052,3931,5,2018-06-23
3053,8037,5,2017-07-27
3054,7876,5,2017-10-28
3055,3037,5,2018-04-19
3056,6463,4,2018-04-28
3057,1096,5,2017-11-08
3058,2948,1,2017-12-02
3059,881,5,2017-07-05
3060,1029,4,2018-04-21
3061,8857,4,2017-08-11
3062,6102,4,2018-08-31
3063,1975,5,2018-02-23
3064,4453,1,2017-11-14
3065,4937,2,2017-05-03
3066,7913,5,2018-06-05
3067,8028,1,2018-05-19
3068,8509,5,2018-03-27
3069,5810,1,2017-06-17
3070,1875,5,2018-05-08
3071,6464,5,2018-06-09
3072,6259,3,2018-05-13
3073,7274,5,2018-03-09
3074,4728,3,2017-12-24
3075,1435,4,2017-09-13
3076,575,5,2018-02-25
3077,1478,5,2017-11-14
3078,790,5,2018-07-08
3079,5080,5,2018-04-24
3080,3169,5,2018-07-06
3081,4918,4,2018-03-29
3082,2119,1,2017-11-28
3083,2121,5,2018-05-03
3084,9310,4,2018-01-27
3085,9684,1,2017-07-01
3086,1497,2,2017-08-25
3087,7059,5,2018-02-07
3088,4044,4,2018-01-24
3089,9616,3,2017-04-14
3090,1853,5,2017-03-04
3091,9554,1,2017-12-24
3092,9626,5,2017-11-22
3093,7533,2,2017-10-31
3094,6720,5,2017-05-30
3095,7525,5,2018-08-17
3096,529,5,2018-07-27
3097,7357,5,2018-05-16
3098,7181,4,2017-09-05
3099,6397,5,2018-01-04
3100,6294,5,2017-09-30
3101,2586,3,2018-06-26
3102,5636,5,2018-08-18
3103,4991,5,2017-08-02
3104,5112,1,2018-02-28
3105,6500,4,2017-05-24
3106,2153,4,2018-06-15
3107,5904,5,2018-01-10
3108,9326,5,2018-07-24
3109,918,1,2018-02-25
3110,2564,1,2018-03-28
3111,4839,5,2017-08-30
3112,460,5,2018-03-21
3113,440,1,2017-08-01
3114,8750,4,2017-08-24
3115,6059,4,2017-10-06
3116,9153,5,2018-05-15
3117,9599,4,2018-08-28
3118,4264,5,2018-05-15
3119,1271,5,2017-10-12
3120,8228,5,2017-02-25
3121,433,3,2017-02-16
3122,3465,5,2018-01-27
3123,6626,3,2017-04-02
3124,420,5,2018-05-10
3125,8665,5,2017-02-18
3126,2428,5,2018-08-30
3127,8056,5,2018-08-10
3128,8088,5,2017-08-17
3129,5120,1,2018-08-04
3130,7569,5,2018-07-31
3131,8632,2,2018-03-23
3132,7353,5,2018-08-30
3133,2467,3,2018-04-14
3134,4165,3,2017-09-26
3135,4028,5,2018-04-20
3136,8266,5,2017-07-25
3137,1145,5,2017-06-08
3138,1320,4,2017-11-15
3139,1395,5,2018-02-01
3140,8032,5,2018-01-19
3141,4795,4,2017-10-04
3142,5203,1,2018-01-05
3143,7000,3,2018-01-06
3144,4859,4,2018-07-14
3145,8125,5,2018-06-13
3146,8357,4,2018-07-04
3147,7777,3,2018-02-17
3148,3831,4,2017-07-18
3149,9252,5,2018-06-27
3150,5438,5,2018-04-03
3151,5150,3,2018-02-03
3152,2382,1,2017-12-01
3153,4761,4,2017-06-09
3154,3804,4,2018-07-14
3155,8614,5,2018-07-07
3156,9299,1,2018-04-05
3157,8302,5,2018-01-30
3158,7750,5,2017-01-20
3159,6533,5,2018-02-17
3160,5883,5,2018-06-16
3161,2584,5,2018-08-30
3162,3575,5,2017-10-17
3163,3201,5,2018-08-28
3164,6589,5,2018-03-15
3165,6340,5,2018-06-06
3166,83,4,2018-04-27
3167,1903,5,2018-01-31
3168,9584,5,2017-08-04
3169,2136,5,2017-09-05
3170,7017,3,2018-01-30
3171,5061,4,2018-07-24
3172,6625,3,2017-06-19
3173,5707,5,2017-10-05
3174,1140,3,2017-03-29
3175,1207,5,2018-08-11
3176,7342,5,2018-07-26
3177,4852,4,2018-02-09
3178,2249,1,2018-02-21
3179,8666,5,2017-04-06
3180,5237,1,2017-10-20
3181,836,5,2017-10-06
3182,1152,1,2017-12-20
3183,9757,4,2017-07-22
3184,8899,5,2018-03-02
3185,9133,3,2018-04-10
3186,5197,4,2018-07-01
3187,9541,5,2018-08-31
3188,1721,5,2018-03-17
3189,3830,5,2018-06-14
3190,7343,4,2018-03-01
3191,8725,5,2017-09-26
3192,9350,2,2017-08-01
3193,7596,4,2017-12-12
3194,3754,5,2017-06-22
3195,240,4,2018-01-16
3196,4016,4,2018-02-21
3197,2111,5,2017-12-23
3198,5959,5,2017-02-10
3199,7092,5,2018-08-01
3200,6670,4,2018-03-27
3201,6452,5,2017-05-12
3202,552,5,2018-03-17
3203,394,3,2017-07-21
3204,8587,5,2017-12-17
3205,4770,1,2018-03-17
3206,6935,4,2017-11-25
3207,5925,4,2018-08-03
3208,8821,4,2018-03-07
3209,5412,1,2018-05-17
3210,8978,5,2017-01-18
3211,6994,3,2018-03-22
3212,5643,4,2017-10-04
3213,5178,2,2018-08-15
3214,9217,5,2018-01-27
3215,6489,5,2017-08-12
3216,4679,4,2018-02-23
3217,4469,5,2018-04-10
3218,9151,1,2018-03-23
3219,7302,5,2018-01-23
3220,8937,1,2018-06-05
3221,1048,3,2017-05-27
3222,5732,5,2018-05-17
3223,1274,5,2017-06-08
3224,1224,4,2018-04-26
3225,8962,1,2017-02-25
3226,6231,5,2017-05-16
3227,4564,5,2018-08-17
3228,856,5,2018-06-19
3229,8390,5,2017-06-22
3230,5692,5,2017-11-29
3231,4673,5,2018-01-22
3232,1942,5,2018-08-30
3233,2375,5,2018-07-28
3234,1917,5,2017-08-31
3235,2330,5,2017-07-18
3236,2103,5,2018-08-04
3237,9651,5,2018-08-10
3238,3426,1,2018-02-17
3239,7755,5,2018-04-20
3240,8855,2,2017-12-06
3241,6874,5,2017-12-01
3242,7300,5,2017-06-27
3243,9421,5,2018-05-24
3244,892,3,2018-04-12
3245,4382,5,2017-02-14
3246,6575,5,2017-02-14
3247,1520,1,2018-06-23
3248,3762,1,2018-03-14
3249,8250,1,2018-07-13
3250,976,1,2018-04-15
3251,2415,3,2018-05-26
3252,9136,4,2018-04-07
3253,4653,1,2017-12-22
3254,8861,5,2018-06-26
3255,6679,4,2017-09-14
3256,752,1,2018-07-11
3257,2046,5,2017-06-28
3258,3752,5,2018-06-08
3259,2683,5,2018-03-07
3260,8797,5,2018-01-27
3261,3813,5,2017-05-23
3262,2627,5,2017-02-17
3263,6272,5,2018-08-01
3264,4273,4,2018-06-05
3265,8363,5,2017-11-22
3266,8284,5,2018-03-19
3267,6995,4,2017-06-27
3268,8929,5,2018-08-29
3269,2214,5,2017-07-18
3270,8232,1,2017-12-24
3271,6462,5,2017-11-24
3272,2990,5,2017-12-28
3273,2464,5,2017-09-23
3274,9020,3,2017-10-28
3275,4064,5,2018-07-07
3276,3107,4,2018-05-18
3277,8550,5,2018-07-12
3278,7904,4,2017-12-08
3279,5715,5,2017-04-08
3280,975,5,2018-03-28
3281,7542,4,2018-01-05
3282,4288,4,2018-07-27
3283,8402,5,2018-01-12
3284,2266,5,2017-08-10
3285,5324,5,2018-07-03
3286,2345,5,2017-10-26
3287,7809,5,2017-09-16
3288,2442,5,2018-02-08
3289,9636,1,2017-10-11
3290,4603,1,2018-05-09
3291,7912,5,2017-11-30
3292,3200,4,2018-05-19
3293,1930,5,2017-08-16
3294,6046,5,2018-05-08
3295,1910,5,2018-02-27
3296,1068,4,2018-07-25
3297,201,4,2018-02-07
3298,8084,3,2017-05-20
3299,5536,5,2017-05-09
3300,2637,2,2017-12-17
3301,8454,5,2017-12-06
3302,6227,1,2017-10-15
3303,7352,5,2018-08-15
3304,2349,5,2018-04-03
3305,1761,1,2018-05-19
3306,2511,5,2017-07-12
3307,3701,1,2017-05-04
3308,6702,5,2017-12-30
3309,2523,5,2017-09-27
3310,2703,4,2017-07-14
3311,2810,4,2018-08-02
3312,2713,3,2018-04-05
3313,114,3,2017-12-20
3314,7574,5,2018-03-11
3315,2893,5,2017-08-12
3316,7384,5,2017-10-15
3317,9467,4,2017-02-03
3318,7026,5,2017-08-23
3319,2112,4,2017-07-13
3320,624,4,2017-05-10
3321,3919,5,2017-02-16
3322,5050,5,2018-08-22
3323,3910,5,2017-03-10
3324,2013,4,2017-07-22
3325,6183,5,2017-09-20
3326,928,1,2018-07-31
3327,2318,5,2017-06-21
3328,7055,5,2017-12-08
3329,8311,5,2018-05-12
3330,7301,5,2018-08-21
3331,7262,4,2017-12-20
3332,5386,5,2017-07-20
3333,2308,1,2018-06-10
3334,6145,5,2017-06-01
3335,283,5,2017-09-01
3336,226,4,2017-03-19
3337,1775,4,2017-03-21
3338,9635,1,2017-12-17
3339,8260,5,2017-10-08
3340,7897,3,2017-06-24
3341,5646,5,2017-12-13
3342,6548,5,2018-07-06
3343,8950,5,2017-10-21
3344,4000,5,2017-08-01
3345,1763,5,2018-08-03
3346,8743,1,2018-08-25
3347,1687,4,2018-03-28
3348,861,5,2018-08-07
3349,3784,5,2018-03-24
3350,658,1,2018-01-31
3351,1005,5,2018-02-28
3352,8655,5,2017-10-03
3353,121,5,2018-05-04
3354,375,5,2018-08-25
3355,9447,3,2018-02-19
3356,173,5,2018-07-17
3357,800,5,2018-02-23
3358,7212,3,2017-12-02
3359,3230,4,2018-06-10
3360,4693,5,2017-05-31
3361,670,5,2017-07-07
3362,2521,1,2018-03-22
3363,1261,3,2018-08-17
3364,2321,4,2018-06-26
3365,1838,5,2017-12-12
3366,9986,5,2017-04-22
3367,6094,5,2018-04-26
3368,3464,4,2018-04-19
3369,4659,4,2018-01-27
3370,2419,3,2018-06-06
3371,1197,2,2018-04-12
3372,5579,5,2017-05-13
3373,1416,4,2018-07-27
3374,6453,1,2018-01-18
3375,5766,3,2018-08-15
3376,6727,5,2017-10-05
3377,9777,5,2018-02-27
3378,5855,1,2017-03-17
3379,1202,5,2018-07-31
3380,6576,4,2018-08-28
3381,4621,5,2017-11-01
3382,485,3,2018-08-04
3383,314,4,2017-02-18
3384,2769,5,2017-12-13
3385,5007,5,2017-10-10
3386,5361,5,2017-09-22
3387,2959,5,2018-07-25
3388,1913,4,2018-03-30
3389,7845,5,2018-03-16
3390,9268,4,2017-03-15
3391,3050,5,2018-05-02
3392,521,3,2017-07-29
3393,1484,5,2018-08-15
3394,3300,5,2018-08-02
3395,7260,5,2017-11-28
3396,3501,4,2018-04-14
3397,6358,5,2017-09-26
3398,5349,1,2018-06-09
3399,3371,5,2018-01-04
3400,1402,5,2018-07-31
3401,3743,5,2018-08-04
3402,6411,4,2017-11-04
3403,5530,4,2017-12-12
3404,8644,4,2017-09-14
3405,1700,5,2018-02-20
3406,7303,5,2017-11-09
3407,36,3,2018-08-09
3408,7849,5,2017-03-15
3409,5669,4,2017-12-28
3410,8176,5,2018-08-28
3411,6154,4,2018-02-01
3412,6188,5,2018-08-04
3413,8411,5,2017-09-14
3414,4923,5,2017-09-14
3415,5081,5,2017-10-11
3416,3033,5,2017-12-02
3417,6012,4,2018-04-13
3418,5133,4,2017-09-12
3419,9551,4,2018-01-23
3420,9919,2,2018-08-26
3421,6515,5,2017-11-09
3422,9614,5,2017-12-07
3423,3089,4,2018-02-10
3424,2960,5,2018-08-18
3425,62,4,2018-01-28
3426,814,2,2018-06-15
3427,598,5,2018-05-23
3428,497,4,2017-06-20
3429,4195,5,2018-08-30
3430,1566,5,2017-12-12
3431,4306,5,2017-10-28
3432,5624,4,2018-02-10
3433,4434,5,2018-08-01
3434,4734,5,2017-10-24
3435,9356,5,2017-07-15
3436,3871,5,2017-07-25
3437,1591,4,2018-03-01
3438,7065,1,2017-08-19
3439,4873,5,2017-07-15
3440,9773,5,2018-03-06
3441,6631,5,2017-08-23
3442,8941,5,2018-07-15
3443,3127,4,2018-06-27
3444,4993,5,2017-10-14
3445,3058,5,2017-04-08
3446,684,5,2017-12-03
3447,3577,5,2018-06-02
3448,8630,4,2018-02-26
3449,1869,5,2018-07-07
3450,5005,5,2018-08-31
3451,494,4,2018-05-22
3452,2648,5,2018-06-29
3453,252,5,2018-06-21
3454,4534,4,2018-05-04
3455,6174,5,2018-03-29
3456,5014,2,2018-01-28
3457,1778,5,2017-10-12
3458,1057,4,2018-03-09
3459,7094,5,2018-07-26
3460,6704,5,2018-08-22
3461,7901,4,2017-12-30
3462,5840,5,2017-09-26
3463,41,5,2018-04-29
3464,5753,4,2017-07-05
3465,7728,4,2018-01-08
3466,9864,2,2018-08-05
3467,344,3,2018-05-10
3468,4100,4,2017-12-22
3469,9579,1,2017-12-15
3470,4202,3,2018-03-02
3471,4855,5,2017-03-18
3472,1438,1,2017-04-14
3473,9262,1,2018-06-09
3474,4318,5,2017-05-23
3475,3761,5,2018-05-04
3476,9833,1,2017-11-09
3477,4994,5,2018-03-13
3478,1166,2,2018-03-15
3479,6797,1,2018-06-03
3480,2796,4,2018-04-27
3481,8449,4,2018-02-22
3482,6114,3,2018-02-21
3483,1099,5,2017-10-24
3484,6304,4,2018-01-05
3485,233,5,2017-07-20
3486,7305,5,2017-11-03
3487,3542,5,2017-03-25
3488,6934,4,2017-05-26
3489,6558,5,2018-02-02
3490,3137,4,2018-03-01
3491,1285,3,2017-08-23
3492,7581,3,2018-03-22
3493,4823,1,2018-02-10
3494,2955,1,2018-03-24
3495,7866,5,2018-03-29
3496,3837,5,2018-06-21
3497,5461,5,2017-06-14
3498,578,5,2018-07-03
3499,6945,5,2017-03-04
3500,9742,5,2017-12-23
3501,9495,5,2018-02-20
3502,2452,1,2018-04-21
3503,6681,5,2018-03-06
3504,1508,5,2017-05-12
3505,7137,5,2018-04-19
3506,5373,5,2018-05-15
3507,6230,4,2017-08-25
3508,2536,5,2018-02-21
3509,5900,5,2018-05-08
3510,8245,2,2017-08-13
3511,9835,1,2017-08-11
3512,1397,1,2018-06-06
3513,8885,5,2018-08-17
3514,1002,5,2018-08-23
3515,5957,5,2018-04-07
3516,4371,3,2018-01-04
3517,9708,5,2018-01-27
3518,9176,5,2017-10-10
3519,7587,5,2017-10-10
3520,5600,4,2017-09-19
3521,883,4,2017-11-15
3522,7456,5,2018-03-13
3523,451,5,2018-02-03
3524,5750,3,2017-12-14
3525,1739,3,2018-08-22
3526,2949,2,2017-09-12
3527,5231,4,2018-03-01
3528,6993,4,2017-05-11
3529,6905,5,2017-11-01
3530,6955,2,2018-08-24
3531,5400,3,2018-05-23
3532,8193,5,2018-06-05
3533,5011,2,2018-03-21
3534,2049,5,2018-04-17
3535,306,5,2017-02-21
3536,3537,5,2017-08-19
3537,559,5,2017-11-17
3538,9957,5,2017-10-31
3539,9338,5,2018-05-22
3540,3373,5,2017-11-28
3541,3876,5,2018-04-05
3542,6591,5,2017-12-06
3543,7417,4,2018-03-17
3544,830,5,2017-07-28
3545,7886,4,2018-06-28
3546,5854,5,2017-12-07
3547,5328,1,2017-12-21
3548,4432,3,2018-04-18
3549,8424,5,2017-02-02
3550,4633,5,2018-04-01
3551,9903,5,2018-07-29
3552,8371,4,2018-08-17
3553,7532,5,2017-07-27
3554,1500,5,2018-03-14
3555,2510,4,2018-06-26
3556,5358,5,2018-04-07
3557,8333,5,2018-08-10
3558,335,5,2018-04-07
3559,6240,4,2018-07-31
3560,2469,5,2017-08-17
3561,4904,3,2017-11-14
3562,2144,5,2017-10-25
3563,2778,3,2017-03-18
3564,7715,1,2017-11-07
3565,736,5,2017-10-22
3566,4263,5,2017-10-31
3567,9797,2,2017-12-15
3568,5187,1,2018-02-01
3569,7429,5,2017-10-24
3570,9193,3,2018-06-13
3571,6426,5,2017-12-27
3572,4817,1,2018-07-10
3573,5972,4,2018-01-13
3574,8378,5,2017-08-02
3575,5512,1,2018-08-19
3576,2125,3,2018-07-26
3577,7562,5,2018-02-28
3578,8194,5,2017-12-14
3579,8785,5,2017-07-22
3580,3394,4,2017-12-24
3581,305,3,2018-02-24
3582,9693,1,2017-12-17
3583,2837,5,2017-08-22
3584,3395,1,2017-06-25
3585,7416,5,2017-01-18
3586,4082,1,2018-08-12
3587,8450,5,2017-12-09
3588,7277,4,2018-06-06
3589,6541,5,2018-05-03
3590,5686,5,2018-03-21
3591,6146,5,2018-07-21
3592,2205,5,2018-02-17
3593,5330,3,2018-03-02
3594,1107,5,2017-05-26
3595,9826,4,2017-11-14
3596,2896,1,2018-08-10
3597,237,5,2018-07-25
3598,6791,5,2018-04-17
3599,6245,3,2017-02-23
3600,4602,5,2017-08-12
3601,2098,5,2018-06-08
3602,9902,5,2018-02-18
3603,626,5,2017-07-15
3604,2016,5,2017-08-04
3605,8974,1,2018-05-15
3606,4087,5,2017-08-15
3607,406,4,2018-04-04
3608,5363,3,2017-12-13
3609,9157,5,2017-06-17
3610,9172,1,2017-12-21
3611,5452,5,2018-03-22
3612,9188,5,2017-04-12
3613,5593,1,2018-04-21
3614,2876,5,2018-04-18
3615,2165,5,2017-11-07
3616,5571,5,2018-02-27
3617,2901,5,2018-03-13
3618,4407,3,2017-08-02
3619,6954,5,2017-03-23
3620,9815,3,2017-07-19
3621,4606,5,2018-01-05
3622,8957,5,2017-12-09
3623,2498,5,2018-05-04
3624,6471,1,2017-12-22
3625,6559,5,2017-06-02
3626,1780,5,2018-05-10
3627,8051,5,2017-07-27
3628,1168,4,2018-01-07
3629,7856,3,2017-12-28
3630,4023,2,2018-02-23
3631,2351,4,2018-04-12
3632,5562,2,2018-01-31
3633,9769,3,2017-10-12
3634,1045,4,2018-03-29
3635,9437,5,2017-02-22
3636,372,3,2018-02-28
3637,8317,2,2018-05-26
3638,1811,5,2018-04-21
3639,708,5,2018-08-08
3640,3379,5,2018-07-08
3641,2720,5,2017-06-08
3642,6737,1,2018-08-29
3643,9019,5,2018-08-07
3644,894,5,2017-12-14
3645,6092,4,2017-06-17
3646,715,2,2018-04-24
3647,7865,5,2018-03-28
3648,9536,4,2017-03-25
3649,5091,4,2017-03-21
3650,2610,5,2018-08-24
3651,8143,5,2017-08-19
3652,7642,5,2018-02-15
3653,9602,5,2017-10-07
3654,6977,5,2018-05-04
3655,3788,5,2018-04-12
3656,7190,5,2017-12-12
3657,7848,1,2018-05-15
3658,1101,5,2017-09-22
3659,6256,5,2018-03-23
3660,3176,5,2017-12-12
3661,6817,5,2018-07-06
3662,9831,5,2018-05-19
3663,8168,5,2017-12-29
3664,8557,1,2018-06-14
3665,8844,4,2018-05-20
3666,5550,4,2018-05-10
3667,6319,5,2017-12-06
3668,2843,5,2018-03-03
3669,5155,2,2017-07-27
3670,6759,3,2017-12-07
3671,4135,3,2017-07-06
3672,1411,4,2018-06-29
3673,705,5,2017-05-05
3674,2911,5,2018-05-05
3675,4550,1,2017-05-12
3676,9333,1,2017-09-23
3677,2952,3,2017-10-04
3678,773,5,2018-06-08
3679,3017,4,2018-08-23
3680,2079,5,2017-01-31
3681,6465,5,2017-12-27
3682,4179,5,2018-06-22
3683,3184,3,2017-03-04
3684,5853,5,2017-06-02
3685,6189,5,2018-06-03
3686,4208,5,2018-06-06
3687,3565,4,2018-02-27
3688,7067,1,2017-10-12
3689,3591,1,2017-10-27
3690,9006,1,2018-01-26
3691,9876,4,2018-03-30
3692,6543,5,2018-08-07
3693,6024,5,2017-03-11
3694,9465,1,2018-02-03
3695,5844,5,2017-12-14
3696,340,5,2017-07-13
3697,1754,5,2018-07-14
3698,4939,5,2017-11-19
3699,6832,3,2018-07-27
3700,7288,4,2017-12-14
3701,3510,5,2018-07-03
3702,3595,5,2017-08-12
3703,8963,1,2018-04-04
3704,2088,5,2017-07-11
3705,3249,4,2018-01-24
3706,6647,5,2018-05-09
3707,5950,4,2018-06-28
3708,1944,5,2017-01-26
3709,1134,1,2017-08-09
3710,9955,4,2017-07-27
3711,6775,4,2018-08-07
3712,4366,5,2017-02-20
3713,3474,5,2018-07-26
3714,2209,5,2018-05-04
3715,505,4,2017-05-19
3716,7744,5,2018-01-23
3717,9347,5,2017-08-29
3718,2089,5,2017-05-27
3719,6184,5,2018-07-17
3720,1867,3,2017-07-05
3721,5604,4,2018-05-08
3722,3908,5,2018-08-01
3723,3319,4,2017-12-23
3724,2381,5,2017-07-14
3725,3548,4,2017-08-02
3726,2172,5,2017-09-14
3727,8823,5,2017-05-30
3728,4722,2,2018-04-24
3729,4695,3,2017-11-28
3730,9167,5,2018-04-13
3731,1065,5,2017-08-02
3732,2755,5,2018-08-14
3733,7838,5,2017-05-23
3734,3147,5,2018-06-16
3735,5046,5,2017-09-27
3736,7977,5,2017-12-14
3737,9910,5,2018-01-09
3738,3360,5,2018-06-10
3739,8144,5,2018-08-12
3740,5129,4,2018-07-26
3741,4825,4,2018-04-29
3742,9054,5,2018-05-05
3743,8918,2,2017-10-06
3744,6981,5,2018-04-07
3745,4019,4,2017-09-21
3746,3945,3,2018-04-12
3747,8150,3,2017-02-02
3748,366,3,2018-01-05
3749,1847,5,2017-02-09
3750,4719,5,2018-04-17
3751,4731,5,2018-06-29
3752,425,5,2017-09-26
3753,8089,5,2018-04-20
3754,7967,5,2017-03-03
3755,4778,5,2018-02-01
3756,940,5,2017-06-03
3757,5001,1,2018-01-17
3758,1969,5,2017-08-13
3759,6835,3,2018-05-10
3760,5964,5,2018-04-18
3761,2238,5,2017-02-19
3762,8703,5,2018-08-21
3763,4451,2,2017-06-09
3764,2603,5,2018-07-27
3765,4837,5,2018-08-10
3766,9843,5,2017-12-05
3767,3161,5,2018-03-15
3768,8096,5,2017-04-11
3769,1461,4,2017-03-18
3770,6610,5,2018-07-05
3771,725,4,2017-11-18
3772,2367,5,2018-02-22
3773,5225,5,2018-01-23
3774,8613,4,2017-05-24
3775,1324,5,2018-05-15
3776,4383,5,2017-04-12
3777,890,5,2018-05-11
3778,5320,5,2018-08-24
3779,7236,5,2017-10-06
3780,9058,5,2018-03-09
3781,9312,5,2018-03-28
3782,9687,5,2018-07-05
3783,3209,1,2018-08-14
3784,9121,5,2018-03-17
3785,3500,5,2018-07-25
3786,7459,4,2017-12-21
3787,8297,5,2017-08-15
3788,5327,3,2017-07-27
3789,1932,5,2017-07-07
3790,5612,2,2018-08-24
3791,4429,5,2017-11-23
3792,2653,5,2017-12-16
3793,6893,1,2018-02-01
3794,2696,5,2018-06-21
3795,5787,4,2018-01-04
3796,1851,5,2018-01-05
3797,2457,5,2018-07-25
3798,3322,1,2018-06-19
3799,4392,5,2017-09-09
3800,2477,4,2017-11-08
3801,3803,3,2018-08-09
3802,4079,4,2018-05-25
3803,1241,3,2018-05-01
3804,9848,4,2018-02-06
3805,5344,5,2017-05-23
3806,583,5,2018-07-29
3807,9710,4,2018-03-18
3808,9960,5,2017-06-13
3809,819,1,2018-03-27
3810,112,5,2017-07-14
3811,6138,3,2017-12-12
3812,3018,5,2017-08-02
3813,6721,5,2017-10-24
3814,444,3,2018-06-26
3815,697,1,2018-02-24
3816,9820,4,2017-11-18
3817,6788,4,2017-10-04
3818,7283,4,2017-04-11
3819,3116,5,2017-02-16
3820,8429,5,2018-06-09
3821,8313,2,2017-04-14
3822,2777,5,2017-08-04
3823,8303,3,2018-01-25
3824,1601,1,2017-12-31
3825,8612,5,2017-09-15
3826,176,5,2018-06-29
3827,8049,4,2018-05-23
3828,9851,5,2018-02-19
3829,1014,5,2018-08-07
3830,8654,5,2018-06-03
3831,8296,3,2017-12-06
3832,9705,5,2018-07-12
3833,1885,5,2018-04-25
3834,9014,1,2018-02-10
3835,9295,5,2017-07-23
3836,7013,4,2017-12-19
3837,8418,5,2018-02-07
3838,1578,5,2018-05-18
3839,5639,5,2018-04-21
3840,6307,5,2018-08-05
3841,3508,4,2018-05-11
3842,3552,5,2018-07-06
3843,8273,5,2018-05-11
3844,7746,5,2018-04-03
3845,8575,5,2018-07-04
3846,8053,5,2017-09-20
3847,4045,5,2017-04-01
3848,2547,5,2018-08-10
3849,9966,5,2018-03-06
3850,7323,5,2018-08-25
3851,3710,5,2017-03-07
3852,3776,5,2017-05-16
3853,9691,5,2017-11-08
3854,7361,5,2017-09-16
3855,8006,2,2018-03-24
3856,1253,3,2018-01-13
3857,7377,5,2017-12-30
3858,2486,4,2018-01-17
3859,9655,5,2018-03-27
3860,6257,5,2018-08-23
3861,1540,5,2018-05-05
3862,1728,4,2017-08-31
3863,937,5,2017-12-13
3864,7571,5,2018-01-09
3865,8820,1,2017-12-08
3866,958,4,2018-04-17
3867,2544,5,2018-04-21
3868,3415,4,2018-07-07
3869,4154,4,2017-04-21
3870,4604,5,2018-01-13
3871,8107,4,2017-03-07
3872,8159,1,2017-10-13
3873,7248,4,2018-05-01
3874,1801,1,2017-06-10
3875,9450,3,2017-06-20
3876,7089,5,2017-10-11
3877,1948,5,2017-12-08
3878,1705,5,2017-07-05
3879,613,5,2018-05-19
3880,8551,3,2018-08-17
3881,9348,5,2017-07-13
3882,9232,1,2017-06-10
3883,5254,4,2018-05-04
3884,37,5,2018-06-08
3885,9162,5,2017-07-22
3886,7919,5,2018-05-06
3887,4985,4,2017-12-12
3888,9397,3,2017-10-31
3889,9945,4,2018-07-07
3890,7718,5,2018-04-19
3891,2789,4,2017-12-13
3892,6332,5,2018-02-06
3893,69,5,2017-02-15
3894,2297,3,2018-02-05
3895,3947,4,2017-11-18
3896,8896,5,2017-10-10
3897,9499,5,2017-12-28
3898,6623,5,2017-06-20
3899,2131,4,2018-05-04
3900,7808,5,2018-04-27
3901,1621,3,2017-08-04
3902,6952,5,2017-10-04
3903,6491,4,2017-12-30
3904,8768,5,2017-05-03
3905,4236,5,2017-10-03
3906,7016,5,2017-12-16
3907,2597,1,2017-03-18
3908,3400,4,2017-11-29
3909,6534,5,2018-04-12
3910,4269,3,2018-06-09
3911,3150,5,2017-09-27
3912,2359,5,2018-06-22
3913,4115,5,2018-05-10
3914,1731,5,2017-01-27
3915,9781,5,2018-06-21
3916,4467,5,2018-05-01
3917,6821,5,2018-06-16
3918,2004,4,2017-06-09
3919,3620,5,2018-06-28
3920,3555,5,2017-11-15
3921,1550,5,2017-06-02
3922,999,4,2018-05-26
3923,2857,1,2017-08-02
3924,895,3,2018-03-07
3925,7405,4,2018-01-06
3926,5829,5,2017-01-14
3927,2484,5,2018-04-21
3928,8735,5,2018-03-01
3929,9277,5,2017-12-29
3930,8913,5,2018-08-21
3931,3473,4,2018-05-19
3932,795,5,2017-12-13
3933,2663,5,2018-01-20
3934,3799,4,2017-09-21
3935,2747,4,2018-08-31
3936,9293,4,2017-07-20
3937,8706,4,2018-07-11
3938,9561,5,2017-12-14
3939,5210,4,2017-09-29
3940,2641,3,2018-01-12
3941,5553,4,2017-12-30
3942,7330,4,2017-12-02
3943,703,1,2018-04-27
3944,4057,2,2017-12-14
3945,5731,4,2017-12-09
3946,7071,5,2018-02-10
3947,2722,5,2017-09-19
3948,2635,5,2018-06-03
3949,3069,4,2018-01-20
3950,9721,5,2017-12-10
3951,6948,3,2018-04-27
3952,8940,5,2017-12-22
3953,2323,1,2018-03-17
3954,7538,5,2018-05-20
3955,6845,4,2018-03-20
3956,134,4,2018-02-24
3957,3859,1,2018-05-15
3958,9398,1,2018-04-27
3959,5546,4,2017-12-15
3960,3993,5,2018-07-05
3961,9967,5,2018-07-25
3962,5909,5,2018-02-22
3963,1857,4,2018-08-09
3964,7314,5,2018-04-11
3965,664,5,2018-02-16
3966,6712,4,2017-03-28
3967,9459,5,2017-02-10
3968,5455,1,2017-03-25
3969,2135,5,2018-03-21
3970,7128,4,2017-12-14
3971,6968,5,2018-08-22
3972,776,4,2017-07-15
3973,6971,1,2018-03-14
3974,7899,5,2017-10-25
3975,4167,5,2017-09-06
3976,8515,5,2017-12-21
3977,8945,5,2018-02-02
3978,3658,5,2017-08-30
3979,3248,4,2018-05-09
3980,768,5,2018-08-16
3981,266,5,2018-03-24
3982,8680,5,2018-01-18
3983,4917,5,2017-06-03
3984,9643,5,2018-04-26
3985,3196,5,2018-01-30
3986,6887,1,2018-06-07
3987,9330,5,2017-12-28
3988,2179,4,2018-07-24
3989,3653,5,2017-06-17
3990,4386,5,2017-09-14
3991,9855,4,2017-11-08
3992,8375,5,2017-06-14
3993,7549,5,2018-06-13
3994,2431,5,2018-06-09
3995,4956,5,2017-05-31
3996,3967,5,2018-07-28
3997,2465,1,2017-09-28
3998,6760,5,2018-08-21
3999,7153,5,2017-12-28
4000,4026,1,2018-05-23
4001,5365,5,2017-12-05
4002,3212,5,2018-02-17
4003,2591,4,2017-08-02
4004,1768,5,2017-04-06
4005,1671,5,2018-04-04
4006,6529,4,2018-03-22
4007,2055,5,2017-09-30
4008,568,5,2018-01-28
4009,7113,4,2017-05-27
4010,5851,5,2017-12-03
4011,569,5,2018-03-02
4012,3393,5,2018-07-25
4013,6280,5,2017-12-20
4014,9682,5,2017-04-18
4015,8789,5,2018-01-20
4016,4146,5,2018-04-06
4017,1406,5,2018-07-06
4018,8289,5,2018-01-18
4019,977,5,2017-08-18
4020,1793,5,2017-03-21
4021,6635,5,2017-08-18
4022,3173,3,2017-11-18
4023,5387,5,2017-02-16
4024,7496,3,2017-11-04
4025,7160,5,2017-10-03
4026,3174,5,2018-03-01
4027,1729,4,2017-12-19
4028,5076,5,2018-07-14
4029,4514,4,2018-05-16
4030,8949,4,2018-03-03
4031,8814,5,2017-08-12
4032,9,4,2018-05-03
4033,2029,3,2017-12-14
4034,9253,4,2017-05-05
4035,3627,4,2017-12-16
4036,4631,5,2017-03-04
4037,2319,5,2018-05-24
4038,1852,5,2017-04-06
4039,7945,5,2018-08-21
4040,1906,4,2018-08-24
4041,7505,5,2017-12-22
4042,9309,1,2018-08-11
4043,5445,1,2017-10-25
4044,9033,1,2018-03-25
4045,5527,3,2017-09-19
4046,1286,5,2017-03-23
4047,5709,1,2017-07-04
4048,7348,1,2017-08-05
4049,4738,5,2017-02-14
4050,359,4,2018-08-11
4051,3442,4,2017-06-10
4052,645,4,2017-12-10
4053,8422,5,2017-10-11
4054,4816,3,2018-05-23
4055,7075,5,2018-01-09
4056,1634,5,2018-04-19
4057,131,5,2018-03-13
4058,6947,5,2017-09-15
4059,2894,1,2017-05-18
4060,8558,5,2017-10-03
4061,2741,5,2017-09-05
4062,9367,5,2017-12-15
4063,2248,5,2017-08-08
4064,5054,4,2018-04-04
4065,1081,5,2018-01-04
4066,5740,5,2017-02-12
4067,6801,4,2017-10-04
4068,9778,4,2018-03-30
4069,794,5,2018-08-04
4070,9618,5,2018-05-05
4071,9186,5,2018-03-08
4072,7477,5,2018-03-14
4073,1340,5,2018-01-31
4074,5836,1,2018-03-10
4075,70,5,2018-08-29
4076,7613,5,2018-07-27
4077,26,5,2017-04-08
4078,1230,5,2018-03-31
4079,3682,5,2018-08-30
4080,6289,3,2018-08-10
4081,9628,5,2018-03-10
4082,7060,3,2018-01-17
4083,9178,5,2018-06-21
4084,9344,5,2018-03-04
4085,9205,5,2018-05-05
4086,2983,5,2018-08-07
4087,2346,5,2017-09-30
4088,7003,1,2018-03-15
4089,6740,1,2018-04-22
4090,6187,5,2018-06-08
4091,6433,4,2018-03-31
4092,3744,4,2018-03-07
4093,6742,5,2017-06-06
4094,2509,1,2018-01-12
4095,1104,5,2018-04-24
4096,6283,5,2017-09-12
4097,6539,5,2018-01-20
4098,3399,5,2018-05-04
4099,4776,5,2018-01-27
4100,8790,4,2018-04-05
4101,338,1,2017-09-06
4102,4428,5,2018-02-17
4103,8491,4,2018-03-30
4104,7553,5,2017-09-19
4105,943,2,2017-10-08
4106,2617,1,2018-04-12
4107,4253,4,2017-08-11
4108,8261,3,2018-04-06
4109,1187,1,2018-02-23
4110,9422,4,2018-07-21
4111,3673,4,2017-10-11
4112,963,1,2018-08-14
4113,8893,5,2017-12-07
4114,7908,4,2018-08-29
4115,9451,5,2018-01-10
4116,8660,5,2018-08-26
4117,7108,5,2018-08-17
4118,2598,4,2018-06-20
4119,4986,5,2018-01-12
4120,2061,5,2017-10-09
4121,2631,4,2018-04-07
4122,7991,5,2017-03-17
4123,3736,1,2017-12-31
4124,5419,5,2017-06-06
4125,3815,5,2018-03-21
4126,6355,5,2018-02-20
4127,4089,5,2018-05-15
4128,6865,5,2018-08-21
4129,5443,1,2017-03-24
4130,778,5,2017-04-21
4131,6090,5,2018-08-14
4132,4252,5,2017-05-18
4133,1625,5,2017-05-16
4134,8321,5,2018-08-21
4135,2600,5,2018-02-11
4136,844,5,2017-11-02
4137,7174,2,2017-09-15
4138,3002,4,2017-08-31
4139,6572,4,2017-09-20
4140,9550,5,2018-04-26
4141,8531,4,2018-03-01
4142,1259,5,2018-06-09
4143,5469,2,2018-04-28
4144,8018,5,2018-07-04
4145,3667,3,2018-05-24
4146,3492,5,2017-06-27
4147,4494,1,2017-08-25
4148,2762,4,2018-06-08
4149,8637,4,2018-07-14
4150,2369,1,2018-03-09
4151,7824,5,2018-08-25
4152,2753,5,2018-08-29
4153,4537,5,2017-11-18
4154,5752,5,2018-07-28
4155,528,5,2017-07-08
4156,4331,5,2017-10-24
4157,1842,5,2018-02-22
4158,5994,1,2017-12-21
4159,1458,5,2018-04-05
4160,9542,4,2017-08-11
4161,166,5,2018-07-22
4162,184,5,2018-07-27
4163,7898,4,2018-07-27
4164,4533,3,2018-03-21
4165,1124,4,2018-05-04
4166,7799,3,2018-05-08
4167,6111,1,2017-05-31
4168,6613,3,2018-07-25
4169,982,4,2018-06-22
4170,4463,5,2017-12-08
4171,7088,5,2018-06-16
4172,9750,5,2018-06-16
4173,9342,5,2017-08-01
4174,4572,3,2018-05-01
4175,5313,5,2018-03-08
4176,8283,1,2018-05-10
4177,5897,4,2018-01-30
4178,3378,5,2017-05-20
4179,947,2,2017-05-17
4180,5439,1,2018-06-16
4181,3532,5,2018-05-11
4182,1415,4,2018-06-05
4183,6851,4,2018-03-15
4184,171,2,2017-10-25
4185,7788,5,2018-06-12
4186,9231,4,2018-03-21
4187,3794,5,2017-08-31
4188,1071,5,2017-12-13
4189,6554,5,2018-01-20
4190,7544,5,2017-12-21
4191,77,5,2017-12-29
4192,4729,4,2018-02-21
4193,544,5,2017-04-28
4194,9487,1,2017-11-29
4195,7902,5,2017-08-17
4196,8772,1,2018-05-01
4197,7224,1,2018-04-11
4198,4787,1,2017-10-10
4199,1991,4,2017-08-27
4200,8848,4,2017-02-24
4201,238,5,2017-11-11
4202,6335,5,2018-08-21
4203,6128,5,2018-01-19
4204,7387,5,2018-05-19
4205,7618,4,2017-09-26
4206,4921,5,2018-02-22
4207,2704,5,2018-05-11
4208,3816,4,2018-08-23
4209,6178,4,2017-10-19
4210,4437,5,2017-04-20
4211,8122,5,2018-02-16
4212,2613,1,2018-05-16
4213,7358,1,2018-01-18
4214,1092,5,2018-02-22
4215,2052,2,2017-02-12
4216,3845,5,2017-07-14
4217,1593,3,2018-06-22
4218,2275,4,2018-04-24
4219,6692,5,2018-07-04
4220,9735,5,2018-06-12
4221,8903,4,2018-08-18
4222,639,5,2018-06-06
4223,2715,4,2018-01-25
4224,4038,1,2018-02-15
4225,7697,5,2018-03-08
4226,1196,5,2018-08-15
4227,3970,5,2017-03-01
4228,9377,5,2017-09-19
4229,6557,5,2017-03-08
4230,9440,5,2018-07-12
4231,2030,5,2017-08-23
4232,2156,5,2018-02-09
4233,9678,3,2017-02-19
4234,3327,2,2018-07-18
4235,1108,5,2017-10-11
4236,7892,4,2017-03-14
4237,5995,5,2017-06-01
4238,9767,5,2017-10-06
4239,6083,5,2017-12-15
4240,1496,1,2017-08-20
4241,7489,5,2017-12-20
4242,4203,3,2018-01-17
4243,7285,3,2018-02-21
4244,8441,1,2017-12-17
4245,3531,5,2018-01-17
4246,9729,5,2017-04-13
4247,1630,5,2018-07-21
4248,8729,5,2018-04-18
4249,3012,1,2018-02-23
4250,7042,3,2018-03-27
4251,2835,2,2018-02-09
4252,6535,1,2017-11-10
4253,2759,5,2017-12-05
4254,2334,5,2017-07-15
4255,7180,5,2018-07-31
4256,1466,4,2017-08-24
4257,4499,5,2017-06-11
4258,5520,5,2018-05-19
4259,2718,4,2018-01-09
4260,838,5,2017-11-22
4261,3227,5,2018-06-07
4262,2410,5,2018-07-13
4263,2680,2,2018-04-27
4264,2701,5,2017-11-08
4265,7661,5,2018-08-08
4266,2612,5,2018-01-23
4267,8314,4,2018-08-02
4268,1897,5,2017-12-06
4269,3507,5,2018-08-16
4270,9591,4,2018-01-11
4271,8328,5,2018-08-21
4272,291,4,2017-10-24
4273,3160,1,2017-04-30
4274,6328,1,2017-12-13
4275,1505,1,2017-08-26
4276,2836,5,2017-08-15
4277,9147,5,2017-09-14
4278,1876,5,2018-05-18
4279,1544,5,2017-11-25
4280,5322,5,2018-05-22
4281,721,5,2017-11-14
4282,5691,1,2017-01-31
4283,7306,1,2017-10-28
4284,6485,5,2018-06-21
4285,2728,5,2018-04-29
4286,2615,5,2018-05-11
4287,909,3,2017-12-12
4288,9640,5,2018-05-08
4289,8469,5,2018-01-19
4290,3826,5,2018-06-15
4291,8898,5,2017-03-09
4292,6761,5,2018-05-09
4293,3493,5,2017-10-05
4294,82,3,2017-12-14
4295,2497,5,2018-07-31
4296,4911,1,2017-10-29
4297,5998,1,2017-05-13
4298,1830,4,2017-06-14
4299,9208,5,2018-08-11
4300,493,5,2017-10-05
4301,5106,1,2017-12-22
4302,6812,5,2017-07-07
4303,2006,5,2018-01-14
4304,5024,5,2017-10-20
4305,2830,5,2018-05-26
4306,9404,5,2017-09-12
4307,5060,5,2018-07-12
4308,161,5,2018-05-03
4309,1306,5,2018-04-07
4310,7490,3,2018-04-13
4311,2281,5,2017-09-15
4312,7657,5,2018-05-04
4313,3155,5,2018-02-23
4314,914,5,2018-06-02
4315,222,3,2018-01-27
4316,1772,5,2017-12-15
4317,5066,1,2017-05-13
4318,9429,4,2017-07-20
4319,2176,5,2017-12-20
4320,1143,5,2018-04-27
4321,2076,5,2018-08-09
4322,1881,5,2018-08-22
4323,9056,4,2017-11-10
4324,4644,5,2017-12-23
4325,4524,1,2018-01-04
4326,1414,1,2018-02-24
4327,8775,5,2018-06-14
4328,3569,5,2018-06-19
4329,4261,4,2017-09-30
4330,8777,3,2017-06-10
4331,1971,1,2018-03-10
4332,1993,1,2018-03-11
4333,1662,5,2018-08-01
4334,57,5,2017-10-04
4335,6354,5,2017-09-06
4336,3333,5,2017-12-16
4337,9305,4,2017-05-24
4338,9928,5,2018-08-08
4339,2984,4,2018-05-19
4340,9905,1,2018-02-10
4341,3574,5,2017-01-31
4342,16,5,2017-05-12
4343,1887,5,2017-11-19
4344,7278,4,2018-05-24
4345,2899,5,2017-04-06
4346,5429,5,2017-07-26
4347,2872,5,2018-08-11
4348,9432,3,2017-08-01
4349,9504,5,2017-10-17
4350,8473,4,2017-11-29
4351,1668,5,2018-04-06
4352,1490,5,2018-08-19
4353,3802,2,2018-01-10
4354,5522,5,2018-06-12
4355,8133,5,2018-08-17
4356,9196,4,2018-06-15
4357,2898,5,2017-11-23
4358,5877,5,2017-07-19
4359,5743,5,2018-08-29
4360,5843,5,2018-08-28
4361,2707,5,2018-01-06
4362,2116,5,2018-07-06
4363,9276,4,2018-01-14
4364,2986,5,2017-12-30
4365,8021,5,2017-08-12
4366,2218,5,2017-08-08
4367,6522,5,2018-05-17
4368,665,3,2018-08-21
4369,7380,4,2018-03-27
4370,9446,1,2018-02-16
4371,8975,5,2018-06-12
4372,3534,5,2018-07-12
4373,6639,5,2018-08-27
4374,4908,1,2018-03-15
4375,5906,4,2018-05-08
4376,6745,5,2018-01-04
4377,1813,4,2017-06-17
4378,1301,1,2017-12-30
4379,857,5,2017-12-07
4380,3350,5,2017-09-29
4381,8781,5,2017-12-13
4382,5342,1,2018-01-09
4383,7422,5,2017-12-12
4384,9720,5,2017-04-14
4385,4322,5,2018-05-04
4386,6144,2,2018-05-19
4387,7409,5,2018-05-16
4388,6658,4,2017-09-27
4389,6888,1,2017-12-28
4390,1024,5,2017-05-19
4391,4766,5,2018-05-12
4392,414,5,2017-11-29
4393,4070,5,2018-02-23
4394,8226,4,2018-02-03
4395,6937,4,2018-03-30
4396,1934,5,2018-01-25
4397,6140,5,2018-01-04
4398,9436,5,2017-12-16
4399,1958,1,2018-06-27
4400,5698,5,2017-07-07
4401,4531,4,2017-03-22
4402,9787,4,2018-03-30
4403,2256,5,2017-04-21
4404,580,4,2018-02-06
4405,8295,5,2018-07-22
4406,8346,5,2017-09-12
4407,1255,5,2017-07-14
4408,1184,5,2018-05-19
4409,7624,5,2018-06-21
4410,401,5,2017-07-22
4411,519,5,2017-05-10
4412,3435,3,2017-11-30
4413,3699,5,2018-07-03
4414,1304,4,2017-03-12
4415,917,4,2017-08-19
4416,5634,3,2018-08-25
4417,2376,4,2018-02-18
4418,4979,3,2017-05-24
4419,1459,3,2018-03-02
4420,6637,5,2018-08-14
4421,5416,1,2018-04-14
4422,4051,4,2018-04-12
4423,7688,1,2017-12-13
4424,9466,2,2018-01-07
4425,5744,5,2018-05-18
4426,5661,5,2018-01-27
4427,8555,5,2017-01-28
4428,2478,1,2018-02-20
4429,1370,1,2018-04-11
4430,1337,5,2018-06-14
4431,1311,5,2018-03-31
4432,5868,3,2018-08-22
4433,4120,3,2018-08-25
4434,3206,3,2018-02-21
4435,4799,5,2017-08-15
4436,7475,5,2018-07-27
4437,4177,5,2018-01-03
4438,5401,4,2017-07-16
4439,294,5,2018-06-16
4440,8812,5,2017-10-26
4441,9581,4,2018-07-03
4442,4615,5,2017-09-30
4443,8621,4,2018-04-04
4444,5385,5,2018-04-14
4445,8544,5,2017-06-06
4446,8386,5,2018-03-13
4447,5869,5,2018-03-17
4448,7086,5,2017-06-15
4449,468,5,2018-08-18
4450,1344,4,2017-02-02
4451,1542,5,2018-01-09
4452,3488,4,2017-05-10
4453,4910,4,2018-02-17
4454,9749,5,2018-08-25
4455,9283,5,2018-06-07
4456,726,5,2017-07-28
4457,3040,4,2017-02-22
4458,1779,4,2018-05-18
4459,4244,5,2017-03-30
4460,3034,5,2018-07-26
4461,263,5,2018-01-25
4462,7659,3,2017-08-31
4463,386,4,2017-05-03
4464,6526,5,2018-04-03
4465,5214,3,2018-06-02
4466,1129,4,2017-08-02
4467,1097,5,2018-07-05
4468,806,4,2018-03-07
4469,8825,5,2017-12-13
4470,9230,5,2017-10-05
4471,5207,5,2018-05-15
4472,7765,5,2017-06-02
4473,4995,5,2017-12-22
4474,7272,5,2017-11-30
4475,7310,5,2017-10-04
4476,4822,5,2018-01-11
4477,1403,5,2017-08-01
4478,5074,5,2018-03-15
4479,3981,5,2018-02-17
4480,5430,5,2017-03-31
4481,8244,2,2018-03-24
4482,6518,2,2017-04-14
4483,432,4,2018-02-28
4484,9010,5,2018-03-01
4485,1655,5,2017-09-10
4486,5739,5,2017-09-26
4487,8916,3,2017-08-30
4488,4234,5,2017-06-01
4489,9898,5,2018-08-28
4490,7172,4,2017-12-27
4491,5040,4,2018-08-08
4492,284,5,2017-03-31
4493,6880,5,2017-12-07
4494,9213,5,2017-08-02
4495,4964,5,2018-01-13
4496,9146,5,2018-08-14
4497,7267,4,2018-01-09
4498,5161,4,2018-08-14
4499,4418,3,2018-05-24
4500,8704,4,2017-05-19
4501,4327,5,2018-06-07
4502,541,3,2017-12-05
4503,6969,1,2017-07-02
4504,3224,5,2018-03-20
4505,9261,5,2017-04-13
4506,5992,5,2018-02-24
4507,2851,5,2017-05-10
4508,3603,5,2017-03-21
4509,3864,4,2018-04-06
4510,8320,5,2017-12-08
4511,3030,5,2018-01-19
4512,8350,5,2018-07-24
4513,8582,1,2018-04-05
4514,1711,3,2017-11-10
4515,3449,4,2018-03-13
4516,6492,4,2018-06-16
4517,7474,5,2017-09-30
4518,7999,5,2018-08-21
4519,8792,5,2017-07-06
4520,6474,5,2017-06-02
4521,4101,4,2017-08-10
4522,512,3,2017-08-05
4523,4056,5,2017-04-29
4524,9597,5,2017-09-30
4525,5381,3,2017-11-14
4526,4667,5,2017-10-28
4527,8764,3,2017-03-04
4528,1513,4,2017-04-18
4529,1028,1,2018-03-15
4530,4593,5,2018-01-24
4531,1908,4,2018-04-27
4532,7530,5,2017-06-22
4533,9391,5,2018-05-05
4534,6764,5,2017-07-22
4535,232,5,2018-03-06
4536,7258,3,2018-08-31
4537,402,5,2017-09-21
4538,8031,4,2018-04-12
4539,326,3,2018-07-17
4540,2688,5,2018-08-28
4541,8004,5,2018-06-05
4542,8581,5,2017-04-12
4543,158,4,2018-07-31
4544,2203,2,2018-04-03
4545,8865,5,2018-01-26
4546,813,3,2018-03-03
4547,8990,3,2017-10-03
4548,7724,5,2017-11-11
4549,1363,5,2017-07-18
4550,642,5,2018-02-09
4551,1236,5,2017-05-13
4552,3801,1,2017-10-17
4553,6645,5,2017-10-18
4554,6246,5,2017-05-23
4555,6392,5,2018-08-19
4556,2114,5,2017-12-12
4557,9979,4,2017-11-02
4558,6806,4,2018-07-17
4559,9926,5,2018-05-01
4560,6005,5,2017-11-23
4561,2889,5,2018-08-28
4562,747,5,2018-05-16
4563,9497,4,2017-01-28
4564,4360,5,2017-12-03
4565,1190,5,2017-09-13
4566,9016,5,2018-06-22
4567,9155,5,2018-03-17
4568,1676,3,2017-04-14
4569,2706,5,2017-10-12
4570,765,4,2017-11-23
4571,7807,5,2018-04-26
4572,8608,3,2017-09-26
4573,1174,5,2018-05-04
4574,1922,5,2018-05-05
4575,6120,5,2017-12-08
4576,6607,5,2017-11-25
4577,4989,5,2018-02-20
4578,1660,3,2017-08-19
4579,4980,5,2018-08-16
4580,6984,5,2018-04-07
4581,3611,5,2018-04-06
4582,85,5,2018-03-19
4583,2942,3,2017-10-08
4584,7152,5,2017-09-29
4585,6819,1,2018-08-08
4586,7986,5,2018-06-05
4587,4309,1,2018-05-04
4588,4391,1,2018-07-06
4589,949,4,2018-01-20
4590,9441,3,2018-01-30
4591,4007,1,2017-03-28
4592,2127,5,2017-08-06
4593,7102,5,2018-08-07
4594,2391,4,2018-01-09
4595,4640,1,2018-01-30
4596,4737,1,2017-06-29
4597,1378,1,2018-07-11
4598,223,5,2018-01-16
4599,300,5,2018-04-28
4600,1422,1,2017-03-31
4601,5355,1,2018-03-30
4602,4582,5,2018-03-13
4603,1407,1,2017-10-13
4604,1617,5,2018-07-04
4605,9590,5,2017-08-17
4606,203,2,2018-01-09
4607,5188,1,2017-06-15
4608,723,1,2018-08-09
4609,7679,5,2018-06-19
4610,2317,1,2018-04-08
4611,5974,1,2017-12-20
4612,7636,5,2017-07-21
4613,4701,5,2018-02-06
4614,636,4,2017-03-17
4615,4941,5,2017-12-10
4616,2888,3,2017-08-29
4617,7022,1,2018-03-31
4618,7792,5,2018-05-05
4619,9028,4,2017-12-12
4620,1283,4,2018-04-10
4621,2288,5,2018-01-11
4622,5424,5,2018-07-28
4623,5757,1,2017-05-10
4624,2740,5,2018-08-21
4625,6556,1,2018-03-06
4626,6875,1,2018-08-19
4627,6349,1,2018-07-15
4628,4661,5,2018-03-15
4629,5,1,2018-04-20
4630,1094,5,2018-08-28
4631,3972,2,2017-08-10
4632,3812,4,2018-05-18
4633,9000,5,2017-11-14
4634,2221,3,2017-07-26
4635,5694,4,2018-03-09
4636,1131,1,2017-05-11
4637,9702,4,2018-03-20
4638,2884,5,2018-01-05
4639,8696,5,2017-10-25
4640,9683,1,2018-01-30
4641,6331,5,2018-02-24
4642,605,3,2018-01-10
4643,8131,5,2018-03-20
4644,2068,1,2017-12-13
4645,5610,5,2017-06-20
4646,4221,5,2017-05-26
4647,7701,5,2018-08-15
4648,7597,5,2017-03-18
4649,549,5,2018-05-15
4650,2571,5,2018-04-27
4651,1374,5,2018-08-29
4652,3239,5,2018-07-21
4653,5148,5,2018-08-18
4654,393,1,2018-08-10
4655,2070,3,2018-02-10
4656,3197,1,2018-01-23
4657,4619,3,2018-07-24
4658,9900,3,2018-02-08
4659,9325,5,2017-03-22
4660,939,5,2018-08-29
4661,6236,5,2018-03-29
4662,6070,5,2018-05-23
4663,2210,1,2018-08-11
4664,1939,5,2018-08-31
4665,3691,4,2017-12-21
4666,1893,3,2017-12-27
4667,2811,4,2017-07-20
4668,4491,5,2017-04-14
4669,4487,4,2018-07-27
4670,172,4,2018-02-06
4671,2117,5,2017-12-19
4672,4953,2,2018-05-18
4673,3164,5,2018-02-28
4674,8267,2,2018-01-31
4675,1012,5,2018-03-06
4676,3903,5,2018-02-23
4677,7492,4,2018-03-30
4678,4648,4,2017-07-15
4679,9852,5,2018-03-08
4680,2230,5,2017-02-21
4681,4663,4,2018-06-21
4682,7486,4,2018-04-04
4683,4905,5,2017-09-29
4684,9681,5,2017-09-09
4685,8615,1,2017-08-24
4686,503,4,2017-11-30
4687,4035,3,2017-07-18
4688,1667,5,2018-07-31
4689,47,5,2018-06-09
4690,3061,5,2017-02-14
4691,2138,3,2017-10-15
4692,7909,5,2018-01-13
4693,8243,5,2017-06-22
4694,2515,5,2018-02-07
4695,9845,3,2018-01-24
4696,6336,5,2018-01-25
4697,870,5,2017-11-26
4698,2332,4,2018-05-19
4699,5015,5,2018-05-03
4700,8909,5,2017-09-09
4701,5475,3,2017-10-25
4702,3330,3,2017-10-25
4703,8109,4,2017-11-18
4704,5114,2,2018-04-14
4705,5856,4,2018-07-13
4706,4987,1,2018-03-24
4707,2607,5,2018-04-21
4708,3446,5,2018-02-24
4709,7478,2,2017-03-15
4710,6673,5,2017-10-18
4711,3003,5,2018-08-08
4712,8010,5,2018-05-11
4713,8836,3,2018-08-15
4714,5113,5,2018-07-31
4715,5758,5,2017-09-04
4716,3984,5,2018-07-28
4717,6050,5,2017-11-30
4718,7857,5,2017-06-22
4719,8984,3,2018-02-07
4720,5987,5,2017-09-19
4721,8900,5,2018-04-26
4722,2500,1,2017-09-21
4723,7598,4,2017-10-19
4724,654,4,2018-05-13
4725,3884,2,2018-03-10
4726,8127,5,2018-01-23
4727,3637,4,2018-08-14
4728,2886,5,2017-05-25
4729,2357,5,2017-11-30
4730,7928,5,2018-06-14
4731,672,3,2018-06-09
4732,1193,5,2017-03-21
4733,2579,3,2017-07-06
4734,7942,5,2018-05-24
4735,746,1,2017-11-18
4736,8912,4,2017-06-15
4737,5936,5,2018-03-29
4738,7997,5,2018-08-04
4739,9785,5,2018-05-09
4740,1997,4,2017-12-20
4741,7044,5,2017-12-07
4742,1160,5,2017-08-25
4743,1669,5,2017-12-14
4744,6082,5,2018-08-14
4745,6691,2,2017-09-30
4746,1829,5,2018-07-04
4747,2975,5,2018-03-24
4748,60,5,2018-08-16
4749,6068,4,2018-02-24
4750,1199,5,2018-05-26
4751,5413,5,2018-03-30
4752,4870,5,2017-09-15
4753,8859,4,2017-08-17
4754,6155,5,2018-05-10
4755,72,3,2018-07-17
4756,5270,5,2017-12-12
4757,6583,4,2018-01-06
4758,6728,5,2017-10-06
4759,1179,5,2018-01-25
4760,1211,5,2018-03-29
4761,4468,5,2018-08-08
4762,3466,5,2017-11-02
4763,3051,5,2018-05-17
4764,1382,4,2018-05-11
4765,8290,3,2017-11-29
4766,4153,5,2017-08-22
4767,3020,5,2017-09-13
4768,4425,1,2018-03-05
4769,8470,4,2017-09-01
4770,4438,3,2018-08-24
4771,5794,5,2018-05-24
4772,2940,5,2017-12-21
4773,3046,1,2018-05-25
4774,6633,5,2018-04-19
4775,8661,5,2018-05-22
4776,6488,5,2017-12-08
4777,2935,5,2018-07-10
4778,4539,5,2017-08-08
4779,7294,5,2017-10-28
4780,9601,5,2018-03-20
4781,5434,3,2017-10-10
4782,2687,4,2018-04-05
4783,3272,4,2018-02-25
4784,3363,4,2018-05-24
4785,3091,1,2017-02-22
4786,9399,5,2018-03-25
4787,1899,5,2017-05-11
4788,8372,5,2017-09-12
4789,313,4,2018-03-06
4790,9115,5,2017-08-12
4791,1321,1,2018-02-07
4792,7881,5,2018-05-22
4793,2764,5,2017-10-10
4794,905,5,2017-11-30
4795,9476,4,2017-12-01
4796,8610,5,2018-01-17
4797,757,1,2018-03-21
4798,5651,3,2018-05-17
4799,5158,5,2018-07-04
4800,1796,5,2018-03-25
4801,3562,5,2018-08-17
4802,6804,1,2017-04-06
4803,3935,1,2017-05-04
4804,9039,4,2018-08-11
4805,2678,1,2018-03-16
4806,6450,5,2017-08-11
4807,6938,5,2017-07-06
4808,1441,4,2018-07-13
4809,8867,5,2018-02-21
4810,1394,5,2018-02-23
4811,8831,2,2018-05-26
4812,2587,5,2017-08-17
4813,1640,2,2018-05-20
4814,6391,5,2017-08-05
4815,9980,5,2018-05-24
4816,8151,5,2017-06-06
4817,5108,5,2018-06-22
4818,5708,5,2017-08-08
4819,8554,5,2017-09-26
4820,4181,5,2018-07-04
4821,9834,4,2017-07-06
4822,6389,3,2018-04-12
4823,3570,4,2017-09-30
4824,3392,4,2017-10-26
4825,9611,5,2017-02-02
4826,3644,5,2017-12-20
4827,1493,4,2018-05-05
4828,6153,1,2017-12-19
4829,4372,4,2018-02-27
4830,8530,5,2018-08-18
4831,7436,3,2017-04-18
4832,9214,4,2018-08-04
4833,8139,4,2018-06-26
4834,6021,5,2018-01-12
4835,1334,5,2017-03-18
4836,6007,5,2018-05-16
4837,6156,5,2018-02-28
4838,5277,4,2017-06-20
4839,4235,5,2017-11-23
4840,4222,5,2017-12-04
4841,8816,3,2018-03-24
4842,9718,1,2018-01-12
4843,1009,5,2017-08-01
4844,888,5,2017-10-20
4845,3216,5,2018-01-09
4846,423,5,2018-04-03
4847,722,5,2017-10-27
4848,6101,5,2018-06-13
4849,4997,5,2018-08-10
4850,6275,3,2017-03-12
4851,6524,4,2018-05-04
4852,6390,5,2018-02-09
4853,5684,3,2018-06-10
4854,1219,4,2017-11-01
4855,5375,1,2017-11-26
4856,7124,4,2018-01-17
4857,4757,5,2018-08-07
4858,5496,5,2018-06-12
4859,8074,5,2017-10-05
4860,2197,5,2017-10-22
4861,2253,3,2018-05-08
4862,7144,5,2018-04-07
4863,4132,4,2018-02-10
4864,4741,5,2017-12-27
4865,735,5,2017-08-27
4866,8728,3,2017-09-01
4867,6079,5,2018-02-17
4868,4482,5,2018-05-12
4869,1399,5,2018-03-16
4870,2712,5,2017-01-28
4871,9816,5,2017-08-19
4872,7820,5,2018-05-09
4873,3026,5,2018-02-07
4874,6085,5,2018-01-04
4875,7786,5,2018-03-10
4876,9301,5,2018-08-25
4877,8942,5,2017-02-14
4878,9744,5,2017-04-06
4879,242,4,2018-06-14
4880,3824,5,2017-03-30
4881,7099,5,2018-06-28
4882,9575,1,2017-11-08
4883,6075,5,2018-07-12
4884,1654,1,2017-11-18
4885,8484,5,2018-04-24
4886,5505,5,2017-02-04
4887,248,5,2018-04-21
4888,4628,5,2018-07-25
4889,8731,5,2018-01-31
4890,8813,5,2018-04-27
4891,6409,3,2017-11-29
4892,4959,5,2017-08-04
4893,5589,5,2018-08-22
4894,6722,2,2017-10-11
4895,6323,1,2017-03-19
4896,7567,5,2017-09-10
4897,2336,1,2017-03-22
4898,6836,1,2018-08-15
4899,6237,1,2017-08-05
4900,4025,5,2017-09-09
4901,4804,5,2017-05-20
4902,3312,4,2018-02-22
4903,6605,4,2017-03-17
4904,1200,5,2017-03-10
4905,7870,5,2017-03-04
4906,4878,4,2018-05-10
4907,297,5,2017-08-03
4908,5238,5,2017-12-13
4909,3087,5,2018-02-02
4910,502,1,2017-11-07
4911,6365,5,2017-08-30
4912,8525,5,2018-05-03
4913,7498,2,2018-05-05
4914,6479,5,2017-06-20
4915,4358,5,2018-05-17
4916,3323,5,2017-10-15
4917,7214,1,2017-07-07
4918,6701,5,2018-05-20
4919,457,3,2017-10-25
4920,4996,3,2018-04-04
4921,6266,5,2017-09-05
4922,27,5,2017-11-17
4923,7231,3,2017-07-13
4924,9566,5,2018-03-16
4925,9985,4,2018-02-21
4926,3326,1,2018-07-26
4927,3472,5,2017-08-02
4928,7024,5,2017-12-12
4929,724,5,2018-08-04
4930,2560,2,2018-05-11
4931,4010,5,2017-10-12
4932,9844,1,2017-05-17
4933,8652,4,2017-09-21
4934,4560,2,2017-07-13
4935,7874,5,2018-06-23
4936,9362,5,2018-05-04
4937,8746,4,2018-04-13
4938,3818,4,2018-05-01
4939,5662,1,2018-05-10
4940,9355,1,2017-10-15
4941,3874,5,2017-12-02
4942,3056,5,2018-06-29
4943,5535,5,2018-08-10
4944,1372,5,2017-12-21
4945,9656,5,2018-03-09
4946,2441,4,2018-08-23
4947,2887,5,2018-04-24
4948,6019,5,2018-02-18
4949,6864,1,2017-02-02
4950,6961,5,2018-01-30
4951,5431,4,2018-08-14
4952,5617,5,2017-10-19
4953,548,5,2018-03-18
4954,8330,5,2018-07-05
4955,1368,5,2017-08-08
4956,3589,4,2018-05-01
4957,4498,5,2018-02-08
4958,8794,5,2018-04-18
4959,9969,5,2017-04-08
4960,4864,2,2018-08-04
4961,1988,4,2017-10-27
4962,5435,5,2017-06-30
4963,2689,5,2017-12-29
4964,577,3,2017-11-26
4965,9885,4,2017-11-14
4966,8210,5,2017-11-28
4967,3491,5,2018-04-24
4968,6103,5,2018-06-19
4969,9946,5,2018-06-17
4970,3938,5,2017-08-03
4971,5220,5,2017-06-29
4972,6481,5,2017-06-08
4973,7421,5,2018-08-31
4974,3287,5,2017-11-11
4975,3325,1,2017-09-20
4976,5219,5,2018-03-10
4977,4461,5,2017-11-24
4978,5628,4,2018-03-25
4979,4315,5,2017-06-29
4980,5955,1,2018-04-03
4981,4922,4,2018-01-12
4982,6736,4,2017-04-21
4983,4507,4,2018-03-25
4984,6018,5,2018-03-06
4985,9839,5,2017-10-09
4986,1631,5,2017-03-12
4987,2659,5,2018-03-27
4988,1440,5,2017-08-18
4989,4326,2,2018-05-17
4990,467,5,2018-03-28
4991,1460,3,2018-05-17
4992,8925,5,2018-02-20
4993,951,5,2018-08-04
4994,8586,5,2017-10-10
4995,1210,5,2018-03-24
4996,1707,5,2018-02-20
4997,4622,5,2018-08-30
4998,9547,1,2017-08-06
4999,5191,5,2018-01-14
5000,7070,5,2018-03-30
5001,4727,4,2018-05-15
5002,5641,5,2018-04-11
5003,1548,5,2018-08-04
5004,481,5,2018-02-10
5005,6432,4,2017-11-07
5006,6350,2,2018-01-10
5007,3175,5,2018-05-10
5008,3009,5,2017-05-10
5009,7529,5,2018-04-14
5010,6209,5,2018-05-04
5011,6573,5,2017-12-30
5012,674,5,2017-11-22
5013,8875,4,2017-07-22
5014,4373,5,2018-07-03
5015,63,1,2017-04-20
5016,8438,4,2018-08-02
5017,1526,3,2018-06-07
5018,1126,4,2017-11-14
5019,8381,5,2017-11-18
5020,3634,3,2018-06-05
5021,4809,5,2017-08-30
5022,7085,4,2017-05-16
5023,205,5,2017-02-24
5024,2768,5,2018-01-12
5025,215,3,2017-08-13
5026,9717,4,2017-05-24
5027,4047,5,2018-04-10
5028,3334,5,2017-08-05
5029,6207,4,2017-11-29
5030,5402,5,2017-09-28
5031,3036,4,2017-08-08
5032,217,5,2018-02-03
5033,346,5,2018-08-17
5034,437,5,2017-10-26
5035,9795,1,2018-03-24
5036,4976,1,2018-06-13
5037,4125,5,2017-03-04
5038,1085,5,2018-02-22
5039,8927,3,2018-06-01
5040,8492,5,2018-04-27
5041,7730,4,2018-03-21
5042,3021,1,2017-10-24
5043,1100,1,2017-12-17
5044,9198,5,2017-12-06
5045,6621,5,2017-09-02
5046,8868,3,2018-04-06
5047,8846,2,2018-06-01
5048,333,1,2018-02-11
5049,4488,5,2017-03-02
5050,1121,1,2018-01-13
5051,8924,5,2018-03-21
5052,5781,5,2017-03-29
5053,3814,5,2018-03-22
5054,6643,1,2018-02-24
5055,3269,5,2018-04-28
5056,3678,4,2017-09-02
5057,5264,5,2017-05-31
5058,818,5,2017-02-26
5059,4914,5,2017-09-01
5060,1194,3,2018-01-12
5061,449,1,2017-06-28
5062,3115,5,2018-06-20
5063,9255,5,2017-07-15
5064,9873,5,2018-02-06
5065,8322,5,2018-06-20
5066,9223,5,2018-03-18
5067,3713,5,2017-05-26
5068,5946,5,2017-06-02
5069,1737,5,2018-06-23
5070,7793,5,2017-02-03
5071,9400,1,2017-12-22
5072,5485,5,2018-04-29
5073,4901,3,2018-03-09
5074,8705,3,2018-04-24
5075,6058,5,2017-11-14
5076,4083,5,2018-04-05
5077,3669,3,2017-11-15
5078,8124,4,2017-04-29
5079,3957,1,2017-02-23
5080,8967,5,2017-10-25
5081,1119,5,2018-05-15
5082,8676,5,2018-08-31
5083,5170,3,2018-01-16
5084,7334,5,2018-01-13
5085,5165,5,2017-06-30
5086,728,4,2017-12-13
5087,5230,5,2018-03-27
5088,2870,5,2018-03-28
5089,8442,4,2018-04-26
5090,3387,5,2017-10-21
5091,7603,5,2018-03-02
5092,6028,5,2018-08-31
5093,7804,5,2017-10-19
5094,5025,5,2018-04-17
5095,8158,5,2018-05-10
5096,5822,5,2018-06-12
5097,3294,5,2018-03-03
5098,6054,4,2017-10-03
5099,6077,3,2017-09-26
5100,5824,5,2018-01-23
5101,5685,5,2017-07-19
5102,8759,4,2018-01-20
5103,2450,1,2018-03-22
5104,7545,1,2018-03-28
5105,2939,1,2017-12-13
5106,9128,5,2018-08-01
5107,5777,5,2017-11-29
5108,5951,5,2017-12-23
5109,1919,5,2018-04-12
5110,4050,5,2017-05-10
5111,4790,5,2017-02-17
5112,2373,5,2017-06-01
5113,8744,4,2018-04-29
5114,3936,5,2017-11-25
5115,666,4,2018-02-23
5116,3656,5,2018-04-07
5117,92,5,2018-08-25
5118,6705,4,2017-08-05
5119,6744,1,2018-02-02
5120,2795,5,2017-04-11
5121,7005,1,2018-03-24
5122,6618,5,2017-12-18
5123,1874,3,2017-04-05
5124,1339,5,2018-03-21
5125,3557,5,2018-03-11
5126,750,5,2017-09-21
5127,2733,1,2018-03-23
5128,3726,4,2017-07-05
5129,6100,4,2017-10-31
5130,9138,5,2018-01-06
5131,8164,5,2018-06-16
5132,6651,5,2018-06-20
5133,5526,2,2017-12-21
5134,1955,5,2018-03-20
5135,3764,5,2018-02-03
5136,3836,5,2018-03-01
5137,7282,4,2017-12-06
5138,8400,5,2018-08-14
5139,3013,5,2018-02-21
5140,1877,3,2018-03-29
5141,117,5,2017-03-28
5142,6532,5,2018-08-01
5143,2090,5,2017-02-02
5144,7368,1,2018-04-26
5145,3964,5,2018-03-25
5146,6879,4,2018-08-14
5147,5675,5,2018-07-26
5148,8521,2,2017-03-24
5149,2360,4,2018-02-22
5150,3345,5,2017-12-19
5151,2398,4,2017-12-03
5152,6512,5,2017-10-25
5153,8622,5,2018-06-06
5154,5390,5,2018-03-16
5155,5103,5,2018-02-06
5156,6881,5,2018-07-26
5157,6071,1,2017-02-14
5158,3724,1,2018-05-16
5159,7641,4,2018-01-11
5160,6296,5,2018-05-18
5161,1672,5,2018-02-17
5162,6664,5,2018-03-09
5163,5989,5,2018-06-13
5164,1978,4,2017-08-18
5165,8185,1,2018-03-10
5166,5902,5,2018-02-28
5167,6811,5,2017-08-18
5168,4462,5,2018-06-22
5169,8135,5,2017-12-29
5170,9694,5,2017-05-03
5171,4678,5,2018-03-29
5172,6699,5,2017-12-22
5173,7333,5,2018-08-04
5174,9762,4,2018-05-11
5175,435,5,2018-01-19
5176,116,5,2017-05-10
5177,2765,1,2017-10-10
5178,5518,1,2018-03-10
5179,4342,5,2017-11-30
5180,3484,1,2018-03-25
5181,865,5,2018-02-09
5182,3690,5,2017-11-10
5183,124,5,2018-08-09
5184,3218,5,2017-09-13
5185,5498,5,2017-08-24
5186,1263,1,2018-06-26
5187,7742,5,2018-08-10
5188,3797,5,2018-01-14
5189,4280,5,2018-05-29
5190,9740,5,2017-12-17
5191,6568,1,2018-07-07
5192,7733,5,2017-03-31
5193,2624,5,2017-08-29
5194,2298,1,2017-12-22
5195,7806,4,2018-06-13
5196,6884,5,2018-07-04
5197,3289,5,2017-04-28
5198,2709,4,2017-10-04
5199,9560,3,2018-05-26
5200,1223,5,2018-06-15
5201,130,4,2017-05-26
5202,8318,5,2018-06-07
5203,902,5,2018-05-03
5204,2864,5,2017-03-23
5205,7805,5,2017-09-27
5206,2526,2,2017-06-28
5207,302,5,2017-05-03
5208,4724,1,2017-05-17
5209,2468,5,2018-05-10
5210,3629,5,2017-05-09
5211,632,5,2017-03-29
5212,1427,5,2018-08-23
5213,8869,5,2018-04-25
5214,9085,4,2017-12-05
5215,1061,1,2018-02-23
5216,786,4,2017-09-01
5217,6061,5,2017-04-08
5218,9427,5,2017-08-22
5219,8383,5,2017-10-10
5220,9775,5,2018-08-25
5221,1703,1,2018-06-15
5222,2625,5,2018-03-25
5223,8325,3,2018-02-03
5224,1165,5,2018-06-23
5225,2023,5,2018-07-22
5226,9817,5,2018-07-05
5227,5305,5,2018-04-12
5228,753,4,2018-02-21
5229,3388,5,2017-07-07
5230,5333,5,2017-09-26
5231,3170,4,2018-08-14
5232,6457,5,2017-02-18
5233,4798,4,2018-03-29
5234,5448,5,2018-05-19
5235,1186,5,2018-07-24
5236,5625,4,2018-03-03
5237,5891,5,2017-10-20
5238,9878,5,2017-02-22
5239,4624,3,2017-05-16
5240,5976,2,2017-09-12
5241,1159,5,2017-11-24
5242,2027,1,2017-09-27
5243,6907,5,2017-08-18
5244,3140,5,2018-08-10
5245,5712,5,2018-04-11
5246,4500,3,2018-03-16
5247,7719,5,2017-10-31
5248,597,1,2018-01-06
5249,1272,1,2018-07-13
5250,1171,5,2017-12-27
5251,5591,4,2018-06-07
5252,3215,5,2018-08-21
5253,3853,5,2017-08-04
5254,820,5,2017-08-02
5255,1712,4,2017-05-20
5256,9523,5,2017-12-08
5257,6930,3,2017-05-19
5258,135,2,2018-05-15
5259,3587,5,2017-12-12
5260,3550,5,2018-04-27
5261,7207,5,2018-07-21
5262,7887,5,2018-06-20
5263,7836,5,2018-07-08
5264,6165,5,2018-05-08
5265,120,4,2017-06-24
5266,5588,5,2017-08-26
5267,138,5,2018-06-27
5268,6929,5,2018-06-12
5269,7328,5,2017-12-23
5270,4547,4,2017-09-09
5271,1900,5,2017-11-09
5272,2559,4,2017-06-24
5273,9896,5,2018-06-22
5274,9990,4,2017-10-12
5275,4121,5,2017-08-08
5276,2846,1,2018-02-04
5277,7841,3,2018-05-16
5278,2555,5,2017-06-03
5279,5047,4,2017-06-29
5280,2867,1,2018-01-06
5281,4903,5,2017-06-03
5282,4096,1,2017-12-16
5283,350,5,2018-04-17
5284,8722,5,2017-09-30
5285,3712,5,2017-08-03
5286,7863,5,2017-11-09
5287,7932,5,2018-03-28
5288,6115,5,2017-09-06
5289,4168,4,2017-10-19
5290,1865,1,2017-12-24
5291,3047,5,2018-06-05
5292,3475,5,2017-11-25
5293,7652,5,2018-03-06
5294,5659,4,2017-03-28
5295,3286,5,2017-07-15
5296,7202,5,2017-04-02
5297,8752,1,2018-05-11
5298,7921,5,2018-08-18
5299,322,1,2018-01-13
5300,8994,3,2018-07-05
5301,3293,5,2017-08-05
5302,5872,4,2018-04-08
5303,5583,4,2017-05-24
5304,4925,5,2018-03-28
5305,2820,4,2018-05-17
5306,6827,2,2017-06-25
5307,2254,4,2018-01-09
5308,9610,2,2018-05-05
5309,3738,5,2017-02-08
5310,4497,5,2017-07-26
5311,3619,1,2018-05-16
5312,985,5,2018-06-15
5313,8106,1,2017-11-11
5314,980,3,2017-07-28
5315,2840,5,2017-08-15
5316,8959,1,2017-04-11
5317,8733,3,2017-10-27
5318,6191,1,2018-08-19
5319,3214,3,2018-08-15
5320,236,5,2018-02-24
5321,754,5,2017-09-17
5322,2002,3,2018-06-29
5323,3599,5,2018-08-01
5324,5903,4,2018-07-24
5325,8817,4,2018-06-08
5326,2516,4,2018-05-09
5327,4314,5,2018-03-13
5328,8209,5,2017-08-22
5329,4525,5,2018-05-04
5330,4530,5,2017-11-01
5331,3099,4,2018-05-22
5332,3598,1,2018-07-24
5333,5395,5,2018-04-24
5334,7479,5,2017-11-21
5335,689,5,2017-12-27
5336,1524,5,2017-04-18
5337,3402,4,2017-06-10
5338,3722,2,2018-02-03
5339,1013,4,2017-09-06
5340,9623,5,2018-03-06
5341,3342,5,2017-02-07
5342,4377,5,2017-08-19
5343,8339,1,2017-07-28
5344,1603,4,2018-05-06
5345,5043,4,2017-08-16
5346,7444,5,2017-08-12
5347,4613,4,2017-08-29
5348,1205,5,2018-06-26
5349,7041,5,2018-07-24
5350,5952,5,2018-08-15
5351,5939,5,2018-08-03
5352,6194,4,2018-05-02
5353,6026,5,2018-06-29
5354,5364,5,2017-07-25
5355,9117,4,2017-08-09
5356,2968,5,2018-07-11
5357,9525,5,2017-09-12
5358,7105,2,2017-07-26
5359,7552,4,2018-02-21
5360,4639,5,2018-02-09
5361,1303,5,2017-10-07
5362,9660,5,2018-08-31
5363,5504,4,2018-05-19
5364,6181,5,2017-11-09
5365,368,5,2017-08-31
5366,5771,5,2018-06-21
5367,7954,5,2018-08-01
5368,6793,5,2018-06-28
5369,4166,3,2017-09-23
5370,3586,5,2018-03-14
5371,6308,5,2017-08-19
5372,9732,1,2018-06-06
5373,5584,5,2018-03-01
5374,8013,5,2017-05-14
5375,1059,5,2018-01-12
5376,8366,5,2017-07-13
5377,8119,5,2018-08-23
5378,7188,5,2017-06-30
5379,9507,1,2018-03-08
5380,8236,4,2017-10-11
5381,1618,5,2017-08-30
5382,123,5,2017-03-23
5383,8488,5,2017-12-14
5384,9704,4,2018-08-25
5385,7739,4,2017-08-26
5386,462,5,2018-07-14
5387,6953,5,2018-06-12
5388,7029,5,2017-12-21
5389,2724,3,2017-06-22
5390,1180,5,2017-08-02
5391,8908,3,2017-08-04
5392,7216,5,2018-01-26
5393,4974,5,2018-06-05
5394,3914,5,2018-01-19
5395,4587,5,2018-02-16
5396,137,5,2017-09-14
5397,3225,3,2017-11-29
5398,1325,3,2018-06-06
5399,7020,1,2017-05-23
5400,8650,5,2018-07-05
5401,6713,5,2018-04-24
5402,8453,1,2018-04-13
5403,3877,4,2018-05-12
5404,5581,1,2018-01-19
5405,7289,1,2017-04-12
5406,436,5,2017-10-18
5407,8409,4,2018-04-17
5408,3623,5,2018-08-08
5409,2485,4,2018-03-13
5410,9045,3,2017-12-15
5411,9419,5,2018-06-04
5412,4532,5,2018-01-20
5413,1424,3,2018-05-13
5414,362,5,2018-02-27
5415,1512,5,2018-08-29
5416,1823,4,2018-01-24
5417,7995,4,2018-03-02
5418,9046,5,2017-12-10
5419,3064,4,2017-11-01
5420,942,5,2018-05-16
5421,660,5,2018-04-05
5422,2572,5,2017-03-18
5423,8376,5,2017-09-19
5424,5422,3,2017-11-01
5425,7076,2,2017-07-08
5426,1959,5,2017-07-01
5427,3320,5,2018-07-21
5428,1898,4,2018-04-10
5429,1,5,2018-06-27
5430,9363,4,2017-08-29
5431,6978,3,2018-02-17
5432,9087,5,2018-02-21
5433,9308,5,2018-07-01
5434,9099,3,2018-04-20
5435,6424,4,2017-09-29
5436,6205,4,2017-08-09
5437,900,5,2017-01-31
5438,1149,5,2018-07-15
5439,5147,4,2017-12-06
5440,334,5,2017-06-09
5441,5611,5,2017-12-09
5442,5574,4,2018-08-24
5443,5706,5,2017-10-04
5444,3263,5,2018-01-12
5445,7250,4,2018-03-30
5446,510,4,2018-03-16
5447,2193,5,2017-11-14
5448,4505,3,2017-10-05
5449,4440,4,2017-05-20
5450,2558,5,2017-03-21
5451,8436,4,2018-07-27
5452,487,4,2017-10-26
5453,8202,5,2017-08-29
5454,704,1,2017-09-20
5455,3825,3,2018-04-26
5456,618,5,2018-05-23
5457,281,4,2018-04-03
5458,6714,4,2018-04-17
5459,3617,5,2017-05-14
5460,4880,4,2017-07-05
5461,8011,4,2018-08-03
5462,5885,3,2018-07-28
5463,2026,4,2017-08-09
5464,777,2,2017-09-17
5465,2407,5,2017-08-22
5466,9392,1,2018-03-23
5467,8099,5,2017-06-13
5468,6482,3,2017-09-23
5469,644,5,2017-12-18
5470,3783,1,2018-02-17
5471,1284,5,2018-08-16
5472,4848,4,2017-12-09
5473,4841,2,2017-06-25
5474,1650,4,2018-04-14
5475,7941,5,2018-05-03
5476,3490,5,2018-08-29
5477,5420,3,2017-08-12
5478,7705,5,2018-01-30
5479,4895,5,2017-07-25
5480,9992,5,2017-11-26
5481,4102,5,2018-05-16
5482,4367,5,2017-12-19
5483,2072,4,2017-09-20
5484,3709,4,2017-10-01
5485,1965,4,2017-11-17
5486,188,5,2017-10-10
5487,4657,4,2018-07-10
5488,1935,4,2018-05-05
5489,1509,5,2017-12-20
5490,6248,5,2017-11-09
5491,4396,5,2018-02-12
5492,2964,3,2018-08-16
5493,8841,5,2018-08-09
5494,3904,2,2018-02-21
5495,4239,3,2018-07-03
5496,2124,5,2017-05-26
5497,4457,1,2018-04-12
5498,2831,5,2018-04-12
5499,4943,5,2018-08-03
5500,8044,5,2017-08-23
5501,1762,5,2017-05-27
5502,4938,3,2018-08-04
5503,7685,5,2017-03-16
5504,5311,5,2018-07-07
5505,7560,5,2018-06-04
5506,4919,4,2017-08-24
5507,4483,3,2018-01-18
5508,1373,5,2018-08-01
5509,6779,5,2018-03-16
5510,1795,5,2018-06-05
5511,9024,1,2017-06-10
5512,1868,5,2018-03-23
5513,5809,4,2018-02-23
5514,2320,4,2018-08-10
5515,629,5,2018-07-28
5516,4466,5,2017-09-27
5517,8627,5,2017-09-28
5518,7356,5,2017-10-11
5519,11,5,2018-08-14
5520,9251,4,2017-02-12
5521,2546,5,2018-07-03
5522,5778,5,2018-06-12
5523,4765,5,2018-02-03
5524,7221,5,2017-04-01
5525,6072,3,2018-07-25
5526,9424,5,2017-06-02
5527,8149,5,2018-02-03
5528,4824,2,2018-08-21
5529,3581,4,2018-05-11
5530,7201,5,2018-06-21
5531,9674,5,2017-08-09
5532,2228,5,2017-07-20
5533,2578,5,2017-08-22
5534,4075,5,2017-07-22
5535,1023,5,2018-05-04
5536,5511,3,2017-12-28
5537,4073,3,2018-03-12
5538,2102,4,2017-07-27
5539,4977,5,2018-08-22
5540,2386,5,2017-05-18
5541,2670,5,2017-07-22
5542,2347,5,2018-02-17
5543,3296,5,2018-03-16
5544,4982,4,2018-02-10
5545,8180,5,2018-03-03
5546,4888,5,2018-03-10
5547,8421,5,2018-08-16
5548,2956,5,2018-03-15
5549,9414,5,2018-05-17
5550,5734,1,2018-06-06
5551,9748,4,2017-02-14
5552,9949,5,2018-06-22
5553,3447,2,2018-06-15
5554,2651,5,2017-12-21
5555,9624,5,2018-05-22
5556,7359,5,2018-06-03
5557,8548,4,2017-09-05
5558,5774,4,2017-07-06
5559,4576,5,2018-08-08
5560,9264,3,2018-02-22
5561,4906,3,2017-12-17
5562,6297,4,2017-10-28
5563,6037,4,2018-03-01
5564,8347,5,2018-04-12
5565,911,3,2017-05-05
5566,7756,5,2017-12-10
5567,3066,5,2018-04-25
5568,6179,3,2018-05-16
5569,5326,5,2017-07-27
5570,9713,5,2018-05-15
5571,8784,1,2017-08-17
5572,691,4,2018-06-30
5573,3679,5,2018-03-23
5574,1454,5,2018-04-26
5575,1963,1,2018-03-21
5576,7503,4,2018-08-03
5577,3414,5,2017-12-20
5578,4694,5,2018-08-24
5579,8888,1,2018-05-08
5580,2763,5,2017-08-11
5581,8805,4,2017-08-08
5582,7781,5,2017-05-11
5583,2514,5,2018-06-14
5584,1749,5,2018-03-30
5585,5284,4,2018-08-07
5586,367,1,2018-06-27
5587,6678,2,2018-01-04
5588,7917,2,2018-05-18
5589,9727,1,2018-05-04
5590,4947,5,2017-11-21
5591,7600,5,2017-10-26
5592,2621,1,2017-05-11
5593,5119,4,2018-01-21
5594,3368,5,2018-08-22
5595,4174,4,2017-06-10
5596,7691,1,2018-08-22
5597,2673,5,2017-06-22
5598,3789,3,2017-11-07
5599,1907,5,2018-02-07
5600,9567,5,2018-07-28
5601,2540,5,2018-04-28
5602,4551,4,2018-04-03
5603,4265,1,2017-10-27
5604,2674,5,2018-08-21
5605,8699,4,2017-12-06
5606,8641,1,2018-08-23
5607,2101,5,2017-09-21
5608,9191,5,2017-09-22
5609,873,4,2018-08-08
5610,8598,5,2018-05-08
5611,1245,3,2018-04-16
5612,9782,5,2017-04-04
5613,5848,4,2018-06-24
5614,2322,5,2017-05-19
5615,6684,1,2017-12-10
5616,9433,5,2017-08-30
5617,3639,1,2017-12-16
5618,3828,5,2018-06-09
5619,2784,5,2017-05-16
5620,1173,5,2017-09-16
5621,9135,5,2017-05-07
5622,893,3,2017-10-10
5623,8160,5,2018-07-11
5624,365,5,2018-04-03
5625,1553,2,2018-02-02
5626,6249,3,2018-03-30
5627,396,4,2018-03-23
5628,4390,5,2018-07-06
5629,3943,3,2017-12-29
5630,8240,3,2017-09-06
5631,1147,5,2018-08-17
5632,2946,3,2018-06-02
5633,1051,1,2018-03-31
5634,6238,5,2017-05-19
5635,2684,1,2017-05-24
5636,9107,1,2017-03-24
5637,2669,5,2018-01-19
5638,8513,3,2017-04-07
5639,7692,4,2017-11-10
5640,4114,5,2018-04-05
5641,8922,4,2017-09-19
5642,6030,5,2018-05-09
5643,955,4,2018-05-25
5644,388,5,2018-08-09
5645,2825,5,2017-02-03
5646,7844,4,2018-07-14
5647,5428,1,2017-07-26
5648,3068,1,2018-01-28
5649,7923,4,2018-08-21
5650,8503,4,2017-10-26
5651,6198,3,2017-08-02
5652,1046,5,2018-04-27
5653,5283,3,2018-04-13
5654,1691,5,2017-02-02
5655,1952,5,2017-09-01
5656,7291,2,2017-08-13
5657,9250,4,2018-03-07
5658,6076,5,2018-05-04
5659,4218,3,2018-07-06
5660,5813,5,2018-05-30
5661,7810,1,2018-04-07
5662,2606,2,2018-03-23
5663,6975,5,2018-07-06
5664,8103,1,2017-04-18
5665,3848,5,2018-08-28
5666,8878,5,2017-02-17
5667,2449,5,2017-04-11
5668,5048,5,2017-06-20
5669,100,1,2018-03-21
5670,289,2,2018-08-18
5671,5942,5,2018-02-10
5672,3199,1,2017-06-30
5673,7655,5,2018-03-13
5674,10,4,2018-03-23
5675,2634,5,2017-05-31
5676,6429,1,2018-05-25
5677,1679,5,2017-10-11
5678,2015,3,2018-03-20
5679,6809,4,2018-06-03
5680,7951,4,2018-06-19
5681,3929,5,2018-02-08
5682,8653,5,2017-10-03
5683,9517,3,2017-06-03
5684,1203,1,2018-04-11
5685,4548,5,2018-04-05
5686,9571,5,2018-07-31
5687,6822,5,2017-11-08
5688,9975,4,2018-02-08
5689,2036,4,2017-10-02
5690,9829,5,2018-04-10
5691,3963,5,2017-06-08
5692,3607,5,2017-12-16
5693,219,3,2018-06-23
5694,4749,5,2017-05-19
5695,5418,5,2017-10-27
5696,6210,5,2018-07-31
5697,4365,5,2018-05-09
5698,2064,4,2018-07-04
5699,7797,5,2017-11-09
5700,1945,4,2018-01-27
5701,8024,1,2017-04-15
5702,614,4,2017-12-27
5703,3601,5,2017-07-21
5704,5414,3,2018-05-11
5705,2717,5,2017-09-22
5706,2417,5,2017-07-04
5707,24,5,2018-04-11
5708,9426,5,2018-03-02
5709,2186,5,2018-01-09
5710,4502,5,2017-06-02
5711,6751,5,2018-07-06
5712,8626,2,2017-10-25
5713,2115,4,2017-11-02
5714,4458,5,2018-06-13
5715,8310,1,2018-03-09
5716,8901,3,2017-12-07
5717,5572,5,2018-04-27
5718,9199,3,2018-03-31
5719,7499,4,2017-07-27
5720,9287,3,2018-04-25
5721,7452,4,2017-10-15
5722,7279,5,2018-06-08
5723,2780,1,2017-06-18
5724,2801,1,2018-03-07
5725,1192,1,2018-02-06
5726,1972,1,2018-03-30
5727,3252,5,2017-07-14
5728,6173,5,2018-03-06
5729,4513,5,2018-01-12
5730,9274,5,2018-05-16
5731,9256,5,2018-05-11
5732,9756,5,2018-02-25
5733,3880,4,2018-06-14
5734,7169,5,2017-11-22
5735,5306,5,2017-07-03
5736,7183,5,2018-01-13
5737,2145,5,2017-12-27
5738,5755,3,2017-10-28
5739,5564,3,2018-08-14
5740,3459,5,2018-08-14
5741,2011,5,2018-05-19
5742,8960,5,2018-03-14
5743,1204,5,2017-07-01
5744,4374,5,2017-12-05
5745,2529,4,2017-09-30
5746,249,4,2017-03-07
5747,1983,5,2018-04-10
5748,1388,5,2017-10-18
5749,5146,4,2018-05-09
5750,7637,5,2018-03-01
5751,1226,5,2018-03-25
5752,6628,1,2018-08-16
5753,9210,1,2018-07-08
5754,5279,5,2018-07-21
5755,2517,1,2018-08-12
5756,5561,4,2018-05-04
5757,9114,5,2017-09-15
5758,506,3,2017-11-22
5759,7703,5,2018-05-05
5760,8871,5,2017-11-23
5761,6989,4,2017-07-25
5762,1007,5,2018-07-31
5763,6377,5,2017-12-13
5764,7244,5,2017-03-14
5765,4552,4,2018-06-09
5766,5660,4,2018-06-20
5767,2537,4,2018-08-22
5768,285,5,2018-01-19
5769,1128,4,2018-07-04
5770,635,5,2017-10-12
5771,2476,5,2018-06-19
5772,9612,5,2018-04-24
5773,6683,5,2018-07-26
5774,9728,1,2018-08-18
5775,214,5,2018-06-20
5776,1115,4,2018-04-19
5777,863,4,2018-08-24
5778,7970,4,2017-11-01
5779,8008,5,2018-03-10
5780,8717,5,2018-02-25
5781,2474,5,2018-01-26
5782,5510,5,2018-06-07
5783,9701,5,2018-01-19
5784,9874,4,2018-02-16
5785,1155,5,2018-06-07
5786,5696,5,2017-07-22
5787,179,2,2017-10-07
5788,3643,1,2018-06-09
5789,4283,5,2017-10-06
5790,5140,5,2017-10-19
5791,4232,4,2018-07-15
5792,4254,5,2017-09-20
5793,5160,5,2017-09-12
5794,2471,4,2018-04-24
5795,6223,1,2018-01-10
5796,4147,1,2017-11-03
5797,103,5,2017-08-09
5798,6368,5,2018-04-26
5799,2460,5,2018-03-21
5800,405,4,2018-04-14
5801,6854,5,2017-09-26
5802,7968,5,2017-02-07
5803,8804,5,2018-02-23
5804,957,5,2018-04-07
5805,251,5,2018-06-20
5806,3978,3,2017-05-25
5807,8417,1,2018-03-14
5808,6911,5,2017-12-19
5809,1307,5,2018-03-01
5810,9679,5,2017-03-23
5811,3247,5,2017-03-09
5812,7515,5,2017-06-29
5813,9244,5,2018-08-21
5814,6820,5,2018-06-26
5815,4838,2,2018-03-08
5816,7884,5,2018-07-11
5817,3151,5,2018-03-24
5818,9524,5,2018-01-12
5819,4527,5,2018-03-25
5820,6786,4,2017-11-28
5821,7630,3,2018-07-13
5822,7502,5,2018-06-06
5823,5800,1,2018-03-06
5824,9166,5,2017-10-03
5825,4641,5,2018-06-14
5826,1638,5,2017-02-03
5827,6241,5,2017-07-26
5828,3355,1,2017-10-11
5829,3369,5,2017-10-11
5830,1982,5,2018-03-15
5831,8117,5,2017-11-15
5832,9050,4,2017-10-10
5833,7576,1,2018-08-15
5834,6176,5,2018-08-10
5835,244,1,2018-06-15
5836,140,1,2017-10-26
5837,7779,4,2018-01-04
5838,9739,2,2018-07-11
5839,6306,5,2018-03-06
5840,9875,2,2017-06-17
5841,1376,5,2018-05-03
5842,848,4,2017-12-12
5843,7675,5,2018-04-11
5844,1961,3,2018-03-11
5845,3195,4,2018-05-12
5846,7976,5,2018-03-15
5847,5937,5,2018-01-18
5848,8678,5,2017-11-26
5849,9378,5,2017-07-26
5850,3340,5,2017-11-17
5851,5697,4,2018-06-14
5852,6008,5,2017-10-02
5853,3283,1,2017-12-28
5854,2420,5,2018-08-28
5855,2732,5,2018-07-14
5856,4820,4,2017-02-24
5857,4141,5,2018-07-25
5858,8997,1,2018-01-24
5859,8851,5,2018-08-25
5860,2545,5,2018-06-21
5861,1787,5,2018-04-13
5862,3460,5,2018-01-20
5863,9439,5,2018-02-02
5864,2655,5,2017-08-23
5865,1834,5,2018-05-12
5866,7979,5,2018-03-23
5867,913,1,2018-01-17
5868,9538,5,2018-03-08
5869,6097,5,2018-07-07
5870,9353,1,2017-08-17
5871,5858,3,2018-02-02
5872,554,3,2018-06-21
5873,7175,3,2018-03-31
5874,323,3,2018-01-17
5875,5077,5,2018-04-11
5876,7192,5,2018-06-29
5877,2433,5,2018-03-01
5878,8175,5,2018-02-27
5879,9366,5,2018-07-25
5880,4049,5,2017-09-14
5881,1535,5,2018-06-29
5882,8336,4,2017-10-31
5883,9405,5,2017-05-30
5884,3328,1,2018-04-20
5885,1091,5,2017-11-28
5886,2539,5,2018-01-19
5887,4319,5,2018-03-07
5888,4237,1,2017-08-16
5889,634,5,2017-12-29
5890,5177,5,2018-01-05
5891,2756,4,2018-06-13
5892,4388,3,2017-08-12
5893,4259,5,2018-04-18
5894,5145,4,2018-02-07
5895,4605,5,2017-10-11
5896,782,5,2018-08-02
5897,532,4,2018-04-17
5898,3920,2,2018-07-07
5899,5116,1,2017-03-18
5900,6677,4,2018-05-16
5901,591,4,2018-08-15
5902,4706,5,2018-01-12
5903,3749,4,2018-01-11
5904,9695,5,2017-08-30
5905,2507,5,2018-04-14
5906,1489,1,2018-05-13
5907,1571,5,2017-05-13
5908,1766,1,2018-03-07
5909,9663,3,2018-01-17
5910,6300,5,2017-11-15
5911,4563,3,2017-03-05
5912,9185,5,2017-08-25
5913,6560,5,2017-11-05
5914,936,1,2017-03-17
5915,2212,1,2017-07-15
5916,5988,5,2017-09-03
5917,9071,4,2018-08-21
5918,3600,1,2017-12-29
5919,7114,5,2017-12-24
5920,2480,3,2018-01-06
5921,2918,5,2018-05-12
5922,9642,5,2017-12-23
5923,8648,3,2018-07-26
5924,2818,4,2018-02-22
5925,1596,4,2017-02-25
5926,1432,5,2018-01-06
5927,6757,1,2018-06-09
5928,9265,5,2018-05-22
5929,4608,5,2018-06-16
5930,9184,5,2017-11-14
5931,1234,5,2017-03-31
5932,4008,5,2017-03-09
5933,8038,5,2017-09-07
5934,5248,5,2018-06-09
5935,2325,5,2018-06-02
5936,5724,4,2018-02-23
5937,4545,1,2017-08-29
5938,1468,4,2017-05-17
5939,257,5,2018-05-08
5940,8739,3,2018-06-16
5941,3027,5,2017-06-07
5942,7432,5,2017-08-31
5943,2522,5,2018-08-07
5944,2389,5,2018-08-11
5945,6494,5,2017-05-25
5946,2823,5,2017-10-24
5947,113,5,2018-08-01
5948,1366,4,2017-12-19
5949,5746,1,2017-11-12
5950,4726,1,2018-04-28
5951,3277,5,2018-03-16
5952,5494,5,2018-03-24
5953,7398,5,2018-08-14
5954,6263,5,2018-08-31
5955,3191,5,2018-06-20
5956,5332,1,2018-03-24
5957,8081,5,2017-08-31
5958,9241,5,2017-10-20
5959,4233,5,2017-01-26
5960,3082,5,2018-08-29
5961,7297,1,2017-12-19
5962,2620,5,2018-08-15
5963,2595,1,2018-03-24
5964,5139,5,2017-02-09
5965,1820,5,2018-06-16
5966,9449,1,2018-03-22
5967,3165,5,2017-12-14
5968,2366,5,2017-11-08
5969,2084,5,2018-07-03
5970,734,5,2018-08-24
5971,3101,5,2017-03-19
5972,2185,5,2018-06-23
5973,5154,5,2017-11-23
5974,7047,5,2018-01-18
5975,6603,5,2017-09-10
5976,8092,5,2017-06-17
5977,9236,5,2018-08-29
5978,3732,5,2018-05-10
5979,5393,3,2018-07-26
5980,4571,1,2018-05-17
5981,9182,5,2018-06-17
5982,840,2,2018-03-21
5983,7239,5,2017-02-11
5984,8463,5,2018-05-22
5985,7199,5,2018-03-03
5986,3485,1,2018-08-05
5987,7671,4,2017-06-21
5988,6087,1,2017-08-16
5989,5984,5,2017-05-25
5990,631,5,2018-05-06
5991,8568,5,2018-05-18
5992,4614,4,2017-06-06
5993,760,5,2018-02-17
5994,3418,4,2018-03-08
5995,1063,3,2018-06-21
5996,7228,5,2017-12-08
5997,5614,5,2017-07-21
5998,9723,5,2017-12-12
5999,5245,5,2017-09-22
6000,315,1,2018-03-30
6001,3918,5,2017-10-05
6002,3044,5,2017-11-30
6003,7393,5,2017-08-12
6004,3717,5,2018-07-12
6005,4968,5,2018-06-02
6006,8592,5,2017-12-14
6007,2822,5,2018-08-14
6008,160,3,2017-12-07
6009,6889,5,2017-09-01
6010,3655,5,2017-12-08
6011,1449,1,2017-11-11
6012,1604,4,2017-11-28
6013,8751,5,2018-04-04
6014,1331,1,2017-11-01
6015,8604,5,2017-09-27
6016,6838,4,2018-05-29
6017,9895,5,2017-04-01
6018,7068,5,2018-02-18
6019,2973,5,2018-08-17
6020,871,5,2017-06-13
6021,7668,5,2017-02-18
6022,2690,5,2018-01-11
6023,5911,3,2017-08-19
6024,8025,5,2018-03-09
6025,8618,5,2018-02-16
6026,3866,4,2018-02-05
6027,4404,1,2017-08-29
6028,3516,5,2017-09-19
6029,1109,5,2018-04-17
6030,1322,2,2017-10-09
6031,763,5,2018-04-04
6032,2059,5,2017-11-22
6033,5096,3,2017-12-08
6034,6107,5,2018-08-28
6035,5689,5,2018-01-01
6036,3105,5,2018-08-08
6037,8040,5,2017-09-13
6038,1552,5,2018-01-20
6039,4543,3,2018-07-25
6040,8198,4,2018-03-28
6041,8599,4,2018-03-16
6042,6985,4,2018-04-04
6043,167,5,2018-05-10
6044,1451,5,2017-12-20
6045,4955,4,2017-11-26
6046,4067,1,2017-07-27
6047,4133,5,2018-04-13
6048,3660,5,2017-09-16
6049,4419,4,2018-02-20
6050,3237,2,2018-04-06
6051,3855,1,2018-07-27
6052,3072,5,2018-02-23
6053,5115,1,2017-04-20
6054,2041,1,2018-03-09
6055,4963,5,2018-06-19
6056,2987,5,2018-05-15
6057,1413,1,2017-03-02
6058,5357,5,2017-10-03
6059,8475,4,2017-11-24
6060,4018,4,2017-06-22
6061,6862,5,2018-08-08
6062,8393,5,2017-06-27
6063,3631,5,2018-03-07
6064,6848,4,2018-01-27
6065,7666,5,2017-06-08
6066,3075,5,2018-06-03
6067,4553,4,2018-05-11
6068,8171,4,2017-06-09
6069,427,5,2017-10-20
6070,9181,4,2017-12-08
6071,7434,5,2018-08-19
6072,9226,5,2018-05-18
6073,4129,5,2017-05-30
6074,4683,5,2018-01-25
6075,6346,4,2018-01-31
6076,4493,5,2018-05-26
6077,1127,5,2017-03-09
6078,6235,1,2018-01-07
6079,2557,5,2018-02-20
6080,7546,2,2018-08-16
6081,6287,5,2018-03-22
6082,4061,5,2017-10-14
6083,4439,4,2018-01-17
6084,3851,1,2018-04-17
6085,7622,5,2018-05-04
6086,4422,5,2017-12-15
6087,7002,3,2017-12-14
6088,4321,5,2018-07-31
6089,8396,5,2018-05-23
6090,3863,4,2018-03-29
6091,3998,4,2018-02-03
6092,8353,3,2017-06-29
6093,9245,1,2018-06-22
6094,3190,5,2018-08-30
6095,6998,1,2018-05-09
6096,5297,5,2017-06-07
6097,2200,4,2017-05-24
6098,7610,4,2017-07-12
6099,6436,5,2018-08-17
6100,3671,5,2018-07-13
6101,6774,5,2017-08-05
6102,4257,5,2018-05-16
6103,7050,5,2017-05-23
6104,8344,5,2017-12-16
6105,1976,4,2018-06-08
6106,1643,5,2018-07-05
6107,8170,5,2017-09-29
6108,3354,5,2018-04-04
6109,9850,5,2018-06-23
6110,4579,5,2018-08-07
6111,8072,4,2018-05-10
6112,6124,5,2017-07-30
6113,1998,5,2018-05-12
6114,9535,5,2017-11-28
6115,8222,1,2018-01-09
6116,1884,4,2017-12-15
6117,5514,5,2018-08-16
6118,934,5,2017-11-22
6119,7852,4,2017-11-04
6120,6667,5,2017-08-02
6121,4312,4,2017-12-08
6122,5823,5,2018-03-06
6123,9725,4,2018-07-26
6124,2664,5,2017-08-15
6125,7213,3,2017-10-13
6126,8708,4,2018-03-02
6127,7179,3,2017-05-03
6128,6055,5,2017-12-14
6129,110,5,2017-12-30
6130,189,5,2017-10-05
6131,8835,5,2018-02-28
6132,6371,5,2017-04-12
6133,3566,4,2017-08-25
6134,6564,5,2017-05-04
6135,5710,4,2017-09-30
6136,3696,1,2017-11-15
6137,3748,5,2017-08-18
6138,1539,2,2018-07-06
6139,272,5,2017-09-01
6140,1410,4,2017-08-18
6141,486,5,2017-09-15
6142,6718,5,2018-05-05
6143,4671,4,2018-01-19
6144,952,5,2017-10-06
6145,7101,5,2018-04-21
6146,2377,5,2018-04-24
6147,8398,1,2017-11-05
6148,7379,5,2018-06-28
6149,4081,3,2018-02-24
6150,9471,1,2017-05-26
6151,7129,5,2017-12-12
6152,1445,5,2018-06-19
6153,8029,5,2017-09-05
6154,6970,1,2017-12-21
6155,1098,4,2018-07-24
6156,7275,1,2018-05-31
6157,7916,5,2017-11-15
6158,5554,4,2017-12-30
6159,4489,5,2017-08-11
6160,3677,5,2017-07-07
6161,6517,5,2017-12-06
6162,7827,2,2017-12-01
6163,8569,5,2017-05-20
6164,785,4,2018-06-21
6165,7464,4,2018-02-23
6166,4929,5,2017-06-29
6167,1482,4,2017-08-26
6168,4249,5,2017-08-11
6169,5934,5,2017-05-12
6170,1675,5,2018-02-23
6171,8178,5,2018-08-11
6172,6362,4,2018-05-01
6173,479,1,2017-03-14
6174,2378,5,2017-07-13
6175,1362,5,2017-06-25
6176,3083,5,2017-11-04
6177,8265,5,2018-06-08
6178,564,1,2017-06-02
6179,3436,1,2017-12-29
6180,1629,5,2017-12-23
6181,9812,5,2017-05-04
6182,3780,4,2018-02-20
6183,1443,5,2017-02-10
6184,5577,5,2017-02-24
6185,1901,1,2018-01-06
6186,4325,5,2017-12-04
6187,6870,4,2018-04-05
6188,5980,2,2018-04-04
6189,5532,5,2017-09-02
6190,9697,1,2018-02-20
6191,4881,5,2018-02-01
6192,7259,5,2018-06-21
6193,4477,2,2017-12-10
6194,711,4,2018-03-18
6195,2348,5,2017-07-15
6196,4408,3,2017-07-15
6197,615,5,2018-05-26
6198,1659,5,2018-06-22
6199,3198,5,2018-01-20
6200,1688,4,2018-02-09
6201,509,3,2017-10-28
6202,1183,5,2017-05-27
6203,4521,5,2017-10-25
6204,2269,4,2018-03-08
6205,5222,5,2017-11-22
6206,4850,1,2018-02-01
6207,8019,4,2018-08-31
6208,1854,5,2018-08-18
6209,8736,3,2018-08-25
6210,5378,4,2018-04-12
6211,1602,5,2018-01-23
6212,5398,5,2018-06-03
6213,1278,2,2017-09-06
6214,1238,4,2018-01-10
6215,2169,1,2018-04-27
6216,29,1,2017-10-11
6217,5298,5,2018-02-17
6218,3297,5,2018-07-13
6219,9003,3,2018-02-21
6220,4813,5,2017-05-16
6221,7964,5,2018-07-03
6222,7564,5,2018-03-30
6223,623,5,2018-08-24
6224,6476,5,2018-05-16
6225,4924,4,2018-02-21
6226,9013,1,2018-03-03
6227,8806,5,2018-08-01
6228,718,4,2017-04-08
6229,8070,4,2017-11-04
6230,537,5,2018-03-06
6231,7988,1,2018-03-25
6232,1367,4,2018-02-01
6233,1345,5,2017-10-10
6234,1889,2,2018-02-16
6235,6408,5,2017-07-08
6236,7814,5,2018-05-12
6237,828,5,2018-05-04
6238,8700,5,2017-09-26
6239,1384,4,2017-06-21
6240,5464,5,2018-08-15
6241,1120,5,2017-12-06
6242,7251,4,2018-05-01
6243,8364,2,2017-08-22
6244,1503,4,2018-05-11
6245,5779,1,2018-03-29
6246,1078,5,2017-10-21
6247,1142,5,2018-04-10
6248,4705,2,2018-02-22
6249,7098,1,2018-03-23
6250,4387,1,2017-09-15
6251,1937,5,2018-06-27
6252,9784,3,2017-10-05
6253,3242,5,2018-05-01
6254,9131,4,2018-03-09
6255,9685,1,2018-08-31
6256,1296,5,2017-10-10
6257,1412,3,2018-06-30
6258,8852,5,2018-01-30
6259,5442,4,2018-06-20
6260,183,4,2018-08-09
6261,4672,3,2017-12-05
6262,3483,1,2018-05-11
6263,5513,4,2017-03-24
6264,5152,2,2018-08-31
6265,5052,5,2018-04-27
6266,946,5,2017-07-06
6267,5893,4,2017-12-12
6268,6668,5,2018-08-22
6269,7412,3,2017-12-20
6270,9866,5,2017-10-26
6271,1419,5,2018-06-07
6272,5722,5,2018-03-14
6273,7935,5,2018-05-01
6274,1674,5,2018-02-16
6275,7131,3,2018-01-23
6276,2969,5,2017-11-08
6277,5569,1,2018-06-03
6278,571,5,2018-03-09
6279,9527,5,2017-04-04
6280,6193,4,2018-01-16
6281,9531,5,2017-07-27
6282,2786,5,2018-05-12
6283,4975,4,2018-08-22
6284,7681,3,2018-06-07
6285,9555,1,2018-02-02
6286,1564,3,2018-05-31
6287,9313,4,2017-06-22
6288,2676,3,2018-07-14
6289,8444,5,2017-05-25
6290,9774,5,2017-06-06
6291,2262,1,2017-05-19
6292,3894,5,2017-05-10
6293,573,1,2018-04-11
6294,829,5,2017-06-15
6295,8633,1,2017-12-22
6296,932,4,2018-04-05
6297,4198,5,2018-07-12
6298,5720,4,2018-02-22
6299,649,4,2018-05-03
6300,7535,1,2017-07-02
6301,2020,5,2017-08-25
6302,7229,1,2017-11-09
6303,4284,5,2018-08-14
6304,6215,5,2017-05-16
6305,3742,4,2018-07-04
6306,6003,5,2018-06-15
6307,455,5,2018-01-16
6308,7771,5,2017-11-22
6309,221,1,2018-05-05
6310,2852,5,2017-12-14
6311,1740,4,2018-06-13
6312,6844,5,2018-08-31
6313,8977,4,2018-03-29
6314,6585,5,2018-08-02
6315,8727,5,2018-01-11
6316,8892,5,2018-06-20
6317,4077,1,2017-05-24
6318,1106,5,2017-09-29
6319,8249,4,2018-03-28
6320,4164,2,2017-04-01
6321,4658,5,2018-08-24
6322,5134,4,2017-02-22
6323,6617,5,2017-11-27
6324,5056,5,2018-03-15
6325,8907,2,2018-01-31
6326,2265,1,2018-04-25
6327,7051,1,2018-03-24
6328,9983,3,2018-03-29
6329,5534,5,2017-11-03
6330,8919,5,2017-12-22
6331,4844,5,2017-11-22
6332,6446,5,2018-06-03
6333,1716,5,2018-02-06
6334,8101,3,2017-09-16
6335,5137,5,2018-04-26
6336,8753,4,2018-05-10
6337,4099,5,2017-06-23
6338,1479,4,2017-10-17
6339,3959,5,2017-09-20
6340,4768,1,2018-01-30
6341,662,4,2018-04-28
6342,3954,1,2018-05-24
6343,599,5,2017-08-04
6344,5671,1,2018-01-18
6345,1757,5,2018-07-27
6346,9358,5,2018-06-29
6347,8058,5,2017-09-13
6348,6693,5,2017-04-14
6349,9101,5,2018-01-04
6350,9314,5,2018-08-05
6351,5653,5,2017-11-22
6352,7074,4,2017-08-22
6353,152,1,2018-08-18
6354,7981,4,2017-12-19
6355,3427,4,2018-03-21
6356,2343,1,2018-05-31
6357,7956,5,2017-07-26
6358,989,5,2018-02-20
6359,9988,5,2018-05-17
6360,3694,5,2017-08-12
6361,6440,4,2018-01-16
6362,3153,5,2017-07-25
6363,677,1,2018-07-28
6364,607,4,2017-05-26
6365,9183,5,2017-12-16
6366,5262,5,2017-07-11
6367,7833,4,2018-07-21
6368,7990,4,2017-12-08
6369,3243,5,2017-09-13
6370,3284,5,2017-10-20
6371,6232,1,2018-04-04
6372,8039,5,2017-03-03
6373,3019,1,2018-07-05
6374,8747,3,2018-02-01
6375,1487,5,2018-03-02
6376,269,4,2018-01-19
6377,8280,5,2018-04-15
6378,4136,1,2018-04-22
6379,260,5,2018-03-28
6380,9752,4,2018-03-30
6381,5857,5,2017-09-29
6382,3986,5,2018-03-28
6383,8532,4,2017-11-09
6384,720,4,2018-02-08
6385,6876,5,2018-01-19
6386,3152,4,2018-07-05
6387,1016,5,2017-10-25
6388,4600,1,2018-03-27
6389,4541,5,2018-03-30
6390,9430,1,2017-06-02
6391,3468,5,2018-05-12
6392,8651,5,2017-12-30
6393,8849,5,2018-08-15
6394,4151,5,2017-11-01
6395,4629,5,2018-05-22
6396,3582,4,2017-12-31
6397,9297,3,2018-08-23
6398,9260,5,2018-02-24
6399,1890,5,2017-11-17
6400,5404,5,2018-02-15
6401,2861,5,2018-05-12
6402,6322,5,2017-04-12
6403,2459,1,2018-01-13
6404,2980,5,2018-08-04
6405,8263,4,2017-12-28
6406,2285,5,2018-01-12
6407,3432,4,2018-08-03
6408,9934,5,2018-02-02
6409,2561,5,2017-09-19
6410,5055,5,2017-03-25
6411,6126,1,2018-08-05
6412,3123,4,2018-04-12
6413,8427,4,2017-06-28
6414,5642,5,2018-06-22
6415,2970,5,2018-04-17
6416,7605,4,2017-12-21
6417,1992,3,2018-04-09
6418,2129,5,2018-03-11
6419,3425,5,2017-02-10
6420,675,5,2018-03-23
6421,8023,5,2018-08-07
6422,8111,5,2018-01-10
6423,1799,5,2018-02-02
6424,8972,5,2018-07-27
6425,4634,5,2017-10-07
6426,1231,1,2018-02-02
6427,8562,5,2017-06-29
6428,2443,4,2017-08-29
6429,9064,1,2017-08-10
6430,3141,1,2018-07-01
6431,594,5,2017-02-15
6432,678,5,2018-04-13
6433,2413,5,2017-03-29
6434,5042,5,2017-08-15
6435,3567,5,2018-02-15
6436,9029,5,2018-03-01
6437,3522,3,2018-07-14
6438,9234,5,2018-05-19
6439,34,5,2018-06-16
6440,7615,4,2018-06-30
6441,8077,5,2018-01-10
6442,1265,5,2017-08-22
6443,7145,5,2017-06-01
6444,3795,1,2018-07-21
6445,8255,5,2017-07-26
6446,9068,5,2018-05-19
6447,3207,5,2018-05-08
6448,7242,4,2018-05-17
6449,4267,5,2017-09-15
6450,7449,5,2018-08-16
6451,805,5,2018-04-07
6452,6195,5,2018-08-16
6453,7885,5,2018-07-28
6454,8093,1,2018-05-08
6455,6849,4,2018-03-30
6456,730,5,2018-08-30
6457,5470,5,2018-01-23
6458,9522,3,2017-07-07
6459,4730,5,2017-12-28
6460,178,1,2018-07-28
6461,8221,3,2017-12-23
6462,9047,5,2018-03-09
6463,3262,5,2017-08-16
6464,3767,5,2018-08-02
6465,5123,5,2018-06-19
6466,9423,3,2018-02-15
6467,5833,5,2017-10-18
6468,9573,4,2018-01-10
6469,6318,2,2018-04-25
6470,8843,1,2018-06-07
6471,277,1,2018-04-10
6472,2035,5,2017-12-10
6473,8147,5,2018-03-11
6474,2096,5,2018-03-22
6475,2299,1,2018-01-25
6476,8719,5,2018-07-08
6477,4627,4,2018-07-07
6478,4869,1,2018-05-09
6479,4556,4,2017-05-23
6480,4401,5,2018-04-28
6481,1921,5,2018-04-25
6482,3649,5,2018-04-26
6483,4124,4,2017-07-19
6484,1297,5,2017-03-31
6485,3768,4,2018-02-15
6486,3636,5,2018-05-18
6487,5104,4,2017-09-21
6488,7846,5,2018-01-17
6489,259,1,2017-06-18
6490,3189,4,2017-10-31
6491,2344,5,2017-08-12
6492,3800,5,2017-02-11
6493,5665,5,2017-10-27
6494,7931,5,2017-10-05
6495,7347,1,2017-03-08
6496,8935,5,2018-05-22
6497,5556,1,2017-10-11
6498,5329,5,2017-09-26
6499,3937,5,2018-04-07
6500,2738,5,2018-08-28
6501,9134,1,2018-06-08
6502,8022,4,2018-01-05
6503,5884,5,2018-08-29
6504,7871,4,2018-05-11
6505,4118,5,2018-05-15
6506,6685,4,2018-02-10
6507,5250,1,2018-03-04
6508,65,5,2018-06-28
6509,296,4,2018-08-25
6510,2996,1,2018-01-11
6511,9791,4,2018-07-25
6512,8410,4,2017-09-21
6513,1708,4,2017-10-21
6514,679,1,2017-04-21
6515,3138,5,2018-05-23
6516,6497,5,2018-02-28
6517,5668,5,2017-08-09
6518,8707,5,2017-06-02
6519,7117,4,2017-04-07
6520,2644,5,2018-05-17
6521,7737,3,2018-06-01
6522,652,5,2017-09-15
6523,7817,5,2017-06-27
6524,7847,1,2017-02-23
6525,6624,5,2017-05-01
6526,2208,5,2018-02-08
6527,3453,5,2018-01-30
6528,2929,5,2018-03-06
6529,8996,5,2018-03-09
6530,1973,4,2018-03-20
6531,693,5,2018-06-14
6532,2976,5,2017-08-02
6533,3905,3,2018-01-12
6534,8682,5,2017-09-30
6535,1636,1,2017-12-07
6536,1021,1,2018-08-14
6537,1904,5,2017-09-09
6538,4687,1,2017-12-14
6539,9532,5,2018-06-06
6540,8254,5,2017-12-27
6541,2255,5,2018-08-22
6542,229,5,2018-04-18
6543,8091,1,2018-07-01
6544,7512,5,2018-04-13
6545,4952,5,2018-06-30
6546,8466,5,2017-12-20
6547,2563,3,2018-04-13
6548,3973,5,2018-08-03
6549,769,1,2018-03-24
6550,739,1,2017-06-06
6551,6545,5,2018-05-11
6552,3146,5,2018-03-09
6553,1529,5,2018-05-18
6554,6427,1,2018-02-10
6555,1760,5,2017-10-05
6556,6430,5,2018-07-08
6557,286,5,2017-10-18
6558,9842,5,2017-07-22
6559,6134,2,2018-07-29
6560,2604,5,2017-12-16
6561,156,3,2018-02-17
6562,4329,5,2018-05-24
6563,5088,5,2018-08-09
6564,8623,4,2018-06-19
6565,373,5,2017-11-12
6566,9545,5,2018-08-03
6567,5705,5,2017-05-12
6568,5142,1,2017-12-16
6569,6217,5,2017-11-30
6570,8697,5,2017-09-13
6571,3241,5,2018-05-17
6572,4021,4,2018-07-12
6573,858,4,2018-08-25
6574,3519,1,2018-03-10
6575,8863,5,2017-05-18
6576,4965,5,2017-05-24
6577,8573,1,2017-11-18
6578,9568,5,2017-12-13
6579,9520,5,2017-08-01
6580,3439,1,2018-03-24
6581,5500,4,2017-11-25
6582,5083,5,2018-05-19
6583,8837,5,2018-06-05
6584,2113,5,2017-05-10
6585,6359,5,2017-08-31
6586,3665,5,2018-02-17
6587,538,5,2018-02-10
6588,6659,5,2017-07-07
6589,7255,5,2017-08-30
6590,3668,4,2018-08-25
6591,1450,4,2017-04-21
6592,2832,5,2017-06-08
6593,8542,5,2018-01-31
6594,7511,4,2018-08-31
6595,8801,4,2018-03-08
6596,8315,5,2017-09-28
6597,6660,3,2017-10-04
6598,2355,1,2018-01-26
6599,5928,5,2018-07-10
6600,8866,4,2018-02-17
6601,2412,1,2018-04-04
6602,9508,5,2018-03-14
6603,1580,1,2017-12-18
6604,6715,2,2018-01-07
6605,3822,5,2018-05-12
6606,9755,5,2017-05-06
6607,164,1,2017-12-28
6608,9799,1,2017-12-02
6609,2313,5,2017-05-10
6610,2385,5,2017-07-02
6611,8642,5,2018-04-17
6612,7400,5,2018-08-03
6613,2920,5,2018-05-15
6614,4580,5,2017-09-26
6615,2906,1,2018-08-11
6616,1800,1,2018-04-13
6617,8826,5,2017-12-20
6618,6310,5,2018-02-28
6619,8774,2,2017-11-01
6620,5886,5,2017-09-12
6621,5587,5,2018-05-03
6622,3686,5,2017-11-25
6623,2527,5,2018-08-10
6624,9502,5,2018-04-25
6625,8162,5,2018-01-25
6626,1418,3,2017-03-14
6627,5194,5,2018-02-08
6628,6606,5,2017-12-12
6629,5132,5,2018-06-19
6630,9924,4,2018-03-02
6631,2050,5,2017-10-21
6632,1338,2,2018-04-21
6633,1879,4,2017-04-20
6634,5272,5,2018-05-18
6635,5255,5,2018-04-14
6636,8986,4,2018-08-24
6637,2327,5,2017-08-26
6638,1943,2,2017-11-14
6639,4819,4,2017-12-10
6640,5966,5,2018-05-24
6641,6951,5,2018-08-02
6642,7325,5,2017-07-23
6643,6270,3,2018-07-13
6644,9822,1,2017-12-06
6645,6871,5,2017-06-28
6646,3806,5,2017-07-12
6647,7762,4,2018-03-24
6648,2771,5,2017-06-07
6649,6528,5,2017-12-06
6650,6771,4,2017-12-14
6651,1082,5,2017-05-25
6652,7264,5,2018-06-06
6653,1074,5,2018-03-29
6654,1323,5,2018-05-12
6655,7823,5,2017-07-05
6656,7769,5,2017-11-02
6657,9403,3,2017-02-25
6658,6351,5,2018-06-02
6659,9239,5,2018-03-15
6660,8692,5,2017-07-07
6661,5026,5,2017-08-09
6662,9907,5,2018-08-15
6663,400,1,2018-04-20
6664,1465,3,2017-07-27
6665,659,5,2018-05-22
6666,2305,1,2017-08-03
6667,2118,5,2017-12-16
6668,5645,5,2017-06-22
6669,9516,2,2017-12-19
6670,7396,5,2017-07-15
6671,1455,5,2017-08-30
6672,381,3,2017-08-06
6673,9737,5,2018-04-03
6674,8218,4,2018-01-12
6675,9513,5,2017-03-28
6676,3279,4,2017-10-17
6677,5815,5,2017-10-06
6678,7700,5,2017-03-31
6679,4709,5,2017-08-04
6680,9569,3,2018-04-01
6681,9336,5,2017-08-25
6682,3142,3,2017-11-07
6683,3341,3,2018-07-14
6684,6866,5,2017-06-06
6685,9801,5,2017-05-02
6686,570,2,2017-12-29
6687,6569,4,2018-04-06
6688,2430,4,2018-08-04
6689,185,5,2017-07-25
6690,4510,5,2018-03-21
6691,7491,5,2017-07-25
6692,434,5,2017-11-04
6693,2530,5,2018-07-13
6694,6896,1,2018-04-05
6695,6634,5,2018-08-18
6696,6313,5,2017-10-10
6697,9810,4,2018-06-12
6698,1163,5,2017-10-19
6699,6738,5,2018-07-04
6700,4484,5,2018-04-04
6701,6777,3,2017-08-05
6702,2239,3,2017-12-21
6703,2219,1,2018-03-16
6704,5302,5,2017-03-16
6705,617,4,2017-07-14
6706,5638,3,2018-02-23
6707,1031,5,2018-03-03
6708,9431,4,2018-04-18
6709,7450,5,2017-12-19
6710,7813,5,2017-09-21
6711,2309,3,2017-12-21
6712,7418,5,2018-05-15
6713,4063,5,2018-05-29
6714,5944,5,2018-08-25
6715,7427,5,2017-02-09
6716,8954,5,2018-08-11
6717,2863,3,2017-10-25
6718,1769,5,2018-02-10
6719,4311,3,2018-05-19
6720,7812,5,2018-06-23
6721,9939,3,2018-03-10
6722,4536,5,2017-05-11
6723,3375,5,2018-02-10
6724,5921,4,2018-08-01
6725,2175,5,2017-12-14
6726,852,4,2017-10-07
6727,9389,1,2017-09-07
6728,2234,5,2018-01-31
6729,1747,5,2017-06-29
6730,6636,4,2017-06-20
6731,9438,5,2017-12-06
6732,6839,5,2018-02-03
6733,6360,4,2018-04-14
6734,6596,5,2018-04-19
6735,2912,5,2017-02-19
6736,1481,5,2018-05-15
6737,8834,4,2017-07-05
6738,762,5,2018-03-21
6739,7037,1,2018-03-05
6740,4481,4,2018-01-03
6741,1791,5,2017-01-21
6742,2149,3,2017-09-23
6743,758,5,2017-12-06
6744,527,4,2018-05-04
6745,8212,4,2017-07-29
6746,9932,4,2017-12-20
6747,9964,5,2017-10-31
6748,2390,3,2018-08-22
6749,3250,1,2018-05-27
6750,2394,1,2018-01-14
6751,3969,5,2017-02-04
6752,2316,1,2018-03-08
6753,6135,1,2018-03-22
6754,76,5,2018-05-18
6755,2099,4,2017-09-30
6756,4176,5,2018-03-12
6757,3524,5,2018-08-22
6758,3823,1,2018-07-04
6759,3351,5,2017-08-17
6760,9141,5,2018-03-29
6761,2400,4,2018-08-17
6762,3077,2,2018-07-31
6763,4292,5,2018-08-15
6764,8115,5,2018-02-21
6765,3862,5,2018-08-31
6766,7514,4,2018-03-03
6767,7925,5,2018-01-05
6768,2040,5,2018-01-27
6769,5310,4,2017-04-20
6770,841,5,2018-08-31
6771,5727,1,2017-04-13
6772,6850,5,2018-03-06
6773,4173,1,2017-05-24
6774,3139,5,2017-09-07
6775,6733,3,2018-02-15
6776,3454,5,2017-09-14
6777,8026,5,2018-05-01
6778,5962,4,2017-08-11
6779,4281,5,2018-06-20
6780,7706,5,2018-05-03
6781,2782,5,2017-07-04
6782,339,5,2018-08-09
6783,3045,4,2018-01-09
6784,4037,4,2017-07-18
6785,8822,4,2018-03-27
6786,9041,4,2017-09-05
6787,6314,5,2018-05-11
6788,1393,2,2018-06-20
6789,1713,5,2018-02-20
6790,694,5,2018-07-14
6791,6672,5,2018-08-25
6792,1956,4,2018-06-16
6793,4308,4,2018-05-29
6794,4988,5,2018-06-12
6795,1358,5,2017-09-15
6796,4296,5,2018-01-09
6797,9379,4,2018-02-24
6798,6561,5,2017-06-28
6799,7528,5,2018-08-10
6800,1994,5,2017-08-17
6801,6898,5,2017-01-31
6802,801,4,2017-10-19
6803,7397,4,2018-08-15
6804,5472,5,2018-05-01
6805,3383,1,2018-05-22
6806,8278,5,2018-01-10
6807,1270,5,2017-12-12
6808,3808,5,2017-12-24
6809,6520,5,2018-03-22
6810,202,5,2018-04-27
6811,5100,4,2018-04-05
6812,2979,1,2018-01-28
6813,5318,5,2018-07-01
6814,4752,4,2018-04-17
6815,3760,5,2018-08-28
6816,6242,1,2018-02-18
6817,1062,5,2018-01-04
6818,6906,5,2018-08-25
6819,6758,1,2017-12-20
6820,2649,4,2018-02-07
6821,612,1,2018-03-25
6822,8041,4,2018-02-10
6823,5164,1,2018-05-17
6824,6382,4,2018-07-14
6825,6029,5,2017-11-30
6826,1423,2,2017-12-29
6827,9951,5,2018-08-31
6828,7006,5,2018-01-16
6829,7795,3,2017-02-19
6830,9994,3,2017-03-28
6831,5812,5,2018-06-16
6832,4262,5,2017-09-26
6833,6016,4,2018-01-24
6834,4069,3,2018-08-23
6835,7163,5,2017-08-18
6836,9894,5,2018-01-20
6837,3386,5,2017-07-11
6838,5816,5,2017-12-21
6839,5701,5,2018-01-26
6840,3374,5,2018-06-07
6841,6666,1,2017-12-14
6842,9094,4,2018-08-17
6843,9352,2,2018-04-15
6844,109,1,2018-07-05
6845,7487,5,2017-12-20
6846,8299,1,2017-03-09
6847,2643,5,2017-11-22
6848,5491,5,2017-12-21
6849,4207,3,2018-04-06
6850,9621,5,2017-09-07
6851,5887,5,2018-08-18
6852,38,5,2018-02-15
6853,8233,5,2018-01-06
6854,4226,5,2017-03-24
6855,621,5,2018-02-21
6856,5730,5,2017-02-18
6857,8938,5,2017-11-29
6858,1288,1,2017-12-31
6859,5806,5,2018-07-11
6860,1371,3,2018-05-22
6861,5543,5,2017-10-20
6862,5273,5,2017-08-05
6863,5953,2,2017-06-13
6864,6454,5,2018-01-26
6865,3266,5,2017-08-22
6866,292,2,2017-12-23
6867,2567,5,2017-06-30
6868,4649,4,2018-01-04
6869,2907,5,2017-06-30
6870,543,1,2018-03-30
6871,2445,5,2017-07-29
6872,6927,4,2017-04-13
6873,7577,5,2017-12-29
6874,8192,4,2018-02-01
6875,1816,5,2017-07-05
6876,5690,4,2018-04-10
6877,3305,1,2017-03-28
6878,2971,1,2017-12-14
6879,8199,5,2017-02-16
6880,9091,5,2018-04-14
6881,4040,4,2017-07-11
6882,1824,1,2017-05-19
6883,7830,1,2018-03-29
6884,7205,5,2018-02-21
6885,2614,5,2017-05-18
6886,8105,5,2018-07-15
6887,3226,5,2018-08-21
6888,1563,5,2017-06-29
6889,8298,5,2017-05-16
6890,2425,4,2018-01-20
6891,1653,5,2018-06-15
6892,5918,1,2017-12-07
6893,7650,4,2017-09-20
6894,101,4,2017-07-04
6895,7957,4,2018-08-24
6896,2691,2,2017-11-29
6897,7543,5,2018-05-18
6898,6703,5,2018-02-28
6899,8832,5,2017-03-25
6900,1110,4,2017-06-13
6901,6418,3,2018-04-07
6902,6878,1,2017-06-21
6903,8196,1,2018-07-07
6904,419,5,2018-07-26
6905,8153,3,2018-04-24
6906,15,3,2018-05-05
6907,2122,5,2018-04-27
6908,3480,5,2018-08-17
6909,180,5,2018-07-04
6910,5286,5,2018-01-17
6911,8543,3,2018-01-04
6912,5467,5,2018-08-02
6913,3705,4,2018-08-31
6914,8914,3,2017-10-05
6915,2601,3,2017-11-09
6916,7286,5,2018-01-17
6917,8495,3,2018-05-06
6918,3879,5,2018-05-04
6919,2553,5,2017-09-06
6920,391,5,2017-07-12
6921,255,4,2018-03-10
6922,4849,5,2017-09-07
6923,6916,3,2017-09-30
6924,9908,1,2018-03-09
6925,1873,4,2017-04-02
6926,4949,4,2017-10-10
6927,7112,1,2018-04-15
6928,4578,2,2018-01-04
6929,8663,5,2018-01-19
6930,8078,5,2018-07-14
6931,3376,5,2018-05-10
6932,1685,2,2017-08-18
6933,7962,5,2018-06-23
6934,7621,4,2018-02-22
6935,972,5,2018-01-09
6936,2525,4,2018-05-05
6937,4691,5,2017-06-29
6938,7120,5,2017-08-22
6939,3923,1,2017-12-29
6940,7419,5,2017-03-14
6941,3700,4,2018-04-29
6942,5924,4,2018-08-03
6943,8602,5,2018-04-15
6944,2222,5,2017-03-14
6945,1015,5,2017-07-18
6946,7404,5,2018-03-29
6947,5382,1,2018-06-16
6948,7687,5,2017-11-09
6949,8014,5,2018-02-06
6950,1915,5,2017-05-25
6951,8324,5,2018-04-13
6952,4742,3,2018-06-20
6953,2439,5,2018-08-01
6954,7869,5,2018-08-08
6955,2633,4,2017-04-13
6956,9745,5,2018-07-24
6957,9786,1,2018-05-20
6958,2466,5,2018-05-22
6959,4800,5,2018-03-28
6960,7749,2,2017-12-19
6961,7420,4,2018-06-06
6962,4887,4,2017-09-06
6963,7907,5,2017-11-01
6964,4048,5,2018-08-22
6965,6908,4,2017-01-27
6966,458,5,2017-12-20
6967,622,2,2017-06-07
6968,2043,4,2018-06-06
6969,2456,3,2018-03-23
6970,1280,5,2017-07-18
6971,3953,4,2018-05-22
6972,2295,5,2017-07-05
6973,5159,1,2017-09-16
6974,9768,5,2017-06-15
6975,8033,5,2018-05-09
6976,6943,5,2017-03-28
6977,3329,1,2017-12-27
6978,7049,1,2018-01-19
6979,6023,4,2018-05-30
6980,7054,5,2018-05-10
6981,9361,4,2018-07-26
6982,9529,2,2018-01-23
6983,7209,4,2018-06-07
6984,4957,1,2018-03-07
6985,2512,3,2017-10-17
6986,8487,5,2018-05-23
6987,5063,5,2017-08-15
6988,409,5,2018-03-17
6989,8534,5,2018-02-15
6990,1398,1,2018-02-22
6991,8132,5,2018-02-23
6992,5224,5,2017-05-04
6993,3928,5,2017-06-14
6994,2757,1,2017-09-14
6995,7004,1,2018-02-10
6996,5801,2,2017-11-24
6997,8982,5,2018-07-26
6998,2069,5,2017-08-26
6999,9111,5,2017-05-14
7000,3723,5,2018-06-28
7001,243,4,2018-08-17
7002,9659,1,2017-06-04
7003,4472,4,2017-03-02
7004,824,5,2017-12-22
7005,2247,5,2018-01-27
7006,4426,4,2018-02-03
7007,7218,4,2017-05-10
7008,6142,1,2018-04-04
7009,4899,5,2017-03-11
7010,5462,5,2017-12-23
7011,7798,5,2018-01-06
7012,8763,3,2017-11-29
7013,371,4,2017-08-09
7014,7010,5,2018-02-15
7015,9950,4,2018-03-03
7016,9152,4,2017-09-29
7017,162,5,2017-12-06
7018,2479,5,2018-01-31
7019,7197,5,2018-03-03
7020,2017,5,2017-07-26
7021,4274,4,2018-07-03
7022,2640,4,2017-06-20
7023,2957,5,2018-05-04
7024,8572,5,2017-08-24
7025,6213,1,2018-03-14
7026,8873,5,2017-07-30
7027,4523,5,2017-02-09
7028,4379,5,2017-03-14
7029,6802,3,2017-08-04
7030,5622,1,2018-03-29
7031,274,5,2018-02-08
7032,8414,5,2018-02-06
7033,2866,5,2018-05-25
7034,3865,1,2018-05-12
7035,1001,2,2018-05-16
7036,619,5,2018-08-25
7037,2936,3,2018-01-17
7038,4549,1,2018-02-04
7039,3235,4,2018-01-10
7040,2828,5,2018-03-07
7041,4769,1,2018-01-23
7042,1888,5,2018-03-02
7043,2031,4,2017-11-18
7044,9063,5,2018-02-16
7045,6813,5,2018-01-09
7046,4339,5,2017-07-20
7047,6017,1,2017-03-23
7048,177,4,2018-06-28
7049,9941,1,2018-01-05
7050,4003,5,2018-05-11
7051,9761,5,2018-08-07
7052,7570,1,2018-05-17
7053,7093,5,2018-05-09
7054,2776,3,2017-10-22
7055,7773,3,2017-11-23
7056,8334,5,2017-07-14
7057,2528,4,2017-12-27
7058,5183,4,2018-03-22
7059,954,3,2018-02-15
7060,9194,5,2018-07-26
7061,8589,5,2018-03-24
7062,4509,5,2018-02-18
7063,5136,4,2017-10-25
7064,2909,3,2018-04-16
7065,1981,4,2017-11-29
7066,8458,5,2017-07-23
7067,1072,5,2017-08-01
7068,1464,5,2018-03-01
7069,5444,1,2018-02-17
7070,2335,5,2018-07-27
7071,1722,4,2018-05-24
7072,1954,3,2017-08-24
7073,6910,5,2018-08-09
7074,1586,1,2018-04-05
7075,4721,1,2018-03-13
7076,3906,5,2018-01-06
7077,604,3,2018-02-25
7078,5723,5,2018-08-22
7079,5242,5,2018-04-04
7080,8215,5,2018-07-22
7081,1075,5,2017-12-05
7082,7151,5,2018-08-18
7083,603,5,2018-07-07
7084,2063,4,2018-03-04
7085,1020,4,2018-08-10
7086,6251,5,2018-08-23
7087,6253,5,2018-01-04
7088,8020,5,2018-04-13
7089,9103,5,2017-03-30
7090,6939,5,2017-11-15
7091,5037,1,2018-07-04
7092,5737,1,2017-06-01
7093,1767,5,2018-03-06
7094,1154,5,2018-01-24
7095,1349,5,2017-12-19
7096,5878,3,2017-10-20
7097,7313,3,2017-07-15
7098,8856,1,2017-07-23
7099,7794,4,2018-05-10
7100,8187,2,2018-08-07
7101,2735,5,2018-07-21
7102,1228,5,2017-10-04
7103,4060,5,2018-04-21
7104,370,1,2017-12-20
7105,706,5,2018-06-10
7106,3892,3,2017-09-07
7107,1343,4,2017-12-14
7108,8046,5,2017-12-29
7109,6555,1,2017-09-22
7110,978,5,2018-01-23
7111,2007,5,2018-06-16
7112,2310,5,2018-03-27
7113,935,1,2018-03-28
7114,1252,5,2018-07-14
7115,1111,1,2017-10-12
7116,6785,4,2017-09-01
7117,4242,4,2018-05-20
7118,886,5,2018-05-22
7119,9860,1,2017-12-20
7120,8710,5,2018-03-09
7121,6778,4,2017-07-18
7122,5517,3,2018-01-10
7123,2922,5,2017-11-28
7124,7651,5,2018-05-18
7125,8686,5,2017-11-08
7126,8712,5,2017-07-29
7127,1612,5,2018-07-27
7128,2342,5,2017-12-22
7129,151,4,2018-01-24
7130,4479,3,2018-03-20
7131,9607,5,2017-09-21
7132,4090,1,2018-01-18
7133,4642,4,2017-05-26
7134,8883,4,2017-12-19
7135,877,2,2018-08-30
7136,2284,4,2018-03-18
7137,2775,4,2018-07-28
7138,9204,4,2017-03-29
7139,2661,5,2018-03-21
7140,8948,1,2017-12-02
7141,5105,4,2018-03-21
7142,8047,1,2018-01-11
7143,680,4,2017-11-23
7144,7929,5,2017-12-13
7145,6022,4,2017-09-23
7146,962,5,2018-01-26
7147,6586,5,2018-05-10
7148,4152,4,2017-12-08
7149,443,4,2017-09-20
7150,7460,3,2018-03-03
7151,3217,1,2018-08-16
7152,6439,3,2018-04-29
7153,7493,5,2018-08-25
7154,450,5,2018-08-16
7155,1861,4,2017-06-01
7156,5699,5,2018-05-11
7157,7204,3,2017-03-31
7158,318,1,2017-08-12
7159,105,4,2018-04-18
7160,5032,2,2018-05-22
7161,4690,4,2018-06-14
7162,8095,5,2017-05-18
7163,796,4,2017-11-21
7164,204,5,2017-06-04
7165,7736,5,2018-08-23
7166,9993,3,2017-03-29
7167,330,1,2018-03-23
7168,6363,5,2018-05-16
7169,7413,3,2018-01-31
7170,4139,1,2017-05-03
7171,7725,4,2018-06-20
7172,6992,1,2018-04-13
7173,7223,5,2018-04-19
7174,8749,5,2018-07-31
7175,625,5,2018-02-15
7176,9076,3,2018-03-14
7177,247,4,2017-10-05
7178,6818,5,2018-03-08
7179,2824,5,2017-12-14
7180,4143,4,2018-01-10
7181,9637,1,2017-04-14
7182,9207,4,2018-04-11
7183,7816,5,2017-10-14
7184,1426,1,2018-01-06
7185,9170,2,2017-12-02
7186,9444,2,2017-07-14
7187,1926,5,2018-05-22
7188,7168,5,2017-10-24
7189,5376,3,2018-02-24
7190,7210,5,2017-11-23
7191,7269,5,2018-05-29
7192,1521,3,2017-05-10
7193,2930,1,2017-08-23
7194,1232,1,2018-03-23
7195,5304,1,2017-09-30
7196,8624,3,2017-09-17
7197,5780,5,2017-09-16
7198,6384,2,2018-03-03
7199,1947,3,2017-12-30
7200,4013,1,2018-05-06
7201,7193,5,2017-08-01
7202,7307,5,2018-08-17
7203,2693,5,2017-07-08
7204,5094,5,2018-07-31
7205,8658,4,2017-12-24
7206,6218,5,2018-08-31
7207,2282,5,2018-08-02
7208,1510,5,2018-08-22
7209,9670,3,2018-01-13
7210,8968,5,2018-03-17
7211,5861,1,2018-04-11
7212,8596,5,2018-04-17
7213,3735,5,2018-05-22
7214,4031,1,2018-05-20
7215,9340,1,2018-05-08
7216,8669,1,2018-01-31
7217,2645,5,2018-06-23
7218,5826,4,2017-12-03
7219,4078,5,2018-03-21
7220,3309,2,2017-11-11
7221,3144,5,2017-10-07
7222,6444,4,2017-04-04
7223,2628,5,2017-08-12
7224,6185,1,2018-02-08
7225,7751,5,2017-11-02
7226,7627,5,2017-10-21
7227,5353,5,2017-06-13
7228,8365,5,2018-05-17
7229,1392,5,2018-08-14
7230,822,5,2018-05-08
7231,8489,5,2018-06-07
7232,3613,5,2017-06-10
7233,3622,5,2018-03-29
7234,8828,4,2018-01-19
7235,8075,5,2018-08-07
7236,1053,5,2017-07-28
7237,8112,2,2018-01-19
7238,7984,5,2017-03-11
7239,4538,5,2017-11-09
7240,6687,5,2018-05-05
7241,4335,3,2017-06-15
7242,1073,5,2018-03-05
7243,6164,1,2018-04-13
7244,1883,4,2017-06-29
7245,5656,1,2017-07-22
7246,357,5,2018-05-01
7247,7052,5,2017-03-16
7248,7772,3,2017-04-11
7249,5360,4,2018-04-17
7250,1136,5,2017-12-08
7251,2629,5,2018-05-12
7252,3130,5,2018-04-17
7253,5460,1,2018-08-22
7254,6343,4,2017-03-28
7255,6498,5,2017-06-01
7256,2953,5,2018-07-22
7257,2905,4,2018-01-31
7258,9321,4,2018-01-17
7259,8713,1,2018-05-22
7260,9345,4,2017-09-06
7261,358,4,2017-02-10
7262,2556,5,2018-01-24
7263,3210,3,2018-01-28
7264,9061,5,2017-04-28
7265,9809,2,2017-12-06
7266,7381,5,2017-09-07
7267,1264,5,2017-12-19
7268,1216,5,2017-04-06
7269,6177,1,2018-06-12
7270,4188,1,2017-10-21
7271,2,5,2017-07-08
7272,4185,5,2018-08-22
7273,7012,4,2018-08-09
7274,7439,5,2018-06-08
7275,9676,1,2017-06-07
7276,8361,5,2018-07-24
7277,984,1,2018-03-30
7278,464,4,2017-11-28
7279,3756,1,2018-05-05
7280,1086,4,2018-07-11
7281,7953,4,2017-07-27
7282,930,5,2018-06-26
7283,5087,5,2018-07-12
7284,8086,4,2017-07-29
7285,8259,5,2018-07-14
7286,2596,5,2017-09-05
7287,834,5,2018-08-22
7288,7298,3,2017-11-08
7289,5680,4,2018-02-22
7290,3648,1,2018-06-30
7291,676,5,2017-10-07
7292,2506,4,2018-07-01
7293,1383,4,2018-06-12
7294,6912,5,2018-05-16
7295,9722,5,2018-02-25
7296,2871,1,2018-07-31
7297,3921,5,2018-02-07
7298,8412,3,2018-03-22
7299,7350,5,2017-04-20
7300,8619,4,2018-08-29
7301,2542,4,2017-10-19
7302,1329,5,2018-08-04
7303,7178,5,2018-07-28
7304,4307,5,2017-12-01
7305,5127,5,2018-07-11
7306,6627,1,2017-12-16
7307,307,1,2018-04-07
7308,2361,4,2018-05-16
7309,8355,3,2017-11-22
7310,2785,5,2017-09-12
7311,2022,3,2018-03-30
7312,9658,5,2018-04-12
7313,1404,5,2018-02-16
7314,4808,5,2017-02-14
7315,1302,2,2017-03-18
7316,5852,5,2018-01-11
7317,1522,1,2018-03-07
7318,2667,5,2018-08-31
7319,8493,5,2017-06-03
7320,4144,5,2017-12-08
7321,3100,1,2018-06-22
7322,3926,1,2018-08-26
7323,1346,5,2017-02-19
7324,6611,5,2018-05-24
7325,8563,2,2018-06-28
7326,4117,1,2017-07-27
7327,3773,4,2018-07-14
7328,9746,4,2017-11-10
7329,1896,4,2018-05-23
7330,8947,5,2018-06-22
7331,3872,5,2018-06-06
7332,1595,3,2018-03-25
7333,4573,5,2018-02-06
7334,1102,4,2018-08-11
7335,9712,4,2018-08-18
7336,7760,5,2017-12-28
7337,8579,5,2018-05-09
7338,5394,4,2017-08-29
7339,2977,5,2018-02-20
7340,5125,5,2017-07-18
7341,1049,1,2018-06-16
7342,4471,1,2018-08-28
7343,3335,4,2017-09-05
7344,9917,5,2017-11-25
7345,484,5,2018-08-14
7346,3809,5,2017-12-13
7347,3192,5,2018-05-15
7348,6540,5,2017-08-15
7349,4933,5,2018-04-27
7350,2405,5,2017-04-21
7351,1792,5,2018-03-09
7352,9977,3,2018-03-21
7353,2658,5,2017-03-25
7354,6510,5,2017-07-12
7355,7783,1,2018-01-27
7356,8881,5,2017-07-26
7357,5340,1,2017-11-03
7358,2403,5,2017-04-01
7359,7072,4,2018-03-23
7360,309,5,2018-01-05
7361,6863,4,2018-05-20
7362,2682,4,2017-08-04
7363,3960,1,2017-12-19
7364,3067,5,2018-06-08
7365,7617,5,2017-05-27
7366,5102,5,2018-02-01
7367,8952,1,2017-03-15
7368,3132,5,2017-11-01
7369,363,5,2017-06-20
7370,9164,5,2017-08-31
7371,7261,1,2017-08-13
7372,7965,4,2018-02-04
7373,7217,5,2018-01-26
7374,9914,5,2017-09-20
7375,4119,4,2017-06-14
7376,474,5,2018-03-10
7377,8358,1,2018-01-13
7378,7517,5,2017-10-05
7379,6612,1,2018-08-15
7380,4415,1,2018-05-17
7381,9586,1,2017-12-28
7382,4216,5,2017-03-10
7383,8958,4,2017-07-13
7384,6538,5,2017-11-28
7385,56,5,2017-07-15
7386,4680,1,2017-08-18
7387,2241,5,2017-10-17
7388,5716,4,2017-10-07
7389,3372,5,2018-03-03
7390,4303,5,2018-06-08
7391,9332,4,2017-08-23
7392,2350,5,2018-03-16
7393,5265,5,2017-11-24
7394,4122,5,2018-07-04
7395,7516,4,2017-09-20
7396,5259,4,2018-05-10
7397,5346,3,2018-03-03
7398,9428,4,2017-06-20
7399,5260,5,2017-12-27
7400,7521,4,2018-06-21
7401,3303,1,2017-12-30
7402,6203,4,2017-12-15
7403,8191,3,2017-10-18
7404,6891,4,2018-08-28
7405,2654,1,2017-08-18
7406,287,4,2018-03-28
7407,9156,2,2018-05-17
7408,8062,5,2018-04-12
7409,8895,4,2018-03-06
7410,395,5,2017-03-31
7411,1895,1,2017-12-16
7412,7252,5,2018-01-07
7413,5109,5,2018-03-27
7414,7695,1,2017-12-16
7415,9998,5,2018-03-10
7416,8431,3,2018-06-20
7417,8783,3,2017-08-01
7418,1576,4,2017-05-06
7419,3544,1,2017-12-21
7420,4597,4,2018-06-09
7421,3685,4,2018-05-19
7422,8166,5,2017-07-05
7423,2679,4,2018-05-11
7424,1882,5,2018-04-27
7425,3025,4,2018-01-05
7426,7654,5,2017-12-28
7427,9754,5,2018-03-30
7428,3008,5,2018-06-30
7429,4187,5,2017-12-21
7430,6316,1,2018-01-31
7431,64,1,2017-07-26
7432,1923,4,2018-06-05
7433,1872,3,2018-05-22
7434,516,3,2017-05-19
7435,4128,1,2018-03-25
7436,8971,5,2018-06-13
7437,987,5,2018-05-12
7438,7752,5,2018-06-02
7439,9789,5,2018-08-29
7440,6979,5,2017-01-31
7441,990,1,2017-10-29
7442,3148,5,2018-02-26
7443,2025,4,2017-10-12
7444,6595,4,2018-07-05
7445,4255,5,2018-06-21
7446,2229,5,2018-06-13
7447,7130,5,2018-02-23
7448,7784,1,2018-05-25
7449,1730,4,2017-06-13
7450,5144,5,2018-05-12
7451,6066,5,2018-05-26
7452,3856,4,2017-04-18
7453,3533,5,2018-04-17
7454,6950,5,2017-09-15
7455,9247,5,2018-04-04
7456,6298,5,2017-09-20
7457,7868,3,2017-12-15
7458,6423,3,2017-11-05
7459,5223,4,2018-03-01
7460,9008,5,2017-12-08
7461,4710,5,2017-03-09
7462,8933,5,2018-03-27
7463,3654,5,2018-08-10
7464,1269,5,2018-08-15
7465,7566,2,2017-02-14
7466,8268,5,2017-03-18
7467,8343,1,2017-03-26
7468,9912,4,2018-05-12
7469,4668,5,2018-06-20
7470,4674,5,2017-03-24
7471,1733,4,2018-07-22
7472,8570,5,2018-08-01
7473,6608,1,2018-04-28
7474,1657,5,2018-05-12
7475,2583,3,2017-07-25
7476,5647,3,2018-06-12
7477,7344,3,2018-06-24
7478,553,5,2017-10-08
7479,8130,4,2018-07-28
7480,5233,5,2017-10-18
7481,6918,4,2018-04-05
7482,9300,5,2017-10-11
7483,6036,5,2017-10-15
7484,8080,5,2018-08-22
7485,9051,5,2018-02-02
7486,1039,5,2018-04-26
7487,8380,5,2018-05-27
7488,8165,5,2017-05-27
7489,8726,1,2017-12-20
7490,5846,4,2017-04-04
7491,4,5,2018-04-20
7492,845,5,2018-07-27
7493,1855,4,2017-12-02
7494,7443,1,2017-10-13
7495,2206,5,2017-04-12
7496,7471,5,2018-02-10
7497,7633,1,2017-06-11
7498,7167,1,2018-08-26
7499,8110,4,2018-08-15
7500,5797,5,2018-04-28
7501,3962,4,2018-05-05
7502,4337,1,2018-04-07
7503,2081,5,2017-08-08
7504,298,2,2017-04-06
7505,3055,5,2018-07-26
7506,7698,5,2018-01-23
7507,6006,5,2018-01-26
7508,5601,5,2018-03-08
7509,6578,1,2017-09-30
7510,7592,5,2018-08-29
7511,9892,5,2018-02-21
7512,7958,5,2017-02-16
7513,5049,4,2018-05-23
7514,2748,5,2017-02-19
7515,5200,5,2017-12-28
7516,3304,4,2017-09-27
7517,4381,3,2017-06-23
7518,2077,5,2017-09-02
7519,5677,4,2017-11-15
7520,6700,5,2017-12-16
7521,3071,5,2018-08-21
7522,826,4,2017-10-26
7523,6770,4,2018-04-19
7524,4142,3,2018-08-17
7525,6375,4,2018-03-08
7526,6431,5,2018-01-19
7527,9457,4,2018-05-04
7528,7853,5,2017-09-16
7529,8063,4,2018-08-28
7530,3869,5,2017-09-20
7531,5649,4,2018-03-01
7532,1040,5,2017-11-22
7533,743,3,2017-05-13
7534,4190,1,2018-04-06
7535,5820,3,2017-09-05
7536,2695,4,2017-11-04
7537,8359,4,2018-05-08
7538,4688,4,2018-04-26
7539,5405,5,2017-05-25
7540,5316,3,2018-03-23
7541,6913,3,2018-02-16
7542,4685,4,2017-09-19
7543,8214,5,2018-07-11
7544,4336,5,2018-08-10
7545,882,5,2017-10-06
7546,9238,3,2017-10-08
7547,7438,5,2018-01-24
7548,1673,5,2017-12-15
7549,8645,5,2017-08-09
7550,3916,5,2018-03-14
7551,637,5,2018-05-04
7552,6936,5,2018-05-26
7553,6756,5,2018-03-30
7554,560,5,2018-02-27
7555,1417,5,2018-01-18
7556,3511,5,2018-04-17
7557,9339,5,2018-06-02
7558,8264,5,2018-02-28
7559,9909,5,2018-06-03
7560,2423,4,2017-07-18
7561,5672,4,2017-12-12
7562,5201,4,2017-10-12
7563,1620,5,2017-11-14
7564,9364,5,2018-03-07
7565,352,5,2018-02-23
7566,959,5,2017-12-13
7567,6730,5,2018-07-04
7568,4033,5,2018-05-04
7569,9563,5,2017-12-30
7570,3469,5,2018-08-03
7571,3062,5,2018-02-06
7572,8711,5,2018-01-31
7573,7386,5,2018-05-18
7574,3727,5,2017-04-13
7575,8483,1,2017-09-01
7576,1220,5,2018-01-28
7577,9354,5,2018-05-04
7578,1080,5,2018-08-21
7579,6486,5,2017-05-26
7580,4338,5,2017-09-30
7581,1516,5,2017-11-04
7582,6320,1,2018-03-28
7583,5095,4,2018-04-11
7584,6964,1,2017-06-03
7585,6997,3,2018-05-17
7586,9216,1,2017-05-13
7587,9493,2,2018-08-11
7588,98,5,2018-04-26
7589,8036,5,2018-08-16
7590,9415,4,2018-05-01
7591,5545,2,2018-03-23
7592,2505,5,2017-06-06
7593,9279,5,2018-03-21
7594,1056,5,2018-03-20
7595,4638,5,2018-06-07
7596,4784,5,2018-07-14
7597,2800,4,2018-08-23
7598,4744,5,2017-04-04
7599,1575,3,2018-02-07
7600,4376,4,2018-08-17
7601,2463,4,2017-11-01
7602,9888,1,2018-02-21
7603,7138,3,2017-11-30
7604,2065,5,2017-10-15
7605,7815,5,2017-12-22
7606,851,4,2018-04-20
7607,5058,5,2017-07-22
7608,1940,5,2018-02-23
7609,8423,4,2017-12-18
7610,5764,5,2017-10-20
7611,2134,4,2018-01-16
7612,2483,5,2018-06-09
7613,3172,5,2018-05-05
7614,2766,1,2018-07-31
7615,8593,2,2017-04-18
7616,7170,5,2017-06-07
7617,4285,4,2018-06-09
7618,355,5,2018-07-11
7619,4395,5,2017-12-24
7620,7230,5,2017-03-04
7621,1472,1,2018-01-31
7622,810,3,2018-02-16
7623,2243,5,2017-08-02
7624,4699,5,2018-01-07
7625,7754,5,2018-06-06
7626,9505,5,2018-04-14
7627,4169,1,2018-08-15
7628,3638,4,2017-12-02
7629,567,5,2017-12-13
7630,9646,5,2018-02-19
7631,5907,1,2018-01-18
7632,1987,1,2018-05-05
7633,2577,4,2018-08-22
7634,7861,5,2017-09-14
7635,2574,5,2018-03-24
7636,7832,5,2018-06-08
7637,3841,5,2018-02-15
7638,4896,2,2018-07-07
7639,6724,5,2017-11-04
7640,5799,5,2017-03-16
7641,8955,5,2018-04-03
7642,3180,5,2018-04-24
7643,7855,4,2017-08-11
7644,2216,4,2017-07-14
7645,5486,5,2018-08-10
7646,6412,4,2018-02-23
7647,7371,5,2018-05-17
7648,3559,5,2018-03-29
7649,2988,5,2017-06-21
7650,2549,4,2018-05-12
7651,2646,3,2017-07-22
7652,8108,4,2018-07-10
7653,6794,4,2018-08-01
7654,5865,3,2017-03-17
7655,5795,5,2017-05-11
7656,8693,5,2017-11-22
7657,3763,5,2018-01-26
7658,4847,5,2018-08-17
7659,3185,4,2017-08-09
7660,3867,5,2017-09-23
7661,1305,5,2018-04-07
7662,8741,5,2018-07-21
7663,2834,1,2018-03-21
7664,9698,3,2018-08-25
7665,7194,5,2017-12-09
7666,5632,2,2017-08-19
7667,417,5,2017-09-20
7668,8702,5,2018-03-24
7669,825,5,2018-04-13
7670,3106,5,2018-07-06
7671,9989,5,2018-02-03
7672,9311,5,2018-04-20
7673,4750,5,2017-12-17
7674,2954,5,2017-04-06
7675,1019,5,2017-12-06
7676,7203,5,2017-04-13
7677,1860,5,2018-01-23
7678,7406,2,2017-11-12
7679,2268,4,2017-08-25
7680,5890,5,2017-03-16
7681,988,5,2018-04-18
7682,3530,3,2018-04-12
7683,5068,5,2018-01-19
7684,8065,5,2018-08-07
7685,9650,4,2017-09-05
7686,6434,4,2017-10-07
7687,1260,5,2018-04-12
7688,6598,4,2018-06-10
7689,4271,1,2018-04-19
7690,6729,1,2018-05-13
7691,1807,2,2018-08-26
7692,2921,5,2018-08-28
7693,7663,5,2017-03-31
7694,2710,5,2018-06-16
7695,2524,5,2017-04-21
7696,4772,5,2017-06-29
7697,5356,5,2017-11-23
7698,5926,5,2017-06-15
7699,2296,1,2018-01-27
7700,9292,5,2018-03-08
7701,4522,4,2018-02-01
7702,3573,5,2017-03-29
7703,4568,3,2017-12-07
7704,7952,1,2017-09-28
7705,4478,5,2018-02-20
7706,93,1,2017-07-27
7707,5775,5,2018-07-29
7708,5325,1,2017-08-25
7709,198,4,2017-04-11
7710,331,3,2017-05-07
7711,9273,3,2018-05-01
7712,7220,1,2017-06-22
7713,3518,5,2018-02-23
7714,9937,3,2017-12-12
7715,5035,4,2018-02-25
7716,9879,5,2018-07-31
7717,8760,1,2017-09-07
7718,8882,5,2018-03-15
7719,6805,5,2018-08-18
7720,983,5,2018-01-26
7721,5484,4,2018-08-28
7722,8370,5,2017-06-03
7723,6766,3,2017-11-17
7724,336,1,2017-08-22
7725,2141,4,2017-03-23
7726,397,5,2018-08-28
7727,2388,5,2018-03-08
7728,7611,5,2017-10-03
7729,864,4,2018-02-21
7730,190,5,2018-03-16
7731,1864,4,2018-08-04
7732,8181,1,2018-05-24
7733,5067,5,2018-01-10
7734,6829,4,2017-03-17
7735,1247,5,2017-09-19
7736,3092,3,2018-01-19
7737,7104,5,2018-07-19
7738,2453,5,2018-02-02
7739,6105,3,2017-06-20
7740,1810,5,2018-03-01
7741,550,5,2018-03-03
7742,4830,5,2018-08-07
7743,8467,5,2017-04-07
7744,2190,5,2018-01-23
7745,7494,5,2018-05-24
7746,8779,3,2017-09-30
7747,5082,4,2018-04-24
7748,4027,5,2018-03-23
7749,5533,1,2017-11-24
7750,5202,5,2018-01-20
7751,7176,5,2018-06-06
7752,563,3,2018-02-01
7753,4032,4,2017-05-30
7754,4492,5,2017-04-15
7755,9751,4,2018-08-04
7756,6931,5,2018-03-23
7757,8999,5,2017-11-23
7758,3205,5,2017-10-27
7759,8541,5,2017-07-01
7760,3000,2,2017-07-11
7761,9119,5,2018-06-16
7762,1836,1,2018-05-06
7763,7978,4,2017-11-22
7764,8163,1,2018-03-23
7765,5837,5,2017-02-24
7766,4590,5,2017-10-17
7767,7351,4,2017-10-20
7768,4717,5,2018-05-11
7769,1425,5,2018-05-16
7770,9549,4,2017-09-18
7771,3268,5,2017-05-24
7772,13,5,2017-05-18
7773,2758,5,2018-03-28
7774,4001,4,2018-05-19
7775,7927,5,2018-08-04
7776,3109,5,2018-01-06
7777,611,4,2017-10-20
7778,3482,1,2018-02-10
7779,6413,4,2017-11-21
7780,817,1,2018-08-30
7781,3253,3,2018-07-05
7782,8847,3,2018-05-19
7783,5206,5,2018-01-26
7784,7430,5,2017-08-25
7785,1428,4,2018-01-10
7786,667,5,2018-05-19
7787,4526,5,2018-01-18
7788,8230,3,2018-04-11
7789,8134,4,2018-05-31
7790,8631,4,2017-10-18
7791,2821,5,2018-08-21
7792,2435,5,2017-06-22
7793,4585,5,2018-08-11
7794,3941,5,2017-05-24
7795,5290,4,2017-11-07
7796,46,4,2018-04-12
7797,5299,1,2018-02-22
7798,1741,5,2017-11-12
7799,671,5,2017-11-26
7800,6276,5,2018-05-09
7801,7835,4,2018-08-31
7802,4559,5,2017-06-20
7803,1821,5,2018-04-28
7804,1176,5,2017-09-15
7805,6278,5,2018-07-02
7806,5367,5,2018-05-13
7807,6571,5,2017-08-02
7808,2283,5,2018-06-05
7809,3257,5,2018-05-03
7810,448,4,2017-06-10
7811,8594,5,2017-09-27
7812,6697,5,2017-12-21
7813,3291,5,2018-06-29
7814,4068,1,2017-06-09
7815,7336,5,2018-04-21
7816,4958,5,2018-04-11
7817,2315,1,2018-05-04
7818,9032,5,2017-06-02
7819,5590,2,2017-06-23
7820,8989,3,2018-03-02
7821,4733,4,2017-03-04
7822,1623,5,2018-07-29
7823,5664,5,2017-09-05
7824,88,5,2017-08-08
7825,2787,5,2018-01-11
7826,5209,1,2017-12-20
7827,5128,5,2018-01-13
7828,9080,4,2018-08-31
7829,3264,5,2018-01-18
7830,2263,4,2018-06-12
7831,8455,4,2017-08-02
7832,4815,5,2017-08-12
7833,587,5,2018-03-20
7834,7940,5,2018-08-14
7835,8934,5,2018-08-01
7836,9877,1,2018-08-21
7837,8514,5,2018-06-08
7838,5769,4,2018-01-24
7839,7960,5,2018-07-13
7840,4562,5,2017-12-08
7841,8440,5,2017-03-22
7842,2862,2,2018-06-13
7843,7270,4,2018-06-09
7844,5819,5,2018-03-22
7845,7519,5,2017-02-22
7846,7776,5,2018-02-09
7847,4417,4,2018-07-28
7848,3924,5,2018-07-14
7849,3740,5,2018-03-20
7850,5446,5,2017-10-03
7851,4052,3,2018-03-01
7852,5421,5,2018-07-14
7853,2925,1,2017-10-26
7854,4433,4,2018-03-21
7855,1273,5,2018-03-17
7856,7227,5,2018-05-20
7857,3616,5,2018-02-28
7858,461,5,2017-07-27
7859,2353,5,2017-12-27
7860,3737,4,2018-03-08
7861,5838,5,2018-02-27
7862,5184,5,2017-08-11
7863,4449,3,2017-10-18
7864,4913,5,2018-08-21
7865,9869,4,2018-06-15
7866,5630,5,2018-05-10
7867,2958,5,2018-02-27
7868,9667,5,2018-07-05
7869,7437,4,2018-05-23
7870,8434,5,2017-10-10
7871,8379,5,2017-11-24
7872,2408,5,2017-08-04
7873,3298,5,2018-04-18
7874,7864,5,2017-06-17
7875,5956,5,2018-02-17
7876,2162,5,2017-03-29
7877,6216,3,2017-12-29
7878,4277,5,2018-07-03
7879,54,2,2017-12-02
7880,1697,4,2018-01-24
7881,1533,5,2017-08-02
7882,7036,4,2018-06-26
7883,6746,5,2018-07-31
7884,4966,5,2018-05-05
7885,8227,4,2017-12-14
7886,4123,5,2017-08-12
7887,5474,5,2018-05-04
7888,1256,1,2018-08-01
7889,1070,1,2018-03-28
7890,4412,1,2018-05-02
7891,9770,5,2017-12-29
7892,5713,4,2018-08-29
7893,8073,5,2018-01-24
7894,3798,5,2018-07-04
7895,8305,4,2018-06-30
7896,3423,5,2018-02-10
7897,5679,1,2017-07-05
7898,1499,5,2018-02-07
7899,6211,4,2017-07-29
7900,5362,5,2017-10-09
7901,2448,5,2017-09-20
7902,5199,5,2018-06-26
7903,7028,4,2018-05-11
7904,3223,5,2017-09-26
7905,8701,5,2017-09-12
7906,7139,5,2017-12-30
7907,3590,5,2017-07-18
7908,8205,5,2018-08-11
7909,651,5,2017-12-21
7910,7166,4,2017-08-03
7911,9282,5,2017-12-08
7912,5218,5,2017-12-19
7913,5476,4,2018-08-22
7914,6924,5,2018-02-17
7915,142,5,2017-04-12
7916,282,1,2017-05-12
7917,7708,5,2017-07-12
7918,7271,5,2018-06-07
7919,3976,5,2018-08-31
7920,5182,5,2018-08-15
7921,3625,4,2017-06-01
7922,5558,5,2017-04-14
7923,9730,5,2018-06-22
7924,8564,1,2017-02-23
7925,7141,5,2017-04-11
7926,3560,4,2017-03-23
7927,3078,5,2018-05-08
7928,1351,5,2018-05-18
7929,5495,5,2017-03-22
7930,6769,5,2018-06-08
7931,8000,5,2018-07-27
7932,5436,4,2018-04-19
7933,7031,1,2018-01-31
7934,5938,5,2018-07-15
7935,3940,5,2018-08-04
7936,7875,5,2017-03-14
7937,7469,4,2017-12-08
7938,3122,5,2018-06-22
7939,4700,5,2018-01-30
7940,799,4,2018-07-28
7941,7629,5,2017-05-16
7942,8292,5,2018-07-25
7943,8675,4,2018-05-23
7944,842,1,2018-02-02
7945,6646,2,2017-12-22
7946,7119,5,2018-05-15
7947,6657,5,2017-09-16
7948,7591,4,2018-04-08
7949,4971,3,2018-06-15
7950,8338,3,2017-06-20
7951,3502,5,2018-01-05
7952,5508,1,2017-12-31
7953,2303,1,2017-05-16
7954,4711,1,2017-12-16
7955,5979,5,2018-03-10
7956,6293,5,2018-05-24
7957,4827,5,2018-03-27
7958,5171,5,2018-03-02
7959,6229,5,2017-08-27
7960,421,5,2017-06-17
7961,8446,5,2018-04-11
7962,6551,4,2018-05-25
7963,4209,5,2017-12-05
7964,1732,5,2018-04-10
7965,1962,4,2018-08-23
7966,8647,5,2018-01-09
7967,4940,3,2018-07-13
7968,1064,5,2018-07-24
7969,3583,1,2018-04-21
7970,5711,2,2017-08-15
7971,7495,4,2018-04-14
7972,9494,5,2018-01-17
7973,482,4,2018-03-06
7974,4241,5,2018-06-23
7975,1784,5,2017-02-15
7976,9144,4,2018-01-28
7977,7123,4,2018-07-27
7978,6400,5,2017-07-27
7979,8818,5,2018-04-10
7980,3479,5,2018-04-06
7981,576,3,2018-05-05
7982,1859,4,2018-01-06
7983,3843,5,2018-03-22
7984,3344,5,2017-12-24
7985,2729,5,2018-05-11
7986,1170,5,2018-01-25
7987,1866,4,2018-06-16
7988,8262,4,2017-06-30
7989,751,5,2018-08-28
7990,1310,5,2018-03-21
7991,6957,5,2018-05-08
7992,1642,5,2018-04-26
7993,6208,5,2018-04-21
7994,5288,2,2018-08-04
7995,7234,1,2018-03-29
7996,1715,5,2018-04-28
7997,106,5,2017-05-04
7998,5519,5,2018-05-03
7999,9296,5,2017-10-05
8000,7191,4,2018-01-27
8001,3095,4,2018-05-04
8002,5314,5,2018-07-11
8003,7665,5,2018-01-30
8004,6455,5,2017-11-08
8005,6882,5,2018-06-05
8006,3463,3,2018-05-26
8007,4777,4,2018-05-10
8008,4323,5,2017-11-10
8009,9288,5,2017-10-05
8010,5204,3,2017-07-04
8011,3359,1,2017-12-19
8012,7910,5,2018-04-14
8013,2638,4,2018-01-21
8014,320,5,2017-04-04
8015,3994,5,2018-07-07
8016,8616,5,2017-03-14
8017,4093,3,2018-04-11
8018,8662,5,2018-08-19
8019,1878,2,2018-08-16
8020,5725,5,2018-02-16
8021,7914,5,2017-05-23
8022,4080,5,2018-02-20
8023,9802,5,2017-09-07
8024,3397,5,2018-07-03
8025,2737,5,2018-01-17
8026,7395,5,2017-09-20
8027,3126,5,2018-02-06
8028,4756,4,2017-08-30
8029,7949,4,2017-10-19
8030,2652,5,2018-02-21
8031,540,5,2017-02-07
8032,9322,4,2018-06-21
8033,2338,5,2018-07-05
8034,6376,3,2018-04-17
8035,3,5,2017-11-07
8036,7122,5,2017-04-13
8037,2167,5,2017-12-02
8038,9981,4,2018-04-03
8039,8145,5,2018-05-11
8040,5870,5,2018-02-17
8041,8829,5,2018-07-27
8042,5235,3,2018-01-16
8043,5729,5,2018-03-29
8044,1004,5,2017-07-07
8045,4897,5,2017-09-15
8046,228,5,2017-12-20
8047,5807,5,2018-07-31
8048,9470,4,2018-04-04
8049,5437,5,2017-08-29
8050,9936,5,2017-06-13
8051,6345,5,2017-09-21
8052,6885,5,2018-05-10
8053,9916,3,2018-03-06
8054,8516,4,2018-08-23
8055,8921,5,2017-05-14
8056,2618,3,2018-03-08
8057,783,4,2018-05-16
8058,5371,5,2018-05-05
8059,5180,5,2018-06-28
8060,6986,4,2018-07-14
8061,4465,5,2018-04-14
8062,9149,4,2017-09-28
8063,832,5,2018-05-18
8064,595,5,2017-10-22
8065,8845,5,2017-08-15
8066,208,5,2018-01-27
8067,7143,5,2018-06-26
8068,18,4,2017-12-28
8069,7433,5,2018-06-12
8070,2493,5,2018-08-15
8071,3159,5,2017-10-11
8072,6487,5,2017-03-11
8073,2168,5,2018-03-29
8074,6800,5,2017-02-03
8075,6987,5,2018-02-15
8076,6765,4,2018-05-15
8077,1201,4,2017-10-26
8078,7743,5,2017-10-14
8079,5300,5,2018-08-11
8080,4702,4,2017-06-27
8081,5426,5,2018-08-19
8082,8639,5,2018-06-29
8083,6828,1,2017-03-15
8084,5478,1,2017-10-15
8085,354,5,2018-07-28
8086,5899,5,2017-08-25
8087,4863,5,2018-06-23
8088,5480,5,2018-06-09
8089,6965,5,2017-07-11
8090,5523,5,2017-12-08
8091,5471,5,2018-08-18
8092,2470,5,2018-08-01
8093,8286,4,2018-05-17
8094,1312,1,2017-03-24
8095,8928,5,2018-03-01
8096,5871,5,2018-01-09
8097,855,1,2017-06-09
8098,5457,5,2018-03-25
8099,5195,5,2018-06-23
8100,5501,5,2017-08-30
8101,4243,5,2018-06-02
8102,1446,4,2017-08-17
8103,9125,5,2018-08-11
8104,6009,3,2018-06-21
8105,5097,5,2017-07-26
8106,780,3,2018-02-11
8107,8625,1,2018-05-27
8108,8877,5,2017-04-06
8109,6493,5,2018-03-02
8110,6422,5,2018-07-31
8111,5425,4,2018-05-15
8112,2159,5,2017-04-05
8113,3834,1,2018-03-03
8114,4836,3,2018-08-01
8115,2092,5,2018-07-17
8116,7154,3,2018-01-26
8117,6127,5,2018-04-04
8118,7249,3,2017-03-03
8119,2387,3,2018-04-09
8120,2143,1,2017-10-25
8121,2626,5,2018-06-29
8122,1077,3,2018-02-02
8123,278,5,2017-03-17
8124,7462,5,2017-11-24
8125,9249,5,2017-05-26
8126,7046,4,2018-07-14
8127,4528,5,2017-03-02
8128,6499,1,2017-02-02
8129,1753,5,2018-08-31
8130,996,5,2018-01-31
8131,6381,5,2017-06-06
8132,7008,4,2018-04-06
8133,6399,1,2017-12-19
8134,4220,5,2018-08-10
8135,399,4,2018-01-11
8136,4912,5,2018-02-22
8137,8341,2,2017-05-24
8138,1233,2,2018-01-19
8139,5821,5,2017-09-29
8140,9644,5,2018-04-13
8141,6459,5,2018-03-29
8142,3171,5,2018-03-27
8143,5033,5,2017-07-26
8144,6675,5,2018-06-08
8145,1718,5,2018-06-16
8146,7662,3,2017-12-19
8147,714,1,2018-05-25
8148,9418,5,2017-07-15
8149,9169,5,2017-10-03
8150,7346,1,2017-12-07
8151,2890,5,2017-11-09
8152,4393,3,2018-03-07
8153,7802,5,2018-04-17
8154,5845,5,2017-05-11
8155,4015,4,2017-06-14
8156,9823,5,2018-05-15
8157,411,5,2017-11-10
8158,2196,5,2018-05-08
8159,2568,3,2018-01-10
8160,9675,5,2017-11-22
8161,8628,4,2017-12-08
8162,80,5,2018-01-27
8163,2754,5,2018-06-16
8164,6867,3,2018-01-23
8165,9811,4,2017-09-26
8166,8406,5,2018-03-30
8167,8120,5,2018-05-30
8168,9627,1,2017-02-13
8169,477,5,2018-07-03
8170,4753,1,2017-11-29
8171,1536,4,2018-02-15
8172,1528,4,2017-11-15
8173,2421,5,2018-01-09
8174,9110,5,2018-05-30
8175,9805,1,2018-02-07
8176,4516,5,2017-05-26
8177,8419,5,2017-04-22
8178,1213,5,2018-08-17
8179,1118,5,2017-03-23
8180,2109,4,2018-04-28
8181,7376,5,2017-05-17
8182,7069,1,2017-06-15
8183,5282,5,2017-10-20
8184,9537,4,2018-02-03
8185,6694,5,2018-05-31
8186,9122,5,2017-09-09
8187,7157,5,2018-07-28
8188,1986,5,2018-01-17
8189,1318,5,2017-08-22
8190,2588,4,2018-07-01
8191,73,1,2018-07-29
8192,2093,1,2018-07-19
8193,5754,4,2017-02-21
8194,1569,5,2018-05-17
8195,6273,4,2018-08-14
8196,3645,5,2017-05-18
8197,5274,5,2018-07-06
8198,2681,5,2017-09-09
8199,293,4,2017-08-22
8200,1941,5,2018-07-06
8201,811,4,2017-08-02
8202,933,5,2018-04-21
8203,1158,2,2017-12-23
8204,1515,1,2018-04-11
8205,8274,5,2017-09-09
8206,4535,5,2018-05-29
8207,2700,5,2017-10-14
8208,9594,4,2018-08-11
8209,4423,4,2018-03-28
8210,5252,5,2018-05-25
8211,6277,5,2018-02-07
8212,9246,3,2018-08-28
8213,9174,5,2017-02-16
8214,22,1,2017-12-15
8215,3592,4,2017-05-16
8216,3234,5,2018-03-01
8217,1488,4,2018-01-30
8218,8690,3,2018-08-10
8219,2504,5,2018-04-14
8220,7296,5,2018-04-10
8221,4369,2,2017-12-21
8222,1281,3,2018-08-08
8223,3683,5,2018-03-22
8224,4349,4,2017-10-11
8225,2677,5,2018-04-06
8226,6513,4,2018-02-24
8227,6676,5,2017-10-04
8228,9913,3,2018-06-27
8229,7734,5,2018-07-21
8230,738,3,2018-08-08
8231,8352,1,2018-03-11
8232,8397,5,2018-03-06
8233,1684,5,2018-07-13
8234,6182,3,2017-05-11
8235,2461,5,2018-04-14
8236,9598,5,2017-11-28
8237,973,5,2017-06-30
8238,4773,4,2017-09-09
8239,843,5,2017-10-24
8240,2934,5,2018-01-25
8241,4112,5,2018-02-07
8242,7011,3,2017-08-02
8243,3384,5,2017-10-02
8244,5280,5,2018-01-17
8245,5991,2,2018-01-07
8246,3733,5,2017-07-15
8247,4389,3,2017-07-22
8248,9452,5,2018-05-19
8249,1835,4,2017-05-16
8250,5410,4,2018-05-05
8251,9374,1,2017-04-12
8252,3707,5,2017-06-10
8253,5196,5,2018-04-03
8254,3766,1,2018-06-06
8255,9999,5,2017-07-11
8256,9049,5,2018-03-23
8257,713,3,2018-02-05
8258,35,3,2018-06-30
8259,5644,5,2017-06-15
8260,4584,3,2018-04-07
8261,6996,4,2018-05-22
8262,9329,5,2017-11-10
8263,3769,5,2018-05-23
8264,9386,5,2018-02-16
8265,9206,3,2018-01-25
8266,6536,5,2017-05-17
8267,3674,4,2018-01-05
8268,7950,5,2017-10-20
8269,225,5,2018-05-10
8270,1327,3,2017-11-25
8271,3318,3,2018-06-19
8272,5323,1,2017-05-04
8273,7632,4,2018-05-04
8274,1527,5,2018-02-20
8275,8188,5,2018-08-07
8276,5447,5,2018-01-27
8277,1717,3,2018-06-06
8278,5927,4,2018-07-14
8279,7590,5,2017-09-20
8280,9468,4,2018-04-14
8281,8208,4,2018-06-21
8282,5973,5,2017-06-13
8283,5351,4,2017-11-11
8284,8523,5,2017-09-20
8285,3857,1,2017-12-15
8286,8060,5,2018-08-30
8287,32,5,2018-02-08
8288,663,5,2018-03-26
8289,4046,5,2018-01-06
8290,4882,4,2018-01-20
8291,7894,5,2017-09-02
8292,2225,5,2018-05-19
8293,4291,2,2018-01-31
8294,9040,1,2017-03-25
8295,390,5,2018-05-22
8296,3535,5,2017-03-16
8297,4289,5,2018-02-02
8298,1317,4,2018-06-04
8299,3267,4,2018-03-23
8300,1990,5,2017-05-27
8301,6141,5,2018-03-16
8302,3721,5,2017-07-22
8303,5882,5,2018-08-09
8304,8802,4,2017-09-27
8305,701,4,2018-02-01
8306,4476,4,2017-12-21
8307,1682,5,2018-03-22
8308,4054,5,2017-03-15
8309,4646,5,2017-11-08
8310,7366,5,2018-04-06
8311,6787,5,2017-05-18
8312,6909,5,2017-11-01
8313,5228,5,2018-03-13
8314,5172,5,2018-04-26
8315,707,5,2018-04-04
8316,7338,4,2017-02-01
8317,6773,5,2017-10-20
8318,8316,1,2018-06-14
8319,3079,4,2018-03-22
8320,8326,4,2018-07-14
8321,3997,4,2018-03-13
8322,2531,5,2017-05-25
8323,8694,1,2018-04-25
8324,1984,4,2017-10-11
8325,687,5,2017-11-30
8326,4279,4,2018-05-29
8327,4861,5,2018-08-14
8328,7370,3,2018-02-03
8329,9218,3,2018-05-22
8330,61,5,2018-05-17
8331,6421,5,2018-01-12
8332,5263,5,2018-07-05
8333,850,5,2017-07-21
8334,6053,5,2017-11-24
8335,7308,4,2017-11-07
8336,2807,5,2017-10-24
8337,6186,5,2018-01-23
8338,1257,5,2017-06-15
8339,2438,4,2018-08-18
8340,1931,3,2018-06-20
8341,8787,1,2017-11-29
8342,4036,5,2017-12-14
8343,2993,5,2018-04-06
8344,9847,1,2018-04-14
8345,1797,5,2018-01-19
8346,7320,3,2017-11-14
8347,3852,1,2017-04-12
8348,3563,4,2017-06-26
8349,1436,1,2018-01-24
8350,8864,4,2017-12-16
8351,8876,4,2018-08-11
8352,3539,5,2017-09-26
8353,6078,1,2018-07-06
8354,7184,5,2018-06-07
8355,8118,1,2018-03-14
8356,5941,5,2017-02-19
8357,9580,5,2018-01-24
8358,9540,4,2017-07-14
8359,6783,5,2018-08-30
8360,6525,3,2018-01-10
8361,5101,5,2018-06-16
8362,2307,5,2017-09-12
8363,4867,4,2018-01-27
8364,9233,3,2018-08-03
8365,2426,5,2017-11-22
8366,5236,5,2018-08-11
8367,5406,1,2018-02-03
8368,1561,1,2017-12-07
8369,9519,3,2018-04-17
8370,3525,5,2018-06-03
8371,7118,4,2017-02-18
8372,8340,5,2018-05-19
8373,2051,5,2018-07-04
8374,3494,5,2017-07-29
8375,308,5,2018-06-29
8376,7520,5,2017-03-08
8377,1927,4,2018-03-08
8378,1905,5,2017-05-28
8379,9368,4,2018-04-07
8380,3292,4,2017-05-12
8381,7254,5,2018-08-10
8382,927,1,2018-07-03
8383,7149,5,2018-03-15
8384,2012,5,2018-02-17
8385,4712,1,2018-06-09
8386,889,5,2017-08-19
8387,627,5,2017-09-15
8388,5036,5,2018-06-18
8389,3675,4,2018-08-08
8390,5359,5,2018-02-01
8391,5303,5,2018-07-22
8392,3956,4,2017-07-14
8393,7747,5,2017-11-28
8394,5616,5,2018-03-06
8395,129,5,2017-10-04
8396,6656,5,2018-05-05
8397,4793,5,2017-02-07
8398,1066,5,2018-02-17
8399,6574,5,2017-02-10
8400,6367,2,2017-07-23
8401,7018,5,2017-05-03
8402,5866,5,2017-03-29
8403,2501,5,2018-07-21
8404,6268,5,2017-12-29
8405,807,3,2018-06-08
8406,2721,1,2018-01-10
8407,379,5,2018-01-26
8408,6803,5,2017-02-19
8409,945,5,2018-04-14
8410,6388,4,2017-07-11
8411,8252,5,2018-01-06
8412,5549,4,2017-10-28
8413,5676,4,2017-12-20
8414,91,5,2018-01-07
8415,3135,5,2017-10-24
8416,6441,5,2017-08-26
8417,3838,5,2018-07-04
8418,2481,5,2018-08-11
8419,530,5,2018-05-12
8420,7135,1,2018-02-17
8421,1079,5,2017-07-27
8422,1494,4,2018-06-22
8423,6148,3,2018-05-02
8424,3487,5,2017-07-08
8425,328,1,2017-08-06
8426,79,4,2017-05-31
8427,6688,5,2017-03-24
8428,6369,5,2018-05-31
8429,8674,3,2018-06-19
8430,8002,5,2017-05-24
8431,1850,5,2018-02-07
8432,5873,5,2018-05-09
8433,9380,5,2017-08-08
8434,3670,4,2018-08-23
8435,3949,5,2017-12-12
8436,2622,5,2018-04-14
8437,7466,1,2018-08-02
8438,7933,5,2017-12-19
8439,9057,5,2018-03-13
8440,3451,4,2018-04-16
8441,3849,5,2018-04-03
8442,584,5,2018-03-02
8443,2751,5,2017-06-14
8444,9143,5,2018-04-04
8445,2044,3,2018-07-25
8446,5949,5,2018-04-25
8447,382,4,2018-04-19
8448,6417,5,2018-01-17
8449,8457,5,2018-06-28
8450,9267,4,2018-04-29
8451,4197,4,2017-08-26
8452,6661,4,2018-05-03
8453,5173,1,2018-01-20
8454,4357,3,2018-07-10
8455,7660,5,2018-08-04
8456,3232,5,2018-03-16
8457,6420,4,2018-06-07
8458,452,5,2018-06-23
8459,4610,1,2017-12-21
8460,5368,5,2017-08-03
8461,3680,5,2017-09-28
8462,3041,5,2017-12-17
8463,6638,5,2017-06-29
8464,2436,1,2017-08-11
8465,2329,4,2018-06-09
8466,2965,5,2018-05-09
8467,3681,3,2017-05-24
8468,3734,1,2018-03-24
8469,7579,2,2018-03-25
8470,7768,4,2017-11-14
8471,3907,5,2018-01-09
8472,2075,5,2018-01-30
8473,5981,1,2017-06-28
8474,4017,4,2018-05-23
8475,4596,5,2018-06-19
8476,7125,4,2017-07-11
8477,5650,5,2017-11-02
8478,4786,5,2018-08-24
8479,2513,1,2017-05-04
8480,3039,2,2018-01-28
8481,5688,5,2018-01-31
8482,1658,4,2018-07-13
8483,5268,5,2017-09-01
8484,1946,5,2018-02-03
8485,7403,4,2018-08-23
8486,6546,1,2018-02-23
8487,489,4,2017-08-24
8488,2647,5,2018-03-30
8489,5761,5,2017-05-27
8490,923,5,2017-08-03
8491,182,5,2018-05-25
8492,4006,3,2018-08-18
8493,3692,3,2018-05-29
8494,3357,3,2017-05-12
8495,2358,5,2017-04-06
8496,2632,5,2018-08-28
8497,1555,5,2018-02-01
8498,9987,5,2017-03-21
8499,9996,4,2017-11-08
8500,2892,5,2017-01-26
8501,1266,4,2017-12-01
8502,3361,5,2018-01-26
8503,2725,4,2017-09-21
8504,5666,5,2018-07-07
8505,4973,5,2017-03-09
8506,9053,5,2017-08-18
8507,1130,5,2018-04-03
8508,1856,5,2017-08-09
8509,2878,1,2018-03-21
8510,6325,5,2018-06-12
8511,6796,5,2018-07-04
8512,2931,5,2017-12-31
8513,4732,1,2018-04-27
8514,1996,5,2018-04-05
8515,3434,5,2018-07-12
8516,6707,5,2018-05-01
8517,4196,5,2018-05-05
8518,6196,4,2017-05-19
8519,2926,3,2018-03-10
8520,5151,4,2017-06-27
8521,9638,5,2017-04-28
8522,7150,5,2018-08-18
8523,4518,3,2017-12-09
8524,7556,3,2018-01-10
8525,2812,5,2017-09-27
8526,3720,4,2018-07-25
8527,6579,4,2018-04-10
8528,4275,5,2018-08-04
8529,7189,3,2017-11-21
8530,7500,4,2018-04-11
8531,3154,3,2018-02-21
8532,9351,3,2018-06-07
8533,9592,4,2018-03-02
8534,424,5,2017-08-10
8535,8965,5,2017-07-30
8536,2847,4,2018-01-22
8537,9195,1,2018-05-27
8538,7079,5,2018-08-23
8539,2304,5,2018-06-13
8540,7690,5,2017-05-16
8541,2829,5,2017-08-24
8542,5138,4,2017-06-06
8543,6460,5,2017-07-15
8544,9281,5,2018-06-19
8545,4402,5,2018-03-03
8546,6366,5,2018-07-25
8547,1726,4,2018-04-25
8548,1408,5,2018-05-26
8549,8394,5,2018-03-24
8550,8270,5,2018-03-21
8551,2490,5,2018-01-21
8552,6305,4,2018-02-20
8553,8664,4,2018-07-28
8554,4375,4,2018-03-15
8555,8643,3,2018-01-05
8556,303,4,2017-04-13
8557,9401,4,2018-01-31
8558,1541,1,2017-07-30
8559,408,3,2018-01-11
8560,7735,5,2018-06-07
8561,1924,5,2018-05-05
8562,9841,5,2018-08-23
8563,6065,5,2018-08-17
8564,3741,5,2017-09-13
8565,8571,4,2017-03-02
8566,3900,5,2018-03-01
8567,9410,5,2017-10-25
8568,8224,5,2017-12-22
8569,9098,5,2017-06-22
8570,2802,4,2017-06-02
8571,1809,4,2017-12-28
8572,4894,4,2018-03-20
8573,4317,3,2017-09-27
8574,6133,3,2018-01-25
8575,514,5,2017-07-15
8576,5648,5,2018-08-14
8577,9968,3,2017-07-07
8578,2067,5,2017-10-03
8579,1549,5,2018-06-29
8580,4290,5,2018-03-25
8581,5415,4,2018-01-30
8582,7673,4,2018-01-30
8583,5093,4,2018-06-22
8584,8496,5,2018-04-05
8585,7721,5,2018-01-30
8586,7103,5,2018-06-29
8587,7727,2,2018-03-09
8588,8926,5,2018-03-01
8589,1475,5,2017-06-25
8590,5192,4,2018-07-05
8591,5240,4,2018-03-04
8592,2170,5,2018-08-29
8593,211,5,2018-06-08
8594,1295,5,2017-03-20
8595,8064,5,2017-08-02
8596,887,3,2018-05-20
8597,9180,5,2018-08-17
8598,3821,5,2018-06-14
8599,139,1,2017-11-23
8600,7372,3,2017-09-01
8601,7265,1,2018-07-11
8602,6843,1,2018-03-11
8603,7707,5,2017-03-09
8604,9095,3,2018-02-15
8605,3925,5,2018-08-23
8606,501,3,2017-12-01
8607,8030,1,2018-03-15
8608,8300,1,2018-06-10
8609,6364,3,2018-01-30
8610,1848,5,2017-10-03
8611,3428,5,2017-06-01
8612,5607,5,2018-03-01
8613,4086,3,2018-04-29
8614,3791,1,2017-12-16
8615,4039,2,2018-08-14
8616,2418,5,2018-04-28
8617,2783,5,2018-05-16
8618,1783,3,2018-04-12
8619,8528,1,2017-12-20
8620,974,1,2018-01-13
8621,8276,5,2018-02-02
8622,187,5,2017-03-31
8623,6776,5,2017-08-29
8624,661,5,2018-08-22
8625,7187,4,2018-07-03
8626,7107,3,2018-03-24
8627,8256,3,2017-02-14
8628,246,3,2017-10-17
8629,8657,5,2017-08-03
8630,5212,5,2018-05-01
8631,9371,3,2018-02-15
8632,148,5,2018-05-19
8633,2034,5,2018-03-21
8634,7256,4,2018-05-04
8635,4936,5,2018-02-27
8636,5062,5,2018-04-25
8637,9327,5,2018-05-22
8638,7918,4,2017-11-26
8639,9528,5,2018-04-10
8640,7638,4,2018-01-26
8641,8537,5,2018-06-13
8642,2881,3,2018-01-26
8643,3324,5,2017-06-10
8644,5760,5,2018-06-19
8645,8464,5,2018-06-02
8646,1689,5,2017-08-30
8647,3098,5,2018-08-09
8648,1185,1,2018-04-13
8649,7349,3,2018-01-26
8650,5986,5,2018-03-18
8651,193,5,2017-06-17
8652,6597,4,2017-08-25
8653,4950,3,2018-06-13
8654,5748,5,2018-08-22
8655,3503,4,2017-09-08
8656,9629,4,2017-07-27
8657,25,5,2018-04-11
8658,3715,5,2017-05-17
8659,8754,5,2018-08-28
8660,9458,5,2017-12-02
8661,3131,5,2018-04-04
8662,9747,5,2018-03-08
8663,5380,5,2018-08-18
8664,6772,5,2018-04-25
8665,5135,1,2017-10-24
8666,6682,2,2018-02-01
8667,8079,4,2017-09-26
8668,9572,1,2017-04-28
8669,6859,5,2017-11-01
8670,8961,4,2018-01-23
8671,2160,5,2018-04-14
8672,9108,5,2018-05-11
8673,3094,1,2018-01-06
8674,5547,4,2018-06-13
8675,7710,3,2017-12-12
8676,1953,5,2017-12-22
8677,7828,5,2017-11-23
8678,8456,5,2018-03-22
8679,9911,5,2018-08-23
8680,9201,5,2017-10-02
8681,4293,1,2017-04-09
8682,9365,5,2018-07-27
8683,3273,5,2017-11-18
8684,3389,1,2018-04-05
8685,1656,5,2018-03-03
8686,413,5,2018-08-11
8687,9613,5,2018-04-11
8688,3178,4,2017-10-26
8689,4137,5,2018-03-06
8690,1214,5,2018-03-30
8691,170,4,2018-03-22
8692,6841,5,2017-07-22
8693,9593,5,2017-11-14
8694,4140,4,2018-05-15
8695,2793,5,2017-12-09
8696,441,5,2018-08-05
8697,3457,1,2017-04-06
8698,9942,5,2017-10-25
8699,7247,5,2017-12-09
8700,4399,5,2018-05-05
8701,7290,3,2017-07-12
8702,6403,2,2018-02-01
8703,3759,5,2018-05-10
8704,8206,5,2018-05-12
8705,111,5,2017-06-27
8706,1477,5,2017-08-01
8707,6825,5,2018-08-07
8708,5397,4,2017-05-10
8709,6130,5,2018-05-17
8710,1025,5,2018-08-15
8711,6552,2,2018-04-19
8712,9116,5,2018-08-24
8713,524,5,2017-12-27
8714,6150,3,2017-06-08
8715,1551,1,2017-12-10
8716,2488,1,2017-12-09
8717,910,1,2018-04-21
8718,901,5,2017-09-07
8719,3850,4,2018-05-15
8720,6170,4,2017-04-29
8721,1330,1,2018-01-25
8722,3697,5,2018-08-04
8723,6895,1,2018-07-25
8724,4172,5,2017-12-27
8725,2773,5,2018-05-06
8726,2937,1,2017-10-07
8727,8279,5,2017-08-02
8728,1240,5,2017-12-30
8729,8285,4,2018-08-15
8730,1217,5,2018-07-28
8731,4105,5,2018-01-18
8732,6593,5,2018-08-24
8733,970,4,2017-12-07
8734,1470,3,2018-04-09
8735,5597,5,2017-11-28
8736,3731,5,2017-11-24
8737,1985,5,2018-07-11
8738,1006,5,2017-10-17
8739,5334,2,2017-12-02
8740,1430,5,2017-10-11
8741,3177,4,2018-01-25
8742,7391,1,2018-04-12
8743,1335,5,2017-12-15
8744,4697,4,2018-04-12
8745,9402,4,2018-01-10
8746,534,5,2018-08-08
8747,6919,5,2017-08-03
8748,6547,3,2018-06-08
8749,3846,5,2017-03-14
8750,9648,4,2018-04-28
8751,686,5,2018-01-28
8752,50,5,2017-10-10
8753,876,5,2017-08-24
8754,2395,5,2018-04-10
8755,5251,5,2018-08-22
8756,4857,5,2017-05-04
8757,7555,4,2017-06-04
8758,6734,5,2018-01-26
8759,3339,5,2017-02-25
8760,7722,4,2017-08-31
8761,7341,5,2017-11-09
8762,7862,5,2018-06-13
8763,9595,1,2017-03-03
8764,6544,5,2018-08-18
8765,7360,4,2017-02-09
8766,8529,5,2018-01-27
8767,9738,5,2017-11-15
8768,6602,3,2018-04-15
8769,6279,5,2017-11-22
8770,1579,5,2017-11-22
8771,804,1,2018-08-19
8772,1846,5,2017-04-20
8773,8742,1,2018-04-22
8774,7540,5,2018-03-09
8775,9954,5,2018-05-06
8776,2337,3,2018-07-28
8777,9868,4,2018-08-18
8778,4781,5,2018-01-30
8779,1690,4,2017-10-15
8780,264,5,2017-11-09
8781,9228,4,2018-08-10
8782,6514,5,2018-03-09
8783,8780,3,2018-06-10
8784,7232,5,2017-11-10
8785,1277,5,2018-07-31
8786,1606,1,2017-11-26
8787,3086,5,2018-04-05
8788,9224,5,2018-04-19
8789,2458,5,2017-10-28
8790,9863,4,2018-01-20
8791,1995,4,2017-05-31
8792,1076,1,2017-06-23
8793,3481,5,2018-08-05
8794,6002,5,2017-10-17
8795,8860,5,2017-12-12
8796,3632,5,2018-04-26
8797,8447,5,2017-07-26
8798,7640,5,2018-03-17
8799,6419,4,2018-08-29
8800,8580,2,2018-06-23
8801,6387,5,2018-06-30
8802,9897,3,2017-09-30
8803,2874,5,2018-07-13
8804,3096,5,2017-12-21
8805,3285,5,2017-08-15
8806,557,5,2018-03-09
8807,7273,5,2018-08-17
8808,9925,5,2018-08-03
8809,4058,5,2018-04-13
8810,5839,4,2017-12-21
8811,6347,5,2017-09-16
8812,1537,5,2017-03-25
8813,9858,1,2017-03-18
8814,2933,4,2017-09-03
8815,7110,2,2017-11-29
8816,3991,4,2017-12-07
8817,3478,5,2017-09-14
8818,5296,4,2018-08-18
8819,5678,5,2018-03-24
8820,4062,4,2018-04-25
8821,7767,5,2018-08-19
8822,2005,4,2018-08-24
8823,3420,4,2017-12-22
8824,3606,5,2017-12-14
8825,5256,5,2018-04-03
8826,3280,4,2018-08-03
8827,9442,5,2017-11-29
8828,8257,2,2018-03-01
8829,4378,4,2018-03-15
8830,1891,5,2018-03-07
8831,9369,5,2018-01-16
8832,4161,5,2018-04-14
8833,10000,3,2018-06-20
8834,6565,5,2017-11-30
8835,7040,5,2018-06-19
8836,430,5,2017-12-22
8837,8225,5,2018-03-01
8838,4448,5,2017-09-06
8839,7561,4,2017-11-11
8840,5168,1,2018-08-14
8841,3419,5,2017-08-17
8842,1172,5,2017-02-23
8843,3553,5,2018-08-15
8844,2232,1,2018-04-20
8845,1627,3,2017-10-24
8846,3757,5,2017-03-22
8847,9406,5,2018-08-25
8848,5542,5,2018-07-14
8849,4436,5,2018-05-24
8850,5864,3,2017-07-12
8851,919,5,2018-04-13
8852,8416,4,2017-07-29
8853,1235,5,2018-02-15
8854,342,5,2018-08-03
8855,7467,4,2018-02-28
8856,4356,2,2018-06-03
8857,6962,5,2017-09-12
8858,2155,5,2017-02-25
8859,6622,2,2017-12-24
8860,8433,1,2018-05-01
8861,6944,5,2017-06-27
8862,8638,4,2018-08-08
8863,950,4,2017-12-16
8864,7547,5,2018-03-08
8865,374,5,2018-08-31
8866,7410,4,2017-11-02
8867,941,5,2018-08-09
8868,9606,4,2018-05-25
8869,6282,5,2017-11-29
8870,8389,1,2018-02-24
8871,3366,5,2017-07-18
8872,4214,5,2018-02-07
8873,1734,5,2017-11-17
8874,5493,5,2018-06-20
8875,2080,4,2017-06-13
8876,4647,5,2017-02-23
8877,2805,5,2018-01-24
8878,7246,3,2018-04-03
8879,1750,5,2018-08-11
8880,3684,5,2018-06-05
8881,885,5,2018-01-16
8882,6739,5,2017-06-08
8883,3624,5,2018-03-15
8884,5985,5,2018-05-01
8885,5090,5,2018-07-05
8886,4043,5,2018-03-22
8887,2966,4,2018-04-07
8888,3295,5,2017-05-31
8889,2182,5,2017-11-30
8890,9088,4,2018-04-12
8891,5596,5,2017-07-01
8892,8930,1,2017-12-09
8893,8430,1,2018-01-14
8894,1670,3,2017-08-26
8895,6650,5,2018-05-08
8896,7903,1,2017-07-06
8897,1698,5,2018-06-05
8898,3999,5,2017-11-07
8899,3156,5,2018-03-30
8900,2605,5,2018-01-12
8901,6025,1,2018-05-06
8902,1745,4,2018-01-20
8903,2365,1,2018-04-26
8904,9448,5,2018-03-01
8905,2697,4,2017-08-23
8906,4009,2,2017-07-13
8907,8052,5,2018-06-05
8908,7551,3,2018-08-18
8909,6151,1,2018-03-17
8910,2204,4,2017-05-03
8911,6118,5,2018-07-26
8912,9976,4,2017-10-24
8913,9565,5,2017-12-15
8914,3274,1,2018-01-05
8915,3568,5,2018-03-10
8916,4162,1,2017-11-09
8917,3362,5,2018-03-08
8918,8718,5,2018-02-23
8919,107,5,2018-05-22
8920,8485,5,2018-02-22
8921,7362,5,2017-12-28
8922,1598,5,2018-02-09
8923,8486,2,2017-12-13
8924,2745,5,2017-11-11
8925,5674,4,2018-08-11
8926,3125,5,2018-06-12
8927,1581,5,2017-07-22
8928,2609,5,2018-08-22
8929,4495,2,2017-04-21
8930,4098,5,2018-05-23
8931,3367,1,2018-04-17
8932,3844,1,2017-12-20
8933,9931,5,2018-07-15
8934,8054,4,2017-06-26
8935,3635,1,2018-07-07
8936,555,5,2017-11-15
8937,1133,5,2017-12-12
8938,831,5,2018-07-06
8939,9387,5,2018-08-11
8940,2665,1,2018-04-08
8941,9943,5,2017-11-29
8942,2171,5,2018-05-16
8943,8585,4,2018-07-24
8944,8757,4,2017-08-22
8945,7599,1,2017-08-22
8946,8471,1,2017-03-21
8947,2451,4,2018-08-23
8948,3244,5,2018-07-06
8949,1781,5,2018-04-10
8950,5667,4,2018-06-09
8951,4740,4,2018-04-04
8952,9952,5,2018-07-25
8953,1967,5,2017-08-11
8954,7023,1,2018-04-20
8955,5673,5,2018-02-22
8956,4992,5,2018-01-04
8957,3440,1,2017-11-14
8958,295,5,2017-10-27
8959,7780,5,2018-05-09
8960,3097,5,2018-06-19
8961,7317,5,2017-07-04
8962,3546,4,2018-08-04
8963,3110,4,2018-04-27
8964,3476,5,2018-05-22
8965,9808,3,2018-03-24
8966,5179,5,2018-01-12
8967,4570,5,2017-12-20
8968,8348,5,2017-02-21
8969,3833,5,2018-04-06
8970,9920,5,2018-04-06
8971,5143,5,2018-03-08
8972,5783,4,2018-02-06
8973,9583,5,2018-04-12
8974,5615,5,2018-07-21
8975,9948,1,2018-02-16
8976,5174,5,2017-12-22
8977,369,5,2018-08-08
8978,4555,1,2017-12-27
8979,2749,5,2017-11-28
8980,6062,5,2018-06-13
8981,6033,1,2018-02-16
8982,6143,1,2018-03-24
8983,8426,5,2018-03-23
8984,7355,5,2017-05-30
8985,9871,3,2017-08-09
8986,5563,5,2017-07-22
8987,1609,4,2018-06-07
8988,9978,1,2018-04-21
8989,4184,5,2018-05-22
8990,4024,5,2018-08-28
8991,3222,5,2018-06-27
8992,7470,5,2017-03-29
8993,3005,5,2018-07-13
8994,3016,2,2018-04-04
8995,7859,1,2017-12-28
8996,4713,1,2018-03-17
8997,168,5,2018-04-18
8998,9066,3,2017-12-10
8999,3554,5,2018-07-31
9000,535,5,2017-05-03
9001,6495,4,2018-03-23
9002,6883,5,2017-11-15
9003,4126,5,2018-03-16
9004,8481,4,2018-01-26
9005,8770,5,2018-08-23
9006,9484,5,2018-08-22
9007,561,5,2018-03-29
9008,3445,5,2017-02-09
9009,4794,1,2018-04-25
9010,6644,5,2018-04-28
9011,5408,5,2018-05-11
9012,8910,5,2017-10-19
9013,9699,5,2018-05-03
9014,5914,5,2017-12-19
9015,9453,4,2017-11-19
9016,9334,5,2017-07-25
9017,2133,5,2017-12-14
9018,3240,1,2017-11-15
9019,4652,5,2017-12-28
9020,2790,1,2018-02-07
9021,6824,1,2018-05-09
9022,6840,1,2017-03-24
9023,7670,5,2018-01-27
9024,1088,5,2018-07-07
9025,7586,5,2018-06-09
9026,8069,1,2017-12-18
9027,9472,5,2018-06-22
9028,3254,5,2017-12-07
9029,1326,2,2017-07-02
9030,442,5,2017-10-07
9031,6900,5,2018-04-11
9032,1812,1,2018-06-09
9033,7536,5,2018-01-03
9034,1568,5,2018-08-10
9035,2532,4,2017-07-21
9036,8332,5,2017-02-09
9037,3714,5,2017-06-17
9038,740,5,2018-06-20
9039,265,3,2017-07-27
9040,1666,4,2017-05-21
9041,6475,5,2017-05-27
9042,4450,1,2018-01-06
9043,9887,5,2017-11-11
9044,6032,5,2017-12-08
9045,8294,1,2018-08-11
9046,4158,2,2018-03-15
9047,2048,1,2018-06-30
9048,8349,3,2018-08-31
9049,104,5,2018-01-10
9050,1293,5,2017-11-30
9051,9159,4,2017-06-24
9052,97,1,2018-08-05
9053,7893,5,2017-12-13
9054,9818,4,2018-08-25
9055,1912,5,2018-06-08
9056,1909,3,2018-01-25
9057,6274,5,2018-05-05
9058,7975,1,2018-08-02
9059,1379,5,2017-09-14
9060,9899,2,2017-11-26
9061,1350,2,2018-05-09
9062,6035,3,2017-03-25
9063,4183,5,2018-08-10
9064,6531,5,2018-01-05
9065,6781,5,2018-05-23
9066,5915,5,2018-04-19
9067,7758,5,2018-02-21
9068,3398,5,2018-01-17
9069,5295,5,2017-05-24
9070,9479,3,2017-04-20
9071,2326,3,2018-08-16
9072,6361,4,2018-07-28
9073,4380,3,2017-12-12
9074,6095,3,2017-12-23
9075,9237,4,2018-07-06
9076,8183,1,2017-08-30
9077,8559,5,2017-06-22
9078,377,4,2017-03-14
9079,5073,5,2017-12-29
9080,4071,1,2018-05-23
9081,5912,5,2018-08-10
9082,1794,5,2018-01-06
9083,8182,5,2018-07-06
9084,3875,4,2017-05-06
9085,234,4,2017-06-29
9086,7905,5,2018-08-14
9087,7424,5,2017-06-08
9088,5253,5,2017-09-16
9089,5834,4,2017-09-15
9090,271,5,2018-06-02
9091,2277,5,2018-01-23
9092,6967,5,2017-12-13
9093,9154,5,2018-08-17
9094,1315,5,2018-04-21
9095,3556,4,2018-03-14
9096,7030,4,2017-08-22
9097,2291,5,2018-02-08
9098,1894,5,2017-12-13
9099,7073,5,2018-03-29
9100,6506,3,2017-12-27
9101,329,5,2018-08-22
9102,1055,5,2018-05-15
9103,3496,1,2018-02-21
9104,5432,3,2017-12-19
9105,2816,3,2017-07-19
9106,7147,2,2017-10-12
9107,7635,5,2018-08-09
9108,4889,4,2017-10-24
9109,2991,4,2017-07-19
9110,7423,5,2018-05-23
9111,4696,5,2018-01-04
9112,2139,5,2018-03-09
9113,5804,5,2018-02-07
9114,1979,4,2018-05-10
9115,499,1,2018-03-22
9116,9766,5,2017-02-07
9117,2827,4,2018-08-21
9118,3081,5,2017-04-14
9119,1444,4,2017-04-19
9120,2875,5,2018-03-04
9121,3238,5,2017-12-17
9122,465,5,2017-09-15
9123,2039,2,2018-06-27
9124,7826,4,2018-01-04
9125,5629,5,2017-07-11
9126,301,1,2018-04-11
9127,9038,5,2017-05-31
9128,5459,4,2018-05-10
9129,9382,4,2017-06-08
9130,6374,5,2017-07-14
9131,3983,5,2018-05-03
9132,7748,5,2017-10-06
9133,5031,4,2017-07-06
9134,3031,5,2018-05-09
9135,9619,5,2018-05-26
9136,7676,5,2017-09-06
9137,4313,4,2017-12-13
9138,9148,5,2017-09-21
9139,8991,3,2018-01-30
9140,9862,2,2017-03-04
9141,4506,4,2017-08-13
9142,4656,5,2018-06-14
9143,1743,4,2017-07-16
9144,4470,5,2018-06-05
9145,7745,3,2018-05-23
9146,7829,1,2018-03-29
9147,8309,1,2018-06-29
9148,1702,5,2017-08-31
9149,2623,5,2018-06-16
9150,8667,4,2018-07-11
9151,8640,5,2017-02-17
9152,6899,4,2018-08-04
9153,4076,5,2018-08-12
9154,4865,1,2017-08-23
9155,4286,5,2017-04-13
9156,7383,3,2018-05-22
9157,4350,4,2018-03-30
9158,2675,5,2017-09-01
9159,5013,5,2017-07-08
9160,6963,5,2017-02-16
9161,2018,4,2017-02-18
9162,3626,5,2017-12-02
9163,3001,4,2018-03-10
9164,9881,5,2018-05-03
9165,4520,5,2018-04-25
9166,590,1,2017-12-19
9167,4655,5,2017-07-15
9168,1583,5,2018-01-05
9169,8576,5,2017-05-03
9170,9212,5,2018-05-16
9171,1044,5,2018-03-02
9172,4944,4,2018-02-07
9173,3730,4,2017-04-05
9174,2662,4,2017-12-14
9175,8189,4,2018-02-03
9176,742,5,2018-02-09
9177,3540,5,2017-06-10
9178,7850,5,2017-09-21
9179,2397,1,2018-08-03
9180,4217,4,2017-05-06
9181,4660,5,2017-07-27
9182,4969,5,2018-05-08
9183,4305,5,2018-01-16
9184,1498,5,2018-08-03
9185,4299,3,2017-08-29
9186,3203,5,2017-07-04
9187,4763,4,2017-05-06
9188,8552,4,2018-05-11
9189,4893,5,2017-12-08
9190,5308,5,2018-08-12
9191,6588,5,2018-02-28
9192,231,4,2017-11-01
9193,8504,4,2017-12-02
9194,181,4,2018-08-03
9195,6542,5,2017-06-20
9196,3922,5,2018-01-19
9197,2694,5,2018-08-02
9198,4743,5,2017-03-31
9199,3271,5,2018-03-07
9200,8634,1,2018-02-23
9201,5110,5,2018-01-10
9202,8351,3,2017-12-09
9203,7716,4,2017-09-07
9204,3893,3,2017-08-25
9205,9872,4,2017-08-10
9206,2414,1,2018-05-11
9207,1169,5,2017-11-19
9208,9298,5,2018-03-30
9209,2941,4,2017-08-19
9210,8536,5,2017-07-26
9211,500,1,2018-01-31
9212,7608,5,2018-04-25
9213,6577,5,2017-05-12
9214,71,4,2017-05-19
9215,196,4,2018-03-28
9216,7027,1,2018-05-04
9217,7936,1,2018-03-11
9218,6619,4,2018-02-16
9219,4475,5,2018-04-26
9220,653,3,2018-02-28
9221,7426,1,2018-04-03
9222,9043,5,2018-04-14
9223,5156,4,2018-07-03
9224,4464,4,2017-12-22
9225,7601,4,2017-12-15
9226,5092,5,2018-01-25
9227,8094,4,2018-02-09
9228,853,3,2017-12-13
9229,2195,5,2018-01-12
9230,8939,4,2018-02-04
9231,3662,5,2017-03-04
9232,8499,5,2017-12-28
9233,2838,1,2017-10-24
9234,6941,5,2017-06-15
9235,7039,4,2018-03-14
9236,7782,1,2018-08-15
9237,5354,5,2018-08-14
9238,1622,5,2018-07-21
9239,5762,1,2018-04-19
9240,8721,5,2017-05-20
9241,2014,5,2018-06-16
9242,8917,5,2018-03-29
9243,1150,1,2017-12-12
9244,4486,1,2018-04-17
9245,3049,3,2017-10-10
9246,9062,5,2017-08-02
9247,1389,5,2018-04-21
9248,6507,3,2017-08-26
9249,6047,5,2018-08-11
9250,1093,5,2017-07-27
9251,4229,5,2018-03-29
9252,6299,5,2018-01-25
9253,7522,5,2018-05-03
9254,17,4,2018-04-03
9255,439,5,2017-10-03
9256,698,4,2018-01-03
9257,3927,5,2017-03-24
9258,1463,5,2017-11-30
9259,2842,5,2018-05-26
9260,1038,5,2017-05-23
9261,345,5,2018-02-08
9262,9078,4,2018-03-06
9263,3261,5,2018-08-05
9264,1356,3,2018-02-21
9265,4998,5,2018-07-03
9266,3755,1,2017-05-24
9267,9798,4,2018-05-04
9268,6220,4,2018-03-27
9269,8533,5,2017-09-20
9270,9443,5,2018-04-19
9271,6110,1,2017-12-14
9272,1221,1,2018-03-17
9273,6000,5,2018-03-28
9274,9521,5,2017-12-27
9275,5867,5,2017-08-09
9276,9496,5,2018-01-26
9277,7048,5,2018-06-09
9278,656,5,2018-02-15
9279,9375,4,2017-09-28
9280,4012,5,2018-07-21
9281,3793,2,2018-04-04
9282,7709,5,2017-07-26
9283,1786,5,2017-09-23
9284,7253,5,2018-03-25
9285,5352,4,2018-01-09
9286,8553,4,2018-05-06
9287,3781,5,2017-03-12
9288,290,4,2017-12-17
9289,9803,5,2017-07-07
9290,7934,5,2017-09-01
9291,1167,4,2017-11-15
9292,9132,5,2017-12-16
9293,4762,5,2018-06-21
9294,3346,5,2018-04-12
9295,4270,4,2018-08-01
9296,7682,5,2017-06-22
9297,5162,2,2018-02-06
9298,1814,5,2017-09-15
9299,9335,5,2018-02-10
9300,5631,4,2018-03-27
9301,833,4,2018-03-07
9302,2581,4,2017-08-06
9303,6632,5,2017-05-24
9304,3719,4,2018-04-13
9305,1258,5,2017-12-27
9306,944,5,2017-12-16
9307,5805,4,2018-05-23
9308,8740,5,2018-03-18
9309,6064,5,2018-04-04
9310,8799,5,2018-08-07
9311,9639,5,2017-12-28
9312,6262,1,2017-03-18
9313,95,5,2018-08-14
9314,2233,5,2018-07-12
9315,593,5,2017-12-13
9316,657,1,2018-01-31
9317,9412,4,2018-02-08
9318,6301,5,2018-07-29
9319,2086,5,2018-01-12
9320,4675,5,2017-10-11
9321,2028,5,2018-07-05
9322,6508,4,2017-08-15
9323,8988,5,2018-07-31
9324,216,1,2018-01-13
9325,1546,1,2017-11-08
9326,6060,3,2017-05-31
9327,7109,1,2017-07-25
9328,8213,5,2017-12-19
9329,7961,5,2018-04-21
9330,1696,5,2017-12-30
9331,6521,5,2018-08-15
9332,9079,5,2017-03-14
9333,798,2,2018-02-25
9334,2106,4,2017-12-14
9335,4789,4,2017-08-01
9336,8439,4,2017-09-24
9337,9935,5,2018-04-20
9338,2650,5,2018-02-23
9339,7340,5,2018-05-22
9340,3458,5,2017-12-08
9341,1000,5,2018-08-01
9342,9760,5,2018-05-12
9343,771,3,2018-07-08
9344,7292,4,2017-12-07
9345,5215,3,2018-08-30
9346,8981,5,2018-03-09
9347,9092,5,2017-06-30
9348,2947,1,2018-08-23
9349,1434,3,2018-08-31
9350,9202,5,2018-03-28
9351,3549,5,2018-05-06
9352,66,5,2018-02-23
9353,6932,4,2017-12-01
9354,5875,2,2017-08-10
9355,48,5,2018-07-03
9356,1164,5,2017-05-05
9357,2054,5,2017-09-29
9358,9187,5,2018-01-05
9359,9965,5,2018-04-11
9360,5788,5,2018-03-02
9361,5045,5,2017-08-08
9362,398,5,2017-11-23
9363,6496,5,2017-07-06
9364,8723,1,2017-06-02
9365,9947,4,2018-07-08
9366,4160,4,2018-01-04
9367,9958,5,2017-07-06
9368,1483,1,2018-08-10
9369,23,3,2018-04-07
9370,4435,5,2017-05-24
9371,4400,5,2018-07-28
9372,9562,3,2017-12-21
9373,3702,5,2017-07-01
9374,9009,5,2018-05-04
9375,4810,3,2017-09-12
9376,729,4,2017-11-27
9377,4240,1,2018-01-20
9378,907,5,2018-06-21
9379,2534,5,2018-03-30
9380,1333,1,2017-10-14
9381,343,5,2018-03-09
9382,3421,5,2018-01-24
9383,3102,5,2017-10-21
9384,6329,5,2018-02-28
9385,2380,4,2018-06-23
9386,3405,4,2018-07-25
9387,2739,5,2018-07-11
9388,4410,2,2018-01-25
9389,8689,4,2017-09-29
9390,3608,1,2017-05-05
9391,418,5,2017-03-16
9392,5896,5,2018-03-17
9393,2760,1,2018-07-24
9394,9918,4,2018-05-12
9395,3085,3,2017-12-21
9396,7609,4,2017-07-19
9397,2110,4,2017-08-30
9398,8923,5,2018-02-06
9399,1628,5,2018-05-10
9400,5765,4,2018-04-21
9401,3221,5,2018-07-27
9402,4669,4,2018-05-23
9403,2194,1,2017-12-21
9404,6264,5,2017-05-20
9405,4171,3,2017-06-28
9406,8472,5,2017-07-07
9407,6620,4,2017-08-26
9408,1989,5,2017-03-22
9409,9130,5,2017-03-25
9410,5570,5,2017-08-24
9411,3054,5,2017-02-11
9412,6385,5,2018-04-08
9413,2499,1,2018-02-18
9414,9959,2,2018-02-08
9415,2860,4,2017-03-10
9416,5681,3,2017-08-25
9417,3939,2,2018-03-09
9418,6616,1,2018-02-18
9419,5719,5,2017-10-05
9420,6192,4,2018-01-26
9421,2399,5,2017-08-22
9422,7206,5,2018-05-16
9423,8931,5,2018-04-05
9424,6106,4,2018-04-25
9425,4138,5,2018-01-17
9426,7148,4,2017-09-24
9427,132,5,2017-07-12
9428,9474,4,2017-05-06
9429,1585,3,2018-07-31
9430,2140,2,2018-04-21
9431,4797,4,2018-01-25
9432,7774,1,2017-12-14
9433,1980,3,2017-10-11
9434,4334,5,2018-04-17
9435,1831,5,2018-02-22
9436,7631,5,2017-09-27
9437,8085,4,2017-09-07
9438,2985,4,2018-04-14
9439,1594,5,2018-08-02
9440,8920,5,2018-01-31
9441,9870,1,2018-08-02
9442,867,5,2018-02-03
9443,9360,5,2018-03-09
9444,7647,5,2017-04-21
9445,1116,5,2018-03-10
9446,5226,5,2018-05-10
9447,8591,4,2017-11-22
9448,2908,5,2018-01-18
9449,86,1,2017-10-21
9450,4755,5,2018-01-03
9451,3609,5,2018-01-06
9452,9882,3,2017-10-27
9453,4370,4,2017-07-06
9454,6048,1,2017-11-15
9455,7822,5,2017-05-14
9456,4877,5,2017-05-30
9457,241,4,2017-12-12
9458,2462,1,2018-01-24
9459,2302,4,2017-12-24
9460,7378,4,2018-05-06
9461,5567,3,2018-01-09
9462,6067,5,2018-08-22
9463,1748,4,2017-09-27
9464,5782,5,2018-02-04
9465,3785,5,2017-07-28
9466,4714,5,2018-05-15
9467,8138,5,2018-01-04
9468,9587,5,2018-06-12
9469,3281,5,2017-12-14
9470,5983,5,2018-01-12
9471,1139,5,2017-04-20
9472,926,2,2017-12-29
9473,7839,5,2018-08-24
9474,9649,4,2017-10-07
9475,2928,5,2017-10-21
9476,6991,1,2017-03-16
9477,1054,5,2017-10-11
9478,3112,5,2018-05-26
9479,9500,5,2017-09-02
9480,2856,5,2017-12-16
9481,9435,4,2018-01-06
9482,2750,5,2017-11-23
9483,6665,5,2017-02-07
9484,3847,5,2017-03-03
9485,2100,5,2018-07-13
9486,4414,4,2018-08-24
9487,8200,5,2017-06-24
9488,2137,3,2018-03-22
9489,1871,1,2017-06-28
9490,9445,3,2017-08-26
9491,1452,5,2018-05-10
9492,7693,5,2017-11-25
9493,7572,5,2017-10-04
9494,8126,5,2018-01-05
9495,9556,5,2017-08-29
9496,3048,4,2017-12-03
9497,7484,5,2017-09-06
9498,4577,3,2017-07-25
9499,4666,3,2018-08-04
9500,9023,4,2017-07-11
9501,4022,4,2018-04-10
9502,9837,2,2017-07-27
9503,8408,5,2018-01-09
9504,9972,4,2018-03-08
9505,6315,5,2017-08-02
9506,4967,2,2017-12-09
9507,8154,5,2017-12-08
9508,6958,5,2017-12-11
9509,2021,3,2018-04-07
9510,2538,5,2017-02-02
9511,2826,5,2017-08-26
9512,4670,5,2017-11-02
9513,8136,3,2018-06-06
9514,4155,5,2018-06-07
9515,998,1,2017-09-28
9516,2276,5,2017-11-01
9517,9409,4,2017-10-17
9518,3406,5,2018-01-20
9519,7726,5,2017-08-27
9520,8547,3,2018-07-11
9521,7667,4,2018-08-03
9522,5339,5,2018-03-09
9523,44,5,2017-12-30
9524,8810,5,2017-11-23
9525,1806,5,2018-05-19
9526,9665,3,2018-07-27
9527,4617,1,2018-02-22
9528,165,5,2017-10-14
9529,4403,5,2017-08-30
9530,1597,5,2017-12-11
9531,6988,5,2017-08-24
9532,8356,5,2018-02-16
9533,4739,4,2018-04-03
9534,9490,5,2017-06-21
9535,4774,5,2017-10-28
9536,9106,1,2018-03-07
9537,5657,5,2017-04-20
9538,5481,5,2018-06-28
9539,7446,1,2017-12-02
9540,9113,4,2017-12-02
9541,9570,3,2018-07-25
9542,6855,5,2017-12-21
9543,324,5,2018-03-27
9544,2849,5,2017-09-17
9545,681,4,2018-07-31
9546,2496,5,2018-06-21
9547,5726,1,2018-02-23
9548,1756,4,2018-08-24
9549,9160,5,2018-05-20
9550,4931,5,2018-06-15
9551,4754,5,2017-12-06
9552,6265,5,2018-05-05
9553,7969,4,2018-04-25
9554,3348,5,2017-11-01
9555,3706,4,2018-07-06
9556,2967,5,2017-12-10
9557,5278,4,2018-02-09
9558,2354,5,2018-08-12
9559,9641,1,2018-01-23
9560,454,5,2018-05-16
9561,2374,5,2017-12-12
9562,5850,4,2018-06-18
9563,1651,5,2017-12-20
9564,7136,5,2018-01-27
9565,7948,5,2018-03-03
9566,5492,3,2018-07-05
9567,8155,5,2018-06-08
9568,1103,5,2018-07-06
9569,2056,5,2017-09-06
9570,2473,4,2017-11-15
9571,9481,5,2017-06-09
9572,6901,3,2018-04-06
9573,9824,4,2018-01-24
9574,6089,3,2018-08-21
9575,545,5,2018-02-01
9576,648,5,2017-07-28
9577,4182,1,2017-08-05
9578,3965,5,2017-06-17
9579,488,5,2017-10-28
9580,5559,4,2017-06-13
9581,7451,5,2018-06-07
9582,5388,5,2017-05-03
9583,1113,5,2017-10-27
9584,5524,4,2017-08-29
9585,3529,4,2017-09-23
9586,89,5,2017-09-07
9587,7963,1,2017-10-21
9588,9534,4,2017-09-23
9589,8141,5,2017-09-29
9590,9819,4,2017-09-29
9591,6674,1,2017-02-07
9592,1616,5,2018-02-15
9593,2491,5,2017-08-29
9594,4569,4,2017-10-10
9595,7121,5,2018-07-13
9596,6214,5,2018-06-08
9597,4266,5,2018-06-21
9598,6042,5,2017-10-11
9599,3958,5,2017-10-11
9600,429,4,2018-03-18
9601,2066,5,2018-03-13
9602,1409,1,2017-09-17
9603,6826,4,2017-12-13
9604,8269,4,2017-11-30
9605,4113,4,2018-03-20
9606,5603,5,2017-08-30
9607,8946,5,2017-05-10
9608,8223,5,2017-08-16
9609,9408,4,2018-05-17
9610,7015,5,2017-12-24
9611,5945,3,2017-11-25
9612,3517,5,2018-01-12
9613,1624,5,2017-08-22
9614,5121,1,2018-03-23
9615,3433,4,2017-11-14
9616,8174,5,2017-09-05
9617,2183,5,2017-11-01
9618,118,5,2017-12-02
9619,9552,4,2018-03-05
9620,1348,5,2018-08-17
9621,8478,4,2018-01-20
9622,7563,5,2018-04-12
9623,8048,4,2018-06-02
9624,2752,5,2017-04-13
9625,1680,1,2018-05-31
9626,9089,5,2017-05-06
9627,7363,5,2017-06-20
9628,1652,5,2017-01-18
9629,1849,5,2018-08-17
9630,6847,5,2018-01-30
9631,6926,5,2018-02-16
9632,6451,5,2017-12-06
9633,4840,5,2018-05-15
9634,337,2,2017-07-04
9635,2761,5,2018-02-06
9636,1144,4,2017-03-31
9637,5366,5,2017-11-09
9638,3881,5,2018-05-24
9639,3512,5,2017-05-18
9640,5784,5,2017-06-22
9641,7142,4,2018-01-18
9642,3202,5,2018-02-17
9643,9666,5,2018-08-09
9644,133,5,2017-09-30
9645,5208,5,2018-01-31
9646,3564,5,2017-09-14
9647,8468,1,2018-04-13
9648,3596,5,2018-02-15
9649,5053,4,2018-06-28
9650,1590,1,2017-03-15
9651,8301,5,2018-04-11
9652,1457,4,2017-12-14
9653,6716,4,2017-12-15
9654,1135,5,2018-01-25
9655,3571,5,2018-01-27
9656,5763,5,2017-06-23
9657,546,5,2018-02-07
9658,8057,5,2017-05-14
9659,5968,5,2018-01-24
9660,4625,5,2017-12-28
9661,1599,5,2018-03-28
9662,8392,1,2018-08-12
9663,3541,4,2018-08-08
9664,1557,5,2018-06-19
9665,5633,5,2018-04-28
9666,9179,4,2017-03-30
9667,5078,4,2018-02-22
9668,9483,5,2018-04-12
9669,319,1,2017-06-14
9670,2306,3,2017-12-14
9671,7019,5,2018-07-11
9672,7677,4,2018-06-12
9673,6435,5,2018-04-10
9674,5086,4,2017-12-05
9675,5874,1,2018-01-23
9676,7225,5,2018-06-13
9677,4059,5,2018-05-04
9678,1218,5,2018-07-04
9679,4801,1,2018-07-27
9680,2372,2,2018-03-06
9681,7588,5,2018-08-10
9682,7906,4,2017-02-21
9683,3028,5,2018-03-16
9684,7943,4,2017-12-15
9685,6680,5,2018-02-24
9686,8476,5,2018-01-09
9687,1387,5,2018-06-07
9688,1117,1,2017-05-16
9689,9211,4,2017-05-23
9690,9620,4,2018-06-12
9691,7803,5,2018-07-07
9692,2274,5,2018-01-23
9693,2798,5,2017-07-06
9694,1353,3,2017-05-13
9695,5993,1,2018-03-21
9696,7156,5,2018-06-22
9697,1554,4,2017-07-22
9698,2727,4,2017-08-18
9699,1462,5,2018-07-25
9700,8698,5,2017-08-29
9701,1751,5,2017-05-04
9702,2286,2,2017-09-05
9703,2237,5,2017-09-12
9704,6357,3,2017-12-05
9705,3450,5,2017-12-23
9706,4583,4,2018-04-23
9707,7200,5,2017-10-17
9708,7186,1,2018-08-25
9709,3032,5,2018-04-07
9710,4194,2,2018-08-04
9711,1706,5,2018-03-10
9712,9346,1,2018-04-13
9713,5786,1,2018-07-11
9714,899,5,2018-03-28
9715,7763,3,2018-06-07
9716,8951,4,2017-05-06
9717,4609,5,2018-08-12
9718,3396,5,2017-06-29
9719,122,5,2017-12-10
9720,3835,5,2018-06-21
9721,7557,5,2017-03-14
9722,9588,4,2018-03-06
9723,2904,5,2017-08-09
9724,9711,1,2017-06-15
9725,6317,5,2017-10-28
9726,7445,5,2017-09-09
9727,1966,4,2017-05-11
9728,288,4,2018-05-07
9729,3878,5,2018-03-24
9730,8253,5,2017-06-20
9731,250,1,2017-05-28
9732,2913,1,2017-10-15
9733,5717,5,2018-01-26
9734,7425,5,2018-08-11
9735,1114,5,2018-03-27
9736,3117,5,2017-07-14
9737,7778,5,2018-07-24
9738,7789,5,2018-07-11
9739,7524,1,2018-07-21
9740,159,3,2018-07-01
9741,4595,5,2017-10-19
9742,4611,5,2017-08-24
9743,7527,2,2017-12-20
9744,2619,5,2018-03-16
9745,8969,4,2017-05-24
9746,9825,5,2018-04-11
9747,403,5,2018-02-16
9748,2714,1,2017-05-31
9749,6415,5,2017-03-25
9750,2950,4,2017-11-02
9751,755,5,2018-04-28
9752,4581,5,2018-06-30
9753,3308,3,2017-12-15
9754,1735,1,2017-12-09
9755,4623,4,2017-07-21
9756,1714,5,2018-03-30
9757,3193,5,2018-05-12
9758,1290,5,2018-08-18
9759,9072,3,2018-02-20
9760,4920,1,2017-03-23
9761,2250,5,2018-08-14
9762,9719,3,2018-03-27
9763,8886,5,2018-08-28
9764,4636,5,2017-07-21
9765,3090,4,2018-05-18
9766,5847,4,2017-07-06
9767,6373,5,2018-03-30
9768,731,5,2018-08-28
9769,7694,5,2018-03-06
9770,213,4,2017-12-21
9771,1701,5,2018-05-25
9772,7080,5,2018-03-03
9773,4890,5,2017-11-08
9774,5130,4,2017-12-07
9775,3523,5,2017-03-28
9776,3774,3,2018-02-03
9777,1282,1,2017-12-21
9778,6091,4,2017-12-19
9779,4946,4,2018-07-07
9780,6206,3,2018-05-03
9781,2272,5,2017-10-26
9782,633,4,2018-07-11
9783,3498,4,2017-09-23
9784,8179,5,2018-03-07
9785,3687,5,2018-07-06
9786,692,4,2018-04-18
9787,7616,3,2018-01-27
9788,8251,5,2017-08-09
9789,9482,1,2018-03-03
9790,4546,5,2017-08-10
9791,4459,5,2018-08-11
9792,3133,5,2018-08-29
9793,2424,5,2018-01-11
9794,7996,5,2017-08-11
9795,9385,3,2017-04-01
9796,6045,4,2017-11-25
9797,3933,5,2017-12-22
9798,4868,5,2018-02-03
9799,4650,5,2017-05-31
9800,7389,5,2017-12-24
9801,601,2,2017-12-22
9802,5606,5,2017-03-23
9803,49,3,2017-02-16
9804,9319,4,2017-07-21
9805,6456,4,2017-10-25
9806,5586,5,2017-09-30
9807,3982,5,2018-04-11
9808,4330,4,2017-07-09
9809,709,5,2018-02-17
9810,8915,1,2017-09-19
9811,7888,5,2017-03-08
9812,4260,5,2017-07-28
9813,7062,5,2018-01-12
9814,9997,5,2017-10-02
9815,1249,5,2017-05-14
9816,6604,5,2017-04-06
9817,869,4,2018-05-01
9818,8518,5,2018-06-19
9819,1567,5,2017-03-24
9820,4835,5,2017-10-26
9821,6755,5,2017-11-28
9822,5271,5,2017-12-19
9823,7115,5,2018-02-17
9824,3162,4,2017-02-18
9825,4227,3,2017-07-05
9826,9286,3,2017-06-13
9827,859,5,2018-02-27
9828,5700,4,2018-05-18
9829,1613,5,2018-08-30
9830,4343,1,2018-01-10
9831,2362,4,2017-10-24
9832,426,5,2018-06-21
9833,821,5,2018-05-20
9834,4231,5,2018-02-07
9835,5479,4,2018-08-19
9836,68,2,2018-01-11
9837,6112,5,2017-12-23
9838,6537,2,2017-08-10
9839,9413,5,2018-03-06
9840,8606,5,2018-03-21
9841,4411,4,2017-08-25
9842,4200,5,2018-07-27
9843,2224,2,2018-01-26
9844,8773,5,2017-11-10
9845,153,5,2018-04-10
9846,3646,5,2018-04-19
9847,6096,4,2017-12-15
9848,7388,4,2018-08-30
9849,4352,5,2017-05-30
9850,620,5,2018-02-27
9851,3111,5,2018-02-03
9852,2191,5,2017-11-25
9853,492,4,2017-09-21
9854,8897,1,2018-03-09
9855,9177,5,2018-08-08
9856,6027,4,2018-08-04
9857,5347,5,2018-06-08
9858,8425,4,2018-08-08
9859,562,5,2018-05-16
9860,7295,1,2018-05-24
9861,3506,5,2017-12-10
9862,4703,5,2018-08-24
9863,7331,5,2017-09-16
9864,2859,4,2018-03-27
9865,6221,1,2018-03-18
9866,7764,5,2018-01-18
9867,809,5,2017-05-18
9868,5930,5,2018-07-27
9869,9254,5,2018-07-25
9870,8687,5,2017-04-13
9871,6013,5,2017-08-23
9872,3792,4,2018-07-25
9873,5319,5,2017-11-11
9874,12,4,2018-04-03
9875,5849,5,2018-06-09
9876,1125,4,2017-02-09
9877,5012,5,2017-07-08
9878,4620,3,2018-05-29
9879,491,4,2017-06-17
9880,6093,3,2017-08-11
9881,9161,5,2017-09-29
9882,317,4,2018-02-01
9883,641,2,2018-07-14
9884,5057,5,2017-03-07
9885,4511,5,2017-06-17
9886,3311,4,2017-03-31
9887,4832,5,2017-05-06
9888,4508,5,2018-02-02
9889,8838,5,2018-03-06
9890,5440,5,2018-07-12
9891,9485,3,2017-08-16
9892,4851,5,2018-02-23
9893,8862,5,2017-10-24
9894,2363,5,2018-04-25
9895,42,1,2017-12-01
9896,3621,5,2017-10-07
9897,1517,5,2017-05-23
9898,4748,3,2018-05-11
9899,6990,5,2018-04-24
9900,230,5,2017-10-21
9901,8889,4,2018-06-28
9902,8756,5,2018-05-25
9903,8307,5,2018-02-04
9904,3337,5,2018-07-13
9905,9480,5,2017-06-01
9906,8009,5,2018-02-06
9907,4771,5,2017-11-25
9908,1759,5,2017-12-05
9909,1089,5,2018-08-21
9910,766,4,2018-01-30
9911,8734,5,2017-04-28
9912,2550,5,2017-12-23
9913,6011,5,2018-02-07
9914,5374,4,2017-11-17
9915,1212,5,2018-05-23
9916,2009,4,2018-08-09
9917,4529,5,2017-02-07
9918,8241,5,2018-08-10
9919,7791,5,2018-02-01
9920,3403,1,2017-11-11
9921,4193,1,2018-05-24
9922,7327,1,2018-03-13
9923,2207,5,2018-05-19
9924,8983,5,2017-07-14
9925,8123,5,2017-05-25
9926,4298,5,2017-10-20
9927,3128,2,2018-07-28
9928,6393,3,2018-06-06
9929,5776,5,2018-03-06
9930,9780,5,2018-03-22
9931,6915,5,2018-06-22
9932,6892,4,2018-07-04
9933,1863,5,2018-08-05
9934,2616,5,2018-06-08
